Detect Changes	UNKNOWN STEP	﻿2026-05-18T13:36:53.0744182Z Current runner version: '2.334.0'
Detect Changes	UNKNOWN STEP	2026-05-18T13:36:53.0763939Z ##[group]Runner Image Provisioner
Detect Changes	UNKNOWN STEP	2026-05-18T13:36:53.0764621Z Hosted Compute Agent
Detect Changes	UNKNOWN STEP	2026-05-18T13:36:53.0765035Z Version: 20260213.493
Detect Changes	UNKNOWN STEP	2026-05-18T13:36:53.0765522Z Commit: 5c115507f6dd24b8de37d8bbe0bb4509d0cc0fa3
Detect Changes	UNKNOWN STEP	2026-05-18T13:36:53.0766021Z Build Date: 2026-02-13T00:28:41Z
Detect Changes	UNKNOWN STEP	2026-05-18T13:36:53.0766657Z Worker ID: {9485f88f-fb26-4438-9d04-8774eb4cfb08}
Detect Changes	UNKNOWN STEP	2026-05-18T13:36:53.0767165Z Azure Region: westus
Detect Changes	UNKNOWN STEP	2026-05-18T13:36:53.0767585Z ##[endgroup]
Detect Changes	UNKNOWN STEP	2026-05-18T13:36:53.0768948Z ##[group]Operating System
Detect Changes	UNKNOWN STEP	2026-05-18T13:36:53.0769441Z Ubuntu
Detect Changes	UNKNOWN STEP	2026-05-18T13:36:53.0769847Z 24.04.4
Detect Changes	UNKNOWN STEP	2026-05-18T13:36:53.0770264Z LTS
Detect Changes	UNKNOWN STEP	2026-05-18T13:36:53.0770718Z ##[endgroup]
Detect Changes	UNKNOWN STEP	2026-05-18T13:36:53.0771205Z ##[group]Runner Image
Detect Changes	UNKNOWN STEP	2026-05-18T13:36:53.0771693Z Image: ubuntu-24.04
Detect Changes	UNKNOWN STEP	2026-05-18T13:36:53.0772073Z Version: 20260513.135.3
Detect Changes	UNKNOWN STEP	2026-05-18T13:36:53.0773087Z Included Software: https://github.com/actions/runner-images/blob/ubuntu24/20260513.135/images/ubuntu/Ubuntu2404-Readme.md
Detect Changes	UNKNOWN STEP	2026-05-18T13:36:53.0774224Z Image Release: https://github.com/actions/runner-images/releases/tag/ubuntu24%2F20260513.135
Detect Changes	UNKNOWN STEP	2026-05-18T13:36:53.0774908Z ##[endgroup]
Detect Changes	UNKNOWN STEP	2026-05-18T13:36:53.0776148Z ##[group]GITHUB_TOKEN Permissions
Detect Changes	UNKNOWN STEP	2026-05-18T13:36:53.0777896Z Contents: write
Detect Changes	UNKNOWN STEP	2026-05-18T13:36:53.0778393Z Metadata: read
Detect Changes	UNKNOWN STEP	2026-05-18T13:36:53.0778828Z Pages: write
Detect Changes	UNKNOWN STEP	2026-05-18T13:36:53.0779197Z PullRequests: write
Detect Changes	UNKNOWN STEP	2026-05-18T13:36:53.0779644Z ##[endgroup]
Detect Changes	UNKNOWN STEP	2026-05-18T13:36:53.0781347Z Secret source: Actions
Detect Changes	UNKNOWN STEP	2026-05-18T13:36:53.0781925Z Prepare workflow directory
Detect Changes	UNKNOWN STEP	2026-05-18T13:36:53.2261448Z Prepare all required actions
Detect Changes	UNKNOWN STEP	2026-05-18T13:36:53.2291355Z Getting action download info
Detect Changes	UNKNOWN STEP	2026-05-18T13:36:53.7132401Z Download action repository 'actions/checkout@v6' (SHA:de0fac2e4500dabe0009e67214ff5f5447ce83dd)
Detect Changes	UNKNOWN STEP	2026-05-18T13:36:54.1602489Z Download action repository 'actions/setup-node@v6' (SHA:48b55a011bda9f5d6aeb4c2d9c7362e8dae4041e)
Detect Changes	UNKNOWN STEP	2026-05-18T13:36:54.7569659Z Complete job name: Detect Changes
Detect Changes	UNKNOWN STEP	2026-05-18T13:36:54.8116253Z ##[group]Run actions/checkout@v6
Detect Changes	UNKNOWN STEP	2026-05-18T13:36:54.8116788Z with:
Detect Changes	UNKNOWN STEP	2026-05-18T13:36:54.8117041Z   fetch-depth: 0
Detect Changes	UNKNOWN STEP	2026-05-18T13:36:54.8117325Z   repository: link-foundation/lino-i18n
Detect Changes	UNKNOWN STEP	2026-05-18T13:36:54.8117923Z   token: ***
Detect Changes	UNKNOWN STEP	2026-05-18T13:36:54.8118177Z   ssh-strict: true
Detect Changes	UNKNOWN STEP	2026-05-18T13:36:54.8118423Z   ssh-user: git
Detect Changes	UNKNOWN STEP	2026-05-18T13:36:54.8118693Z   persist-credentials: true
Detect Changes	UNKNOWN STEP	2026-05-18T13:36:54.8118962Z   clean: true
Detect Changes	UNKNOWN STEP	2026-05-18T13:36:54.8119219Z   sparse-checkout-cone-mode: true
Detect Changes	UNKNOWN STEP	2026-05-18T13:36:54.8119513Z   fetch-tags: false
Detect Changes	UNKNOWN STEP	2026-05-18T13:36:54.8119770Z   show-progress: true
Detect Changes	UNKNOWN STEP	2026-05-18T13:36:54.8120031Z   lfs: false
Detect Changes	UNKNOWN STEP	2026-05-18T13:36:54.8120262Z   submodules: false
Detect Changes	UNKNOWN STEP	2026-05-18T13:36:54.8120524Z   set-safe-directory: true
Detect Changes	UNKNOWN STEP	2026-05-18T13:36:54.8120941Z env:
Detect Changes	UNKNOWN STEP	2026-05-18T13:36:54.8121171Z   NODE_VERSION: 24.x
Detect Changes	UNKNOWN STEP	2026-05-18T13:36:54.8121433Z   NPM_CONFIG_PROVENANCE: true
Detect Changes	UNKNOWN STEP	2026-05-18T13:36:54.8121714Z ##[endgroup]
Detect Changes	UNKNOWN STEP	2026-05-18T13:36:54.8889570Z Syncing repository: link-foundation/lino-i18n
Detect Changes	UNKNOWN STEP	2026-05-18T13:36:54.8890882Z ##[group]Getting Git version info
Detect Changes	UNKNOWN STEP	2026-05-18T13:36:54.8891303Z Working directory is '/home/runner/work/lino-i18n/lino-i18n'
Detect Changes	UNKNOWN STEP	2026-05-18T13:36:54.8891878Z [command]/usr/bin/git version
Detect Changes	UNKNOWN STEP	2026-05-18T13:36:54.9848228Z git version 2.54.0
Detect Changes	UNKNOWN STEP	2026-05-18T13:36:54.9896239Z ##[endgroup]
Detect Changes	UNKNOWN STEP	2026-05-18T13:36:54.9909064Z Temporarily overriding HOME='/home/runner/work/_temp/cf8ea8d9-87d9-42da-8547-4a405ea4c780' before making global git config changes
Detect Changes	UNKNOWN STEP	2026-05-18T13:36:54.9910073Z Adding repository directory to the temporary git global config as a safe directory
Detect Changes	UNKNOWN STEP	2026-05-18T13:36:54.9913476Z [command]/usr/bin/git config --global --add safe.directory /home/runner/work/lino-i18n/lino-i18n
Detect Changes	UNKNOWN STEP	2026-05-18T13:36:55.0380577Z Deleting the contents of '/home/runner/work/lino-i18n/lino-i18n'
Detect Changes	UNKNOWN STEP	2026-05-18T13:36:55.0383987Z ##[group]Initializing the repository
Detect Changes	UNKNOWN STEP	2026-05-18T13:36:55.0387957Z [command]/usr/bin/git init /home/runner/work/lino-i18n/lino-i18n
Detect Changes	UNKNOWN STEP	2026-05-18T13:36:55.1425407Z hint: Using 'master' as the name for the initial branch. This default branch name
Detect Changes	UNKNOWN STEP	2026-05-18T13:36:55.1426701Z hint: will change to "main" in Git 3.0. To configure the initial branch name
Detect Changes	UNKNOWN STEP	2026-05-18T13:36:55.1427428Z hint: to use in all of your new repositories, which will suppress this warning,
Detect Changes	UNKNOWN STEP	2026-05-18T13:36:55.1428209Z hint: call:
Detect Changes	UNKNOWN STEP	2026-05-18T13:36:55.1428558Z hint:
Detect Changes	UNKNOWN STEP	2026-05-18T13:36:55.1429060Z hint: 	git config --global init.defaultBranch <name>
Detect Changes	UNKNOWN STEP	2026-05-18T13:36:55.1429547Z hint:
Detect Changes	UNKNOWN STEP	2026-05-18T13:36:55.1430000Z hint: Names commonly chosen instead of 'master' are 'main', 'trunk' and
Detect Changes	UNKNOWN STEP	2026-05-18T13:36:55.1430748Z hint: 'development'. The just-created branch can be renamed via this command:
Detect Changes	UNKNOWN STEP	2026-05-18T13:36:55.1431316Z hint:
Detect Changes	UNKNOWN STEP	2026-05-18T13:36:55.1431680Z hint: 	git branch -m <name>
Detect Changes	UNKNOWN STEP	2026-05-18T13:36:55.1432064Z hint:
Detect Changes	UNKNOWN STEP	2026-05-18T13:36:55.1432552Z hint: Disable this message with "git config set advice.defaultBranchName false"
Detect Changes	UNKNOWN STEP	2026-05-18T13:36:55.1433300Z Initialized empty Git repository in /home/runner/work/lino-i18n/lino-i18n/.git/
Detect Changes	UNKNOWN STEP	2026-05-18T13:36:55.1435220Z [command]/usr/bin/git remote add origin https://github.com/link-foundation/lino-i18n
Detect Changes	UNKNOWN STEP	2026-05-18T13:36:55.1974721Z ##[endgroup]
Detect Changes	UNKNOWN STEP	2026-05-18T13:36:55.1975412Z ##[group]Disabling automatic garbage collection
Detect Changes	UNKNOWN STEP	2026-05-18T13:36:55.1979355Z [command]/usr/bin/git config --local gc.auto 0
Detect Changes	UNKNOWN STEP	2026-05-18T13:36:55.2226408Z ##[endgroup]
Detect Changes	UNKNOWN STEP	2026-05-18T13:36:55.2227052Z ##[group]Setting up auth
Detect Changes	UNKNOWN STEP	2026-05-18T13:36:55.2227562Z Removing SSH command configuration
Detect Changes	UNKNOWN STEP	2026-05-18T13:36:55.2232784Z [command]/usr/bin/git config --local --name-only --get-regexp core\.sshCommand
Detect Changes	UNKNOWN STEP	2026-05-18T13:36:55.2259799Z [command]/usr/bin/git submodule foreach --recursive sh -c "git config --local --name-only --get-regexp 'core\.sshCommand' && git config --local --unset-all 'core.sshCommand' || :"
Detect Changes	UNKNOWN STEP	2026-05-18T13:36:55.2927780Z Removing HTTP extra header
Detect Changes	UNKNOWN STEP	2026-05-18T13:36:55.2932501Z [command]/usr/bin/git config --local --name-only --get-regexp http\.https\:\/\/github\.com\/\.extraheader
Detect Changes	UNKNOWN STEP	2026-05-18T13:36:55.2959126Z [command]/usr/bin/git submodule foreach --recursive sh -c "git config --local --name-only --get-regexp 'http\.https\:\/\/github\.com\/\.extraheader' && git config --local --unset-all 'http.https://github.com/.extraheader' || :"
Detect Changes	UNKNOWN STEP	2026-05-18T13:36:55.3135930Z Removing includeIf entries pointing to credentials config files
Detect Changes	UNKNOWN STEP	2026-05-18T13:36:55.3140917Z [command]/usr/bin/git config --local --name-only --get-regexp ^includeIf\.gitdir:
Detect Changes	UNKNOWN STEP	2026-05-18T13:36:55.3166265Z [command]/usr/bin/git submodule foreach --recursive git config --local --show-origin --name-only --get-regexp remote.origin.url
Detect Changes	UNKNOWN STEP	2026-05-18T13:36:55.3356452Z [command]/usr/bin/git config --file /home/runner/work/_temp/git-credentials-98793f3a-7674-44f6-9e4e-77855f79c712.config http.https://github.com/.extraheader AUTHORIZATION: basic ***
Detect Changes	UNKNOWN STEP	2026-05-18T13:36:55.4185087Z [command]/usr/bin/git config --local includeIf.gitdir:/home/runner/work/lino-i18n/lino-i18n/.git.path /home/runner/work/_temp/git-credentials-98793f3a-7674-44f6-9e4e-77855f79c712.config
Detect Changes	UNKNOWN STEP	2026-05-18T13:36:55.5006572Z [command]/usr/bin/git config --local includeIf.gitdir:/home/runner/work/lino-i18n/lino-i18n/.git/worktrees/*.path /home/runner/work/_temp/git-credentials-98793f3a-7674-44f6-9e4e-77855f79c712.config
Detect Changes	UNKNOWN STEP	2026-05-18T13:36:55.5105425Z [command]/usr/bin/git config --local includeIf.gitdir:/github/workspace/.git.path /github/runner_temp/git-credentials-98793f3a-7674-44f6-9e4e-77855f79c712.config
Detect Changes	UNKNOWN STEP	2026-05-18T13:36:55.5222323Z [command]/usr/bin/git config --local includeIf.gitdir:/github/workspace/.git/worktrees/*.path /github/runner_temp/git-credentials-98793f3a-7674-44f6-9e4e-77855f79c712.config
Detect Changes	UNKNOWN STEP	2026-05-18T13:36:55.5302964Z ##[endgroup]
Detect Changes	UNKNOWN STEP	2026-05-18T13:36:55.5303676Z ##[group]Fetching the repository
Detect Changes	UNKNOWN STEP	2026-05-18T13:36:55.5311468Z [command]/usr/bin/git -c protocol.version=2 fetch --no-tags --prune --no-recurse-submodules origin +refs/heads/*:refs/remotes/origin/* +refs/tags/*:refs/tags/*
Detect Changes	UNKNOWN STEP	2026-05-18T13:36:56.7649375Z From https://github.com/link-foundation/lino-i18n
Detect Changes	UNKNOWN STEP	2026-05-18T13:36:56.7650201Z  * [new branch]      issue-1-76ffa2dc55cc  -> origin/issue-1-76ffa2dc55cc
Detect Changes	UNKNOWN STEP	2026-05-18T13:36:56.7651029Z  * [new branch]      issue-10-6657adb31046 -> origin/issue-10-6657adb31046
Detect Changes	UNKNOWN STEP	2026-05-18T13:36:56.7651573Z  * [new branch]      issue-11-b5c8ef3bbd84 -> origin/issue-11-b5c8ef3bbd84
Detect Changes	UNKNOWN STEP	2026-05-18T13:36:56.7652123Z  * [new branch]      issue-12-3c4f596e0c67 -> origin/issue-12-3c4f596e0c67
Detect Changes	UNKNOWN STEP	2026-05-18T13:36:56.7652691Z  * [new branch]      issue-3-b3eb0917c317  -> origin/issue-3-b3eb0917c317
Detect Changes	UNKNOWN STEP	2026-05-18T13:36:56.7653224Z  * [new branch]      issue-5-169afc4a2006  -> origin/issue-5-169afc4a2006
Detect Changes	UNKNOWN STEP	2026-05-18T13:36:56.7653744Z  * [new branch]      issue-5-35d32a59c464  -> origin/issue-5-35d32a59c464
Detect Changes	UNKNOWN STEP	2026-05-18T13:36:56.7654255Z  * [new branch]      issue-8-ca918c4d7d4c  -> origin/issue-8-ca918c4d7d4c
Detect Changes	UNKNOWN STEP	2026-05-18T13:36:56.7654748Z  * [new branch]      main                  -> origin/main
Detect Changes	UNKNOWN STEP	2026-05-18T13:36:56.7655162Z  * [new tag]         js-v0.0.1             -> js-v0.0.1
Detect Changes	UNKNOWN STEP	2026-05-18T13:36:56.7655578Z  * [new tag]         rust-v0.0.1           -> rust-v0.0.1
Detect Changes	UNKNOWN STEP	2026-05-18T13:36:56.7678135Z [command]/usr/bin/git branch --list --remote origin/main
Detect Changes	UNKNOWN STEP	2026-05-18T13:36:56.7699507Z   origin/main
Detect Changes	UNKNOWN STEP	2026-05-18T13:36:56.7707811Z [command]/usr/bin/git rev-parse refs/remotes/origin/main
Detect Changes	UNKNOWN STEP	2026-05-18T13:36:56.7725719Z 8910b98b665a650690c0d9e9188bbf6bec1e9d2c
Detect Changes	UNKNOWN STEP	2026-05-18T13:36:56.7729680Z ##[endgroup]
Detect Changes	UNKNOWN STEP	2026-05-18T13:36:56.7730147Z ##[group]Determining the checkout info
Detect Changes	UNKNOWN STEP	2026-05-18T13:36:56.7730650Z ##[endgroup]
Detect Changes	UNKNOWN STEP	2026-05-18T13:36:56.7734853Z [command]/usr/bin/git sparse-checkout disable
Detect Changes	UNKNOWN STEP	2026-05-18T13:36:56.7765487Z [command]/usr/bin/git config --local --unset-all extensions.worktreeConfig
Detect Changes	UNKNOWN STEP	2026-05-18T13:36:56.7787759Z ##[group]Checking out the ref
Detect Changes	UNKNOWN STEP	2026-05-18T13:36:56.7790446Z [command]/usr/bin/git checkout --progress --force -B main refs/remotes/origin/main
Detect Changes	UNKNOWN STEP	2026-05-18T13:36:56.8227597Z Switched to a new branch 'main'
Detect Changes	UNKNOWN STEP	2026-05-18T13:36:56.8228803Z branch 'main' set up to track 'origin/main'.
Detect Changes	UNKNOWN STEP	2026-05-18T13:36:56.8235572Z ##[endgroup]
Detect Changes	UNKNOWN STEP	2026-05-18T13:36:56.8268097Z [command]/usr/bin/git log -1 --format=%H
Detect Changes	UNKNOWN STEP	2026-05-18T13:36:56.8288306Z 8910b98b665a650690c0d9e9188bbf6bec1e9d2c
Detect Changes	UNKNOWN STEP	2026-05-18T13:36:56.8484611Z ##[group]Run actions/setup-node@v6
Detect Changes	UNKNOWN STEP	2026-05-18T13:36:56.8484849Z with:
Detect Changes	UNKNOWN STEP	2026-05-18T13:36:56.8485017Z   node-version: 24.x
Detect Changes	UNKNOWN STEP	2026-05-18T13:36:56.8485177Z   check-latest: false
Detect Changes	UNKNOWN STEP	2026-05-18T13:36:56.8485426Z   token: ***
Detect Changes	UNKNOWN STEP	2026-05-18T13:36:56.8485660Z   package-manager-cache: true
Detect Changes	UNKNOWN STEP	2026-05-18T13:36:56.8485865Z env:
Detect Changes	UNKNOWN STEP	2026-05-18T13:36:56.8485992Z   NODE_VERSION: 24.x
Detect Changes	UNKNOWN STEP	2026-05-18T13:36:56.8486351Z   NPM_CONFIG_PROVENANCE: true
Detect Changes	UNKNOWN STEP	2026-05-18T13:36:56.8486551Z ##[endgroup]
Detect Changes	UNKNOWN STEP	2026-05-18T13:36:56.9696455Z Found in cache @ /opt/hostedtoolcache/node/24.15.0/x64
Detect Changes	UNKNOWN STEP	2026-05-18T13:36:56.9699482Z ##[group]Environment details
Detect Changes	UNKNOWN STEP	2026-05-18T13:36:57.2125847Z node: v24.15.0
Detect Changes	UNKNOWN STEP	2026-05-18T13:36:57.2126115Z npm: 11.12.1
Detect Changes	UNKNOWN STEP	2026-05-18T13:36:57.2126283Z yarn: 1.22.22
Detect Changes	UNKNOWN STEP	2026-05-18T13:36:57.2126861Z ##[endgroup]
Detect Changes	UNKNOWN STEP	2026-05-18T13:36:57.2236816Z ##[group]Run node js/scripts/detect-code-changes.mjs
Detect Changes	UNKNOWN STEP	2026-05-18T13:36:57.2237209Z ^[[36;1mnode js/scripts/detect-code-changes.mjs^[[0m
Detect Changes	UNKNOWN STEP	2026-05-18T13:36:57.2274489Z shell: /usr/bin/bash -e {0}
Detect Changes	UNKNOWN STEP	2026-05-18T13:36:57.2274736Z env:
Detect Changes	UNKNOWN STEP	2026-05-18T13:36:57.2274886Z   NODE_VERSION: 24.x
Detect Changes	UNKNOWN STEP	2026-05-18T13:36:57.2275055Z   NPM_CONFIG_PROVENANCE: true
Detect Changes	UNKNOWN STEP	2026-05-18T13:36:57.2275239Z ##[endgroup]
Detect Changes	UNKNOWN STEP	2026-05-18T13:36:57.2568211Z Detecting file changes for CI/CD...
Detect Changes	UNKNOWN STEP	2026-05-18T13:36:57.2602026Z
Detect Changes	UNKNOWN STEP	2026-05-18T13:36:57.2602339Z Merge commit detected (pull_request event)
Detect Changes	UNKNOWN STEP	2026-05-18T13:36:57.2602880Z Comparing HEAD^2^ to HEAD^2 (per-commit diff of PR head)
Detect Changes	UNKNOWN STEP	2026-05-18T13:36:57.2631149Z Changed files:
Detect Changes	UNKNOWN STEP	2026-05-18T13:36:57.2631582Z   js/.changeset/deep-key-compatibility-aliases.md
Detect Changes	UNKNOWN STEP	2026-05-18T13:36:57.2631996Z   js/CHANGELOG.md
Detect Changes	UNKNOWN STEP	2026-05-18T13:36:57.2632246Z   js/package.json
Detect Changes	UNKNOWN STEP	2026-05-18T13:36:57.2632473Z
Detect Changes	UNKNOWN STEP	2026-05-18T13:36:57.2633770Z mjs-changed=false
Detect Changes	UNKNOWN STEP	2026-05-18T13:36:57.2635118Z js-changed=false
Detect Changes	UNKNOWN STEP	2026-05-18T13:36:57.2635996Z package-changed=true
Detect Changes	UNKNOWN STEP	2026-05-18T13:36:57.2636841Z docs-changed=true
Detect Changes	UNKNOWN STEP	2026-05-18T13:36:57.2637157Z workflow-changed=false
Detect Changes	UNKNOWN STEP	2026-05-18T13:36:57.2638092Z
Detect Changes	UNKNOWN STEP	2026-05-18T13:36:57.2638419Z Files considered as release-affecting code changes:
Detect Changes	UNKNOWN STEP	2026-05-18T13:36:57.2639150Z   js/package.json
Detect Changes	UNKNOWN STEP	2026-05-18T13:36:57.2639317Z
Detect Changes	UNKNOWN STEP	2026-05-18T13:36:57.2639955Z any-code-changed=true
Detect Changes	UNKNOWN STEP	2026-05-18T13:36:57.2640139Z
Detect Changes	UNKNOWN STEP	2026-05-18T13:36:57.2640299Z Change detection completed.
Detect Changes	UNKNOWN STEP	2026-05-18T13:36:57.2834210Z Post job cleanup.
Detect Changes	UNKNOWN STEP	2026-05-18T13:36:57.3884446Z Post job cleanup.
Detect Changes	UNKNOWN STEP	2026-05-18T13:36:57.4528518Z [command]/usr/bin/git version
Detect Changes	UNKNOWN STEP	2026-05-18T13:36:57.4589755Z git version 2.54.0
Detect Changes	UNKNOWN STEP	2026-05-18T13:36:57.4619241Z Temporarily overriding HOME='/home/runner/work/_temp/549f0f7c-50b3-4d42-bdca-d453001681fc' before making global git config changes
Detect Changes	UNKNOWN STEP	2026-05-18T13:36:57.4620403Z Adding repository directory to the temporary git global config as a safe directory
Detect Changes	UNKNOWN STEP	2026-05-18T13:36:57.4623758Z [command]/usr/bin/git config --global --add safe.directory /home/runner/work/lino-i18n/lino-i18n
Detect Changes	UNKNOWN STEP	2026-05-18T13:36:57.4647800Z Removing SSH command configuration
Detect Changes	UNKNOWN STEP	2026-05-18T13:36:57.4653050Z [command]/usr/bin/git config --local --name-only --get-regexp core\.sshCommand
Detect Changes	UNKNOWN STEP	2026-05-18T13:36:57.4680463Z [command]/usr/bin/git submodule foreach --recursive sh -c "git config --local --name-only --get-regexp 'core\.sshCommand' && git config --local --unset-all 'core.sshCommand' || :"
Detect Changes	UNKNOWN STEP	2026-05-18T13:36:57.4863483Z Removing HTTP extra header
Detect Changes	UNKNOWN STEP	2026-05-18T13:36:57.4867056Z [command]/usr/bin/git config --local --name-only --get-regexp http\.https\:\/\/github\.com\/\.extraheader
Detect Changes	UNKNOWN STEP	2026-05-18T13:36:57.4894571Z [command]/usr/bin/git submodule foreach --recursive sh -c "git config --local --name-only --get-regexp 'http\.https\:\/\/github\.com\/\.extraheader' && git config --local --unset-all 'http.https://github.com/.extraheader' || :"
Detect Changes	UNKNOWN STEP	2026-05-18T13:36:57.5073856Z Removing includeIf entries pointing to credentials config files
Detect Changes	UNKNOWN STEP	2026-05-18T13:36:57.5079044Z [command]/usr/bin/git config --local --name-only --get-regexp ^includeIf\.gitdir:
Detect Changes	UNKNOWN STEP	2026-05-18T13:36:57.5097822Z includeif.gitdir:/home/runner/work/lino-i18n/lino-i18n/.git.path
Detect Changes	UNKNOWN STEP	2026-05-18T13:36:57.5098434Z includeif.gitdir:/home/runner/work/lino-i18n/lino-i18n/.git/worktrees/*.path
Detect Changes	UNKNOWN STEP	2026-05-18T13:36:57.5098852Z includeif.gitdir:/github/workspace/.git.path
Detect Changes	UNKNOWN STEP	2026-05-18T13:36:57.5099184Z includeif.gitdir:/github/workspace/.git/worktrees/*.path
Detect Changes	UNKNOWN STEP	2026-05-18T13:36:57.5104494Z [command]/usr/bin/git config --local --get-all includeif.gitdir:/home/runner/work/lino-i18n/lino-i18n/.git.path
Detect Changes	UNKNOWN STEP	2026-05-18T13:36:57.5122683Z /home/runner/work/_temp/git-credentials-98793f3a-7674-44f6-9e4e-77855f79c712.config
Detect Changes	UNKNOWN STEP	2026-05-18T13:36:57.5131555Z [command]/usr/bin/git config --local --unset includeif.gitdir:/home/runner/work/lino-i18n/lino-i18n/.git.path /home/runner/work/_temp/git-credentials-98793f3a-7674-44f6-9e4e-77855f79c712.config
Detect Changes	UNKNOWN STEP	2026-05-18T13:36:57.5159645Z [command]/usr/bin/git config --local --get-all includeif.gitdir:/home/runner/work/lino-i18n/lino-i18n/.git/worktrees/*.path
Detect Changes	UNKNOWN STEP	2026-05-18T13:36:57.5177456Z /home/runner/work/_temp/git-credentials-98793f3a-7674-44f6-9e4e-77855f79c712.config
Detect Changes	UNKNOWN STEP	2026-05-18T13:36:57.5187082Z [command]/usr/bin/git config --local --unset includeif.gitdir:/home/runner/work/lino-i18n/lino-i18n/.git/worktrees/*.path /home/runner/work/_temp/git-credentials-98793f3a-7674-44f6-9e4e-77855f79c712.config
Detect Changes	UNKNOWN STEP	2026-05-18T13:36:57.5219129Z [command]/usr/bin/git config --local --get-all includeif.gitdir:/github/workspace/.git.path
Detect Changes	UNKNOWN STEP	2026-05-18T13:36:57.5237161Z /github/runner_temp/git-credentials-98793f3a-7674-44f6-9e4e-77855f79c712.config
Detect Changes	UNKNOWN STEP	2026-05-18T13:36:57.5243979Z [command]/usr/bin/git config --local --unset includeif.gitdir:/github/workspace/.git.path /github/runner_temp/git-credentials-98793f3a-7674-44f6-9e4e-77855f79c712.config
Detect Changes	UNKNOWN STEP	2026-05-18T13:36:57.5269854Z [command]/usr/bin/git config --local --get-all includeif.gitdir:/github/workspace/.git/worktrees/*.path
Detect Changes	UNKNOWN STEP	2026-05-18T13:36:57.5286915Z /github/runner_temp/git-credentials-98793f3a-7674-44f6-9e4e-77855f79c712.config
Detect Changes	UNKNOWN STEP	2026-05-18T13:36:57.5294849Z [command]/usr/bin/git config --local --unset includeif.gitdir:/github/workspace/.git/worktrees/*.path /github/runner_temp/git-credentials-98793f3a-7674-44f6-9e4e-77855f79c712.config
Detect Changes	UNKNOWN STEP	2026-05-18T13:36:57.5321626Z [command]/usr/bin/git submodule foreach --recursive git config --local --show-origin --name-only --get-regexp remote.origin.url
Detect Changes	UNKNOWN STEP	2026-05-18T13:36:57.5503258Z Removing credentials config '/home/runner/work/_temp/git-credentials-98793f3a-7674-44f6-9e4e-77855f79c712.config'
Detect Changes	UNKNOWN STEP	2026-05-18T13:36:57.5618111Z Evaluate and set job outputs
Detect Changes	UNKNOWN STEP	2026-05-18T13:36:57.5623743Z Set output 'mjs-changed'
Detect Changes	UNKNOWN STEP	2026-05-18T13:36:57.5624991Z Set output 'js-changed'
Detect Changes	UNKNOWN STEP	2026-05-18T13:36:57.5625481Z Set output 'package-changed'
Detect Changes	UNKNOWN STEP	2026-05-18T13:36:57.5625726Z Set output 'docs-changed'
Detect Changes	UNKNOWN STEP	2026-05-18T13:36:57.5625963Z Set output 'workflow-changed'
Detect Changes	UNKNOWN STEP	2026-05-18T13:36:57.5626193Z Set output 'any-code-changed'
Detect Changes	UNKNOWN STEP	2026-05-18T13:36:57.5626645Z Cleaning up orphan processes
Check File Line Limits	UNKNOWN STEP	﻿2026-05-18T13:37:04.3435800Z Current runner version: '2.334.0'
Check File Line Limits	UNKNOWN STEP	2026-05-18T13:37:04.3468022Z ##[group]Runner Image Provisioner
Check File Line Limits	UNKNOWN STEP	2026-05-18T13:37:04.3469171Z Hosted Compute Agent
Check File Line Limits	UNKNOWN STEP	2026-05-18T13:37:04.3469908Z Version: 20260213.493
Check File Line Limits	UNKNOWN STEP	2026-05-18T13:37:04.3470965Z Commit: 5c115507f6dd24b8de37d8bbe0bb4509d0cc0fa3
Check File Line Limits	UNKNOWN STEP	2026-05-18T13:37:04.3472209Z Build Date: 2026-02-13T00:28:41Z
Check File Line Limits	UNKNOWN STEP	2026-05-18T13:37:04.3473265Z Worker ID: {50524ffc-ce44-4722-90dd-2da4d37c3708}
Check File Line Limits	UNKNOWN STEP	2026-05-18T13:37:04.3474435Z Azure Region: eastus
Check File Line Limits	UNKNOWN STEP	2026-05-18T13:37:04.3475272Z ##[endgroup]
Check File Line Limits	UNKNOWN STEP	2026-05-18T13:37:04.3477258Z ##[group]Operating System
Check File Line Limits	UNKNOWN STEP	2026-05-18T13:37:04.3478259Z Ubuntu
Check File Line Limits	UNKNOWN STEP	2026-05-18T13:37:04.3478990Z 24.04.4
Check File Line Limits	UNKNOWN STEP	2026-05-18T13:37:04.3479701Z LTS
Check File Line Limits	UNKNOWN STEP	2026-05-18T13:37:04.3480556Z ##[endgroup]
Check File Line Limits	UNKNOWN STEP	2026-05-18T13:37:04.3481285Z ##[group]Runner Image
Check File Line Limits	UNKNOWN STEP	2026-05-18T13:37:04.3482366Z Image: ubuntu-24.04
Check File Line Limits	UNKNOWN STEP	2026-05-18T13:37:04.3483668Z Version: 20260513.135.3
Check File Line Limits	UNKNOWN STEP	2026-05-18T13:37:04.3485681Z Included Software: https://github.com/actions/runner-images/blob/ubuntu24/20260513.135/images/ubuntu/Ubuntu2404-Readme.md
Check File Line Limits	UNKNOWN STEP	2026-05-18T13:37:04.3488157Z Image Release: https://github.com/actions/runner-images/releases/tag/ubuntu24%2F20260513.135
Check File Line Limits	UNKNOWN STEP	2026-05-18T13:37:04.3489256Z ##[endgroup]
Check File Line Limits	UNKNOWN STEP	2026-05-18T13:37:04.3491254Z ##[group]GITHUB_TOKEN Permissions
Check File Line Limits	UNKNOWN STEP	2026-05-18T13:37:04.3494190Z Contents: write
Check File Line Limits	UNKNOWN STEP	2026-05-18T13:37:04.3495144Z Metadata: read
Check File Line Limits	UNKNOWN STEP	2026-05-18T13:37:04.3496000Z Pages: write
Check File Line Limits	UNKNOWN STEP	2026-05-18T13:37:04.3496830Z PullRequests: write
Check File Line Limits	UNKNOWN STEP	2026-05-18T13:37:04.3497632Z ##[endgroup]
Check File Line Limits	UNKNOWN STEP	2026-05-18T13:37:04.3500470Z Secret source: Actions
Check File Line Limits	UNKNOWN STEP	2026-05-18T13:37:04.3501985Z Prepare workflow directory
Check File Line Limits	UNKNOWN STEP	2026-05-18T13:37:04.3935282Z Prepare all required actions
Check File Line Limits	UNKNOWN STEP	2026-05-18T13:37:04.3972250Z Getting action download info
Check File Line Limits	UNKNOWN STEP	2026-05-18T13:37:04.6998396Z Download action repository 'actions/checkout@v6' (SHA:de0fac2e4500dabe0009e67214ff5f5447ce83dd)
Check File Line Limits	UNKNOWN STEP	2026-05-18T13:37:04.9430457Z Complete job name: Check File Line Limits
Check File Line Limits	UNKNOWN STEP	2026-05-18T13:37:05.0246605Z ##[group]Run actions/checkout@v6
Check File Line Limits	UNKNOWN STEP	2026-05-18T13:37:05.0247484Z with:
Check File Line Limits	UNKNOWN STEP	2026-05-18T13:37:05.0247874Z   fetch-depth: 0
Check File Line Limits	UNKNOWN STEP	2026-05-18T13:37:05.0248348Z   repository: link-foundation/lino-i18n
Check File Line Limits	UNKNOWN STEP	2026-05-18T13:37:05.0249043Z   token: ***
Check File Line Limits	UNKNOWN STEP	2026-05-18T13:37:05.0249438Z   ssh-strict: true
Check File Line Limits	UNKNOWN STEP	2026-05-18T13:37:05.0249839Z   ssh-user: git
Check File Line Limits	UNKNOWN STEP	2026-05-18T13:37:05.0250265Z   persist-credentials: true
Check File Line Limits	UNKNOWN STEP	2026-05-18T13:37:05.0250716Z   clean: true
Check File Line Limits	UNKNOWN STEP	2026-05-18T13:37:05.0251130Z   sparse-checkout-cone-mode: true
Check File Line Limits	UNKNOWN STEP	2026-05-18T13:37:05.0252003Z   fetch-tags: false
Check File Line Limits	UNKNOWN STEP	2026-05-18T13:37:05.0252503Z   show-progress: true
Check File Line Limits	UNKNOWN STEP	2026-05-18T13:37:05.0253061Z   lfs: false
Check File Line Limits	UNKNOWN STEP	2026-05-18T13:37:05.0253558Z   submodules: false
Check File Line Limits	UNKNOWN STEP	2026-05-18T13:37:05.0254187Z   set-safe-directory: true
Check File Line Limits	UNKNOWN STEP	2026-05-18T13:37:05.0255180Z env:
Check File Line Limits	UNKNOWN STEP	2026-05-18T13:37:05.0255576Z   NODE_VERSION: 24.x
Check File Line Limits	UNKNOWN STEP	2026-05-18T13:37:05.0256018Z   NPM_CONFIG_PROVENANCE: true
Check File Line Limits	UNKNOWN STEP	2026-05-18T13:37:05.0256488Z ##[endgroup]
Check File Line Limits	UNKNOWN STEP	2026-05-18T13:37:05.1206605Z Syncing repository: link-foundation/lino-i18n
Check File Line Limits	UNKNOWN STEP	2026-05-18T13:37:05.1208418Z ##[group]Getting Git version info
Check File Line Limits	UNKNOWN STEP	2026-05-18T13:37:05.1209122Z Working directory is '/home/runner/work/lino-i18n/lino-i18n'
Check File Line Limits	UNKNOWN STEP	2026-05-18T13:37:05.1210149Z [command]/usr/bin/git version
Check File Line Limits	UNKNOWN STEP	2026-05-18T13:37:05.1264618Z git version 2.54.0
Check File Line Limits	UNKNOWN STEP	2026-05-18T13:37:05.1319251Z ##[endgroup]
Check File Line Limits	UNKNOWN STEP	2026-05-18T13:37:05.1333150Z Temporarily overriding HOME='/home/runner/work/_temp/da40a17b-264c-4974-aaca-2e7b79510254' before making global git config changes
Check File Line Limits	UNKNOWN STEP	2026-05-18T13:37:05.1334580Z Adding repository directory to the temporary git global config as a safe directory
Check File Line Limits	UNKNOWN STEP	2026-05-18T13:37:05.1339821Z [command]/usr/bin/git config --global --add safe.directory /home/runner/work/lino-i18n/lino-i18n
Check File Line Limits	UNKNOWN STEP	2026-05-18T13:37:05.1383018Z Deleting the contents of '/home/runner/work/lino-i18n/lino-i18n'
Check File Line Limits	UNKNOWN STEP	2026-05-18T13:37:05.1387383Z ##[group]Initializing the repository
Check File Line Limits	UNKNOWN STEP	2026-05-18T13:37:05.1392710Z [command]/usr/bin/git init /home/runner/work/lino-i18n/lino-i18n
Check File Line Limits	UNKNOWN STEP	2026-05-18T13:37:05.1479713Z hint: Using 'master' as the name for the initial branch. This default branch name
Check File Line Limits	UNKNOWN STEP	2026-05-18T13:37:05.1480976Z hint: will change to "main" in Git 3.0. To configure the initial branch name
Check File Line Limits	UNKNOWN STEP	2026-05-18T13:37:05.1482460Z hint: to use in all of your new repositories, which will suppress this warning,
Check File Line Limits	UNKNOWN STEP	2026-05-18T13:37:05.1483245Z hint: call:
Check File Line Limits	UNKNOWN STEP	2026-05-18T13:37:05.1483902Z hint:
Check File Line Limits	UNKNOWN STEP	2026-05-18T13:37:05.1484662Z hint: 	git config --global init.defaultBranch <name>
Check File Line Limits	UNKNOWN STEP	2026-05-18T13:37:05.1485397Z hint:
Check File Line Limits	UNKNOWN STEP	2026-05-18T13:37:05.1486376Z hint: Names commonly chosen instead of 'master' are 'main', 'trunk' and
Check File Line Limits	UNKNOWN STEP	2026-05-18T13:37:05.1488029Z hint: 'development'. The just-created branch can be renamed via this command:
Check File Line Limits	UNKNOWN STEP	2026-05-18T13:37:05.1489325Z hint:
Check File Line Limits	UNKNOWN STEP	2026-05-18T13:37:05.1490034Z hint: 	git branch -m <name>
Check File Line Limits	UNKNOWN STEP	2026-05-18T13:37:05.1490846Z hint:
Check File Line Limits	UNKNOWN STEP	2026-05-18T13:37:05.1492120Z hint: Disable this message with "git config set advice.defaultBranchName false"
Check File Line Limits	UNKNOWN STEP	2026-05-18T13:37:05.1493827Z Initialized empty Git repository in /home/runner/work/lino-i18n/lino-i18n/.git/
Check File Line Limits	UNKNOWN STEP	2026-05-18T13:37:05.1496684Z [command]/usr/bin/git remote add origin https://github.com/link-foundation/lino-i18n
Check File Line Limits	UNKNOWN STEP	2026-05-18T13:37:05.1534221Z ##[endgroup]
Check File Line Limits	UNKNOWN STEP	2026-05-18T13:37:05.1535415Z ##[group]Disabling automatic garbage collection
Check File Line Limits	UNKNOWN STEP	2026-05-18T13:37:05.1538759Z [command]/usr/bin/git config --local gc.auto 0
Check File Line Limits	UNKNOWN STEP	2026-05-18T13:37:05.1565965Z ##[endgroup]
Check File Line Limits	UNKNOWN STEP	2026-05-18T13:37:05.1567187Z ##[group]Setting up auth
Check File Line Limits	UNKNOWN STEP	2026-05-18T13:37:05.1568081Z Removing SSH command configuration
Check File Line Limits	UNKNOWN STEP	2026-05-18T13:37:05.1573761Z [command]/usr/bin/git config --local --name-only --get-regexp core\.sshCommand
Check File Line Limits	UNKNOWN STEP	2026-05-18T13:37:05.1606597Z [command]/usr/bin/git submodule foreach --recursive sh -c "git config --local --name-only --get-regexp 'core\.sshCommand' && git config --local --unset-all 'core.sshCommand' || :"
Check File Line Limits	UNKNOWN STEP	2026-05-18T13:37:05.1902103Z Removing HTTP extra header
Check File Line Limits	UNKNOWN STEP	2026-05-18T13:37:05.1906930Z [command]/usr/bin/git config --local --name-only --get-regexp http\.https\:\/\/github\.com\/\.extraheader
Check File Line Limits	UNKNOWN STEP	2026-05-18T13:37:05.1937028Z [command]/usr/bin/git submodule foreach --recursive sh -c "git config --local --name-only --get-regexp 'http\.https\:\/\/github\.com\/\.extraheader' && git config --local --unset-all 'http.https://github.com/.extraheader' || :"
Check File Line Limits	UNKNOWN STEP	2026-05-18T13:37:05.2144698Z Removing includeIf entries pointing to credentials config files
Check File Line Limits	UNKNOWN STEP	2026-05-18T13:37:05.2150776Z [command]/usr/bin/git config --local --name-only --get-regexp ^includeIf\.gitdir:
Check File Line Limits	UNKNOWN STEP	2026-05-18T13:37:05.2182473Z [command]/usr/bin/git submodule foreach --recursive git config --local --show-origin --name-only --get-regexp remote.origin.url
Check File Line Limits	UNKNOWN STEP	2026-05-18T13:37:05.2396910Z [command]/usr/bin/git config --file /home/runner/work/_temp/git-credentials-f8340b1e-e36d-4b0a-b465-5cce8708be1c.config http.https://github.com/.extraheader AUTHORIZATION: basic ***
Check File Line Limits	UNKNOWN STEP	2026-05-18T13:37:05.2433626Z [command]/usr/bin/git config --local includeIf.gitdir:/home/runner/work/lino-i18n/lino-i18n/.git.path /home/runner/work/_temp/git-credentials-f8340b1e-e36d-4b0a-b465-5cce8708be1c.config
Check File Line Limits	UNKNOWN STEP	2026-05-18T13:37:05.2462051Z [command]/usr/bin/git config --local includeIf.gitdir:/home/runner/work/lino-i18n/lino-i18n/.git/worktrees/*.path /home/runner/work/_temp/git-credentials-f8340b1e-e36d-4b0a-b465-5cce8708be1c.config
Check File Line Limits	UNKNOWN STEP	2026-05-18T13:37:05.2493122Z [command]/usr/bin/git config --local includeIf.gitdir:/github/workspace/.git.path /github/runner_temp/git-credentials-f8340b1e-e36d-4b0a-b465-5cce8708be1c.config
Check File Line Limits	UNKNOWN STEP	2026-05-18T13:37:05.2523396Z [command]/usr/bin/git config --local includeIf.gitdir:/github/workspace/.git/worktrees/*.path /github/runner_temp/git-credentials-f8340b1e-e36d-4b0a-b465-5cce8708be1c.config
Check File Line Limits	UNKNOWN STEP	2026-05-18T13:37:05.2554454Z ##[endgroup]
Check File Line Limits	UNKNOWN STEP	2026-05-18T13:37:05.2555520Z ##[group]Fetching the repository
Check File Line Limits	UNKNOWN STEP	2026-05-18T13:37:05.2562830Z [command]/usr/bin/git -c protocol.version=2 fetch --no-tags --prune --no-recurse-submodules origin +refs/heads/*:refs/remotes/origin/* +refs/tags/*:refs/tags/*
Check File Line Limits	UNKNOWN STEP	2026-05-18T13:37:05.7728244Z From https://github.com/link-foundation/lino-i18n
Check File Line Limits	UNKNOWN STEP	2026-05-18T13:37:05.7729981Z  * [new branch]      issue-1-76ffa2dc55cc  -> origin/issue-1-76ffa2dc55cc
Check File Line Limits	UNKNOWN STEP	2026-05-18T13:37:05.7731385Z  * [new branch]      issue-10-6657adb31046 -> origin/issue-10-6657adb31046
Check File Line Limits	UNKNOWN STEP	2026-05-18T13:37:05.7732639Z  * [new branch]      issue-11-b5c8ef3bbd84 -> origin/issue-11-b5c8ef3bbd84
Check File Line Limits	UNKNOWN STEP	2026-05-18T13:37:05.7733885Z  * [new branch]      issue-12-3c4f596e0c67 -> origin/issue-12-3c4f596e0c67
Check File Line Limits	UNKNOWN STEP	2026-05-18T13:37:05.7736153Z  * [new branch]      issue-3-b3eb0917c317  -> origin/issue-3-b3eb0917c317
Check File Line Limits	UNKNOWN STEP	2026-05-18T13:37:05.7737027Z  * [new branch]      issue-5-169afc4a2006  -> origin/issue-5-169afc4a2006
Check File Line Limits	UNKNOWN STEP	2026-05-18T13:37:05.7737853Z  * [new branch]      issue-5-35d32a59c464  -> origin/issue-5-35d32a59c464
Check File Line Limits	UNKNOWN STEP	2026-05-18T13:37:05.7738660Z  * [new branch]      issue-8-ca918c4d7d4c  -> origin/issue-8-ca918c4d7d4c
Check File Line Limits	UNKNOWN STEP	2026-05-18T13:37:05.7739416Z  * [new branch]      main                  -> origin/main
Check File Line Limits	UNKNOWN STEP	2026-05-18T13:37:05.7740060Z  * [new tag]         js-v0.0.1             -> js-v0.0.1
Check File Line Limits	UNKNOWN STEP	2026-05-18T13:37:05.7740692Z  * [new tag]         rust-v0.0.1           -> rust-v0.0.1
Check File Line Limits	UNKNOWN STEP	2026-05-18T13:37:05.7778817Z [command]/usr/bin/git branch --list --remote origin/main
Check File Line Limits	UNKNOWN STEP	2026-05-18T13:37:05.7808083Z   origin/main
Check File Line Limits	UNKNOWN STEP	2026-05-18T13:37:05.7819027Z [command]/usr/bin/git rev-parse refs/remotes/origin/main
Check File Line Limits	UNKNOWN STEP	2026-05-18T13:37:05.7840898Z 8910b98b665a650690c0d9e9188bbf6bec1e9d2c
Check File Line Limits	UNKNOWN STEP	2026-05-18T13:37:05.7846313Z ##[endgroup]
Check File Line Limits	UNKNOWN STEP	2026-05-18T13:37:05.7847449Z ##[group]Determining the checkout info
Check File Line Limits	UNKNOWN STEP	2026-05-18T13:37:05.7848721Z ##[endgroup]
Check File Line Limits	UNKNOWN STEP	2026-05-18T13:37:05.7853171Z [command]/usr/bin/git sparse-checkout disable
Check File Line Limits	UNKNOWN STEP	2026-05-18T13:37:05.7899940Z [command]/usr/bin/git config --local --unset-all extensions.worktreeConfig
Check File Line Limits	UNKNOWN STEP	2026-05-18T13:37:05.7927685Z ##[group]Checking out the ref
Check File Line Limits	UNKNOWN STEP	2026-05-18T13:37:05.7932721Z [command]/usr/bin/git checkout --progress --force -B main refs/remotes/origin/main
Check File Line Limits	UNKNOWN STEP	2026-05-18T13:37:05.8466418Z Switched to a new branch 'main'
Check File Line Limits	UNKNOWN STEP	2026-05-18T13:37:05.8468098Z branch 'main' set up to track 'origin/main'.
Check File Line Limits	UNKNOWN STEP	2026-05-18T13:37:05.8476668Z ##[endgroup]
Check File Line Limits	UNKNOWN STEP	2026-05-18T13:37:05.8518219Z [command]/usr/bin/git log -1 --format=%H
Check File Line Limits	UNKNOWN STEP	2026-05-18T13:37:05.8541991Z 8910b98b665a650690c0d9e9188bbf6bec1e9d2c
Check File Line Limits	UNKNOWN STEP	2026-05-18T13:37:05.8800851Z ##[group]Run bash scripts/check-file-line-limits.sh
Check File Line Limits	UNKNOWN STEP	2026-05-18T13:37:05.8802949Z ^[[36;1mbash scripts/check-file-line-limits.sh^[[0m
Check File Line Limits	UNKNOWN STEP	2026-05-18T13:37:05.8840551Z shell: /usr/bin/bash -e {0}
Check File Line Limits	UNKNOWN STEP	2026-05-18T13:37:05.8841819Z env:
Check File Line Limits	UNKNOWN STEP	2026-05-18T13:37:05.8842651Z   NODE_VERSION: 24.x
Check File Line Limits	UNKNOWN STEP	2026-05-18T13:37:05.8843516Z   NPM_CONFIG_PROVENANCE: true
Check File Line Limits	UNKNOWN STEP	2026-05-18T13:37:05.8844458Z ##[endgroup]
Check File Line Limits	UNKNOWN STEP	2026-05-18T13:37:05.8938656Z Checking that all .mjs files are under 1500 lines...
Check File Line Limits	UNKNOWN STEP	2026-05-18T13:37:05.8976236Z ./scripts/changeset-version.mjs: 75 lines
Check File Line Limits	UNKNOWN STEP	2026-05-18T13:37:05.8995120Z ./scripts/instant-version-bump.mjs: 172 lines
Check File Line Limits	UNKNOWN STEP	2026-05-18T13:37:05.9013830Z ./scripts/format-release-notes.mjs: 230 lines
Check File Line Limits	UNKNOWN STEP	2026-05-18T13:37:05.9032421Z ./scripts/setup-npm.mjs: 265 lines
Check File Line Limits	UNKNOWN STEP	2026-05-18T13:37:05.9051214Z ./scripts/format-github-release.mjs: 90 lines
Check File Line Limits	UNKNOWN STEP	2026-05-18T13:37:05.9069773Z ./scripts/wait-for-npm.mjs: 191 lines
Check File Line Limits	UNKNOWN STEP	2026-05-18T13:37:05.9088607Z ./scripts/version-and-commit.mjs: 284 lines
Check File Line Limits	UNKNOWN STEP	2026-05-18T13:37:05.9107417Z ./scripts/create-manual-changeset.mjs: 100 lines
Check File Line Limits	UNKNOWN STEP	2026-05-18T13:37:05.9125927Z ./scripts/detect-code-changes.mjs: 168 lines
Check File Line Limits	UNKNOWN STEP	2026-05-18T13:37:05.9144353Z ./scripts/merge-changesets.mjs: 274 lines
Check File Line Limits	UNKNOWN STEP	2026-05-18T13:37:05.9163217Z ./scripts/format-release-notes-helpers.mjs: 26 lines
Check File Line Limits	UNKNOWN STEP	2026-05-18T13:37:05.9181211Z ./scripts/js-paths.mjs: 177 lines
Check File Line Limits	UNKNOWN STEP	2026-05-18T13:37:05.9200075Z ./scripts/package-info.mjs: 99 lines
Check File Line Limits	UNKNOWN STEP	2026-05-18T13:37:05.9218696Z ./scripts/check-changesets.mjs: 67 lines
Check File Line Limits	UNKNOWN STEP	2026-05-18T13:37:05.9237289Z ./scripts/check-release-needed.mjs: 166 lines
Check File Line Limits	UNKNOWN STEP	2026-05-18T13:37:05.9255814Z ./scripts/check-docker-publish.mjs: 143 lines
Check File Line Limits	UNKNOWN STEP	2026-05-18T13:37:05.9274256Z ./scripts/check-version.mjs: 129 lines
Check File Line Limits	UNKNOWN STEP	2026-05-18T13:37:05.9293318Z ./scripts/create-github-release.mjs: 302 lines
Check File Line Limits	UNKNOWN STEP	2026-05-18T13:37:05.9312002Z ./scripts/publish-to-npm.mjs: 325 lines
Check File Line Limits	UNKNOWN STEP	2026-05-18T13:37:05.9330780Z ./scripts/check-web-archive.mjs: 263 lines
Check File Line Limits	UNKNOWN STEP	2026-05-18T13:37:05.9349674Z ./scripts/update-preview-images.mjs: 343 lines
Check File Line Limits	UNKNOWN STEP	2026-05-18T13:37:05.9368528Z ./scripts/validate-changeset.mjs: 285 lines
Check File Line Limits	UNKNOWN STEP	2026-05-18T13:37:05.9387102Z ./scripts/build-docs-site.mjs: 140 lines
Check File Line Limits	UNKNOWN STEP	2026-05-18T13:37:05.9405646Z ./examples/basic-usage.mjs: 33 lines
Check File Line Limits	UNKNOWN STEP	2026-05-18T13:37:05.9406901Z
Check File Line Limits	UNKNOWN STEP	2026-05-18T13:37:05.9407919Z Checking that the JavaScript workflow is under 1500 lines...
Check File Line Limits	UNKNOWN STEP	2026-05-18T13:37:05.9425789Z ../.github/workflows/js.yml: 480 lines
Check File Line Limits	UNKNOWN STEP	2026-05-18T13:37:05.9427028Z
Check File Line Limits	UNKNOWN STEP	2026-05-18T13:37:05.9427703Z All checked files are within the 1500 line limit!
Check File Line Limits	UNKNOWN STEP	2026-05-18T13:37:05.9628761Z Post job cleanup.
Check File Line Limits	UNKNOWN STEP	2026-05-18T13:37:06.0435071Z [command]/usr/bin/git version
Check File Line Limits	UNKNOWN STEP	2026-05-18T13:37:06.0471315Z git version 2.54.0
Check File Line Limits	UNKNOWN STEP	2026-05-18T13:37:06.0543975Z Temporarily overriding HOME='/home/runner/work/_temp/3e33591a-c519-48ee-84a5-3f48b3901edc' before making global git config changes
Check File Line Limits	UNKNOWN STEP	2026-05-18T13:37:06.0549518Z Adding repository directory to the temporary git global config as a safe directory
Check File Line Limits	UNKNOWN STEP	2026-05-18T13:37:06.0552276Z [command]/usr/bin/git config --global --add safe.directory /home/runner/work/lino-i18n/lino-i18n
Check File Line Limits	UNKNOWN STEP	2026-05-18T13:37:06.0578880Z Removing SSH command configuration
Check File Line Limits	UNKNOWN STEP	2026-05-18T13:37:06.0585999Z [command]/usr/bin/git config --local --name-only --get-regexp core\.sshCommand
Check File Line Limits	UNKNOWN STEP	2026-05-18T13:37:06.0624106Z [command]/usr/bin/git submodule foreach --recursive sh -c "git config --local --name-only --get-regexp 'core\.sshCommand' && git config --local --unset-all 'core.sshCommand' || :"
Check File Line Limits	UNKNOWN STEP	2026-05-18T13:37:06.0838200Z Removing HTTP extra header
Check File Line Limits	UNKNOWN STEP	2026-05-18T13:37:06.0843928Z [command]/usr/bin/git config --local --name-only --get-regexp http\.https\:\/\/github\.com\/\.extraheader
Check File Line Limits	UNKNOWN STEP	2026-05-18T13:37:06.0879349Z [command]/usr/bin/git submodule foreach --recursive sh -c "git config --local --name-only --get-regexp 'http\.https\:\/\/github\.com\/\.extraheader' && git config --local --unset-all 'http.https://github.com/.extraheader' || :"
Check File Line Limits	UNKNOWN STEP	2026-05-18T13:37:06.1089109Z Removing includeIf entries pointing to credentials config files
Check File Line Limits	UNKNOWN STEP	2026-05-18T13:37:06.1095788Z [command]/usr/bin/git config --local --name-only --get-regexp ^includeIf\.gitdir:
Check File Line Limits	UNKNOWN STEP	2026-05-18T13:37:06.1120592Z includeif.gitdir:/home/runner/work/lino-i18n/lino-i18n/.git.path
Check File Line Limits	UNKNOWN STEP	2026-05-18T13:37:06.1123817Z includeif.gitdir:/home/runner/work/lino-i18n/lino-i18n/.git/worktrees/*.path
Check File Line Limits	UNKNOWN STEP	2026-05-18T13:37:06.1126384Z includeif.gitdir:/github/workspace/.git.path
Check File Line Limits	UNKNOWN STEP	2026-05-18T13:37:06.1127812Z includeif.gitdir:/github/workspace/.git/worktrees/*.path
Check File Line Limits	UNKNOWN STEP	2026-05-18T13:37:06.1132815Z [command]/usr/bin/git config --local --get-all includeif.gitdir:/home/runner/work/lino-i18n/lino-i18n/.git.path
Check File Line Limits	UNKNOWN STEP	2026-05-18T13:37:06.1151209Z /home/runner/work/_temp/git-credentials-f8340b1e-e36d-4b0a-b465-5cce8708be1c.config
Check File Line Limits	UNKNOWN STEP	2026-05-18T13:37:06.1164445Z [command]/usr/bin/git config --local --unset includeif.gitdir:/home/runner/work/lino-i18n/lino-i18n/.git.path /home/runner/work/_temp/git-credentials-f8340b1e-e36d-4b0a-b465-5cce8708be1c.config
Check File Line Limits	UNKNOWN STEP	2026-05-18T13:37:06.1197980Z [command]/usr/bin/git config --local --get-all includeif.gitdir:/home/runner/work/lino-i18n/lino-i18n/.git/worktrees/*.path
Check File Line Limits	UNKNOWN STEP	2026-05-18T13:37:06.1219126Z /home/runner/work/_temp/git-credentials-f8340b1e-e36d-4b0a-b465-5cce8708be1c.config
Check File Line Limits	UNKNOWN STEP	2026-05-18T13:37:06.1228914Z [command]/usr/bin/git config --local --unset includeif.gitdir:/home/runner/work/lino-i18n/lino-i18n/.git/worktrees/*.path /home/runner/work/_temp/git-credentials-f8340b1e-e36d-4b0a-b465-5cce8708be1c.config
Check File Line Limits	UNKNOWN STEP	2026-05-18T13:37:06.1259737Z [command]/usr/bin/git config --local --get-all includeif.gitdir:/github/workspace/.git.path
Check File Line Limits	UNKNOWN STEP	2026-05-18T13:37:06.1281127Z /github/runner_temp/git-credentials-f8340b1e-e36d-4b0a-b465-5cce8708be1c.config
Check File Line Limits	UNKNOWN STEP	2026-05-18T13:37:06.1289929Z [command]/usr/bin/git config --local --unset includeif.gitdir:/github/workspace/.git.path /github/runner_temp/git-credentials-f8340b1e-e36d-4b0a-b465-5cce8708be1c.config
Check File Line Limits	UNKNOWN STEP	2026-05-18T13:37:06.1319250Z [command]/usr/bin/git config --local --get-all includeif.gitdir:/github/workspace/.git/worktrees/*.path
Check File Line Limits	UNKNOWN STEP	2026-05-18T13:37:06.1338459Z /github/runner_temp/git-credentials-f8340b1e-e36d-4b0a-b465-5cce8708be1c.config
Check File Line Limits	UNKNOWN STEP	2026-05-18T13:37:06.1351139Z [command]/usr/bin/git config --local --unset includeif.gitdir:/github/workspace/.git/worktrees/*.path /github/runner_temp/git-credentials-f8340b1e-e36d-4b0a-b465-5cce8708be1c.config
Check File Line Limits	UNKNOWN STEP	2026-05-18T13:37:06.1382352Z [command]/usr/bin/git submodule foreach --recursive git config --local --show-origin --name-only --get-regexp remote.origin.url
Check File Line Limits	UNKNOWN STEP	2026-05-18T13:37:06.1595650Z Removing credentials config '/home/runner/work/_temp/git-credentials-f8340b1e-e36d-4b0a-b465-5cce8708be1c.config'
Check File Line Limits	UNKNOWN STEP	2026-05-18T13:37:06.1743744Z Cleaning up orphan processes
Lint and Format Check	UNKNOWN STEP	﻿2026-05-18T13:37:05.2873321Z Current runner version: '2.334.0'
Lint and Format Check	UNKNOWN STEP	2026-05-18T13:37:05.2909274Z ##[group]Runner Image Provisioner
Lint and Format Check	UNKNOWN STEP	2026-05-18T13:37:05.2910523Z Hosted Compute Agent
Lint and Format Check	UNKNOWN STEP	2026-05-18T13:37:05.2911440Z Version: 20260213.493
Lint and Format Check	UNKNOWN STEP	2026-05-18T13:37:05.2912306Z Commit: 5c115507f6dd24b8de37d8bbe0bb4509d0cc0fa3
Lint and Format Check	UNKNOWN STEP	2026-05-18T13:37:05.2913402Z Build Date: 2026-02-13T00:28:41Z
Lint and Format Check	UNKNOWN STEP	2026-05-18T13:37:05.2914421Z Worker ID: {e735464b-fdbd-4e7a-bd02-38b6eaf070bb}
Lint and Format Check	UNKNOWN STEP	2026-05-18T13:37:05.2915859Z Azure Region: northcentralus
Lint and Format Check	UNKNOWN STEP	2026-05-18T13:37:05.2916792Z ##[endgroup]
Lint and Format Check	UNKNOWN STEP	2026-05-18T13:37:05.2919278Z ##[group]Operating System
Lint and Format Check	UNKNOWN STEP	2026-05-18T13:37:05.2920261Z Ubuntu
Lint and Format Check	UNKNOWN STEP	2026-05-18T13:37:05.2920948Z 24.04.4
Lint and Format Check	UNKNOWN STEP	2026-05-18T13:37:05.2921725Z LTS
Lint and Format Check	UNKNOWN STEP	2026-05-18T13:37:05.2922422Z ##[endgroup]
Lint and Format Check	UNKNOWN STEP	2026-05-18T13:37:05.2923166Z ##[group]Runner Image
Lint and Format Check	UNKNOWN STEP	2026-05-18T13:37:05.2923942Z Image: ubuntu-24.04
Lint and Format Check	UNKNOWN STEP	2026-05-18T13:37:05.2924851Z Version: 20260513.135.3
Lint and Format Check	UNKNOWN STEP	2026-05-18T13:37:05.2926877Z Included Software: https://github.com/actions/runner-images/blob/ubuntu24/20260513.135/images/ubuntu/Ubuntu2404-Readme.md
Lint and Format Check	UNKNOWN STEP	2026-05-18T13:37:05.2929385Z Image Release: https://github.com/actions/runner-images/releases/tag/ubuntu24%2F20260513.135
Lint and Format Check	UNKNOWN STEP	2026-05-18T13:37:05.2930870Z ##[endgroup]
Lint and Format Check	UNKNOWN STEP	2026-05-18T13:37:05.2932872Z ##[group]GITHUB_TOKEN Permissions
Lint and Format Check	UNKNOWN STEP	2026-05-18T13:37:05.2935974Z Contents: write
Lint and Format Check	UNKNOWN STEP	2026-05-18T13:37:05.2936816Z Metadata: read
Lint and Format Check	UNKNOWN STEP	2026-05-18T13:37:05.2937753Z Pages: write
Lint and Format Check	UNKNOWN STEP	2026-05-18T13:37:05.2938529Z PullRequests: write
Lint and Format Check	UNKNOWN STEP	2026-05-18T13:37:05.2939255Z ##[endgroup]
Lint and Format Check	UNKNOWN STEP	2026-05-18T13:37:05.2941722Z Secret source: Actions
Lint and Format Check	UNKNOWN STEP	2026-05-18T13:37:05.2942691Z Prepare workflow directory
Lint and Format Check	UNKNOWN STEP	2026-05-18T13:37:05.3445773Z Prepare all required actions
Lint and Format Check	UNKNOWN STEP	2026-05-18T13:37:05.3500498Z Getting action download info
Lint and Format Check	UNKNOWN STEP	2026-05-18T13:37:05.6978488Z Download action repository 'actions/checkout@v6' (SHA:de0fac2e4500dabe0009e67214ff5f5447ce83dd)
Lint and Format Check	UNKNOWN STEP	2026-05-18T13:37:05.8316991Z Download action repository 'actions/setup-node@v6' (SHA:48b55a011bda9f5d6aeb4c2d9c7362e8dae4041e)
Lint and Format Check	UNKNOWN STEP	2026-05-18T13:37:06.0250716Z Complete job name: Lint and Format Check
Lint and Format Check	UNKNOWN STEP	2026-05-18T13:37:06.0976832Z ##[group]Run actions/checkout@v6
Lint and Format Check	UNKNOWN STEP	2026-05-18T13:37:06.0977704Z with:
Lint and Format Check	UNKNOWN STEP	2026-05-18T13:37:06.0978104Z   fetch-depth: 0
Lint and Format Check	UNKNOWN STEP	2026-05-18T13:37:06.0978626Z   repository: link-foundation/lino-i18n
Lint and Format Check	UNKNOWN STEP	2026-05-18T13:37:06.0979349Z   token: ***
Lint and Format Check	UNKNOWN STEP	2026-05-18T13:37:06.0979766Z   ssh-strict: true
Lint and Format Check	UNKNOWN STEP	2026-05-18T13:37:06.0980189Z   ssh-user: git
Lint and Format Check	UNKNOWN STEP	2026-05-18T13:37:06.0980625Z   persist-credentials: true
Lint and Format Check	UNKNOWN STEP	2026-05-18T13:37:06.0981099Z   clean: true
Lint and Format Check	UNKNOWN STEP	2026-05-18T13:37:06.0981524Z   sparse-checkout-cone-mode: true
Lint and Format Check	UNKNOWN STEP	2026-05-18T13:37:06.0982035Z   fetch-tags: false
Lint and Format Check	UNKNOWN STEP	2026-05-18T13:37:06.0982467Z   show-progress: true
Lint and Format Check	UNKNOWN STEP	2026-05-18T13:37:06.0982909Z   lfs: false
Lint and Format Check	UNKNOWN STEP	2026-05-18T13:37:06.0983292Z   submodules: false
Lint and Format Check	UNKNOWN STEP	2026-05-18T13:37:06.0983727Z   set-safe-directory: true
Lint and Format Check	UNKNOWN STEP	2026-05-18T13:37:06.0984369Z env:
Lint and Format Check	UNKNOWN STEP	2026-05-18T13:37:06.0984748Z   NODE_VERSION: 24.x
Lint and Format Check	UNKNOWN STEP	2026-05-18T13:37:06.0985435Z   NPM_CONFIG_PROVENANCE: true
Lint and Format Check	UNKNOWN STEP	2026-05-18T13:37:06.0985912Z ##[endgroup]
Lint and Format Check	UNKNOWN STEP	2026-05-18T13:37:06.1978158Z Syncing repository: link-foundation/lino-i18n
Lint and Format Check	UNKNOWN STEP	2026-05-18T13:37:06.1980135Z ##[group]Getting Git version info
Lint and Format Check	UNKNOWN STEP	2026-05-18T13:37:06.1980889Z Working directory is '/home/runner/work/lino-i18n/lino-i18n'
Lint and Format Check	UNKNOWN STEP	2026-05-18T13:37:06.1981957Z [command]/usr/bin/git version
Lint and Format Check	UNKNOWN STEP	2026-05-18T13:37:06.2006888Z git version 2.54.0
Lint and Format Check	UNKNOWN STEP	2026-05-18T13:37:06.2060652Z ##[endgroup]
Lint and Format Check	UNKNOWN STEP	2026-05-18T13:37:06.2076459Z Temporarily overriding HOME='/home/runner/work/_temp/544497b0-af3b-4c8a-9390-d1fafd9e67fe' before making global git config changes
Lint and Format Check	UNKNOWN STEP	2026-05-18T13:37:06.2078946Z Adding repository directory to the temporary git global config as a safe directory
Lint and Format Check	UNKNOWN STEP	2026-05-18T13:37:06.2081974Z [command]/usr/bin/git config --global --add safe.directory /home/runner/work/lino-i18n/lino-i18n
Lint and Format Check	UNKNOWN STEP	2026-05-18T13:37:06.2126171Z Deleting the contents of '/home/runner/work/lino-i18n/lino-i18n'
Lint and Format Check	UNKNOWN STEP	2026-05-18T13:37:06.2130829Z ##[group]Initializing the repository
Lint and Format Check	UNKNOWN STEP	2026-05-18T13:37:06.2136063Z [command]/usr/bin/git init /home/runner/work/lino-i18n/lino-i18n
Lint and Format Check	UNKNOWN STEP	2026-05-18T13:37:06.2210002Z hint: Using 'master' as the name for the initial branch. This default branch name
Lint and Format Check	UNKNOWN STEP	2026-05-18T13:37:06.2211960Z hint: will change to "main" in Git 3.0. To configure the initial branch name
Lint and Format Check	UNKNOWN STEP	2026-05-18T13:37:06.2213552Z hint: to use in all of your new repositories, which will suppress this warning,
Lint and Format Check	UNKNOWN STEP	2026-05-18T13:37:06.2214694Z hint: call:
Lint and Format Check	UNKNOWN STEP	2026-05-18T13:37:06.2215299Z hint:
Lint and Format Check	UNKNOWN STEP	2026-05-18T13:37:06.2215808Z hint: 	git config --global init.defaultBranch <name>
Lint and Format Check	UNKNOWN STEP	2026-05-18T13:37:06.2216432Z hint:
Lint and Format Check	UNKNOWN STEP	2026-05-18T13:37:06.2216998Z hint: Names commonly chosen instead of 'master' are 'main', 'trunk' and
Lint and Format Check	UNKNOWN STEP	2026-05-18T13:37:06.2217950Z hint: 'development'. The just-created branch can be renamed via this command:
Lint and Format Check	UNKNOWN STEP	2026-05-18T13:37:06.2218689Z hint:
Lint and Format Check	UNKNOWN STEP	2026-05-18T13:37:06.2219082Z hint: 	git branch -m <name>
Lint and Format Check	UNKNOWN STEP	2026-05-18T13:37:06.2219814Z hint:
Lint and Format Check	UNKNOWN STEP	2026-05-18T13:37:06.2220595Z hint: Disable this message with "git config set advice.defaultBranchName false"
Lint and Format Check	UNKNOWN STEP	2026-05-18T13:37:06.2221623Z Initialized empty Git repository in /home/runner/work/lino-i18n/lino-i18n/.git/
Lint and Format Check	UNKNOWN STEP	2026-05-18T13:37:06.2224700Z [command]/usr/bin/git remote add origin https://github.com/link-foundation/lino-i18n
Lint and Format Check	UNKNOWN STEP	2026-05-18T13:37:06.2263740Z ##[endgroup]
Lint and Format Check	UNKNOWN STEP	2026-05-18T13:37:06.2264509Z ##[group]Disabling automatic garbage collection
Lint and Format Check	UNKNOWN STEP	2026-05-18T13:37:06.2267342Z [command]/usr/bin/git config --local gc.auto 0
Lint and Format Check	UNKNOWN STEP	2026-05-18T13:37:06.2296960Z ##[endgroup]
Lint and Format Check	UNKNOWN STEP	2026-05-18T13:37:06.2298041Z ##[group]Setting up auth
Lint and Format Check	UNKNOWN STEP	2026-05-18T13:37:06.2298855Z Removing SSH command configuration
Lint and Format Check	UNKNOWN STEP	2026-05-18T13:37:06.2303206Z [command]/usr/bin/git config --local --name-only --get-regexp core\.sshCommand
Lint and Format Check	UNKNOWN STEP	2026-05-18T13:37:06.2337121Z [command]/usr/bin/git submodule foreach --recursive sh -c "git config --local --name-only --get-regexp 'core\.sshCommand' && git config --local --unset-all 'core.sshCommand' || :"
Lint and Format Check	UNKNOWN STEP	2026-05-18T13:37:06.2665655Z Removing HTTP extra header
Lint and Format Check	UNKNOWN STEP	2026-05-18T13:37:06.2671242Z [command]/usr/bin/git config --local --name-only --get-regexp http\.https\:\/\/github\.com\/\.extraheader
Lint and Format Check	UNKNOWN STEP	2026-05-18T13:37:06.2705569Z [command]/usr/bin/git submodule foreach --recursive sh -c "git config --local --name-only --get-regexp 'http\.https\:\/\/github\.com\/\.extraheader' && git config --local --unset-all 'http.https://github.com/.extraheader' || :"
Lint and Format Check	UNKNOWN STEP	2026-05-18T13:37:06.2931679Z Removing includeIf entries pointing to credentials config files
Lint and Format Check	UNKNOWN STEP	2026-05-18T13:37:06.2937325Z [command]/usr/bin/git config --local --name-only --get-regexp ^includeIf\.gitdir:
Lint and Format Check	UNKNOWN STEP	2026-05-18T13:37:06.2970135Z [command]/usr/bin/git submodule foreach --recursive git config --local --show-origin --name-only --get-regexp remote.origin.url
Lint and Format Check	UNKNOWN STEP	2026-05-18T13:37:06.3222424Z [command]/usr/bin/git config --file /home/runner/work/_temp/git-credentials-f74de051-4f7e-4837-a42d-62107d821591.config http.https://github.com/.extraheader AUTHORIZATION: basic ***
Lint and Format Check	UNKNOWN STEP	2026-05-18T13:37:06.3261644Z [command]/usr/bin/git config --local includeIf.gitdir:/home/runner/work/lino-i18n/lino-i18n/.git.path /home/runner/work/_temp/git-credentials-f74de051-4f7e-4837-a42d-62107d821591.config
Lint and Format Check	UNKNOWN STEP	2026-05-18T13:37:06.3295471Z [command]/usr/bin/git config --local includeIf.gitdir:/home/runner/work/lino-i18n/lino-i18n/.git/worktrees/*.path /home/runner/work/_temp/git-credentials-f74de051-4f7e-4837-a42d-62107d821591.config
Lint and Format Check	UNKNOWN STEP	2026-05-18T13:37:06.3330758Z [command]/usr/bin/git config --local includeIf.gitdir:/github/workspace/.git.path /github/runner_temp/git-credentials-f74de051-4f7e-4837-a42d-62107d821591.config
Lint and Format Check	UNKNOWN STEP	2026-05-18T13:37:06.3368761Z [command]/usr/bin/git config --local includeIf.gitdir:/github/workspace/.git/worktrees/*.path /github/runner_temp/git-credentials-f74de051-4f7e-4837-a42d-62107d821591.config
Lint and Format Check	UNKNOWN STEP	2026-05-18T13:37:06.3399429Z ##[endgroup]
Lint and Format Check	UNKNOWN STEP	2026-05-18T13:37:06.3400563Z ##[group]Fetching the repository
Lint and Format Check	UNKNOWN STEP	2026-05-18T13:37:06.3412054Z [command]/usr/bin/git -c protocol.version=2 fetch --no-tags --prune --no-recurse-submodules origin +refs/heads/*:refs/remotes/origin/* +refs/tags/*:refs/tags/*
Lint and Format Check	UNKNOWN STEP	2026-05-18T13:37:07.1334830Z From https://github.com/link-foundation/lino-i18n
Lint and Format Check	UNKNOWN STEP	2026-05-18T13:37:07.1337192Z  * [new branch]      issue-1-76ffa2dc55cc  -> origin/issue-1-76ffa2dc55cc
Lint and Format Check	UNKNOWN STEP	2026-05-18T13:37:07.1338672Z  * [new branch]      issue-10-6657adb31046 -> origin/issue-10-6657adb31046
Lint and Format Check	UNKNOWN STEP	2026-05-18T13:37:07.1339792Z  * [new branch]      issue-11-b5c8ef3bbd84 -> origin/issue-11-b5c8ef3bbd84
Lint and Format Check	UNKNOWN STEP	2026-05-18T13:37:07.1340911Z  * [new branch]      issue-12-3c4f596e0c67 -> origin/issue-12-3c4f596e0c67
Lint and Format Check	UNKNOWN STEP	2026-05-18T13:37:07.1342025Z  * [new branch]      issue-3-b3eb0917c317  -> origin/issue-3-b3eb0917c317
Lint and Format Check	UNKNOWN STEP	2026-05-18T13:37:07.1343194Z  * [new branch]      issue-5-169afc4a2006  -> origin/issue-5-169afc4a2006
Lint and Format Check	UNKNOWN STEP	2026-05-18T13:37:07.1344502Z  * [new branch]      issue-5-35d32a59c464  -> origin/issue-5-35d32a59c464
Lint and Format Check	UNKNOWN STEP	2026-05-18T13:37:07.1345989Z  * [new branch]      issue-8-ca918c4d7d4c  -> origin/issue-8-ca918c4d7d4c
Lint and Format Check	UNKNOWN STEP	2026-05-18T13:37:07.1347249Z  * [new branch]      main                  -> origin/main
Lint and Format Check	UNKNOWN STEP	2026-05-18T13:37:07.1348289Z  * [new tag]         js-v0.0.1             -> js-v0.0.1
Lint and Format Check	UNKNOWN STEP	2026-05-18T13:37:07.1349312Z  * [new tag]         rust-v0.0.1           -> rust-v0.0.1
Lint and Format Check	UNKNOWN STEP	2026-05-18T13:37:07.1374501Z [command]/usr/bin/git branch --list --remote origin/main
Lint and Format Check	UNKNOWN STEP	2026-05-18T13:37:07.1403327Z   origin/main
Lint and Format Check	UNKNOWN STEP	2026-05-18T13:37:07.1413159Z [command]/usr/bin/git rev-parse refs/remotes/origin/main
Lint and Format Check	UNKNOWN STEP	2026-05-18T13:37:07.1436260Z 8910b98b665a650690c0d9e9188bbf6bec1e9d2c
Lint and Format Check	UNKNOWN STEP	2026-05-18T13:37:07.1441252Z ##[endgroup]
Lint and Format Check	UNKNOWN STEP	2026-05-18T13:37:07.1442907Z ##[group]Determining the checkout info
Lint and Format Check	UNKNOWN STEP	2026-05-18T13:37:07.1444750Z ##[endgroup]
Lint and Format Check	UNKNOWN STEP	2026-05-18T13:37:07.1446308Z [command]/usr/bin/git sparse-checkout disable
Lint and Format Check	UNKNOWN STEP	2026-05-18T13:37:07.1490551Z [command]/usr/bin/git config --local --unset-all extensions.worktreeConfig
Lint and Format Check	UNKNOWN STEP	2026-05-18T13:37:07.1520431Z ##[group]Checking out the ref
Lint and Format Check	UNKNOWN STEP	2026-05-18T13:37:07.1523245Z [command]/usr/bin/git checkout --progress --force -B main refs/remotes/origin/main
Lint and Format Check	UNKNOWN STEP	2026-05-18T13:37:07.2088166Z Switched to a new branch 'main'
Lint and Format Check	UNKNOWN STEP	2026-05-18T13:37:07.2090036Z branch 'main' set up to track 'origin/main'.
Lint and Format Check	UNKNOWN STEP	2026-05-18T13:37:07.2100405Z ##[endgroup]
Lint and Format Check	UNKNOWN STEP	2026-05-18T13:37:07.2144102Z [command]/usr/bin/git log -1 --format=%H
Lint and Format Check	UNKNOWN STEP	2026-05-18T13:37:07.2168745Z 8910b98b665a650690c0d9e9188bbf6bec1e9d2c
Lint and Format Check	UNKNOWN STEP	2026-05-18T13:37:07.2524096Z ##[group]Run actions/setup-node@v6
Lint and Format Check	UNKNOWN STEP	2026-05-18T13:37:07.2525537Z with:
Lint and Format Check	UNKNOWN STEP	2026-05-18T13:37:07.2526507Z   node-version: 24.x
Lint and Format Check	UNKNOWN STEP	2026-05-18T13:37:07.2527606Z   cache: npm
Lint and Format Check	UNKNOWN STEP	2026-05-18T13:37:07.2528893Z   cache-dependency-path: js/package-lock.json
Lint and Format Check	UNKNOWN STEP	2026-05-18T13:37:07.2530523Z   check-latest: false
Lint and Format Check	UNKNOWN STEP	2026-05-18T13:37:07.2531677Z   token: ***
Lint and Format Check	UNKNOWN STEP	2026-05-18T13:37:07.2532497Z   package-manager-cache: true
Lint and Format Check	UNKNOWN STEP	2026-05-18T13:37:07.2533461Z env:
Lint and Format Check	UNKNOWN STEP	2026-05-18T13:37:07.2534186Z   NODE_VERSION: 24.x
Lint and Format Check	UNKNOWN STEP	2026-05-18T13:37:07.2535294Z   NPM_CONFIG_PROVENANCE: true
Lint and Format Check	UNKNOWN STEP	2026-05-18T13:37:07.2536278Z ##[endgroup]
Lint and Format Check	UNKNOWN STEP	2026-05-18T13:37:07.4142338Z Found in cache @ /opt/hostedtoolcache/node/24.15.0/x64
Lint and Format Check	UNKNOWN STEP	2026-05-18T13:37:07.4145664Z ##[group]Environment details
Lint and Format Check	UNKNOWN STEP	2026-05-18T13:37:07.7536769Z node: v24.15.0
Lint and Format Check	UNKNOWN STEP	2026-05-18T13:37:07.7538353Z npm: 11.12.1
Lint and Format Check	UNKNOWN STEP	2026-05-18T13:37:07.7539583Z yarn: 1.22.22
Lint and Format Check	UNKNOWN STEP	2026-05-18T13:37:07.7541882Z ##[endgroup]
Lint and Format Check	UNKNOWN STEP	2026-05-18T13:37:07.7558277Z [command]/opt/hostedtoolcache/node/24.15.0/x64/bin/npm config get cache
Lint and Format Check	UNKNOWN STEP	2026-05-18T13:37:07.9239622Z /home/runner/.npm
Lint and Format Check	UNKNOWN STEP	2026-05-18T13:37:08.0737013Z Cache hit for: node-cache-Linux-x64-npm-f5808b7053f8307b6f76624b32fb00f08c636293d1963c60dc6594d21979e698
Lint and Format Check	UNKNOWN STEP	2026-05-18T13:37:08.8287957Z Received 23884147 of 23884147 (100.0%), 38.0 MBs/sec
Lint and Format Check	UNKNOWN STEP	2026-05-18T13:37:08.8288609Z Cache Size: ~23 MB (23884147 B)
Lint and Format Check	UNKNOWN STEP	2026-05-18T13:37:08.8313253Z [command]/usr/bin/tar -xf /home/runner/work/_temp/896b7435-ff88-4bc5-b858-dee599234379/cache.tzst -P -C /home/runner/work/lino-i18n/lino-i18n --use-compress-program unzstd
Lint and Format Check	UNKNOWN STEP	2026-05-18T13:37:09.0666969Z Cache restored successfully
Lint and Format Check	UNKNOWN STEP	2026-05-18T13:37:09.0687191Z Cache restored from key: node-cache-Linux-x64-npm-f5808b7053f8307b6f76624b32fb00f08c636293d1963c60dc6594d21979e698
Lint and Format Check	UNKNOWN STEP	2026-05-18T13:37:09.0938506Z ##[group]Run npm ci || npm install
Lint and Format Check	UNKNOWN STEP	2026-05-18T13:37:09.0938886Z ^[[36;1mnpm ci || npm install^[[0m
Lint and Format Check	UNKNOWN STEP	2026-05-18T13:37:09.0987017Z shell: /usr/bin/bash -e {0}
Lint and Format Check	UNKNOWN STEP	2026-05-18T13:37:09.0987290Z env:
Lint and Format Check	UNKNOWN STEP	2026-05-18T13:37:09.0987490Z   NODE_VERSION: 24.x
Lint and Format Check	UNKNOWN STEP	2026-05-18T13:37:09.0987980Z   NPM_CONFIG_PROVENANCE: true
Lint and Format Check	UNKNOWN STEP	2026-05-18T13:37:09.0988233Z ##[endgroup]
Lint and Format Check	UNKNOWN STEP	2026-05-18T13:37:12.1251164Z
Lint and Format Check	UNKNOWN STEP	2026-05-18T13:37:12.1258316Z added 295 packages, and audited 296 packages in 3s
Lint and Format Check	UNKNOWN STEP	2026-05-18T13:37:12.1258914Z
Lint and Format Check	UNKNOWN STEP	2026-05-18T13:37:12.1259198Z 49 packages are looking for funding
Lint and Format Check	UNKNOWN STEP	2026-05-18T13:37:12.1259556Z   run `npm fund` for details
Lint and Format Check	UNKNOWN STEP	2026-05-18T13:37:12.1263806Z
Lint and Format Check	UNKNOWN STEP	2026-05-18T13:37:12.1264098Z found 0 vulnerabilities
Lint and Format Check	UNKNOWN STEP	2026-05-18T13:37:12.1795241Z ##[group]Run npm run lint
Lint and Format Check	UNKNOWN STEP	2026-05-18T13:37:12.1795553Z ^[[36;1mnpm run lint^[[0m
Lint and Format Check	UNKNOWN STEP	2026-05-18T13:37:12.1831818Z shell: /usr/bin/bash -e {0}
Lint and Format Check	UNKNOWN STEP	2026-05-18T13:37:12.1832090Z env:
Lint and Format Check	UNKNOWN STEP	2026-05-18T13:37:12.1832305Z   NODE_VERSION: 24.x
Lint and Format Check	UNKNOWN STEP	2026-05-18T13:37:12.1832542Z   NPM_CONFIG_PROVENANCE: true
Lint and Format Check	UNKNOWN STEP	2026-05-18T13:37:12.1832794Z ##[endgroup]
Lint and Format Check	UNKNOWN STEP	2026-05-18T13:37:12.2899584Z
Lint and Format Check	UNKNOWN STEP	2026-05-18T13:37:12.2900079Z > lino-i18n@0.1.0 lint
Lint and Format Check	UNKNOWN STEP	2026-05-18T13:37:12.2900439Z > eslint .
Lint and Format Check	UNKNOWN STEP	2026-05-18T13:37:12.2900578Z
Lint and Format Check	UNKNOWN STEP	2026-05-18T13:37:13.6837663Z
Lint and Format Check	UNKNOWN STEP	2026-05-18T13:37:13.6838587Z /home/runner/work/lino-i18n/lino-i18n/js/bin/lino-i18n.js
Lint and Format Check	UNKNOWN STEP	2026-05-18T13:37:13.6872126Z ##[warning]  178:1  warning  Async function 'commandConvert' has a complexity of 18. Maximum allowed is 15  complexity
Lint and Format Check	UNKNOWN STEP	2026-05-18T13:37:13.6881621Z ##[warning]  236:1  warning  Async function 'commandCheck' has a complexity of 17. Maximum allowed is 15    complexity
Lint and Format Check	UNKNOWN STEP	2026-05-18T13:37:13.6882604Z
Lint and Format Check	UNKNOWN STEP	2026-05-18T13:37:13.6882923Z /home/runner/work/lino-i18n/lino-i18n/js/src/format.js
Lint and Format Check	UNKNOWN STEP	2026-05-18T13:37:13.6883887Z ##[warning]  66:8  warning  Function 'resolveKey' has a complexity of 19. Maximum allowed is 15  complexity
Lint and Format Check	UNKNOWN STEP	2026-05-18T13:37:13.6884648Z
Lint and Format Check	UNKNOWN STEP	2026-05-18T13:37:13.6884889Z /home/runner/work/lino-i18n/lino-i18n/js/src/loaders.js
Lint and Format Check	UNKNOWN STEP	2026-05-18T13:37:13.6886083Z ##[warning]  475:8  warning  Async function 'loadLocaleFromString' has no 'await' expression  require-await
Lint and Format Check	UNKNOWN STEP	2026-05-18T13:37:13.6886893Z
Lint and Format Check	UNKNOWN STEP	2026-05-18T13:37:13.6887339Z ✖ 4 problems (0 errors, 4 warnings)
Lint and Format Check	UNKNOWN STEP	2026-05-18T13:37:13.6887530Z
Lint and Format Check	UNKNOWN STEP	2026-05-18T13:37:13.7492190Z ##[group]Run npm run format:check
Lint and Format Check	UNKNOWN STEP	2026-05-18T13:37:13.7492532Z ^[[36;1mnpm run format:check^[[0m
Lint and Format Check	UNKNOWN STEP	2026-05-18T13:37:13.7528113Z shell: /usr/bin/bash -e {0}
Lint and Format Check	UNKNOWN STEP	2026-05-18T13:37:13.7528366Z env:
Lint and Format Check	UNKNOWN STEP	2026-05-18T13:37:13.7528548Z   NODE_VERSION: 24.x
Lint and Format Check	UNKNOWN STEP	2026-05-18T13:37:13.7528777Z   NPM_CONFIG_PROVENANCE: true
Lint and Format Check	UNKNOWN STEP	2026-05-18T13:37:13.7529021Z ##[endgroup]
Lint and Format Check	UNKNOWN STEP	2026-05-18T13:37:13.8505270Z
Lint and Format Check	UNKNOWN STEP	2026-05-18T13:37:13.8506084Z > lino-i18n@0.1.0 format:check
Lint and Format Check	UNKNOWN STEP	2026-05-18T13:37:13.8506670Z > prettier --check .
Lint and Format Check	UNKNOWN STEP	2026-05-18T13:37:13.8506908Z
Lint and Format Check	UNKNOWN STEP	2026-05-18T13:37:13.9353643Z Checking formatting...
Lint and Format Check	UNKNOWN STEP	2026-05-18T13:37:14.6844137Z All matched files use Prettier code style!
Lint and Format Check	UNKNOWN STEP	2026-05-18T13:37:14.7112719Z ##[group]Run npm run check:duplication
Lint and Format Check	UNKNOWN STEP	2026-05-18T13:37:14.7113075Z ^[[36;1mnpm run check:duplication^[[0m
Lint and Format Check	UNKNOWN STEP	2026-05-18T13:37:14.7149114Z shell: /usr/bin/bash -e {0}
Lint and Format Check	UNKNOWN STEP	2026-05-18T13:37:14.7149366Z env:
Lint and Format Check	UNKNOWN STEP	2026-05-18T13:37:14.7149551Z   NODE_VERSION: 24.x
Lint and Format Check	UNKNOWN STEP	2026-05-18T13:37:14.7149777Z   NPM_CONFIG_PROVENANCE: true
Lint and Format Check	UNKNOWN STEP	2026-05-18T13:37:14.7150020Z ##[endgroup]
Lint and Format Check	UNKNOWN STEP	2026-05-18T13:37:14.8180386Z
Lint and Format Check	UNKNOWN STEP	2026-05-18T13:37:14.8181151Z > lino-i18n@0.1.0 check:duplication
Lint and Format Check	UNKNOWN STEP	2026-05-18T13:37:14.8181657Z > jscpd .
Lint and Format Check	UNKNOWN STEP	2026-05-18T13:37:14.8181828Z
Lint and Format Check	UNKNOWN STEP	2026-05-18T13:37:15.1784449Z time: 0.138ms
Lint and Format Check	UNKNOWN STEP	2026-05-18T13:37:15.1959121Z ##[group]Run npx --yes -p secretlint -p @secretlint/secretlint-rule-preset-recommend secretlint "bin/**" "src/**" "scripts/**" "tests/**" "README.md" "CHANGELOG.md" "package.json"
Lint and Format Check	UNKNOWN STEP	2026-05-18T13:37:15.1961197Z ^[[36;1mnpx --yes -p secretlint -p @secretlint/secretlint-rule-preset-recommend secretlint "bin/**" "src/**" "scripts/**" "tests/**" "README.md" "CHANGELOG.md" "package.json"^[[0m
Lint and Format Check	UNKNOWN STEP	2026-05-18T13:37:15.2013059Z shell: /usr/bin/bash -e {0}
Lint and Format Check	UNKNOWN STEP	2026-05-18T13:37:15.2013445Z env:
Lint and Format Check	UNKNOWN STEP	2026-05-18T13:37:15.2013729Z   NODE_VERSION: 24.x
Lint and Format Check	UNKNOWN STEP	2026-05-18T13:37:15.2014082Z   NPM_CONFIG_PROVENANCE: true
Lint and Format Check	UNKNOWN STEP	2026-05-18T13:37:15.2014461Z ##[endgroup]
Lint and Format Check	UNKNOWN STEP	2026-05-18T13:37:15.9558312Z Post job cleanup.
Lint and Format Check	UNKNOWN STEP	2026-05-18T13:37:16.0766123Z Cache hit occurred on the primary key node-cache-Linux-x64-npm-f5808b7053f8307b6f76624b32fb00f08c636293d1963c60dc6594d21979e698, not saving cache.
Lint and Format Check	UNKNOWN STEP	2026-05-18T13:37:16.0903785Z Post job cleanup.
Lint and Format Check	UNKNOWN STEP	2026-05-18T13:37:16.1753953Z [command]/usr/bin/git version
Lint and Format Check	UNKNOWN STEP	2026-05-18T13:37:16.1823052Z git version 2.54.0
Lint and Format Check	UNKNOWN STEP	2026-05-18T13:37:16.1862716Z Temporarily overriding HOME='/home/runner/work/_temp/e64bd142-bd1f-467b-9ee6-c2dd4778c746' before making global git config changes
Lint and Format Check	UNKNOWN STEP	2026-05-18T13:37:16.1864226Z Adding repository directory to the temporary git global config as a safe directory
Lint and Format Check	UNKNOWN STEP	2026-05-18T13:37:16.1869016Z [command]/usr/bin/git config --global --add safe.directory /home/runner/work/lino-i18n/lino-i18n
Lint and Format Check	UNKNOWN STEP	2026-05-18T13:37:16.1901341Z Removing SSH command configuration
Lint and Format Check	UNKNOWN STEP	2026-05-18T13:37:16.1908038Z [command]/usr/bin/git config --local --name-only --get-regexp core\.sshCommand
Lint and Format Check	UNKNOWN STEP	2026-05-18T13:37:16.1942420Z [command]/usr/bin/git submodule foreach --recursive sh -c "git config --local --name-only --get-regexp 'core\.sshCommand' && git config --local --unset-all 'core.sshCommand' || :"
Lint and Format Check	UNKNOWN STEP	2026-05-18T13:37:16.2182675Z Removing HTTP extra header
Lint and Format Check	UNKNOWN STEP	2026-05-18T13:37:16.2188373Z [command]/usr/bin/git config --local --name-only --get-regexp http\.https\:\/\/github\.com\/\.extraheader
Lint and Format Check	UNKNOWN STEP	2026-05-18T13:37:16.2223240Z [command]/usr/bin/git submodule foreach --recursive sh -c "git config --local --name-only --get-regexp 'http\.https\:\/\/github\.com\/\.extraheader' && git config --local --unset-all 'http.https://github.com/.extraheader' || :"
Lint and Format Check	UNKNOWN STEP	2026-05-18T13:37:16.2456299Z Removing includeIf entries pointing to credentials config files
Lint and Format Check	UNKNOWN STEP	2026-05-18T13:37:16.2463427Z [command]/usr/bin/git config --local --name-only --get-regexp ^includeIf\.gitdir:
Lint and Format Check	UNKNOWN STEP	2026-05-18T13:37:16.2491363Z includeif.gitdir:/home/runner/work/lino-i18n/lino-i18n/.git.path
Lint and Format Check	UNKNOWN STEP	2026-05-18T13:37:16.2492174Z includeif.gitdir:/home/runner/work/lino-i18n/lino-i18n/.git/worktrees/*.path
Lint and Format Check	UNKNOWN STEP	2026-05-18T13:37:16.2492825Z includeif.gitdir:/github/workspace/.git.path
Lint and Format Check	UNKNOWN STEP	2026-05-18T13:37:16.2493299Z includeif.gitdir:/github/workspace/.git/worktrees/*.path
Lint and Format Check	UNKNOWN STEP	2026-05-18T13:37:16.2501022Z [command]/usr/bin/git config --local --get-all includeif.gitdir:/home/runner/work/lino-i18n/lino-i18n/.git.path
Lint and Format Check	UNKNOWN STEP	2026-05-18T13:37:16.2524564Z /home/runner/work/_temp/git-credentials-f74de051-4f7e-4837-a42d-62107d821591.config
Lint and Format Check	UNKNOWN STEP	2026-05-18T13:37:16.2537361Z [command]/usr/bin/git config --local --unset includeif.gitdir:/home/runner/work/lino-i18n/lino-i18n/.git.path /home/runner/work/_temp/git-credentials-f74de051-4f7e-4837-a42d-62107d821591.config
Lint and Format Check	UNKNOWN STEP	2026-05-18T13:37:16.2582109Z [command]/usr/bin/git config --local --get-all includeif.gitdir:/home/runner/work/lino-i18n/lino-i18n/.git/worktrees/*.path
Lint and Format Check	UNKNOWN STEP	2026-05-18T13:37:16.2612597Z /home/runner/work/_temp/git-credentials-f74de051-4f7e-4837-a42d-62107d821591.config
Lint and Format Check	UNKNOWN STEP	2026-05-18T13:37:16.2622035Z [command]/usr/bin/git config --local --unset includeif.gitdir:/home/runner/work/lino-i18n/lino-i18n/.git/worktrees/*.path /home/runner/work/_temp/git-credentials-f74de051-4f7e-4837-a42d-62107d821591.config
Lint and Format Check	UNKNOWN STEP	2026-05-18T13:37:16.2657874Z [command]/usr/bin/git config --local --get-all includeif.gitdir:/github/workspace/.git.path
Lint and Format Check	UNKNOWN STEP	2026-05-18T13:37:16.2683212Z /github/runner_temp/git-credentials-f74de051-4f7e-4837-a42d-62107d821591.config
Lint and Format Check	UNKNOWN STEP	2026-05-18T13:37:16.2693502Z [command]/usr/bin/git config --local --unset includeif.gitdir:/github/workspace/.git.path /github/runner_temp/git-credentials-f74de051-4f7e-4837-a42d-62107d821591.config
Lint and Format Check	UNKNOWN STEP	2026-05-18T13:37:16.2730390Z [command]/usr/bin/git config --local --get-all includeif.gitdir:/github/workspace/.git/worktrees/*.path
Lint and Format Check	UNKNOWN STEP	2026-05-18T13:37:16.2754838Z /github/runner_temp/git-credentials-f74de051-4f7e-4837-a42d-62107d821591.config
Lint and Format Check	UNKNOWN STEP	2026-05-18T13:37:16.2766685Z [command]/usr/bin/git config --local --unset includeif.gitdir:/github/workspace/.git/worktrees/*.path /github/runner_temp/git-credentials-f74de051-4f7e-4837-a42d-62107d821591.config
Lint and Format Check	UNKNOWN STEP	2026-05-18T13:37:16.2805090Z [command]/usr/bin/git submodule foreach --recursive git config --local --show-origin --name-only --get-regexp remote.origin.url
Lint and Format Check	UNKNOWN STEP	2026-05-18T13:37:16.3063018Z Removing credentials config '/home/runner/work/_temp/git-credentials-f74de051-4f7e-4837-a42d-62107d821591.config'
Lint and Format Check	UNKNOWN STEP	2026-05-18T13:37:16.3256881Z Cleaning up orphan processes
Test Compilation	UNKNOWN STEP	﻿2026-05-18T13:37:04.3344532Z Current runner version: '2.334.0'
Test Compilation	UNKNOWN STEP	2026-05-18T13:37:04.3376331Z ##[group]Runner Image Provisioner
Test Compilation	UNKNOWN STEP	2026-05-18T13:37:04.3377648Z Hosted Compute Agent
Test Compilation	UNKNOWN STEP	2026-05-18T13:37:04.3378590Z Version: 20260213.493
Test Compilation	UNKNOWN STEP	2026-05-18T13:37:04.3379496Z Commit: 5c115507f6dd24b8de37d8bbe0bb4509d0cc0fa3
Test Compilation	UNKNOWN STEP	2026-05-18T13:37:04.3380575Z Build Date: 2026-02-13T00:28:41Z
Test Compilation	UNKNOWN STEP	2026-05-18T13:37:04.3381585Z Worker ID: {8dccbf5d-e18c-45aa-bfe2-9ca6c28447ea}
Test Compilation	UNKNOWN STEP	2026-05-18T13:37:04.3383210Z Azure Region: eastus
Test Compilation	UNKNOWN STEP	2026-05-18T13:37:04.3384133Z ##[endgroup]
Test Compilation	UNKNOWN STEP	2026-05-18T13:37:04.3386365Z ##[group]Operating System
Test Compilation	UNKNOWN STEP	2026-05-18T13:37:04.3387305Z Ubuntu
Test Compilation	UNKNOWN STEP	2026-05-18T13:37:04.3387974Z 24.04.4
Test Compilation	UNKNOWN STEP	2026-05-18T13:37:04.3388845Z LTS
Test Compilation	UNKNOWN STEP	2026-05-18T13:37:04.3389631Z ##[endgroup]
Test Compilation	UNKNOWN STEP	2026-05-18T13:37:04.3390413Z ##[group]Runner Image
Test Compilation	UNKNOWN STEP	2026-05-18T13:37:04.3391837Z Image: ubuntu-24.04
Test Compilation	UNKNOWN STEP	2026-05-18T13:37:04.3392856Z Version: 20260513.135.3
Test Compilation	UNKNOWN STEP	2026-05-18T13:37:04.3394706Z Included Software: https://github.com/actions/runner-images/blob/ubuntu24/20260513.135/images/ubuntu/Ubuntu2404-Readme.md
Test Compilation	UNKNOWN STEP	2026-05-18T13:37:04.3397329Z Image Release: https://github.com/actions/runner-images/releases/tag/ubuntu24%2F20260513.135
Test Compilation	UNKNOWN STEP	2026-05-18T13:37:04.3398934Z ##[endgroup]
Test Compilation	UNKNOWN STEP	2026-05-18T13:37:04.3400942Z ##[group]GITHUB_TOKEN Permissions
Test Compilation	UNKNOWN STEP	2026-05-18T13:37:04.3403933Z Contents: write
Test Compilation	UNKNOWN STEP	2026-05-18T13:37:04.3404850Z Metadata: read
Test Compilation	UNKNOWN STEP	2026-05-18T13:37:04.3405671Z Pages: write
Test Compilation	UNKNOWN STEP	2026-05-18T13:37:04.3406513Z PullRequests: write
Test Compilation	UNKNOWN STEP	2026-05-18T13:37:04.3407334Z ##[endgroup]
Test Compilation	UNKNOWN STEP	2026-05-18T13:37:04.3410115Z Secret source: Actions
Test Compilation	UNKNOWN STEP	2026-05-18T13:37:04.3411373Z Prepare workflow directory
Test Compilation	UNKNOWN STEP	2026-05-18T13:37:04.3942846Z Prepare all required actions
Test Compilation	UNKNOWN STEP	2026-05-18T13:37:04.3979293Z Getting action download info
Test Compilation	UNKNOWN STEP	2026-05-18T13:37:04.8104728Z Download action repository 'actions/checkout@v6' (SHA:de0fac2e4500dabe0009e67214ff5f5447ce83dd)
Test Compilation	UNKNOWN STEP	2026-05-18T13:37:04.9448265Z Download action repository 'actions/setup-node@v6' (SHA:48b55a011bda9f5d6aeb4c2d9c7362e8dae4041e)
Test Compilation	UNKNOWN STEP	2026-05-18T13:37:05.1265618Z Complete job name: Test Compilation
Test Compilation	UNKNOWN STEP	2026-05-18T13:37:05.1978947Z ##[group]Run actions/checkout@v6
Test Compilation	UNKNOWN STEP	2026-05-18T13:37:05.1979942Z with:
Test Compilation	UNKNOWN STEP	2026-05-18T13:37:05.1980391Z   repository: link-foundation/lino-i18n
Test Compilation	UNKNOWN STEP	2026-05-18T13:37:05.1981102Z   token: ***
Test Compilation	UNKNOWN STEP	2026-05-18T13:37:05.1981513Z   ssh-strict: true
Test Compilation	UNKNOWN STEP	2026-05-18T13:37:05.1982145Z   ssh-user: git
Test Compilation	UNKNOWN STEP	2026-05-18T13:37:05.1982588Z   persist-credentials: true
Test Compilation	UNKNOWN STEP	2026-05-18T13:37:05.1983070Z   clean: true
Test Compilation	UNKNOWN STEP	2026-05-18T13:37:05.1983505Z   sparse-checkout-cone-mode: true
Test Compilation	UNKNOWN STEP	2026-05-18T13:37:05.1984026Z   fetch-depth: 1
Test Compilation	UNKNOWN STEP	2026-05-18T13:37:05.1984438Z   fetch-tags: false
Test Compilation	UNKNOWN STEP	2026-05-18T13:37:05.1984872Z   show-progress: true
Test Compilation	UNKNOWN STEP	2026-05-18T13:37:05.1985303Z   lfs: false
Test Compilation	UNKNOWN STEP	2026-05-18T13:37:05.1985695Z   submodules: false
Test Compilation	UNKNOWN STEP	2026-05-18T13:37:05.1986114Z   set-safe-directory: true
Test Compilation	UNKNOWN STEP	2026-05-18T13:37:05.1986846Z env:
Test Compilation	UNKNOWN STEP	2026-05-18T13:37:05.1987233Z   NODE_VERSION: 24.x
Test Compilation	UNKNOWN STEP	2026-05-18T13:37:05.1987691Z   NPM_CONFIG_PROVENANCE: true
Test Compilation	UNKNOWN STEP	2026-05-18T13:37:05.1988162Z ##[endgroup]
Test Compilation	UNKNOWN STEP	2026-05-18T13:37:05.2957832Z Syncing repository: link-foundation/lino-i18n
Test Compilation	UNKNOWN STEP	2026-05-18T13:37:05.2959822Z ##[group]Getting Git version info
Test Compilation	UNKNOWN STEP	2026-05-18T13:37:05.2960594Z Working directory is '/home/runner/work/lino-i18n/lino-i18n'
Test Compilation	UNKNOWN STEP	2026-05-18T13:37:05.2962747Z [command]/usr/bin/git version
Test Compilation	UNKNOWN STEP	2026-05-18T13:37:05.3026849Z git version 2.54.0
Test Compilation	UNKNOWN STEP	2026-05-18T13:37:05.3050692Z ##[endgroup]
Test Compilation	UNKNOWN STEP	2026-05-18T13:37:05.3063914Z Temporarily overriding HOME='/home/runner/work/_temp/881e606f-0910-418d-b44a-f29b7ef76d9e' before making global git config changes
Test Compilation	UNKNOWN STEP	2026-05-18T13:37:05.3068986Z Adding repository directory to the temporary git global config as a safe directory
Test Compilation	UNKNOWN STEP	2026-05-18T13:37:05.3071296Z [command]/usr/bin/git config --global --add safe.directory /home/runner/work/lino-i18n/lino-i18n
Test Compilation	UNKNOWN STEP	2026-05-18T13:37:05.3121580Z Deleting the contents of '/home/runner/work/lino-i18n/lino-i18n'
Test Compilation	UNKNOWN STEP	2026-05-18T13:37:05.3126121Z ##[group]Initializing the repository
Test Compilation	UNKNOWN STEP	2026-05-18T13:37:05.3131311Z [command]/usr/bin/git init /home/runner/work/lino-i18n/lino-i18n
Test Compilation	UNKNOWN STEP	2026-05-18T13:37:05.3234093Z hint: Using 'master' as the name for the initial branch. This default branch name
Test Compilation	UNKNOWN STEP	2026-05-18T13:37:05.3236003Z hint: will change to "main" in Git 3.0. To configure the initial branch name
Test Compilation	UNKNOWN STEP	2026-05-18T13:37:05.3236952Z hint: to use in all of your new repositories, which will suppress this warning,
Test Compilation	UNKNOWN STEP	2026-05-18T13:37:05.3238188Z hint: call:
Test Compilation	UNKNOWN STEP	2026-05-18T13:37:05.3238952Z hint:
Test Compilation	UNKNOWN STEP	2026-05-18T13:37:05.3239878Z hint: 	git config --global init.defaultBranch <name>
Test Compilation	UNKNOWN STEP	2026-05-18T13:37:05.3240993Z hint:
Test Compilation	UNKNOWN STEP	2026-05-18T13:37:05.3242203Z hint: Names commonly chosen instead of 'master' are 'main', 'trunk' and
Test Compilation	UNKNOWN STEP	2026-05-18T13:37:05.3243194Z hint: 'development'. The just-created branch can be renamed via this command:
Test Compilation	UNKNOWN STEP	2026-05-18T13:37:05.3243918Z hint:
Test Compilation	UNKNOWN STEP	2026-05-18T13:37:05.3244328Z hint: 	git branch -m <name>
Test Compilation	UNKNOWN STEP	2026-05-18T13:37:05.3244788Z hint:
Test Compilation	UNKNOWN STEP	2026-05-18T13:37:05.3245413Z hint: Disable this message with "git config set advice.defaultBranchName false"
Test Compilation	UNKNOWN STEP	2026-05-18T13:37:05.3246446Z Initialized empty Git repository in /home/runner/work/lino-i18n/lino-i18n/.git/
Test Compilation	UNKNOWN STEP	2026-05-18T13:37:05.3252295Z [command]/usr/bin/git remote add origin https://github.com/link-foundation/lino-i18n
Test Compilation	UNKNOWN STEP	2026-05-18T13:37:05.3294627Z ##[endgroup]
Test Compilation	UNKNOWN STEP	2026-05-18T13:37:05.3295400Z ##[group]Disabling automatic garbage collection
Test Compilation	UNKNOWN STEP	2026-05-18T13:37:05.3298032Z [command]/usr/bin/git config --local gc.auto 0
Test Compilation	UNKNOWN STEP	2026-05-18T13:37:05.3330679Z ##[endgroup]
Test Compilation	UNKNOWN STEP	2026-05-18T13:37:05.3331394Z ##[group]Setting up auth
Test Compilation	UNKNOWN STEP	2026-05-18T13:37:05.3332349Z Removing SSH command configuration
Test Compilation	UNKNOWN STEP	2026-05-18T13:37:05.3339269Z [command]/usr/bin/git config --local --name-only --get-regexp core\.sshCommand
Test Compilation	UNKNOWN STEP	2026-05-18T13:37:05.3378524Z [command]/usr/bin/git submodule foreach --recursive sh -c "git config --local --name-only --get-regexp 'core\.sshCommand' && git config --local --unset-all 'core.sshCommand' || :"
Test Compilation	UNKNOWN STEP	2026-05-18T13:37:05.3796064Z Removing HTTP extra header
Test Compilation	UNKNOWN STEP	2026-05-18T13:37:05.3804083Z [command]/usr/bin/git config --local --name-only --get-regexp http\.https\:\/\/github\.com\/\.extraheader
Test Compilation	UNKNOWN STEP	2026-05-18T13:37:05.3840154Z [command]/usr/bin/git submodule foreach --recursive sh -c "git config --local --name-only --get-regexp 'http\.https\:\/\/github\.com\/\.extraheader' && git config --local --unset-all 'http.https://github.com/.extraheader' || :"
Test Compilation	UNKNOWN STEP	2026-05-18T13:37:05.4074431Z Removing includeIf entries pointing to credentials config files
Test Compilation	UNKNOWN STEP	2026-05-18T13:37:05.4079021Z [command]/usr/bin/git config --local --name-only --get-regexp ^includeIf\.gitdir:
Test Compilation	UNKNOWN STEP	2026-05-18T13:37:05.4109593Z [command]/usr/bin/git submodule foreach --recursive git config --local --show-origin --name-only --get-regexp remote.origin.url
Test Compilation	UNKNOWN STEP	2026-05-18T13:37:05.4342018Z [command]/usr/bin/git config --file /home/runner/work/_temp/git-credentials-3d92fbf7-a9db-41be-825b-18fe983f9fc0.config http.https://github.com/.extraheader AUTHORIZATION: basic ***
Test Compilation	UNKNOWN STEP	2026-05-18T13:37:05.4376417Z [command]/usr/bin/git config --local includeIf.gitdir:/home/runner/work/lino-i18n/lino-i18n/.git.path /home/runner/work/_temp/git-credentials-3d92fbf7-a9db-41be-825b-18fe983f9fc0.config
Test Compilation	UNKNOWN STEP	2026-05-18T13:37:05.4404852Z [command]/usr/bin/git config --local includeIf.gitdir:/home/runner/work/lino-i18n/lino-i18n/.git/worktrees/*.path /home/runner/work/_temp/git-credentials-3d92fbf7-a9db-41be-825b-18fe983f9fc0.config
Test Compilation	UNKNOWN STEP	2026-05-18T13:37:05.4437243Z [command]/usr/bin/git config --local includeIf.gitdir:/github/workspace/.git.path /github/runner_temp/git-credentials-3d92fbf7-a9db-41be-825b-18fe983f9fc0.config
Test Compilation	UNKNOWN STEP	2026-05-18T13:37:05.4504114Z [command]/usr/bin/git config --local includeIf.gitdir:/github/workspace/.git/worktrees/*.path /github/runner_temp/git-credentials-3d92fbf7-a9db-41be-825b-18fe983f9fc0.config
Test Compilation	UNKNOWN STEP	2026-05-18T13:37:05.4528604Z ##[endgroup]
Test Compilation	UNKNOWN STEP	2026-05-18T13:37:05.4529451Z ##[group]Fetching the repository
Test Compilation	UNKNOWN STEP	2026-05-18T13:37:05.4536742Z [command]/usr/bin/git -c protocol.version=2 fetch --no-tags --prune --no-recurse-submodules --depth=1 origin +8910b98b665a650690c0d9e9188bbf6bec1e9d2c:refs/remotes/origin/main
Test Compilation	UNKNOWN STEP	2026-05-18T13:37:05.9146101Z From https://github.com/link-foundation/lino-i18n
Test Compilation	UNKNOWN STEP	2026-05-18T13:37:05.9148103Z  * [new ref]         8910b98b665a650690c0d9e9188bbf6bec1e9d2c -> origin/main
Test Compilation	UNKNOWN STEP	2026-05-18T13:37:05.9186426Z [command]/usr/bin/git branch --list --remote origin/main
Test Compilation	UNKNOWN STEP	2026-05-18T13:37:05.9211370Z   origin/main
Test Compilation	UNKNOWN STEP	2026-05-18T13:37:05.9219547Z [command]/usr/bin/git rev-parse refs/remotes/origin/main
Test Compilation	UNKNOWN STEP	2026-05-18T13:37:05.9241413Z 8910b98b665a650690c0d9e9188bbf6bec1e9d2c
Test Compilation	UNKNOWN STEP	2026-05-18T13:37:05.9246074Z ##[endgroup]
Test Compilation	UNKNOWN STEP	2026-05-18T13:37:05.9247337Z ##[group]Determining the checkout info
Test Compilation	UNKNOWN STEP	2026-05-18T13:37:05.9248577Z ##[endgroup]
Test Compilation	UNKNOWN STEP	2026-05-18T13:37:05.9251171Z [command]/usr/bin/git sparse-checkout disable
Test Compilation	UNKNOWN STEP	2026-05-18T13:37:05.9300230Z [command]/usr/bin/git config --local --unset-all extensions.worktreeConfig
Test Compilation	UNKNOWN STEP	2026-05-18T13:37:05.9326066Z ##[group]Checking out the ref
Test Compilation	UNKNOWN STEP	2026-05-18T13:37:05.9329586Z [command]/usr/bin/git checkout --progress --force -B main refs/remotes/origin/main
Test Compilation	UNKNOWN STEP	2026-05-18T13:37:05.9853612Z Switched to a new branch 'main'
Test Compilation	UNKNOWN STEP	2026-05-18T13:37:05.9855786Z branch 'main' set up to track 'origin/main'.
Test Compilation	UNKNOWN STEP	2026-05-18T13:37:05.9865445Z ##[endgroup]
Test Compilation	UNKNOWN STEP	2026-05-18T13:37:05.9906752Z [command]/usr/bin/git log -1 --format=%H
Test Compilation	UNKNOWN STEP	2026-05-18T13:37:05.9929360Z 8910b98b665a650690c0d9e9188bbf6bec1e9d2c
Test Compilation	UNKNOWN STEP	2026-05-18T13:37:06.0265643Z ##[group]Run actions/setup-node@v6
Test Compilation	UNKNOWN STEP	2026-05-18T13:37:06.0266853Z with:
Test Compilation	UNKNOWN STEP	2026-05-18T13:37:06.0267677Z   node-version: 24.x
Test Compilation	UNKNOWN STEP	2026-05-18T13:37:06.0268616Z   check-latest: false
Test Compilation	UNKNOWN STEP	2026-05-18T13:37:06.0269838Z   token: ***
Test Compilation	UNKNOWN STEP	2026-05-18T13:37:06.0270733Z   package-manager-cache: true
Test Compilation	UNKNOWN STEP	2026-05-18T13:37:06.0272030Z env:
Test Compilation	UNKNOWN STEP	2026-05-18T13:37:06.0272820Z   NODE_VERSION: 24.x
Test Compilation	UNKNOWN STEP	2026-05-18T13:37:06.0273775Z   NPM_CONFIG_PROVENANCE: true
Test Compilation	UNKNOWN STEP	2026-05-18T13:37:06.0274830Z ##[endgroup]
Test Compilation	UNKNOWN STEP	2026-05-18T13:37:06.1793968Z Found in cache @ /opt/hostedtoolcache/node/24.15.0/x64
Test Compilation	UNKNOWN STEP	2026-05-18T13:37:06.1797067Z ##[group]Environment details
Test Compilation	UNKNOWN STEP	2026-05-18T13:37:06.5776102Z node: v24.15.0
Test Compilation	UNKNOWN STEP	2026-05-18T13:37:06.5777493Z npm: 11.12.1
Test Compilation	UNKNOWN STEP	2026-05-18T13:37:06.5778762Z yarn: 1.22.22
Test Compilation	UNKNOWN STEP	2026-05-18T13:37:06.5780966Z ##[endgroup]
Test Compilation	UNKNOWN STEP	2026-05-18T13:37:06.5956794Z ##[group]Run bash scripts/check-mjs-syntax.sh
Test Compilation	UNKNOWN STEP	2026-05-18T13:37:06.5958174Z ^[[36;1mbash scripts/check-mjs-syntax.sh^[[0m
Test Compilation	UNKNOWN STEP	2026-05-18T13:37:06.6008060Z shell: /usr/bin/bash -e {0}
Test Compilation	UNKNOWN STEP	2026-05-18T13:37:06.6009010Z env:
Test Compilation	UNKNOWN STEP	2026-05-18T13:37:06.6009729Z   NODE_VERSION: 24.x
Test Compilation	UNKNOWN STEP	2026-05-18T13:37:06.6010605Z   NPM_CONFIG_PROVENANCE: true
Test Compilation	UNKNOWN STEP	2026-05-18T13:37:06.6011567Z ##[endgroup]
Test Compilation	UNKNOWN STEP	2026-05-18T13:37:06.6124116Z Checking syntax for all .mjs files...
Test Compilation	UNKNOWN STEP	2026-05-18T13:37:06.6125597Z Checking scripts/build-docs-site.mjs...
Test Compilation	UNKNOWN STEP	2026-05-18T13:37:06.6363865Z Checking scripts/changeset-version.mjs...
Test Compilation	UNKNOWN STEP	2026-05-18T13:37:06.6592093Z Checking scripts/check-changesets.mjs...
Test Compilation	UNKNOWN STEP	2026-05-18T13:37:06.6835869Z Checking scripts/check-docker-publish.mjs...
Test Compilation	UNKNOWN STEP	2026-05-18T13:37:06.7056011Z Checking scripts/check-release-needed.mjs...
Test Compilation	UNKNOWN STEP	2026-05-18T13:37:06.7282529Z Checking scripts/check-version.mjs...
Test Compilation	UNKNOWN STEP	2026-05-18T13:37:06.7497569Z Checking scripts/check-web-archive.mjs...
Test Compilation	UNKNOWN STEP	2026-05-18T13:37:06.7767559Z Checking scripts/create-github-release.mjs...
Test Compilation	UNKNOWN STEP	2026-05-18T13:37:06.8001211Z Checking scripts/create-manual-changeset.mjs...
Test Compilation	UNKNOWN STEP	2026-05-18T13:37:06.8230299Z Checking scripts/detect-code-changes.mjs...
Test Compilation	UNKNOWN STEP	2026-05-18T13:37:06.8459578Z Checking scripts/format-github-release.mjs...
Test Compilation	UNKNOWN STEP	2026-05-18T13:37:06.8696343Z Checking scripts/format-release-notes-helpers.mjs...
Test Compilation	UNKNOWN STEP	2026-05-18T13:37:06.8926666Z Checking scripts/format-release-notes.mjs...
Test Compilation	UNKNOWN STEP	2026-05-18T13:37:06.9148543Z Checking scripts/instant-version-bump.mjs...
Test Compilation	UNKNOWN STEP	2026-05-18T13:37:06.9397026Z Checking scripts/js-paths.mjs...
Test Compilation	UNKNOWN STEP	2026-05-18T13:37:06.9615175Z Checking scripts/merge-changesets.mjs...
Test Compilation	UNKNOWN STEP	2026-05-18T13:37:06.9825998Z Checking scripts/package-info.mjs...
Test Compilation	UNKNOWN STEP	2026-05-18T13:37:07.0046823Z Checking scripts/publish-to-npm.mjs...
Test Compilation	UNKNOWN STEP	2026-05-18T13:37:07.0284441Z Checking scripts/setup-npm.mjs...
Test Compilation	UNKNOWN STEP	2026-05-18T13:37:07.0517343Z Checking scripts/update-preview-images.mjs...
Test Compilation	UNKNOWN STEP	2026-05-18T13:37:07.0740550Z Checking scripts/validate-changeset.mjs...
Test Compilation	UNKNOWN STEP	2026-05-18T13:37:07.0980007Z Checking scripts/version-and-commit.mjs...
Test Compilation	UNKNOWN STEP	2026-05-18T13:37:07.1228267Z Checking scripts/wait-for-npm.mjs...
Test Compilation	UNKNOWN STEP	2026-05-18T13:37:07.1455272Z
Test Compilation	UNKNOWN STEP	2026-05-18T13:37:07.1456737Z Syntax check passed for 23 file(s).
Test Compilation	UNKNOWN STEP	2026-05-18T13:37:07.1680269Z Post job cleanup.
Test Compilation	UNKNOWN STEP	2026-05-18T13:37:07.3086908Z Post job cleanup.
Test Compilation	UNKNOWN STEP	2026-05-18T13:37:07.3894708Z [command]/usr/bin/git version
Test Compilation	UNKNOWN STEP	2026-05-18T13:37:07.3929568Z git version 2.54.0
Test Compilation	UNKNOWN STEP	2026-05-18T13:37:07.4000903Z Temporarily overriding HOME='/home/runner/work/_temp/74dbc8d1-e410-4e2b-bc10-3e681d6f8183' before making global git config changes
Test Compilation	UNKNOWN STEP	2026-05-18T13:37:07.4004801Z Adding repository directory to the temporary git global config as a safe directory
Test Compilation	UNKNOWN STEP	2026-05-18T13:37:07.4008668Z [command]/usr/bin/git config --global --add safe.directory /home/runner/work/lino-i18n/lino-i18n
Test Compilation	UNKNOWN STEP	2026-05-18T13:37:07.4036922Z Removing SSH command configuration
Test Compilation	UNKNOWN STEP	2026-05-18T13:37:07.4043034Z [command]/usr/bin/git config --local --name-only --get-regexp core\.sshCommand
Test Compilation	UNKNOWN STEP	2026-05-18T13:37:07.4079806Z [command]/usr/bin/git submodule foreach --recursive sh -c "git config --local --name-only --get-regexp 'core\.sshCommand' && git config --local --unset-all 'core.sshCommand' || :"
Test Compilation	UNKNOWN STEP	2026-05-18T13:37:07.4298425Z Removing HTTP extra header
Test Compilation	UNKNOWN STEP	2026-05-18T13:37:07.4304240Z [command]/usr/bin/git config --local --name-only --get-regexp http\.https\:\/\/github\.com\/\.extraheader
Test Compilation	UNKNOWN STEP	2026-05-18T13:37:07.4337750Z [command]/usr/bin/git submodule foreach --recursive sh -c "git config --local --name-only --get-regexp 'http\.https\:\/\/github\.com\/\.extraheader' && git config --local --unset-all 'http.https://github.com/.extraheader' || :"
Test Compilation	UNKNOWN STEP	2026-05-18T13:37:07.4556436Z Removing includeIf entries pointing to credentials config files
Test Compilation	UNKNOWN STEP	2026-05-18T13:37:07.4561800Z [command]/usr/bin/git config --local --name-only --get-regexp ^includeIf\.gitdir:
Test Compilation	UNKNOWN STEP	2026-05-18T13:37:07.4587028Z includeif.gitdir:/home/runner/work/lino-i18n/lino-i18n/.git.path
Test Compilation	UNKNOWN STEP	2026-05-18T13:37:07.4589361Z includeif.gitdir:/home/runner/work/lino-i18n/lino-i18n/.git/worktrees/*.path
Test Compilation	UNKNOWN STEP	2026-05-18T13:37:07.4591388Z includeif.gitdir:/github/workspace/.git.path
Test Compilation	UNKNOWN STEP	2026-05-18T13:37:07.4593170Z includeif.gitdir:/github/workspace/.git/worktrees/*.path
Test Compilation	UNKNOWN STEP	2026-05-18T13:37:07.4597501Z [command]/usr/bin/git config --local --get-all includeif.gitdir:/home/runner/work/lino-i18n/lino-i18n/.git.path
Test Compilation	UNKNOWN STEP	2026-05-18T13:37:07.4617840Z /home/runner/work/_temp/git-credentials-3d92fbf7-a9db-41be-825b-18fe983f9fc0.config
Test Compilation	UNKNOWN STEP	2026-05-18T13:37:07.4629990Z [command]/usr/bin/git config --local --unset includeif.gitdir:/home/runner/work/lino-i18n/lino-i18n/.git.path /home/runner/work/_temp/git-credentials-3d92fbf7-a9db-41be-825b-18fe983f9fc0.config
Test Compilation	UNKNOWN STEP	2026-05-18T13:37:07.4662332Z [command]/usr/bin/git config --local --get-all includeif.gitdir:/home/runner/work/lino-i18n/lino-i18n/.git/worktrees/*.path
Test Compilation	UNKNOWN STEP	2026-05-18T13:37:07.4683065Z /home/runner/work/_temp/git-credentials-3d92fbf7-a9db-41be-825b-18fe983f9fc0.config
Test Compilation	UNKNOWN STEP	2026-05-18T13:37:07.4693297Z [command]/usr/bin/git config --local --unset includeif.gitdir:/home/runner/work/lino-i18n/lino-i18n/.git/worktrees/*.path /home/runner/work/_temp/git-credentials-3d92fbf7-a9db-41be-825b-18fe983f9fc0.config
Test Compilation	UNKNOWN STEP	2026-05-18T13:37:07.4722155Z [command]/usr/bin/git config --local --get-all includeif.gitdir:/github/workspace/.git.path
Test Compilation	UNKNOWN STEP	2026-05-18T13:37:07.4743104Z /github/runner_temp/git-credentials-3d92fbf7-a9db-41be-825b-18fe983f9fc0.config
Test Compilation	UNKNOWN STEP	2026-05-18T13:37:07.4751944Z [command]/usr/bin/git config --local --unset includeif.gitdir:/github/workspace/.git.path /github/runner_temp/git-credentials-3d92fbf7-a9db-41be-825b-18fe983f9fc0.config
Test Compilation	UNKNOWN STEP	2026-05-18T13:37:07.4781316Z [command]/usr/bin/git config --local --get-all includeif.gitdir:/github/workspace/.git/worktrees/*.path
Test Compilation	UNKNOWN STEP	2026-05-18T13:37:07.4800899Z /github/runner_temp/git-credentials-3d92fbf7-a9db-41be-825b-18fe983f9fc0.config
Test Compilation	UNKNOWN STEP	2026-05-18T13:37:07.4810653Z [command]/usr/bin/git config --local --unset includeif.gitdir:/github/workspace/.git/worktrees/*.path /github/runner_temp/git-credentials-3d92fbf7-a9db-41be-825b-18fe983f9fc0.config
Test Compilation	UNKNOWN STEP	2026-05-18T13:37:07.4841510Z [command]/usr/bin/git submodule foreach --recursive git config --local --show-origin --name-only --get-regexp remote.origin.url
Test Compilation	UNKNOWN STEP	2026-05-18T13:37:07.5051246Z Removing credentials config '/home/runner/work/_temp/git-credentials-3d92fbf7-a9db-41be-825b-18fe983f9fc0.config'
Test Compilation	UNKNOWN STEP	2026-05-18T13:37:07.5197499Z Cleaning up orphan processes
CLI Smoke Test	UNKNOWN STEP	﻿2026-05-18T13:37:22.1506624Z Current runner version: '2.334.0'
CLI Smoke Test	UNKNOWN STEP	2026-05-18T13:37:22.1542057Z ##[group]Runner Image Provisioner
CLI Smoke Test	UNKNOWN STEP	2026-05-18T13:37:22.1543503Z Hosted Compute Agent
CLI Smoke Test	UNKNOWN STEP	2026-05-18T13:37:22.1544349Z Version: 20260213.493
CLI Smoke Test	UNKNOWN STEP	2026-05-18T13:37:22.1545455Z Commit: 5c115507f6dd24b8de37d8bbe0bb4509d0cc0fa3
CLI Smoke Test	UNKNOWN STEP	2026-05-18T13:37:22.1546524Z Build Date: 2026-02-13T00:28:41Z
CLI Smoke Test	UNKNOWN STEP	2026-05-18T13:37:22.1547553Z Worker ID: {42aba0b4-1b1d-42b7-8371-97bc2771930d}
CLI Smoke Test	UNKNOWN STEP	2026-05-18T13:37:22.1549110Z Azure Region: eastus
CLI Smoke Test	UNKNOWN STEP	2026-05-18T13:37:22.1549964Z ##[endgroup]
CLI Smoke Test	UNKNOWN STEP	2026-05-18T13:37:22.1552307Z ##[group]Operating System
CLI Smoke Test	UNKNOWN STEP	2026-05-18T13:37:22.1553816Z Ubuntu
CLI Smoke Test	UNKNOWN STEP	2026-05-18T13:37:22.1554601Z 24.04.4
CLI Smoke Test	UNKNOWN STEP	2026-05-18T13:37:22.1555363Z LTS
CLI Smoke Test	UNKNOWN STEP	2026-05-18T13:37:22.1556274Z ##[endgroup]
CLI Smoke Test	UNKNOWN STEP	2026-05-18T13:37:22.1557010Z ##[group]Runner Image
CLI Smoke Test	UNKNOWN STEP	2026-05-18T13:37:22.1558213Z Image: ubuntu-24.04
CLI Smoke Test	UNKNOWN STEP	2026-05-18T13:37:22.1559180Z Version: 20260513.135.3
CLI Smoke Test	UNKNOWN STEP	2026-05-18T13:37:22.1561134Z Included Software: https://github.com/actions/runner-images/blob/ubuntu24/20260513.135/images/ubuntu/Ubuntu2404-Readme.md
CLI Smoke Test	UNKNOWN STEP	2026-05-18T13:37:22.1563766Z Image Release: https://github.com/actions/runner-images/releases/tag/ubuntu24%2F20260513.135
CLI Smoke Test	UNKNOWN STEP	2026-05-18T13:37:22.1565325Z ##[endgroup]
CLI Smoke Test	UNKNOWN STEP	2026-05-18T13:37:22.1567343Z ##[group]GITHUB_TOKEN Permissions
CLI Smoke Test	UNKNOWN STEP	2026-05-18T13:37:22.1570572Z Contents: write
CLI Smoke Test	UNKNOWN STEP	2026-05-18T13:37:22.1571550Z Metadata: read
CLI Smoke Test	UNKNOWN STEP	2026-05-18T13:37:22.1572495Z Pages: write
CLI Smoke Test	UNKNOWN STEP	2026-05-18T13:37:22.1573286Z PullRequests: write
CLI Smoke Test	UNKNOWN STEP	2026-05-18T13:37:22.1574093Z ##[endgroup]
CLI Smoke Test	UNKNOWN STEP	2026-05-18T13:37:22.1577071Z Secret source: Actions
CLI Smoke Test	UNKNOWN STEP	2026-05-18T13:37:22.1578904Z Prepare workflow directory
CLI Smoke Test	UNKNOWN STEP	2026-05-18T13:37:22.2184671Z Prepare all required actions
CLI Smoke Test	UNKNOWN STEP	2026-05-18T13:37:22.2241969Z Getting action download info
CLI Smoke Test	UNKNOWN STEP	2026-05-18T13:37:22.6111500Z Download action repository 'actions/checkout@v6' (SHA:de0fac2e4500dabe0009e67214ff5f5447ce83dd)
CLI Smoke Test	UNKNOWN STEP	2026-05-18T13:37:22.7526775Z Download action repository 'actions/setup-node@v6' (SHA:48b55a011bda9f5d6aeb4c2d9c7362e8dae4041e)
CLI Smoke Test	UNKNOWN STEP	2026-05-18T13:37:22.9463439Z Complete job name: CLI Smoke Test
CLI Smoke Test	UNKNOWN STEP	2026-05-18T13:37:23.0259898Z ##[group]Run actions/checkout@v6
CLI Smoke Test	UNKNOWN STEP	2026-05-18T13:37:23.0260930Z with:
CLI Smoke Test	UNKNOWN STEP	2026-05-18T13:37:23.0261419Z   repository: link-foundation/lino-i18n
CLI Smoke Test	UNKNOWN STEP	2026-05-18T13:37:23.0262203Z   token: ***
CLI Smoke Test	UNKNOWN STEP	2026-05-18T13:37:23.0262642Z   ssh-strict: true
CLI Smoke Test	UNKNOWN STEP	2026-05-18T13:37:23.0263090Z   ssh-user: git
CLI Smoke Test	UNKNOWN STEP	2026-05-18T13:37:23.0263543Z   persist-credentials: true
CLI Smoke Test	UNKNOWN STEP	2026-05-18T13:37:23.0264040Z   clean: true
CLI Smoke Test	UNKNOWN STEP	2026-05-18T13:37:23.0264485Z   sparse-checkout-cone-mode: true
CLI Smoke Test	UNKNOWN STEP	2026-05-18T13:37:23.0265006Z   fetch-depth: 1
CLI Smoke Test	UNKNOWN STEP	2026-05-18T13:37:23.0265430Z   fetch-tags: false
CLI Smoke Test	UNKNOWN STEP	2026-05-18T13:37:23.0265870Z   show-progress: true
CLI Smoke Test	UNKNOWN STEP	2026-05-18T13:37:23.0266331Z   lfs: false
CLI Smoke Test	UNKNOWN STEP	2026-05-18T13:37:23.0266825Z   submodules: false
CLI Smoke Test	UNKNOWN STEP	2026-05-18T13:37:23.0267276Z   set-safe-directory: true
CLI Smoke Test	UNKNOWN STEP	2026-05-18T13:37:23.0268637Z env:
CLI Smoke Test	UNKNOWN STEP	2026-05-18T13:37:23.0269101Z   NODE_VERSION: 24.x
CLI Smoke Test	UNKNOWN STEP	2026-05-18T13:37:23.0269611Z   NPM_CONFIG_PROVENANCE: true
CLI Smoke Test	UNKNOWN STEP	2026-05-18T13:37:23.0270124Z ##[endgroup]
CLI Smoke Test	UNKNOWN STEP	2026-05-18T13:37:23.1314636Z Syncing repository: link-foundation/lino-i18n
CLI Smoke Test	UNKNOWN STEP	2026-05-18T13:37:23.1317899Z ##[group]Getting Git version info
CLI Smoke Test	UNKNOWN STEP	2026-05-18T13:37:23.1319148Z Working directory is '/home/runner/work/lino-i18n/lino-i18n'
CLI Smoke Test	UNKNOWN STEP	2026-05-18T13:37:23.1320933Z [command]/usr/bin/git version
CLI Smoke Test	UNKNOWN STEP	2026-05-18T13:37:23.1428333Z git version 2.54.0
CLI Smoke Test	UNKNOWN STEP	2026-05-18T13:37:23.1464727Z ##[endgroup]
CLI Smoke Test	UNKNOWN STEP	2026-05-18T13:37:23.1485451Z Temporarily overriding HOME='/home/runner/work/_temp/33cd2003-4636-434a-b033-5daf5c7477a5' before making global git config changes
CLI Smoke Test	UNKNOWN STEP	2026-05-18T13:37:23.1487342Z Adding repository directory to the temporary git global config as a safe directory
CLI Smoke Test	UNKNOWN STEP	2026-05-18T13:37:23.1493837Z [command]/usr/bin/git config --global --add safe.directory /home/runner/work/lino-i18n/lino-i18n
CLI Smoke Test	UNKNOWN STEP	2026-05-18T13:37:23.1555911Z Deleting the contents of '/home/runner/work/lino-i18n/lino-i18n'
CLI Smoke Test	UNKNOWN STEP	2026-05-18T13:37:23.1561201Z ##[group]Initializing the repository
CLI Smoke Test	UNKNOWN STEP	2026-05-18T13:37:23.1568245Z [command]/usr/bin/git init /home/runner/work/lino-i18n/lino-i18n
CLI Smoke Test	UNKNOWN STEP	2026-05-18T13:37:23.1697513Z hint: Using 'master' as the name for the initial branch. This default branch name
CLI Smoke Test	UNKNOWN STEP	2026-05-18T13:37:23.1700556Z hint: will change to "main" in Git 3.0. To configure the initial branch name
CLI Smoke Test	UNKNOWN STEP	2026-05-18T13:37:23.1702274Z hint: to use in all of your new repositories, which will suppress this warning,
CLI Smoke Test	UNKNOWN STEP	2026-05-18T13:37:23.1703467Z hint: call:
CLI Smoke Test	UNKNOWN STEP	2026-05-18T13:37:23.1703996Z hint:
CLI Smoke Test	UNKNOWN STEP	2026-05-18T13:37:23.1704905Z hint: 	git config --global init.defaultBranch <name>
CLI Smoke Test	UNKNOWN STEP	2026-05-18T13:37:23.1705704Z hint:
CLI Smoke Test	UNKNOWN STEP	2026-05-18T13:37:23.1706305Z hint: Names commonly chosen instead of 'master' are 'main', 'trunk' and
CLI Smoke Test	UNKNOWN STEP	2026-05-18T13:37:23.1708551Z hint: 'development'. The just-created branch can be renamed via this command:
CLI Smoke Test	UNKNOWN STEP	2026-05-18T13:37:23.1709959Z hint:
CLI Smoke Test	UNKNOWN STEP	2026-05-18T13:37:23.1710489Z hint: 	git branch -m <name>
CLI Smoke Test	UNKNOWN STEP	2026-05-18T13:37:23.1710984Z hint:
CLI Smoke Test	UNKNOWN STEP	2026-05-18T13:37:23.1711659Z hint: Disable this message with "git config set advice.defaultBranchName false"
CLI Smoke Test	UNKNOWN STEP	2026-05-18T13:37:23.1712767Z Initialized empty Git repository in /home/runner/work/lino-i18n/lino-i18n/.git/
CLI Smoke Test	UNKNOWN STEP	2026-05-18T13:37:23.1719388Z [command]/usr/bin/git remote add origin https://github.com/link-foundation/lino-i18n
CLI Smoke Test	UNKNOWN STEP	2026-05-18T13:37:23.1774261Z ##[endgroup]
CLI Smoke Test	UNKNOWN STEP	2026-05-18T13:37:23.1781313Z ##[group]Disabling automatic garbage collection
CLI Smoke Test	UNKNOWN STEP	2026-05-18T13:37:23.1782067Z [command]/usr/bin/git config --local gc.auto 0
CLI Smoke Test	UNKNOWN STEP	2026-05-18T13:37:23.1819949Z ##[endgroup]
CLI Smoke Test	UNKNOWN STEP	2026-05-18T13:37:23.1820780Z ##[group]Setting up auth
CLI Smoke Test	UNKNOWN STEP	2026-05-18T13:37:23.1822624Z Removing SSH command configuration
CLI Smoke Test	UNKNOWN STEP	2026-05-18T13:37:23.1833040Z [command]/usr/bin/git config --local --name-only --get-regexp core\.sshCommand
CLI Smoke Test	UNKNOWN STEP	2026-05-18T13:37:23.1878958Z [command]/usr/bin/git submodule foreach --recursive sh -c "git config --local --name-only --get-regexp 'core\.sshCommand' && git config --local --unset-all 'core.sshCommand' || :"
CLI Smoke Test	UNKNOWN STEP	2026-05-18T13:37:23.2281153Z Removing HTTP extra header
CLI Smoke Test	UNKNOWN STEP	2026-05-18T13:37:23.2288240Z [command]/usr/bin/git config --local --name-only --get-regexp http\.https\:\/\/github\.com\/\.extraheader
CLI Smoke Test	UNKNOWN STEP	2026-05-18T13:37:23.2327108Z [command]/usr/bin/git submodule foreach --recursive sh -c "git config --local --name-only --get-regexp 'http\.https\:\/\/github\.com\/\.extraheader' && git config --local --unset-all 'http.https://github.com/.extraheader' || :"
CLI Smoke Test	UNKNOWN STEP	2026-05-18T13:37:23.2563101Z Removing includeIf entries pointing to credentials config files
CLI Smoke Test	UNKNOWN STEP	2026-05-18T13:37:23.2569784Z [command]/usr/bin/git config --local --name-only --get-regexp ^includeIf\.gitdir:
CLI Smoke Test	UNKNOWN STEP	2026-05-18T13:37:23.2603608Z [command]/usr/bin/git submodule foreach --recursive git config --local --show-origin --name-only --get-regexp remote.origin.url
CLI Smoke Test	UNKNOWN STEP	2026-05-18T13:37:23.2834249Z [command]/usr/bin/git config --file /home/runner/work/_temp/git-credentials-3ac25c51-3034-4282-a81c-eedb86c7438b.config http.https://github.com/.extraheader AUTHORIZATION: basic ***
CLI Smoke Test	UNKNOWN STEP	2026-05-18T13:37:23.2875035Z [command]/usr/bin/git config --local includeIf.gitdir:/home/runner/work/lino-i18n/lino-i18n/.git.path /home/runner/work/_temp/git-credentials-3ac25c51-3034-4282-a81c-eedb86c7438b.config
CLI Smoke Test	UNKNOWN STEP	2026-05-18T13:37:23.2909798Z [command]/usr/bin/git config --local includeIf.gitdir:/home/runner/work/lino-i18n/lino-i18n/.git/worktrees/*.path /home/runner/work/_temp/git-credentials-3ac25c51-3034-4282-a81c-eedb86c7438b.config
CLI Smoke Test	UNKNOWN STEP	2026-05-18T13:37:23.2947051Z [command]/usr/bin/git config --local includeIf.gitdir:/github/workspace/.git.path /github/runner_temp/git-credentials-3ac25c51-3034-4282-a81c-eedb86c7438b.config
CLI Smoke Test	UNKNOWN STEP	2026-05-18T13:37:23.2983314Z [command]/usr/bin/git config --local includeIf.gitdir:/github/workspace/.git/worktrees/*.path /github/runner_temp/git-credentials-3ac25c51-3034-4282-a81c-eedb86c7438b.config
CLI Smoke Test	UNKNOWN STEP	2026-05-18T13:37:23.3012701Z ##[endgroup]
CLI Smoke Test	UNKNOWN STEP	2026-05-18T13:37:23.3022769Z ##[group]Fetching the repository
CLI Smoke Test	UNKNOWN STEP	2026-05-18T13:37:23.3025316Z [command]/usr/bin/git -c protocol.version=2 fetch --no-tags --prune --no-recurse-submodules --depth=1 origin +8910b98b665a650690c0d9e9188bbf6bec1e9d2c:refs/remotes/origin/main
CLI Smoke Test	UNKNOWN STEP	2026-05-18T13:37:23.7563443Z From https://github.com/link-foundation/lino-i18n
CLI Smoke Test	UNKNOWN STEP	2026-05-18T13:37:23.7566241Z  * [new ref]         8910b98b665a650690c0d9e9188bbf6bec1e9d2c -> origin/main
CLI Smoke Test	UNKNOWN STEP	2026-05-18T13:37:23.7610620Z [command]/usr/bin/git branch --list --remote origin/main
CLI Smoke Test	UNKNOWN STEP	2026-05-18T13:37:23.7638548Z   origin/main
CLI Smoke Test	UNKNOWN STEP	2026-05-18T13:37:23.7646853Z [command]/usr/bin/git rev-parse refs/remotes/origin/main
CLI Smoke Test	UNKNOWN STEP	2026-05-18T13:37:23.7669220Z 8910b98b665a650690c0d9e9188bbf6bec1e9d2c
CLI Smoke Test	UNKNOWN STEP	2026-05-18T13:37:23.7674754Z ##[endgroup]
CLI Smoke Test	UNKNOWN STEP	2026-05-18T13:37:23.7676081Z ##[group]Determining the checkout info
CLI Smoke Test	UNKNOWN STEP	2026-05-18T13:37:23.7677279Z ##[endgroup]
CLI Smoke Test	UNKNOWN STEP	2026-05-18T13:37:23.7680009Z [command]/usr/bin/git sparse-checkout disable
CLI Smoke Test	UNKNOWN STEP	2026-05-18T13:37:23.7726220Z [command]/usr/bin/git config --local --unset-all extensions.worktreeConfig
CLI Smoke Test	UNKNOWN STEP	2026-05-18T13:37:23.7754103Z ##[group]Checking out the ref
CLI Smoke Test	UNKNOWN STEP	2026-05-18T13:37:23.7757558Z [command]/usr/bin/git checkout --progress --force -B main refs/remotes/origin/main
CLI Smoke Test	UNKNOWN STEP	2026-05-18T13:37:23.8293107Z Switched to a new branch 'main'
CLI Smoke Test	UNKNOWN STEP	2026-05-18T13:37:23.8295126Z branch 'main' set up to track 'origin/main'.
CLI Smoke Test	UNKNOWN STEP	2026-05-18T13:37:23.8305202Z ##[endgroup]
CLI Smoke Test	UNKNOWN STEP	2026-05-18T13:37:23.8351644Z [command]/usr/bin/git log -1 --format=%H
CLI Smoke Test	UNKNOWN STEP	2026-05-18T13:37:23.8376407Z 8910b98b665a650690c0d9e9188bbf6bec1e9d2c
CLI Smoke Test	UNKNOWN STEP	2026-05-18T13:37:23.8728296Z ##[group]Run actions/setup-node@v6
CLI Smoke Test	UNKNOWN STEP	2026-05-18T13:37:23.8729477Z with:
CLI Smoke Test	UNKNOWN STEP	2026-05-18T13:37:23.8730301Z   node-version: 24.x
CLI Smoke Test	UNKNOWN STEP	2026-05-18T13:37:23.8731206Z   cache: npm
CLI Smoke Test	UNKNOWN STEP	2026-05-18T13:37:23.8732196Z   cache-dependency-path: js/package-lock.json
CLI Smoke Test	UNKNOWN STEP	2026-05-18T13:37:23.8733507Z   check-latest: false
CLI Smoke Test	UNKNOWN STEP	2026-05-18T13:37:23.8734734Z   token: ***
CLI Smoke Test	UNKNOWN STEP	2026-05-18T13:37:23.8735624Z   package-manager-cache: true
CLI Smoke Test	UNKNOWN STEP	2026-05-18T13:37:23.8736675Z env:
CLI Smoke Test	UNKNOWN STEP	2026-05-18T13:37:23.8737456Z   NODE_VERSION: 24.x
CLI Smoke Test	UNKNOWN STEP	2026-05-18T13:37:23.8738724Z   NPM_CONFIG_PROVENANCE: true
CLI Smoke Test	UNKNOWN STEP	2026-05-18T13:37:23.8739747Z ##[endgroup]
CLI Smoke Test	UNKNOWN STEP	2026-05-18T13:37:24.0319875Z Found in cache @ /opt/hostedtoolcache/node/24.15.0/x64
CLI Smoke Test	UNKNOWN STEP	2026-05-18T13:37:24.0323653Z ##[group]Environment details
CLI Smoke Test	UNKNOWN STEP	2026-05-18T13:37:24.4934765Z node: v24.15.0
CLI Smoke Test	UNKNOWN STEP	2026-05-18T13:37:24.4935802Z npm: 11.12.1
CLI Smoke Test	UNKNOWN STEP	2026-05-18T13:37:24.4936550Z yarn: 1.22.22
CLI Smoke Test	UNKNOWN STEP	2026-05-18T13:37:24.4938532Z ##[endgroup]
CLI Smoke Test	UNKNOWN STEP	2026-05-18T13:37:24.4955680Z [command]/opt/hostedtoolcache/node/24.15.0/x64/bin/npm config get cache
CLI Smoke Test	UNKNOWN STEP	2026-05-18T13:37:24.6801240Z /home/runner/.npm
CLI Smoke Test	UNKNOWN STEP	2026-05-18T13:37:24.8157978Z Cache hit for: node-cache-Linux-x64-npm-f5808b7053f8307b6f76624b32fb00f08c636293d1963c60dc6594d21979e698
CLI Smoke Test	UNKNOWN STEP	2026-05-18T13:37:25.1488531Z Received 23884147 of 23884147 (100.0%), 86.0 MBs/sec
CLI Smoke Test	UNKNOWN STEP	2026-05-18T13:37:25.1489268Z Cache Size: ~23 MB (23884147 B)
CLI Smoke Test	UNKNOWN STEP	2026-05-18T13:37:25.1521283Z [command]/usr/bin/tar -xf /home/runner/work/_temp/93f2deb4-214d-4f74-b8f1-4881fc8ff1f8/cache.tzst -P -C /home/runner/work/lino-i18n/lino-i18n --use-compress-program unzstd
CLI Smoke Test	UNKNOWN STEP	2026-05-18T13:37:25.4070578Z Cache restored successfully
CLI Smoke Test	UNKNOWN STEP	2026-05-18T13:37:25.4090974Z Cache restored from key: node-cache-Linux-x64-npm-f5808b7053f8307b6f76624b32fb00f08c636293d1963c60dc6594d21979e698
CLI Smoke Test	UNKNOWN STEP	2026-05-18T13:37:25.4259429Z ##[group]Run npm ci || npm install
CLI Smoke Test	UNKNOWN STEP	2026-05-18T13:37:25.4259823Z ^[[36;1mnpm ci || npm install^[[0m
CLI Smoke Test	UNKNOWN STEP	2026-05-18T13:37:25.4309312Z shell: /usr/bin/bash -e {0}
CLI Smoke Test	UNKNOWN STEP	2026-05-18T13:37:25.4309605Z env:
CLI Smoke Test	UNKNOWN STEP	2026-05-18T13:37:25.4309806Z   NODE_VERSION: 24.x
CLI Smoke Test	UNKNOWN STEP	2026-05-18T13:37:25.4310029Z   NPM_CONFIG_PROVENANCE: true
CLI Smoke Test	UNKNOWN STEP	2026-05-18T13:37:25.4310265Z ##[endgroup]
CLI Smoke Test	UNKNOWN STEP	2026-05-18T13:37:28.7228508Z
CLI Smoke Test	UNKNOWN STEP	2026-05-18T13:37:28.7235482Z added 295 packages, and audited 296 packages in 3s
CLI Smoke Test	UNKNOWN STEP	2026-05-18T13:37:28.7235844Z
CLI Smoke Test	UNKNOWN STEP	2026-05-18T13:37:28.7236058Z 49 packages are looking for funding
CLI Smoke Test	UNKNOWN STEP	2026-05-18T13:37:28.7236412Z   run `npm fund` for details
CLI Smoke Test	UNKNOWN STEP	2026-05-18T13:37:28.7243556Z
CLI Smoke Test	UNKNOWN STEP	2026-05-18T13:37:28.7243807Z found 0 vulnerabilities
CLI Smoke Test	UNKNOWN STEP	2026-05-18T13:37:28.7757074Z ##[group]Run node bin/lino-i18n.js --help
CLI Smoke Test	UNKNOWN STEP	2026-05-18T13:37:28.7757455Z ^[[36;1mnode bin/lino-i18n.js --help^[[0m
CLI Smoke Test	UNKNOWN STEP	2026-05-18T13:37:28.7792325Z shell: /usr/bin/bash -e {0}
CLI Smoke Test	UNKNOWN STEP	2026-05-18T13:37:28.7792577Z env:
CLI Smoke Test	UNKNOWN STEP	2026-05-18T13:37:28.7792767Z   NODE_VERSION: 24.x
CLI Smoke Test	UNKNOWN STEP	2026-05-18T13:37:28.7793059Z   NPM_CONFIG_PROVENANCE: true
CLI Smoke Test	UNKNOWN STEP	2026-05-18T13:37:28.7793300Z ##[endgroup]
CLI Smoke Test	UNKNOWN STEP	2026-05-18T13:37:28.8177095Z Usage: lino-i18n <command> [options]
CLI Smoke Test	UNKNOWN STEP	2026-05-18T13:37:28.8177498Z
CLI Smoke Test	UNKNOWN STEP	2026-05-18T13:37:28.8177799Z Commands:
CLI Smoke Test	UNKNOWN STEP	2026-05-18T13:37:28.8178629Z   convert    Convert i18next / i18n-js / react-intl JSON files to .lino
CLI Smoke Test	UNKNOWN STEP	2026-05-18T13:37:28.8179350Z   check      Compare locales against a reference locale and report missing keys
CLI Smoke Test	UNKNOWN STEP	2026-05-18T13:37:28.8180009Z   t          Translate a key from the CLI for quick debugging
CLI Smoke Test	UNKNOWN STEP	2026-05-18T13:37:28.8180416Z
CLI Smoke Test	UNKNOWN STEP	2026-05-18T13:37:28.8180758Z Run `lino-i18n <command> --help` for command-specific options.
CLI Smoke Test	UNKNOWN STEP	2026-05-18T13:37:28.8249895Z ##[group]Run mkdir -p /tmp/sample/in /tmp/sample/out
CLI Smoke Test	UNKNOWN STEP	2026-05-18T13:37:28.8250360Z ^[[36;1mmkdir -p /tmp/sample/in /tmp/sample/out^[[0m
CLI Smoke Test	UNKNOWN STEP	2026-05-18T13:37:28.8250688Z ^[[36;1mcat > /tmp/sample/in/en.json <<'JSON'^[[0m
CLI Smoke Test	UNKNOWN STEP	2026-05-18T13:37:28.8251133Z ^[[36;1m{"greeting": "Hello, {{name}}!", "items": {"one": "{{count}} item", "other": "{{count}} items"}}^[[0m
CLI Smoke Test	UNKNOWN STEP	2026-05-18T13:37:28.8251543Z ^[[36;1mJSON^[[0m
CLI Smoke Test	UNKNOWN STEP	2026-05-18T13:37:28.8251968Z ^[[36;1mnode bin/lino-i18n.js convert --from i18next --in /tmp/sample/in/en.json --out /tmp/sample/out --locale en^[[0m
CLI Smoke Test	UNKNOWN STEP	2026-05-18T13:37:28.8252470Z ^[[36;1mcat /tmp/sample/out/en.lino^[[0m
CLI Smoke Test	UNKNOWN STEP	2026-05-18T13:37:28.8286408Z shell: /usr/bin/bash -e {0}
CLI Smoke Test	UNKNOWN STEP	2026-05-18T13:37:28.8286661Z env:
CLI Smoke Test	UNKNOWN STEP	2026-05-18T13:37:28.8286842Z   NODE_VERSION: 24.x
CLI Smoke Test	UNKNOWN STEP	2026-05-18T13:37:28.8287057Z   NPM_CONFIG_PROVENANCE: true
CLI Smoke Test	UNKNOWN STEP	2026-05-18T13:37:28.8287299Z ##[endgroup]
CLI Smoke Test	UNKNOWN STEP	2026-05-18T13:37:28.8712815Z wrote /tmp/sample/out/en.lino (3 keys)
CLI Smoke Test	UNKNOWN STEP	2026-05-18T13:37:28.8770518Z en
CLI Smoke Test	UNKNOWN STEP	2026-05-18T13:37:28.8771074Z   greeting "Hello, {{name}}!"
CLI Smoke Test	UNKNOWN STEP	2026-05-18T13:37:28.8771510Z   items
CLI Smoke Test	UNKNOWN STEP	2026-05-18T13:37:28.8771855Z     one "{{count}} item"
CLI Smoke Test	UNKNOWN STEP	2026-05-18T13:37:28.8772271Z     other "{{count}} items"
CLI Smoke Test	UNKNOWN STEP	2026-05-18T13:37:28.8844327Z Post job cleanup.
CLI Smoke Test	UNKNOWN STEP	2026-05-18T13:37:29.0013148Z Cache hit occurred on the primary key node-cache-Linux-x64-npm-f5808b7053f8307b6f76624b32fb00f08c636293d1963c60dc6594d21979e698, not saving cache.
CLI Smoke Test	UNKNOWN STEP	2026-05-18T13:37:29.0155322Z Post job cleanup.
CLI Smoke Test	UNKNOWN STEP	2026-05-18T13:37:29.0997750Z [command]/usr/bin/git version
CLI Smoke Test	UNKNOWN STEP	2026-05-18T13:37:29.1036092Z git version 2.54.0
CLI Smoke Test	UNKNOWN STEP	2026-05-18T13:37:29.1109804Z Temporarily overriding HOME='/home/runner/work/_temp/f58b0716-d4d8-4682-835e-14d51ee99758' before making global git config changes
CLI Smoke Test	UNKNOWN STEP	2026-05-18T13:37:29.1111306Z Adding repository directory to the temporary git global config as a safe directory
CLI Smoke Test	UNKNOWN STEP	2026-05-18T13:37:29.1115726Z [command]/usr/bin/git config --global --add safe.directory /home/runner/work/lino-i18n/lino-i18n
CLI Smoke Test	UNKNOWN STEP	2026-05-18T13:37:29.1149906Z Removing SSH command configuration
CLI Smoke Test	UNKNOWN STEP	2026-05-18T13:37:29.1157093Z [command]/usr/bin/git config --local --name-only --get-regexp core\.sshCommand
CLI Smoke Test	UNKNOWN STEP	2026-05-18T13:37:29.1194116Z [command]/usr/bin/git submodule foreach --recursive sh -c "git config --local --name-only --get-regexp 'core\.sshCommand' && git config --local --unset-all 'core.sshCommand' || :"
CLI Smoke Test	UNKNOWN STEP	2026-05-18T13:37:29.1429113Z Removing HTTP extra header
CLI Smoke Test	UNKNOWN STEP	2026-05-18T13:37:29.1434312Z [command]/usr/bin/git config --local --name-only --get-regexp http\.https\:\/\/github\.com\/\.extraheader
CLI Smoke Test	UNKNOWN STEP	2026-05-18T13:37:29.1470118Z [command]/usr/bin/git submodule foreach --recursive sh -c "git config --local --name-only --get-regexp 'http\.https\:\/\/github\.com\/\.extraheader' && git config --local --unset-all 'http.https://github.com/.extraheader' || :"
CLI Smoke Test	UNKNOWN STEP	2026-05-18T13:37:29.1691981Z Removing includeIf entries pointing to credentials config files
CLI Smoke Test	UNKNOWN STEP	2026-05-18T13:37:29.1699574Z [command]/usr/bin/git config --local --name-only --get-regexp ^includeIf\.gitdir:
CLI Smoke Test	UNKNOWN STEP	2026-05-18T13:37:29.1727537Z includeif.gitdir:/home/runner/work/lino-i18n/lino-i18n/.git.path
CLI Smoke Test	UNKNOWN STEP	2026-05-18T13:37:29.1729341Z includeif.gitdir:/home/runner/work/lino-i18n/lino-i18n/.git/worktrees/*.path
CLI Smoke Test	UNKNOWN STEP	2026-05-18T13:37:29.1730650Z includeif.gitdir:/github/workspace/.git.path
CLI Smoke Test	UNKNOWN STEP	2026-05-18T13:37:29.1731693Z includeif.gitdir:/github/workspace/.git/worktrees/*.path
CLI Smoke Test	UNKNOWN STEP	2026-05-18T13:37:29.1738582Z [command]/usr/bin/git config --local --get-all includeif.gitdir:/home/runner/work/lino-i18n/lino-i18n/.git.path
CLI Smoke Test	UNKNOWN STEP	2026-05-18T13:37:29.1759281Z /home/runner/work/_temp/git-credentials-3ac25c51-3034-4282-a81c-eedb86c7438b.config
CLI Smoke Test	UNKNOWN STEP	2026-05-18T13:37:29.1771108Z [command]/usr/bin/git config --local --unset includeif.gitdir:/home/runner/work/lino-i18n/lino-i18n/.git.path /home/runner/work/_temp/git-credentials-3ac25c51-3034-4282-a81c-eedb86c7438b.config
CLI Smoke Test	UNKNOWN STEP	2026-05-18T13:37:29.1805469Z [command]/usr/bin/git config --local --get-all includeif.gitdir:/home/runner/work/lino-i18n/lino-i18n/.git/worktrees/*.path
CLI Smoke Test	UNKNOWN STEP	2026-05-18T13:37:29.1827446Z /home/runner/work/_temp/git-credentials-3ac25c51-3034-4282-a81c-eedb86c7438b.config
CLI Smoke Test	UNKNOWN STEP	2026-05-18T13:37:29.1837265Z [command]/usr/bin/git config --local --unset includeif.gitdir:/home/runner/work/lino-i18n/lino-i18n/.git/worktrees/*.path /home/runner/work/_temp/git-credentials-3ac25c51-3034-4282-a81c-eedb86c7438b.config
CLI Smoke Test	UNKNOWN STEP	2026-05-18T13:37:29.1868938Z [command]/usr/bin/git config --local --get-all includeif.gitdir:/github/workspace/.git.path
CLI Smoke Test	UNKNOWN STEP	2026-05-18T13:37:29.1890713Z /github/runner_temp/git-credentials-3ac25c51-3034-4282-a81c-eedb86c7438b.config
CLI Smoke Test	UNKNOWN STEP	2026-05-18T13:37:29.1899905Z [command]/usr/bin/git config --local --unset includeif.gitdir:/github/workspace/.git.path /github/runner_temp/git-credentials-3ac25c51-3034-4282-a81c-eedb86c7438b.config
CLI Smoke Test	UNKNOWN STEP	2026-05-18T13:37:29.1932164Z [command]/usr/bin/git config --local --get-all includeif.gitdir:/github/workspace/.git/worktrees/*.path
CLI Smoke Test	UNKNOWN STEP	2026-05-18T13:37:29.1953679Z /github/runner_temp/git-credentials-3ac25c51-3034-4282-a81c-eedb86c7438b.config
CLI Smoke Test	UNKNOWN STEP	2026-05-18T13:37:29.1963388Z [command]/usr/bin/git config --local --unset includeif.gitdir:/github/workspace/.git/worktrees/*.path /github/runner_temp/git-credentials-3ac25c51-3034-4282-a81c-eedb86c7438b.config
CLI Smoke Test	UNKNOWN STEP	2026-05-18T13:37:29.1995954Z [command]/usr/bin/git submodule foreach --recursive git config --local --show-origin --name-only --get-regexp remote.origin.url
CLI Smoke Test	UNKNOWN STEP	2026-05-18T13:37:29.2217592Z Removing credentials config '/home/runner/work/_temp/git-credentials-3ac25c51-3034-4282-a81c-eedb86c7438b.config'
CLI Smoke Test	UNKNOWN STEP	2026-05-18T13:37:29.2372314Z Cleaning up orphan processes
Test (bun on macos-latest)	UNKNOWN STEP	﻿2026-05-18T13:37:23.9746890Z Current runner version: '2.334.0'
Test (bun on macos-latest)	UNKNOWN STEP	2026-05-18T13:37:23.9771110Z ##[group]Runner Image Provisioner
Test (bun on macos-latest)	UNKNOWN STEP	2026-05-18T13:37:23.9771670Z Hosted Compute Agent
Test (bun on macos-latest)	UNKNOWN STEP	2026-05-18T13:37:23.9772030Z Version: 20260422.526
Test (bun on macos-latest)	UNKNOWN STEP	2026-05-18T13:37:23.9772420Z Commit: e1a9e573f4d0838b3a7c1b07401aeb29ed3635a9
Test (bun on macos-latest)	UNKNOWN STEP	2026-05-18T13:37:23.9772900Z Build Date: 2026-04-22T09:31:31Z
Test (bun on macos-latest)	UNKNOWN STEP	2026-05-18T13:37:23.9773320Z Worker ID: {2679e059-4a03-4fe6-9b80-632c6037470c}
Test (bun on macos-latest)	UNKNOWN STEP	2026-05-18T13:37:23.9773750Z Azure Region: westus
Test (bun on macos-latest)	UNKNOWN STEP	2026-05-18T13:37:23.9774100Z ##[endgroup]
Test (bun on macos-latest)	UNKNOWN STEP	2026-05-18T13:37:23.9775080Z ##[group]Operating System
Test (bun on macos-latest)	UNKNOWN STEP	2026-05-18T13:37:23.9775460Z macOS
Test (bun on macos-latest)	UNKNOWN STEP	2026-05-18T13:37:23.9775790Z 15.7.4
Test (bun on macos-latest)	UNKNOWN STEP	2026-05-18T13:37:23.9776110Z 24G517
Test (bun on macos-latest)	UNKNOWN STEP	2026-05-18T13:37:23.9776410Z ##[endgroup]
Test (bun on macos-latest)	UNKNOWN STEP	2026-05-18T13:37:23.9776730Z ##[group]Runner Image
Test (bun on macos-latest)	UNKNOWN STEP	2026-05-18T13:37:23.9777070Z Image: macos-15-arm64
Test (bun on macos-latest)	UNKNOWN STEP	2026-05-18T13:37:23.9777430Z Version: 20260427.0018.1
Test (bun on macos-latest)	UNKNOWN STEP	2026-05-18T13:37:23.9778280Z Included Software: https://github.com/actions/runner-images/blob/macos-15-arm64/20260427.0018/images/macos/macos-15-arm64-Readme.md
Test (bun on macos-latest)	UNKNOWN STEP	2026-05-18T13:37:23.9781400Z Image Release: https://github.com/actions/runner-images/releases/tag/macos-15-arm64%2F20260427.0018
Test (bun on macos-latest)	UNKNOWN STEP	2026-05-18T13:37:23.9784180Z ##[endgroup]
Test (bun on macos-latest)	UNKNOWN STEP	2026-05-18T13:37:23.9785110Z ##[group]GITHUB_TOKEN Permissions
Test (bun on macos-latest)	UNKNOWN STEP	2026-05-18T13:37:23.9786770Z Contents: write
Test (bun on macos-latest)	UNKNOWN STEP	2026-05-18T13:37:23.9787110Z Metadata: read
Test (bun on macos-latest)	UNKNOWN STEP	2026-05-18T13:37:23.9787440Z Pages: write
Test (bun on macos-latest)	UNKNOWN STEP	2026-05-18T13:37:23.9787810Z PullRequests: write
Test (bun on macos-latest)	UNKNOWN STEP	2026-05-18T13:37:23.9788150Z ##[endgroup]
Test (bun on macos-latest)	UNKNOWN STEP	2026-05-18T13:37:23.9789790Z Secret source: Actions
Test (bun on macos-latest)	UNKNOWN STEP	2026-05-18T13:37:23.9790250Z Prepare workflow directory
Test (bun on macos-latest)	UNKNOWN STEP	2026-05-18T13:37:24.0498410Z Prepare all required actions
Test (bun on macos-latest)	UNKNOWN STEP	2026-05-18T13:37:24.0530560Z Getting action download info
Test (bun on macos-latest)	UNKNOWN STEP	2026-05-18T13:37:24.5374840Z Download action repository 'actions/checkout@v6' (SHA:de0fac2e4500dabe0009e67214ff5f5447ce83dd)
Test (bun on macos-latest)	UNKNOWN STEP	2026-05-18T13:37:24.9153740Z Download action repository 'actions/setup-node@v6' (SHA:48b55a011bda9f5d6aeb4c2d9c7362e8dae4041e)
Test (bun on macos-latest)	UNKNOWN STEP	2026-05-18T13:37:25.0788420Z Download action repository 'oven-sh/setup-bun@v2' (SHA:0c5077e51419868618aeaa5fe8019c62421857d6)
Test (bun on macos-latest)	UNKNOWN STEP	2026-05-18T13:37:26.0525690Z Download action repository 'denoland/setup-deno@v2' (SHA:667a34cdef165d8d2b2e98dde39547c9daac7282)
Test (bun on macos-latest)	UNKNOWN STEP	2026-05-18T13:37:27.0580460Z Complete job name: Test (bun on macos-latest)
Test (bun on macos-latest)	UNKNOWN STEP	2026-05-18T13:37:27.1110050Z ##[group]Run actions/checkout@v6
Test (bun on macos-latest)	UNKNOWN STEP	2026-05-18T13:37:27.1110510Z with:
Test (bun on macos-latest)	UNKNOWN STEP	2026-05-18T13:37:27.1110760Z   fetch-depth: 0
Test (bun on macos-latest)	UNKNOWN STEP	2026-05-18T13:37:27.1170690Z   repository: link-foundation/lino-i18n
Test (bun on macos-latest)	UNKNOWN STEP	2026-05-18T13:37:27.1171350Z   token: ***
Test (bun on macos-latest)	UNKNOWN STEP	2026-05-18T13:37:27.1171520Z   ssh-strict: true
Test (bun on macos-latest)	UNKNOWN STEP	2026-05-18T13:37:27.1171680Z   ssh-user: git
Test (bun on macos-latest)	UNKNOWN STEP	2026-05-18T13:37:27.1171850Z   persist-credentials: true
Test (bun on macos-latest)	UNKNOWN STEP	2026-05-18T13:37:27.1172040Z   clean: true
Test (bun on macos-latest)	UNKNOWN STEP	2026-05-18T13:37:27.1172210Z   sparse-checkout-cone-mode: true
Test (bun on macos-latest)	UNKNOWN STEP	2026-05-18T13:37:27.1172440Z   fetch-tags: false
Test (bun on macos-latest)	UNKNOWN STEP	2026-05-18T13:37:27.1172600Z   show-progress: true
Test (bun on macos-latest)	UNKNOWN STEP	2026-05-18T13:37:27.1172760Z   lfs: false
Test (bun on macos-latest)	UNKNOWN STEP	2026-05-18T13:37:27.1172900Z   submodules: false
Test (bun on macos-latest)	UNKNOWN STEP	2026-05-18T13:37:27.1173070Z   set-safe-directory: true
Test (bun on macos-latest)	UNKNOWN STEP	2026-05-18T13:37:27.1174380Z env:
Test (bun on macos-latest)	UNKNOWN STEP	2026-05-18T13:37:27.1174540Z   NODE_VERSION: 24.x
Test (bun on macos-latest)	UNKNOWN STEP	2026-05-18T13:37:27.1174710Z   NPM_CONFIG_PROVENANCE: true
Test (bun on macos-latest)	UNKNOWN STEP	2026-05-18T13:37:27.1174910Z ##[endgroup]
Test (bun on macos-latest)	UNKNOWN STEP	2026-05-18T13:37:27.5802850Z Syncing repository: link-foundation/lino-i18n
Test (bun on macos-latest)	UNKNOWN STEP	2026-05-18T13:37:27.5804190Z ##[group]Getting Git version info
Test (bun on macos-latest)	UNKNOWN STEP	2026-05-18T13:37:27.5804520Z Working directory is '/Users/runner/work/lino-i18n/lino-i18n'
Test (bun on macos-latest)	UNKNOWN STEP	2026-05-18T13:37:27.5805120Z [command]/opt/homebrew/bin/git version
Test (bun on macos-latest)	UNKNOWN STEP	2026-05-18T13:37:27.6297190Z git version 2.54.0
Test (bun on macos-latest)	UNKNOWN STEP	2026-05-18T13:37:27.6309050Z ##[endgroup]
Test (bun on macos-latest)	UNKNOWN STEP	2026-05-18T13:37:27.6318000Z Copying '/Users/runner/.gitconfig' to '/Users/runner/work/_temp/7e3fa9cc-c876-47d4-a914-a1cbf4f17451/.gitconfig'
Test (bun on macos-latest)	UNKNOWN STEP	2026-05-18T13:37:27.6324960Z Temporarily overriding HOME='/Users/runner/work/_temp/7e3fa9cc-c876-47d4-a914-a1cbf4f17451' before making global git config changes
Test (bun on macos-latest)	UNKNOWN STEP	2026-05-18T13:37:27.6326750Z Adding repository directory to the temporary git global config as a safe directory
Test (bun on macos-latest)	UNKNOWN STEP	2026-05-18T13:37:27.6331680Z [command]/opt/homebrew/bin/git config --global --add safe.directory /Users/runner/work/lino-i18n/lino-i18n
Test (bun on macos-latest)	UNKNOWN STEP	2026-05-18T13:37:27.6451560Z Deleting the contents of '/Users/runner/work/lino-i18n/lino-i18n'
Test (bun on macos-latest)	UNKNOWN STEP	2026-05-18T13:37:27.6456110Z ##[group]Initializing the repository
Test (bun on macos-latest)	UNKNOWN STEP	2026-05-18T13:37:27.6459130Z [command]/opt/homebrew/bin/git init /Users/runner/work/lino-i18n/lino-i18n
Test (bun on macos-latest)	UNKNOWN STEP	2026-05-18T13:37:27.6816630Z hint: Using 'master' as the name for the initial branch. This default branch name
Test (bun on macos-latest)	UNKNOWN STEP	2026-05-18T13:37:27.6817890Z hint: will change to "main" in Git 3.0. To configure the initial branch name
Test (bun on macos-latest)	UNKNOWN STEP	2026-05-18T13:37:27.6819710Z hint: to use in all of your new repositories, which will suppress this warning,
Test (bun on macos-latest)	UNKNOWN STEP	2026-05-18T13:37:27.6822140Z hint: call:
Test (bun on macos-latest)	UNKNOWN STEP	2026-05-18T13:37:27.6822370Z hint:
Test (bun on macos-latest)	UNKNOWN STEP	2026-05-18T13:37:27.6822740Z hint: 	git config --global init.defaultBranch <name>
Test (bun on macos-latest)	UNKNOWN STEP	2026-05-18T13:37:27.6823010Z hint:
Test (bun on macos-latest)	UNKNOWN STEP	2026-05-18T13:37:27.6823280Z hint: Names commonly chosen instead of 'master' are 'main', 'trunk' and
Test (bun on macos-latest)	UNKNOWN STEP	2026-05-18T13:37:27.6823710Z hint: 'development'. The just-created branch can be renamed via this command:
Test (bun on macos-latest)	UNKNOWN STEP	2026-05-18T13:37:27.6824100Z hint:
Test (bun on macos-latest)	UNKNOWN STEP	2026-05-18T13:37:27.6824290Z hint: 	git branch -m <name>
Test (bun on macos-latest)	UNKNOWN STEP	2026-05-18T13:37:27.6824490Z hint:
Test (bun on macos-latest)	UNKNOWN STEP	2026-05-18T13:37:27.6824780Z hint: Disable this message with "git config set advice.defaultBranchName false"
Test (bun on macos-latest)	UNKNOWN STEP	2026-05-18T13:37:27.6825290Z Initialized empty Git repository in /Users/runner/work/lino-i18n/lino-i18n/.git/
Test (bun on macos-latest)	UNKNOWN STEP	2026-05-18T13:37:27.6847470Z [command]/opt/homebrew/bin/git remote add origin https://github.com/link-foundation/lino-i18n
Test (bun on macos-latest)	UNKNOWN STEP	2026-05-18T13:37:27.6999920Z ##[endgroup]
Test (bun on macos-latest)	UNKNOWN STEP	2026-05-18T13:37:27.7000960Z ##[group]Disabling automatic garbage collection
Test (bun on macos-latest)	UNKNOWN STEP	2026-05-18T13:37:27.7002510Z [command]/opt/homebrew/bin/git config --local gc.auto 0
Test (bun on macos-latest)	UNKNOWN STEP	2026-05-18T13:37:27.7074560Z ##[endgroup]
Test (bun on macos-latest)	UNKNOWN STEP	2026-05-18T13:37:27.7075550Z ##[group]Setting up auth
Test (bun on macos-latest)	UNKNOWN STEP	2026-05-18T13:37:27.7076570Z Removing SSH command configuration
Test (bun on macos-latest)	UNKNOWN STEP	2026-05-18T13:37:27.7080740Z [command]/opt/homebrew/bin/git config --local --name-only --get-regexp core\.sshCommand
Test (bun on macos-latest)	UNKNOWN STEP	2026-05-18T13:37:27.7147250Z [command]/opt/homebrew/bin/git submodule foreach --recursive sh -c "git config --local --name-only --get-regexp 'core\.sshCommand' && git config --local --unset-all 'core.sshCommand' || :"
Test (bun on macos-latest)	UNKNOWN STEP	2026-05-18T13:37:27.8814170Z Removing HTTP extra header
Test (bun on macos-latest)	UNKNOWN STEP	2026-05-18T13:37:27.8825510Z [command]/opt/homebrew/bin/git config --local --name-only --get-regexp http\.https\:\/\/github\.com\/\.extraheader
Test (bun on macos-latest)	UNKNOWN STEP	2026-05-18T13:37:27.8915410Z [command]/opt/homebrew/bin/git submodule foreach --recursive sh -c "git config --local --name-only --get-regexp 'http\.https\:\/\/github\.com\/\.extraheader' && git config --local --unset-all 'http.https://github.com/.extraheader' || :"
Test (bun on macos-latest)	UNKNOWN STEP	2026-05-18T13:37:27.9908440Z Removing includeIf entries pointing to credentials config files
Test (bun on macos-latest)	UNKNOWN STEP	2026-05-18T13:37:27.9912840Z [command]/opt/homebrew/bin/git config --local --name-only --get-regexp ^includeIf\.gitdir:
Test (bun on macos-latest)	UNKNOWN STEP	2026-05-18T13:37:27.9975140Z [command]/opt/homebrew/bin/git submodule foreach --recursive git config --local --show-origin --name-only --get-regexp remote.origin.url
Test (bun on macos-latest)	UNKNOWN STEP	2026-05-18T13:37:28.1097660Z [command]/opt/homebrew/bin/git config --file /Users/runner/work/_temp/git-credentials-75ee83d6-d89a-4ee0-9802-44017c84fc30.config http.https://github.com/.extraheader AUTHORIZATION: basic ***
Test (bun on macos-latest)	UNKNOWN STEP	2026-05-18T13:37:28.1219120Z [command]/opt/homebrew/bin/git config --local includeIf.gitdir:/Users/runner/work/lino-i18n/lino-i18n/.git.path /Users/runner/work/_temp/git-credentials-75ee83d6-d89a-4ee0-9802-44017c84fc30.config
Test (bun on macos-latest)	UNKNOWN STEP	2026-05-18T13:37:28.1295580Z [command]/opt/homebrew/bin/git config --local includeIf.gitdir:/Users/runner/work/lino-i18n/lino-i18n/.git/worktrees/*.path /Users/runner/work/_temp/git-credentials-75ee83d6-d89a-4ee0-9802-44017c84fc30.config
Test (bun on macos-latest)	UNKNOWN STEP	2026-05-18T13:37:28.1395400Z [command]/opt/homebrew/bin/git config --local includeIf.gitdir:/github/workspace/.git.path /github/runner_temp/git-credentials-75ee83d6-d89a-4ee0-9802-44017c84fc30.config
Test (bun on macos-latest)	UNKNOWN STEP	2026-05-18T13:37:28.1558650Z [command]/opt/homebrew/bin/git config --local includeIf.gitdir:/github/workspace/.git/worktrees/*.path /github/runner_temp/git-credentials-75ee83d6-d89a-4ee0-9802-44017c84fc30.config
Test (bun on macos-latest)	UNKNOWN STEP	2026-05-18T13:37:28.1695670Z ##[endgroup]
Test (bun on macos-latest)	UNKNOWN STEP	2026-05-18T13:37:28.1696340Z ##[group]Fetching the repository
Test (bun on macos-latest)	UNKNOWN STEP	2026-05-18T13:37:28.1705160Z [command]/opt/homebrew/bin/git -c protocol.version=2 fetch --no-tags --prune --no-recurse-submodules origin +refs/heads/*:refs/remotes/origin/* +refs/tags/*:refs/tags/*
Test (bun on macos-latest)	UNKNOWN STEP	2026-05-18T13:37:29.8920510Z From https://github.com/link-foundation/lino-i18n
Test (bun on macos-latest)	UNKNOWN STEP	2026-05-18T13:37:29.8922330Z  * [new branch]      issue-1-76ffa2dc55cc  -> origin/issue-1-76ffa2dc55cc
Test (bun on macos-latest)	UNKNOWN STEP	2026-05-18T13:37:29.8923660Z  * [new branch]      issue-10-6657adb31046 -> origin/issue-10-6657adb31046
Test (bun on macos-latest)	UNKNOWN STEP	2026-05-18T13:37:29.8924790Z  * [new branch]      issue-11-b5c8ef3bbd84 -> origin/issue-11-b5c8ef3bbd84
Test (bun on macos-latest)	UNKNOWN STEP	2026-05-18T13:37:29.8925940Z  * [new branch]      issue-12-3c4f596e0c67 -> origin/issue-12-3c4f596e0c67
Test (bun on macos-latest)	UNKNOWN STEP	2026-05-18T13:37:29.8927280Z  * [new branch]      issue-3-b3eb0917c317  -> origin/issue-3-b3eb0917c317
Test (bun on macos-latest)	UNKNOWN STEP	2026-05-18T13:37:29.8928520Z  * [new branch]      issue-5-169afc4a2006  -> origin/issue-5-169afc4a2006
Test (bun on macos-latest)	UNKNOWN STEP	2026-05-18T13:37:29.8929900Z  * [new branch]      issue-5-35d32a59c464  -> origin/issue-5-35d32a59c464
Test (bun on macos-latest)	UNKNOWN STEP	2026-05-18T13:37:29.8931000Z  * [new branch]      issue-8-ca918c4d7d4c  -> origin/issue-8-ca918c4d7d4c
Test (bun on macos-latest)	UNKNOWN STEP	2026-05-18T13:37:29.8932250Z  * [new branch]      main                  -> origin/main
Test (bun on macos-latest)	UNKNOWN STEP	2026-05-18T13:37:29.8933130Z  * [new tag]         js-v0.0.1             -> js-v0.0.1
Test (bun on macos-latest)	UNKNOWN STEP	2026-05-18T13:37:29.8933820Z  * [new tag]         rust-v0.0.1           -> rust-v0.0.1
Test (bun on macos-latest)	UNKNOWN STEP	2026-05-18T13:37:29.9075540Z [command]/opt/homebrew/bin/git branch --list --remote origin/main
Test (bun on macos-latest)	UNKNOWN STEP	2026-05-18T13:37:29.9173310Z   origin/main
Test (bun on macos-latest)	UNKNOWN STEP	2026-05-18T13:37:29.9207140Z [command]/opt/homebrew/bin/git rev-parse refs/remotes/origin/main
Test (bun on macos-latest)	UNKNOWN STEP	2026-05-18T13:37:29.9336210Z 8910b98b665a650690c0d9e9188bbf6bec1e9d2c
Test (bun on macos-latest)	UNKNOWN STEP	2026-05-18T13:37:29.9360020Z ##[endgroup]
Test (bun on macos-latest)	UNKNOWN STEP	2026-05-18T13:37:29.9360890Z ##[group]Determining the checkout info
Test (bun on macos-latest)	UNKNOWN STEP	2026-05-18T13:37:29.9361350Z ##[endgroup]
Test (bun on macos-latest)	UNKNOWN STEP	2026-05-18T13:37:29.9361850Z [command]/opt/homebrew/bin/git sparse-checkout disable
Test (bun on macos-latest)	UNKNOWN STEP	2026-05-18T13:37:29.9837550Z [command]/opt/homebrew/bin/git config --local --unset-all extensions.worktreeConfig
Test (bun on macos-latest)	UNKNOWN STEP	2026-05-18T13:37:29.9976170Z ##[group]Checking out the ref
Test (bun on macos-latest)	UNKNOWN STEP	2026-05-18T13:37:29.9986120Z [command]/opt/homebrew/bin/git checkout --progress --force -B main refs/remotes/origin/main
Test (bun on macos-latest)	UNKNOWN STEP	2026-05-18T13:37:30.1584260Z Switched to a new branch 'main'
Test (bun on macos-latest)	UNKNOWN STEP	2026-05-18T13:37:30.1605560Z branch 'main' set up to track 'origin/main'.
Test (bun on macos-latest)	UNKNOWN STEP	2026-05-18T13:37:30.1633480Z ##[endgroup]
Test (bun on macos-latest)	UNKNOWN STEP	2026-05-18T13:37:30.1764960Z [command]/opt/homebrew/bin/git log -1 --format=%H
Test (bun on macos-latest)	UNKNOWN STEP	2026-05-18T13:37:30.1863470Z 8910b98b665a650690c0d9e9188bbf6bec1e9d2c
Test (bun on macos-latest)	UNKNOWN STEP	2026-05-18T13:37:30.2270820Z ##[group]Run oven-sh/setup-bun@v2
Test (bun on macos-latest)	UNKNOWN STEP	2026-05-18T13:37:30.2271060Z with:
Test (bun on macos-latest)	UNKNOWN STEP	2026-05-18T13:37:30.2271220Z   bun-version: latest
Test (bun on macos-latest)	UNKNOWN STEP	2026-05-18T13:37:30.2271370Z   no-cache: false
Test (bun on macos-latest)	UNKNOWN STEP	2026-05-18T13:37:30.2271590Z   token: ***
Test (bun on macos-latest)	UNKNOWN STEP	2026-05-18T13:37:30.2271710Z env:
Test (bun on macos-latest)	UNKNOWN STEP	2026-05-18T13:37:30.2271820Z   NODE_VERSION: 24.x
Test (bun on macos-latest)	UNKNOWN STEP	2026-05-18T13:37:30.2271960Z   NPM_CONFIG_PROVENANCE: true
Test (bun on macos-latest)	UNKNOWN STEP	2026-05-18T13:37:30.2272150Z ##[endgroup]
Test (bun on macos-latest)	UNKNOWN STEP	2026-05-18T13:37:31.1739090Z Downloading a new version of Bun: https://github.com/oven-sh/bun/releases/download/bun-v1.3.14/bun-darwin-aarch64.zip
Test (bun on macos-latest)	UNKNOWN STEP	2026-05-18T13:37:31.6934340Z [command]/usr/bin/unzip -o -q /Users/runner/work/_temp/88a050bc-44d8-4327-b562-81967ab6f381.zip
Test (bun on macos-latest)	UNKNOWN STEP	2026-05-18T13:37:32.3281630Z [command]/Users/runner/.bun/bin/bun --revision
Test (bun on macos-latest)	UNKNOWN STEP	2026-05-18T13:37:32.3524460Z 1.3.14+0d9b296af
Test (bun on macos-latest)	UNKNOWN STEP	2026-05-18T13:37:32.3679170Z ##[group]Run bun install
Test (bun on macos-latest)	UNKNOWN STEP	2026-05-18T13:37:32.3679480Z ^[[36;1mbun install^[[0m
Test (bun on macos-latest)	UNKNOWN STEP	2026-05-18T13:37:32.3779540Z shell: /bin/bash -e {0}
Test (bun on macos-latest)	UNKNOWN STEP	2026-05-18T13:37:32.3781780Z env:
Test (bun on macos-latest)	UNKNOWN STEP	2026-05-18T13:37:32.3782450Z   NODE_VERSION: 24.x
Test (bun on macos-latest)	UNKNOWN STEP	2026-05-18T13:37:32.3782900Z   NPM_CONFIG_PROVENANCE: true
Test (bun on macos-latest)	UNKNOWN STEP	2026-05-18T13:37:32.3785090Z ##[endgroup]
Test (bun on macos-latest)	UNKNOWN STEP	2026-05-18T13:37:32.4644810Z bun install v1.3.14 (0d9b296a)
Test (bun on macos-latest)	UNKNOWN STEP	2026-05-18T13:37:32.4698220Z [3.74ms] migrated lockfile from package-lock.json
Test (bun on macos-latest)	UNKNOWN STEP	2026-05-18T13:37:33.6396750Z Saved lockfile
Test (bun on macos-latest)	UNKNOWN STEP	2026-05-18T13:37:33.6397270Z
Test (bun on macos-latest)	UNKNOWN STEP	2026-05-18T13:37:33.6408940Z + links-notation@0.13.0
Test (bun on macos-latest)	UNKNOWN STEP	2026-05-18T13:37:33.6409970Z + lino-arguments@0.3.0
Test (bun on macos-latest)	UNKNOWN STEP	2026-05-18T13:37:33.6410610Z + lino-objects-codec@0.4.0
Test (bun on macos-latest)	UNKNOWN STEP	2026-05-18T13:37:33.6411200Z + @changesets/cli@2.31.0
Test (bun on macos-latest)	UNKNOWN STEP	2026-05-18T13:37:33.6411790Z + @eslint/js@10.0.1
Test (bun on macos-latest)	UNKNOWN STEP	2026-05-18T13:37:33.6412530Z + eslint@10.4.0
Test (bun on macos-latest)	UNKNOWN STEP	2026-05-18T13:37:33.6413150Z + eslint-config-prettier@10.1.8
Test (bun on macos-latest)	UNKNOWN STEP	2026-05-18T13:37:33.6413910Z + eslint-plugin-prettier@5.5.5
Test (bun on macos-latest)	UNKNOWN STEP	2026-05-18T13:37:33.6414840Z + jscpd@4.2.2
Test (bun on macos-latest)	UNKNOWN STEP	2026-05-18T13:37:33.6415430Z + prettier@3.8.3
Test (bun on macos-latest)	UNKNOWN STEP	2026-05-18T13:37:33.6416110Z + test-anywhere@0.9.1
Test (bun on macos-latest)	UNKNOWN STEP	2026-05-18T13:37:33.6416400Z
Test (bun on macos-latest)	UNKNOWN STEP	2026-05-18T13:37:33.6416930Z 295 packages installed [1178.00ms]
Test (bun on macos-latest)	UNKNOWN STEP	2026-05-18T13:37:33.6534930Z ##[group]Run bun test --timeout 30000
Test (bun on macos-latest)	UNKNOWN STEP	2026-05-18T13:37:33.6535280Z ^[[36;1mbun test --timeout 30000^[[0m
Test (bun on macos-latest)	UNKNOWN STEP	2026-05-18T13:37:33.6566360Z shell: /bin/bash -e {0}
Test (bun on macos-latest)	UNKNOWN STEP	2026-05-18T13:37:33.6566540Z env:
Test (bun on macos-latest)	UNKNOWN STEP	2026-05-18T13:37:33.6566680Z   NODE_VERSION: 24.x
Test (bun on macos-latest)	UNKNOWN STEP	2026-05-18T13:37:33.6566910Z   NPM_CONFIG_PROVENANCE: true
Test (bun on macos-latest)	UNKNOWN STEP	2026-05-18T13:37:33.6567090Z ##[endgroup]
Test (bun on macos-latest)	UNKNOWN STEP	2026-05-18T13:37:33.7241380Z bun test v1.3.14 (0d9b296a)
Test (bun on macos-latest)	UNKNOWN STEP	2026-05-18T13:37:33.7413830Z
Test (bun on macos-latest)	UNKNOWN STEP	2026-05-18T13:37:33.7415590Z ##[group]tests/i18n.test.js:
Test (bun on macos-latest)	UNKNOWN STEP	2026-05-18T13:37:33.7687540Z (pass) interpolate replaces {{var}} and {var} [0.38ms]
Test (bun on macos-latest)	UNKNOWN STEP	2026-05-18T13:37:33.7760270Z (pass) pluralSuffix follows CLDR rules [7.29ms]
Test (bun on macos-latest)	UNKNOWN STEP	2026-05-18T13:37:33.7774280Z (pass) parseLinoCatalog round-trips with formatLinoCatalog [1.44ms]
Test (bun on macos-latest)	UNKNOWN STEP	2026-05-18T13:37:33.7776220Z (pass) parseLinoCatalog flattens nested groups and selector variants [0.25ms]
Test (bun on macos-latest)	UNKNOWN STEP	2026-05-18T13:37:33.7778070Z (pass) parseLinoCatalog flattens Hive Mind style deep multiline catalogues [0.18ms]
Test (bun on macos-latest)	UNKNOWN STEP	2026-05-18T13:37:33.7779840Z (pass) parseLinoCatalogs accepts bundled multi-locale files [0.12ms]
Test (bun on macos-latest)	UNKNOWN STEP	2026-05-18T13:37:33.7781120Z (pass) parseLinoCatalog can expand compatibility aliases while loading [0.17ms]
Test (bun on macos-latest)	UNKNOWN STEP	2026-05-18T13:37:33.7784070Z (pass) formatLinoCatalog emits nested catalogue syntax by default [0.28ms]
Test (bun on macos-latest)	UNKNOWN STEP	2026-05-18T13:37:33.7785670Z (pass) formatLinoCatalog preserves scalar parent translations as labels [0.09ms]
Test (bun on macos-latest)	UNKNOWN STEP	2026-05-18T13:37:33.7787150Z (pass) parseLinoCatalog aliases nested label children to their parent key [0.05ms]
Test (bun on macos-latest)	UNKNOWN STEP	2026-05-18T13:37:33.7788550Z (pass) label aliases preserve selector suffix groups [0.13ms]
Test (bun on macos-latest)	UNKNOWN STEP	2026-05-18T13:37:33.7789780Z (pass) createI18n resolves missing keys via fallback [0.31ms]
Test (bun on macos-latest)	UNKNOWN STEP	2026-05-18T13:37:33.7854550Z (pass) createI18n applies CLDR plurals per locale [5.65ms]
Test (bun on macos-latest)	UNKNOWN STEP	2026-05-18T13:37:33.7874600Z (pass) loadLocalesFromDirectory merges bundled and per-language files [2.63ms]
Test (bun on macos-latest)	UNKNOWN STEP	2026-05-18T13:37:33.7889160Z (pass) createI18n.loadLocaleFile registers bundled locale files [1.45ms]
Test (bun on macos-latest)	UNKNOWN STEP	2026-05-18T13:37:33.7890800Z (pass) createI18n falls back to onMissingKey when set [0.09ms]
Test (bun on macos-latest)	UNKNOWN STEP	2026-05-18T13:37:33.7892200Z (pass) createI18n exposes context (gender) suffixes [0.05ms]
Test (bun on macos-latest)	UNKNOWN STEP	2026-05-18T13:37:33.7893360Z (pass) createI18n exposes namespace-prefixed keys [0.04ms]
Test (bun on macos-latest)	UNKNOWN STEP	2026-05-18T13:37:33.7894860Z (pass) expandCompatibilityAliases adds migration aliases without overwriting explicit keys [0.04ms]
Test (bun on macos-latest)	UNKNOWN STEP	2026-05-18T13:37:33.7896500Z (pass) createI18n can expose underscore-tail migration aliases [0.04ms]
Test (bun on macos-latest)	UNKNOWN STEP	2026-05-18T13:37:33.7901350Z (pass) createI18n resolves label aliases while explicit keys win [0.05ms]
Test (bun on macos-latest)	UNKNOWN STEP	2026-05-18T13:37:33.7902270Z
Test (bun on macos-latest)	UNKNOWN STEP	2026-05-18T13:37:33.7903710Z ##[endgroup]
Test (bun on macos-latest)	UNKNOWN STEP	2026-05-18T13:37:33.7904250Z
Test (bun on macos-latest)	UNKNOWN STEP	2026-05-18T13:37:33.7905200Z ##[group]tests/cli.test.js:
Test (bun on macos-latest)	UNKNOWN STEP	2026-05-18T13:37:33.7947850Z (pass) convert i18next JSON to .lino [2.94ms]
Test (bun on macos-latest)	UNKNOWN STEP	2026-05-18T13:37:33.7970620Z (pass) convert can bundle multiple locales into one .lino file [2.29ms]
Test (bun on macos-latest)	UNKNOWN STEP	2026-05-18T13:37:33.7988130Z (pass) convert reads defaults from a JSON config file [1.77ms]
Test (bun on macos-latest)	UNKNOWN STEP	2026-05-18T13:37:33.8022430Z (pass) check reports missing keys against a reference locale [2.23ms]
Test (bun on macos-latest)	UNKNOWN STEP	2026-05-18T13:37:33.8042960Z (pass) t command translates a key with parameters [2.42ms]
Test (bun on macos-latest)	UNKNOWN STEP	2026-05-18T13:37:33.8045800Z
Test (bun on macos-latest)	UNKNOWN STEP	2026-05-18T13:37:33.8050220Z ##[endgroup]
Test (bun on macos-latest)	UNKNOWN STEP	2026-05-18T13:37:33.8052690Z
Test (bun on macos-latest)	UNKNOWN STEP	2026-05-18T13:37:33.8056270Z ##[group]tests/package-metadata.test.js:
Test (bun on macos-latest)	UNKNOWN STEP	2026-05-18T13:37:35.5609780Z (pass) npm package dry-run contains the publishable runtime surface [1750.40ms]
Test (bun on macos-latest)	UNKNOWN STEP	2026-05-18T13:37:35.5613620Z
Test (bun on macos-latest)	UNKNOWN STEP	2026-05-18T13:37:35.5615850Z ##[endgroup]
Test (bun on macos-latest)	UNKNOWN STEP	2026-05-18T13:37:35.5617990Z
Test (bun on macos-latest)	UNKNOWN STEP	2026-05-18T13:37:35.5620000Z ##[group]tests/converters.test.js:
Test (bun on macos-latest)	UNKNOWN STEP	2026-05-18T13:37:35.5678400Z (pass) fromI18next flattens nested keys with dot separator [1.63ms]
Test (bun on macos-latest)	UNKNOWN STEP	2026-05-18T13:37:35.5681610Z (pass) fromI18next supports namespace shape with `ns:` prefix [0.41ms]
Test (bun on macos-latest)	UNKNOWN STEP	2026-05-18T13:37:35.5683180Z (pass) fromI18next defaults to provided locale when input is a single catalogue [0.12ms]
Test (bun on macos-latest)	UNKNOWN STEP	2026-05-18T13:37:35.5695690Z (pass) fromI18nJs rewrites %{var} into {{var}} [1.18ms]
Test (bun on macos-latest)	UNKNOWN STEP	2026-05-18T13:37:35.5706590Z (pass) fromReactIntl handles plain ICU strings [0.86ms]
Test (bun on macos-latest)	UNKNOWN STEP	2026-05-18T13:37:35.5709730Z (pass) fromReactIntl extracts defaultMessage [0.05ms]
Test (bun on macos-latest)	UNKNOWN STEP	2026-05-18T13:37:35.5714270Z (pass) fromReactIntl decompiles compiled AST nodes [0.95ms]
Test (bun on macos-latest)	UNKNOWN STEP	2026-05-18T13:37:35.5716950Z
Test (bun on macos-latest)	UNKNOWN STEP	2026-05-18T13:37:35.5718090Z ##[endgroup]
Test (bun on macos-latest)	UNKNOWN STEP	2026-05-18T13:37:35.5718290Z
Test (bun on macos-latest)	UNKNOWN STEP	2026-05-18T13:37:35.5718660Z ##[group]tests/release-delivery.test.js:
Test (bun on macos-latest)	UNKNOWN STEP	2026-05-18T13:37:35.5833250Z (pass) delivery jobs keep running after optional release gates are skipped [2.68ms]
Test (bun on macos-latest)	UNKNOWN STEP	2026-05-18T13:37:35.5839570Z (pass) root README advertises package, release, and CI/CD status badges [0.61ms]
Test (bun on macos-latest)	UNKNOWN STEP	2026-05-18T13:37:35.5843760Z (pass) JavaScript GitHub release notes include package and CI/CD badges [0.48ms]
Test (bun on macos-latest)	UNKNOWN STEP	2026-05-18T13:37:35.5847910Z
Test (bun on macos-latest)	UNKNOWN STEP	2026-05-18T13:37:35.5850860Z ##[endgroup]
Test (bun on macos-latest)	UNKNOWN STEP	2026-05-18T13:37:35.5851240Z
Test (bun on macos-latest)	UNKNOWN STEP	2026-05-18T13:37:35.5851400Z  37 pass
Test (bun on macos-latest)	UNKNOWN STEP	2026-05-18T13:37:35.5852050Z  0 fail
Test (bun on macos-latest)	UNKNOWN STEP	2026-05-18T13:37:35.5852610Z Ran 37 tests across 5 files. [1.86s]
Test (bun on macos-latest)	UNKNOWN STEP	2026-05-18T13:37:35.5997370Z Post job cleanup.
Test (bun on macos-latest)	UNKNOWN STEP	2026-05-18T13:37:35.8927510Z Post job cleanup.
Test (bun on macos-latest)	UNKNOWN STEP	2026-05-18T13:37:35.9919860Z [command]/opt/homebrew/bin/git version
Test (bun on macos-latest)	UNKNOWN STEP	2026-05-18T13:37:36.0015300Z git version 2.54.0
Test (bun on macos-latest)	UNKNOWN STEP	2026-05-18T13:37:36.0037650Z Copying '/Users/runner/.gitconfig' to '/Users/runner/work/_temp/75b34d03-04d5-469a-80fc-1a4f1787a7c0/.gitconfig'
Test (bun on macos-latest)	UNKNOWN STEP	2026-05-18T13:37:36.0044920Z Temporarily overriding HOME='/Users/runner/work/_temp/75b34d03-04d5-469a-80fc-1a4f1787a7c0' before making global git config changes
Test (bun on macos-latest)	UNKNOWN STEP	2026-05-18T13:37:36.0045650Z Adding repository directory to the temporary git global config as a safe directory
Test (bun on macos-latest)	UNKNOWN STEP	2026-05-18T13:37:36.0049150Z [command]/opt/homebrew/bin/git config --global --add safe.directory /Users/runner/work/lino-i18n/lino-i18n
Test (bun on macos-latest)	UNKNOWN STEP	2026-05-18T13:37:36.0112000Z Removing SSH command configuration
Test (bun on macos-latest)	UNKNOWN STEP	2026-05-18T13:37:36.0116520Z [command]/opt/homebrew/bin/git config --local --name-only --get-regexp core\.sshCommand
Test (bun on macos-latest)	UNKNOWN STEP	2026-05-18T13:37:36.0214470Z [command]/opt/homebrew/bin/git submodule foreach --recursive sh -c "git config --local --name-only --get-regexp 'core\.sshCommand' && git config --local --unset-all 'core.sshCommand' || :"
Test (bun on macos-latest)	UNKNOWN STEP	2026-05-18T13:37:36.1277660Z Removing HTTP extra header
Test (bun on macos-latest)	UNKNOWN STEP	2026-05-18T13:37:36.1279810Z [command]/opt/homebrew/bin/git config --local --name-only --get-regexp http\.https\:\/\/github\.com\/\.extraheader
Test (bun on macos-latest)	UNKNOWN STEP	2026-05-18T13:37:36.1358680Z [command]/opt/homebrew/bin/git submodule foreach --recursive sh -c "git config --local --name-only --get-regexp 'http\.https\:\/\/github\.com\/\.extraheader' && git config --local --unset-all 'http.https://github.com/.extraheader' || :"
Test (bun on macos-latest)	UNKNOWN STEP	2026-05-18T13:37:36.2528610Z Removing includeIf entries pointing to credentials config files
Test (bun on macos-latest)	UNKNOWN STEP	2026-05-18T13:37:36.2536330Z [command]/opt/homebrew/bin/git config --local --name-only --get-regexp ^includeIf\.gitdir:
Test (bun on macos-latest)	UNKNOWN STEP	2026-05-18T13:37:36.2650280Z includeif.gitdir:/Users/runner/work/lino-i18n/lino-i18n/.git.path
Test (bun on macos-latest)	UNKNOWN STEP	2026-05-18T13:37:36.2677770Z includeif.gitdir:/Users/runner/work/lino-i18n/lino-i18n/.git/worktrees/*.path
Test (bun on macos-latest)	UNKNOWN STEP	2026-05-18T13:37:36.2682650Z includeif.gitdir:/github/workspace/.git.path
Test (bun on macos-latest)	UNKNOWN STEP	2026-05-18T13:37:36.2685100Z includeif.gitdir:/github/workspace/.git/worktrees/*.path
Test (bun on macos-latest)	UNKNOWN STEP	2026-05-18T13:37:36.2689160Z [command]/opt/homebrew/bin/git config --local --get-all includeif.gitdir:/Users/runner/work/lino-i18n/lino-i18n/.git.path
Test (bun on macos-latest)	UNKNOWN STEP	2026-05-18T13:37:36.2739850Z /Users/runner/work/_temp/git-credentials-75ee83d6-d89a-4ee0-9802-44017c84fc30.config
Test (bun on macos-latest)	UNKNOWN STEP	2026-05-18T13:37:36.2749310Z [command]/opt/homebrew/bin/git config --local --unset includeif.gitdir:/Users/runner/work/lino-i18n/lino-i18n/.git.path /Users/runner/work/_temp/git-credentials-75ee83d6-d89a-4ee0-9802-44017c84fc30.config
Test (bun on macos-latest)	UNKNOWN STEP	2026-05-18T13:37:36.2833070Z [command]/opt/homebrew/bin/git config --local --get-all includeif.gitdir:/Users/runner/work/lino-i18n/lino-i18n/.git/worktrees/*.path
Test (bun on macos-latest)	UNKNOWN STEP	2026-05-18T13:37:36.2974830Z /Users/runner/work/_temp/git-credentials-75ee83d6-d89a-4ee0-9802-44017c84fc30.config
Test (bun on macos-latest)	UNKNOWN STEP	2026-05-18T13:37:36.2987860Z [command]/opt/homebrew/bin/git config --local --unset includeif.gitdir:/Users/runner/work/lino-i18n/lino-i18n/.git/worktrees/*.path /Users/runner/work/_temp/git-credentials-75ee83d6-d89a-4ee0-9802-44017c84fc30.config
Test (bun on macos-latest)	UNKNOWN STEP	2026-05-18T13:37:36.3134360Z [command]/opt/homebrew/bin/git config --local --get-all includeif.gitdir:/github/workspace/.git.path
Test (bun on macos-latest)	UNKNOWN STEP	2026-05-18T13:37:36.3175960Z /github/runner_temp/git-credentials-75ee83d6-d89a-4ee0-9802-44017c84fc30.config
Test (bun on macos-latest)	UNKNOWN STEP	2026-05-18T13:37:36.3451080Z [command]/opt/homebrew/bin/git config --local --unset includeif.gitdir:/github/workspace/.git.path /github/runner_temp/git-credentials-75ee83d6-d89a-4ee0-9802-44017c84fc30.config
Test (bun on macos-latest)	UNKNOWN STEP	2026-05-18T13:37:36.3566550Z [command]/opt/homebrew/bin/git config --local --get-all includeif.gitdir:/github/workspace/.git/worktrees/*.path
Test (bun on macos-latest)	UNKNOWN STEP	2026-05-18T13:37:36.3620940Z /github/runner_temp/git-credentials-75ee83d6-d89a-4ee0-9802-44017c84fc30.config
Test (bun on macos-latest)	UNKNOWN STEP	2026-05-18T13:37:36.3671790Z [command]/opt/homebrew/bin/git config --local --unset includeif.gitdir:/github/workspace/.git/worktrees/*.path /github/runner_temp/git-credentials-75ee83d6-d89a-4ee0-9802-44017c84fc30.config
Test (bun on macos-latest)	UNKNOWN STEP	2026-05-18T13:37:36.3717400Z [command]/opt/homebrew/bin/git submodule foreach --recursive git config --local --show-origin --name-only --get-regexp remote.origin.url
Test (bun on macos-latest)	UNKNOWN STEP	2026-05-18T13:37:36.4684770Z Removing credentials config '/Users/runner/work/_temp/git-credentials-75ee83d6-d89a-4ee0-9802-44017c84fc30.config'
Test (bun on macos-latest)	UNKNOWN STEP	2026-05-18T13:37:36.4751400Z Cleaning up orphan processes
Test (node on macos-latest)	UNKNOWN STEP	﻿2026-05-18T13:37:24.2875660Z Current runner version: '2.334.0'
Test (node on macos-latest)	UNKNOWN STEP	2026-05-18T13:37:24.2905950Z ##[group]Runner Image Provisioner
Test (node on macos-latest)	UNKNOWN STEP	2026-05-18T13:37:24.2907260Z Hosted Compute Agent
Test (node on macos-latest)	UNKNOWN STEP	2026-05-18T13:37:24.2908110Z Version: 20260422.526
Test (node on macos-latest)	UNKNOWN STEP	2026-05-18T13:37:24.2908520Z Commit: e1a9e573f4d0838b3a7c1b07401aeb29ed3635a9
Test (node on macos-latest)	UNKNOWN STEP	2026-05-18T13:37:24.2908950Z Build Date: 2026-04-22T09:31:31Z
Test (node on macos-latest)	UNKNOWN STEP	2026-05-18T13:37:24.2909350Z Worker ID: {a75e4c5a-d0c7-4f6f-b796-9d3513d9835e}
Test (node on macos-latest)	UNKNOWN STEP	2026-05-18T13:37:24.2909770Z Azure Region: westus
Test (node on macos-latest)	UNKNOWN STEP	2026-05-18T13:37:24.2910100Z ##[endgroup]
Test (node on macos-latest)	UNKNOWN STEP	2026-05-18T13:37:24.2914950Z ##[group]Operating System
Test (node on macos-latest)	UNKNOWN STEP	2026-05-18T13:37:24.2915910Z macOS
Test (node on macos-latest)	UNKNOWN STEP	2026-05-18T13:37:24.2916660Z 15.7.4
Test (node on macos-latest)	UNKNOWN STEP	2026-05-18T13:37:24.2917350Z 24G517
Test (node on macos-latest)	UNKNOWN STEP	2026-05-18T13:37:24.2918030Z ##[endgroup]
Test (node on macos-latest)	UNKNOWN STEP	2026-05-18T13:37:24.2918820Z ##[group]Runner Image
Test (node on macos-latest)	UNKNOWN STEP	2026-05-18T13:37:24.2919670Z Image: macos-15-arm64
Test (node on macos-latest)	UNKNOWN STEP	2026-05-18T13:37:24.2920780Z Version: 20260427.0018.1
Test (node on macos-latest)	UNKNOWN STEP	2026-05-18T13:37:24.2923130Z Included Software: https://github.com/actions/runner-images/blob/macos-15-arm64/20260427.0018/images/macos/macos-15-arm64-Readme.md
Test (node on macos-latest)	UNKNOWN STEP	2026-05-18T13:37:24.2925620Z Image Release: https://github.com/actions/runner-images/releases/tag/macos-15-arm64%2F20260427.0018
Test (node on macos-latest)	UNKNOWN STEP	2026-05-18T13:37:24.2926280Z ##[endgroup]
Test (node on macos-latest)	UNKNOWN STEP	2026-05-18T13:37:24.2927100Z ##[group]GITHUB_TOKEN Permissions
Test (node on macos-latest)	UNKNOWN STEP	2026-05-18T13:37:24.2928950Z Contents: write
Test (node on macos-latest)	UNKNOWN STEP	2026-05-18T13:37:24.2929250Z Metadata: read
Test (node on macos-latest)	UNKNOWN STEP	2026-05-18T13:37:24.2929540Z Pages: write
Test (node on macos-latest)	UNKNOWN STEP	2026-05-18T13:37:24.2929830Z PullRequests: write
Test (node on macos-latest)	UNKNOWN STEP	2026-05-18T13:37:24.2930130Z ##[endgroup]
Test (node on macos-latest)	UNKNOWN STEP	2026-05-18T13:37:24.2931700Z Secret source: Actions
Test (node on macos-latest)	UNKNOWN STEP	2026-05-18T13:37:24.2932530Z Prepare workflow directory
Test (node on macos-latest)	UNKNOWN STEP	2026-05-18T13:37:24.3277790Z Prepare all required actions
Test (node on macos-latest)	UNKNOWN STEP	2026-05-18T13:37:24.3310440Z Getting action download info
Test (node on macos-latest)	UNKNOWN STEP	2026-05-18T13:37:24.8711660Z Download action repository 'actions/checkout@v6' (SHA:de0fac2e4500dabe0009e67214ff5f5447ce83dd)
Test (node on macos-latest)	UNKNOWN STEP	2026-05-18T13:37:25.1996730Z Download action repository 'actions/setup-node@v6' (SHA:48b55a011bda9f5d6aeb4c2d9c7362e8dae4041e)
Test (node on macos-latest)	UNKNOWN STEP	2026-05-18T13:37:25.3209540Z Download action repository 'oven-sh/setup-bun@v2' (SHA:0c5077e51419868618aeaa5fe8019c62421857d6)
Test (node on macos-latest)	UNKNOWN STEP	2026-05-18T13:37:25.7490550Z Download action repository 'denoland/setup-deno@v2' (SHA:667a34cdef165d8d2b2e98dde39547c9daac7282)
Test (node on macos-latest)	UNKNOWN STEP	2026-05-18T13:37:26.2147480Z Complete job name: Test (node on macos-latest)
Test (node on macos-latest)	UNKNOWN STEP	2026-05-18T13:37:26.2645500Z ##[group]Run actions/checkout@v6
Test (node on macos-latest)	UNKNOWN STEP	2026-05-18T13:37:26.2646160Z with:
Test (node on macos-latest)	UNKNOWN STEP	2026-05-18T13:37:26.2646500Z   fetch-depth: 0
Test (node on macos-latest)	UNKNOWN STEP	2026-05-18T13:37:26.2646810Z   repository: link-foundation/lino-i18n
Test (node on macos-latest)	UNKNOWN STEP	2026-05-18T13:37:26.2647530Z   token: ***
Test (node on macos-latest)	UNKNOWN STEP	2026-05-18T13:37:26.2690280Z   ssh-strict: true
Test (node on macos-latest)	UNKNOWN STEP	2026-05-18T13:37:26.2690650Z   ssh-user: git
Test (node on macos-latest)	UNKNOWN STEP	2026-05-18T13:37:26.2690960Z   persist-credentials: true
Test (node on macos-latest)	UNKNOWN STEP	2026-05-18T13:37:26.2691290Z   clean: true
Test (node on macos-latest)	UNKNOWN STEP	2026-05-18T13:37:26.2691580Z   sparse-checkout-cone-mode: true
Test (node on macos-latest)	UNKNOWN STEP	2026-05-18T13:37:26.2691920Z   fetch-tags: false
Test (node on macos-latest)	UNKNOWN STEP	2026-05-18T13:37:26.2692210Z   show-progress: true
Test (node on macos-latest)	UNKNOWN STEP	2026-05-18T13:37:26.2692510Z   lfs: false
Test (node on macos-latest)	UNKNOWN STEP	2026-05-18T13:37:26.2692790Z   submodules: false
Test (node on macos-latest)	UNKNOWN STEP	2026-05-18T13:37:26.2693100Z   set-safe-directory: true
Test (node on macos-latest)	UNKNOWN STEP	2026-05-18T13:37:26.2694590Z env:
Test (node on macos-latest)	UNKNOWN STEP	2026-05-18T13:37:26.2694880Z   NODE_VERSION: 24.x
Test (node on macos-latest)	UNKNOWN STEP	2026-05-18T13:37:26.2695180Z   NPM_CONFIG_PROVENANCE: true
Test (node on macos-latest)	UNKNOWN STEP	2026-05-18T13:37:26.2695500Z ##[endgroup]
Test (node on macos-latest)	UNKNOWN STEP	2026-05-18T13:37:26.7919230Z Syncing repository: link-foundation/lino-i18n
Test (node on macos-latest)	UNKNOWN STEP	2026-05-18T13:37:26.8026000Z ##[group]Getting Git version info
Test (node on macos-latest)	UNKNOWN STEP	2026-05-18T13:37:26.8031730Z Working directory is '/Users/runner/work/lino-i18n/lino-i18n'
Test (node on macos-latest)	UNKNOWN STEP	2026-05-18T13:37:26.8033010Z [command]/opt/homebrew/bin/git version
Test (node on macos-latest)	UNKNOWN STEP	2026-05-18T13:37:26.8529540Z git version 2.54.0
Test (node on macos-latest)	UNKNOWN STEP	2026-05-18T13:37:26.8547860Z ##[endgroup]
Test (node on macos-latest)	UNKNOWN STEP	2026-05-18T13:37:26.8565670Z Copying '/Users/runner/.gitconfig' to '/Users/runner/work/_temp/71ef2891-9c79-4f46-bc8f-22015b92e666/.gitconfig'
Test (node on macos-latest)	UNKNOWN STEP	2026-05-18T13:37:26.8576330Z Temporarily overriding HOME='/Users/runner/work/_temp/71ef2891-9c79-4f46-bc8f-22015b92e666' before making global git config changes
Test (node on macos-latest)	UNKNOWN STEP	2026-05-18T13:37:26.8577510Z Adding repository directory to the temporary git global config as a safe directory
Test (node on macos-latest)	UNKNOWN STEP	2026-05-18T13:37:26.8588410Z [command]/opt/homebrew/bin/git config --global --add safe.directory /Users/runner/work/lino-i18n/lino-i18n
Test (node on macos-latest)	UNKNOWN STEP	2026-05-18T13:37:26.8970370Z Deleting the contents of '/Users/runner/work/lino-i18n/lino-i18n'
Test (node on macos-latest)	UNKNOWN STEP	2026-05-18T13:37:26.8972910Z ##[group]Initializing the repository
Test (node on macos-latest)	UNKNOWN STEP	2026-05-18T13:37:26.8976830Z [command]/opt/homebrew/bin/git init /Users/runner/work/lino-i18n/lino-i18n
Test (node on macos-latest)	UNKNOWN STEP	2026-05-18T13:37:26.9255270Z hint: Using 'master' as the name for the initial branch. This default branch name
Test (node on macos-latest)	UNKNOWN STEP	2026-05-18T13:37:26.9258240Z hint: will change to "main" in Git 3.0. To configure the initial branch name
Test (node on macos-latest)	UNKNOWN STEP	2026-05-18T13:37:26.9260410Z hint: to use in all of your new repositories, which will suppress this warning,
Test (node on macos-latest)	UNKNOWN STEP	2026-05-18T13:37:26.9262110Z hint: call:
Test (node on macos-latest)	UNKNOWN STEP	2026-05-18T13:37:26.9262680Z hint:
Test (node on macos-latest)	UNKNOWN STEP	2026-05-18T13:37:26.9263080Z hint: 	git config --global init.defaultBranch <name>
Test (node on macos-latest)	UNKNOWN STEP	2026-05-18T13:37:26.9263510Z hint:
Test (node on macos-latest)	UNKNOWN STEP	2026-05-18T13:37:26.9263920Z hint: Names commonly chosen instead of 'master' are 'main', 'trunk' and
Test (node on macos-latest)	UNKNOWN STEP	2026-05-18T13:37:26.9264590Z hint: 'development'. The just-created branch can be renamed via this command:
Test (node on macos-latest)	UNKNOWN STEP	2026-05-18T13:37:26.9265130Z hint:
Test (node on macos-latest)	UNKNOWN STEP	2026-05-18T13:37:26.9265530Z hint: 	git branch -m <name>
Test (node on macos-latest)	UNKNOWN STEP	2026-05-18T13:37:26.9265880Z hint:
Test (node on macos-latest)	UNKNOWN STEP	2026-05-18T13:37:26.9266330Z hint: Disable this message with "git config set advice.defaultBranchName false"
Test (node on macos-latest)	UNKNOWN STEP	2026-05-18T13:37:26.9267040Z Initialized empty Git repository in /Users/runner/work/lino-i18n/lino-i18n/.git/
Test (node on macos-latest)	UNKNOWN STEP	2026-05-18T13:37:26.9271000Z [command]/opt/homebrew/bin/git remote add origin https://github.com/link-foundation/lino-i18n
Test (node on macos-latest)	UNKNOWN STEP	2026-05-18T13:37:26.9364570Z ##[endgroup]
Test (node on macos-latest)	UNKNOWN STEP	2026-05-18T13:37:26.9366490Z ##[group]Disabling automatic garbage collection
Test (node on macos-latest)	UNKNOWN STEP	2026-05-18T13:37:26.9369030Z [command]/opt/homebrew/bin/git config --local gc.auto 0
Test (node on macos-latest)	UNKNOWN STEP	2026-05-18T13:37:26.9455590Z ##[endgroup]
Test (node on macos-latest)	UNKNOWN STEP	2026-05-18T13:37:26.9458090Z ##[group]Setting up auth
Test (node on macos-latest)	UNKNOWN STEP	2026-05-18T13:37:26.9458880Z Removing SSH command configuration
Test (node on macos-latest)	UNKNOWN STEP	2026-05-18T13:37:26.9459560Z [command]/opt/homebrew/bin/git config --local --name-only --get-regexp core\.sshCommand
Test (node on macos-latest)	UNKNOWN STEP	2026-05-18T13:37:26.9532790Z [command]/opt/homebrew/bin/git submodule foreach --recursive sh -c "git config --local --name-only --get-regexp 'core\.sshCommand' && git config --local --unset-all 'core.sshCommand' || :"
Test (node on macos-latest)	UNKNOWN STEP	2026-05-18T13:37:27.0819850Z Removing HTTP extra header
Test (node on macos-latest)	UNKNOWN STEP	2026-05-18T13:37:27.0822300Z [command]/opt/homebrew/bin/git config --local --name-only --get-regexp http\.https\:\/\/github\.com\/\.extraheader
Test (node on macos-latest)	UNKNOWN STEP	2026-05-18T13:37:27.0891130Z [command]/opt/homebrew/bin/git submodule foreach --recursive sh -c "git config --local --name-only --get-regexp 'http\.https\:\/\/github\.com\/\.extraheader' && git config --local --unset-all 'http.https://github.com/.extraheader' || :"
Test (node on macos-latest)	UNKNOWN STEP	2026-05-18T13:37:27.2182600Z Removing includeIf entries pointing to credentials config files
Test (node on macos-latest)	UNKNOWN STEP	2026-05-18T13:37:27.2285260Z [command]/opt/homebrew/bin/git config --local --name-only --get-regexp ^includeIf\.gitdir:
Test (node on macos-latest)	UNKNOWN STEP	2026-05-18T13:37:27.2327750Z [command]/opt/homebrew/bin/git submodule foreach --recursive git config --local --show-origin --name-only --get-regexp remote.origin.url
Test (node on macos-latest)	UNKNOWN STEP	2026-05-18T13:37:27.3059310Z [command]/opt/homebrew/bin/git config --file /Users/runner/work/_temp/git-credentials-4b8bdeaf-723f-478d-92be-fc7c60c001f2.config http.https://github.com/.extraheader AUTHORIZATION: basic ***
Test (node on macos-latest)	UNKNOWN STEP	2026-05-18T13:37:27.3139210Z [command]/opt/homebrew/bin/git config --local includeIf.gitdir:/Users/runner/work/lino-i18n/lino-i18n/.git.path /Users/runner/work/_temp/git-credentials-4b8bdeaf-723f-478d-92be-fc7c60c001f2.config
Test (node on macos-latest)	UNKNOWN STEP	2026-05-18T13:37:27.3281690Z [command]/opt/homebrew/bin/git config --local includeIf.gitdir:/Users/runner/work/lino-i18n/lino-i18n/.git/worktrees/*.path /Users/runner/work/_temp/git-credentials-4b8bdeaf-723f-478d-92be-fc7c60c001f2.config
Test (node on macos-latest)	UNKNOWN STEP	2026-05-18T13:37:27.3341290Z [command]/opt/homebrew/bin/git config --local includeIf.gitdir:/github/workspace/.git.path /github/runner_temp/git-credentials-4b8bdeaf-723f-478d-92be-fc7c60c001f2.config
Test (node on macos-latest)	UNKNOWN STEP	2026-05-18T13:37:27.3428050Z [command]/opt/homebrew/bin/git config --local includeIf.gitdir:/github/workspace/.git/worktrees/*.path /github/runner_temp/git-credentials-4b8bdeaf-723f-478d-92be-fc7c60c001f2.config
Test (node on macos-latest)	UNKNOWN STEP	2026-05-18T13:37:27.3494840Z ##[endgroup]
Test (node on macos-latest)	UNKNOWN STEP	2026-05-18T13:37:27.3495700Z ##[group]Fetching the repository
Test (node on macos-latest)	UNKNOWN STEP	2026-05-18T13:37:27.3505650Z [command]/opt/homebrew/bin/git -c protocol.version=2 fetch --no-tags --prune --no-recurse-submodules origin +refs/heads/*:refs/remotes/origin/* +refs/tags/*:refs/tags/*
Test (node on macos-latest)	UNKNOWN STEP	2026-05-18T13:37:28.3966210Z From https://github.com/link-foundation/lino-i18n
Test (node on macos-latest)	UNKNOWN STEP	2026-05-18T13:37:28.4066810Z  * [new branch]      issue-1-76ffa2dc55cc  -> origin/issue-1-76ffa2dc55cc
Test (node on macos-latest)	UNKNOWN STEP	2026-05-18T13:37:28.4261860Z  * [new branch]      issue-10-6657adb31046 -> origin/issue-10-6657adb31046
Test (node on macos-latest)	UNKNOWN STEP	2026-05-18T13:37:28.4266590Z  * [new branch]      issue-11-b5c8ef3bbd84 -> origin/issue-11-b5c8ef3bbd84
Test (node on macos-latest)	UNKNOWN STEP	2026-05-18T13:37:28.4273830Z  * [new branch]      issue-12-3c4f596e0c67 -> origin/issue-12-3c4f596e0c67
Test (node on macos-latest)	UNKNOWN STEP	2026-05-18T13:37:28.4275080Z  * [new branch]      issue-3-b3eb0917c317  -> origin/issue-3-b3eb0917c317
Test (node on macos-latest)	UNKNOWN STEP	2026-05-18T13:37:28.4275920Z  * [new branch]      issue-5-169afc4a2006  -> origin/issue-5-169afc4a2006
Test (node on macos-latest)	UNKNOWN STEP	2026-05-18T13:37:28.4276930Z  * [new branch]      issue-5-35d32a59c464  -> origin/issue-5-35d32a59c464
Test (node on macos-latest)	UNKNOWN STEP	2026-05-18T13:37:28.4277750Z  * [new branch]      issue-8-ca918c4d7d4c  -> origin/issue-8-ca918c4d7d4c
Test (node on macos-latest)	UNKNOWN STEP	2026-05-18T13:37:28.4278480Z  * [new branch]      main                  -> origin/main
Test (node on macos-latest)	UNKNOWN STEP	2026-05-18T13:37:28.4279160Z  * [new tag]         js-v0.0.1             -> js-v0.0.1
Test (node on macos-latest)	UNKNOWN STEP	2026-05-18T13:37:28.4279800Z  * [new tag]         rust-v0.0.1           -> rust-v0.0.1
Test (node on macos-latest)	UNKNOWN STEP	2026-05-18T13:37:28.4282130Z [command]/opt/homebrew/bin/git branch --list --remote origin/main
Test (node on macos-latest)	UNKNOWN STEP	2026-05-18T13:37:28.4282880Z   origin/main
Test (node on macos-latest)	UNKNOWN STEP	2026-05-18T13:37:28.4284310Z [command]/opt/homebrew/bin/git rev-parse refs/remotes/origin/main
Test (node on macos-latest)	UNKNOWN STEP	2026-05-18T13:37:28.4285040Z 8910b98b665a650690c0d9e9188bbf6bec1e9d2c
Test (node on macos-latest)	UNKNOWN STEP	2026-05-18T13:37:28.4286870Z ##[endgroup]
Test (node on macos-latest)	UNKNOWN STEP	2026-05-18T13:37:28.4287850Z ##[group]Determining the checkout info
Test (node on macos-latest)	UNKNOWN STEP	2026-05-18T13:37:28.4290120Z ##[endgroup]
Test (node on macos-latest)	UNKNOWN STEP	2026-05-18T13:37:28.4291160Z [command]/opt/homebrew/bin/git sparse-checkout disable
Test (node on macos-latest)	UNKNOWN STEP	2026-05-18T13:37:28.4321480Z [command]/opt/homebrew/bin/git config --local --unset-all extensions.worktreeConfig
Test (node on macos-latest)	UNKNOWN STEP	2026-05-18T13:37:28.4437440Z ##[group]Checking out the ref
Test (node on macos-latest)	UNKNOWN STEP	2026-05-18T13:37:28.4441200Z [command]/opt/homebrew/bin/git checkout --progress --force -B main refs/remotes/origin/main
Test (node on macos-latest)	UNKNOWN STEP	2026-05-18T13:37:28.5790960Z Switched to a new branch 'main'
Test (node on macos-latest)	UNKNOWN STEP	2026-05-18T13:37:28.5797040Z branch 'main' set up to track 'origin/main'.
Test (node on macos-latest)	UNKNOWN STEP	2026-05-18T13:37:28.5847860Z ##[endgroup]
Test (node on macos-latest)	UNKNOWN STEP	2026-05-18T13:37:28.5883140Z [command]/opt/homebrew/bin/git log -1 --format=%H
Test (node on macos-latest)	UNKNOWN STEP	2026-05-18T13:37:28.6003810Z 8910b98b665a650690c0d9e9188bbf6bec1e9d2c
Test (node on macos-latest)	UNKNOWN STEP	2026-05-18T13:37:28.6273200Z ##[group]Run actions/setup-node@v6
Test (node on macos-latest)	UNKNOWN STEP	2026-05-18T13:37:28.6273850Z with:
Test (node on macos-latest)	UNKNOWN STEP	2026-05-18T13:37:28.6274320Z   node-version: 24.x
Test (node on macos-latest)	UNKNOWN STEP	2026-05-18T13:37:28.6274780Z   cache: npm
Test (node on macos-latest)	UNKNOWN STEP	2026-05-18T13:37:28.6275270Z   cache-dependency-path: js/package-lock.json
Test (node on macos-latest)	UNKNOWN STEP	2026-05-18T13:37:28.6275840Z   check-latest: false
Test (node on macos-latest)	UNKNOWN STEP	2026-05-18T13:37:28.6276490Z   token: ***
Test (node on macos-latest)	UNKNOWN STEP	2026-05-18T13:37:28.6276970Z   package-manager-cache: true
Test (node on macos-latest)	UNKNOWN STEP	2026-05-18T13:37:28.6277480Z env:
Test (node on macos-latest)	UNKNOWN STEP	2026-05-18T13:37:28.6279990Z   NODE_VERSION: 24.x
Test (node on macos-latest)	UNKNOWN STEP	2026-05-18T13:37:28.6281360Z   NPM_CONFIG_PROVENANCE: true
Test (node on macos-latest)	UNKNOWN STEP	2026-05-18T13:37:28.6282660Z ##[endgroup]
Test (node on macos-latest)	UNKNOWN STEP	2026-05-18T13:37:28.8902500Z Found in cache @ /Users/runner/hostedtoolcache/node/24.15.0/arm64
Test (node on macos-latest)	UNKNOWN STEP	2026-05-18T13:37:28.8903960Z ##[group]Environment details
Test (node on macos-latest)	UNKNOWN STEP	2026-05-18T13:37:29.8092040Z node: v24.15.0
Test (node on macos-latest)	UNKNOWN STEP	2026-05-18T13:37:29.8172870Z npm: 11.12.1
Test (node on macos-latest)	UNKNOWN STEP	2026-05-18T13:37:29.8203630Z yarn: 1.22.22
Test (node on macos-latest)	UNKNOWN STEP	2026-05-18T13:37:29.8210690Z ##[endgroup]
Test (node on macos-latest)	UNKNOWN STEP	2026-05-18T13:37:29.8249420Z [command]/Users/runner/hostedtoolcache/node/24.15.0/arm64/bin/npm config get cache
Test (node on macos-latest)	UNKNOWN STEP	2026-05-18T13:37:30.1654380Z /Users/runner/.npm
Test (node on macos-latest)	UNKNOWN STEP	2026-05-18T13:37:30.5240990Z Cache hit for: node-cache-macOS-arm64-npm-f5808b7053f8307b6f76624b32fb00f08c636293d1963c60dc6594d21979e698
Test (node on macos-latest)	UNKNOWN STEP	2026-05-18T13:37:31.8557450Z Received 379315 of 17156531 (2.2%), 0.4 MBs/sec
Test (node on macos-latest)	UNKNOWN STEP	2026-05-18T13:37:32.3833770Z Received 17156531 of 17156531 (100.0%), 10.6 MBs/sec
Test (node on macos-latest)	UNKNOWN STEP	2026-05-18T13:37:32.3996480Z Cache Size: ~16 MB (17156531 B)
Test (node on macos-latest)	UNKNOWN STEP	2026-05-18T13:37:32.4100530Z [command]/opt/homebrew/bin/gtar -xf /Users/runner/work/_temp/5629c050-1ae9-43b0-8d96-3aea348d5b98/cache.tzst -P -C /Users/runner/work/lino-i18n/lino-i18n --delay-directory-restore --use-compress-program unzstd
Test (node on macos-latest)	UNKNOWN STEP	2026-05-18T13:37:32.6200450Z Cache restored successfully
Test (node on macos-latest)	UNKNOWN STEP	2026-05-18T13:37:32.6284070Z Cache restored from key: node-cache-macOS-arm64-npm-f5808b7053f8307b6f76624b32fb00f08c636293d1963c60dc6594d21979e698
Test (node on macos-latest)	UNKNOWN STEP	2026-05-18T13:37:32.6470320Z ##[group]Run npm ci || npm install
Test (node on macos-latest)	UNKNOWN STEP	2026-05-18T13:37:32.6472110Z ^[[36;1mnpm ci || npm install^[[0m
Test (node on macos-latest)	UNKNOWN STEP	2026-05-18T13:37:32.6602660Z shell: /bin/bash -e {0}
Test (node on macos-latest)	UNKNOWN STEP	2026-05-18T13:37:32.6602950Z env:
Test (node on macos-latest)	UNKNOWN STEP	2026-05-18T13:37:32.6603260Z   NODE_VERSION: 24.x
Test (node on macos-latest)	UNKNOWN STEP	2026-05-18T13:37:32.6603460Z   NPM_CONFIG_PROVENANCE: true
Test (node on macos-latest)	UNKNOWN STEP	2026-05-18T13:37:32.6603780Z ##[endgroup]
Test (node on macos-latest)	UNKNOWN STEP	2026-05-18T13:37:35.4057260Z
Test (node on macos-latest)	UNKNOWN STEP	2026-05-18T13:37:35.4068150Z added 295 packages, and audited 296 packages in 3s
Test (node on macos-latest)	UNKNOWN STEP	2026-05-18T13:37:35.4068620Z
Test (node on macos-latest)	UNKNOWN STEP	2026-05-18T13:37:35.4069040Z 49 packages are looking for funding
Test (node on macos-latest)	UNKNOWN STEP	2026-05-18T13:37:35.4069720Z   run `npm fund` for details
Test (node on macos-latest)	UNKNOWN STEP	2026-05-18T13:37:35.4072310Z
Test (node on macos-latest)	UNKNOWN STEP	2026-05-18T13:37:35.4073310Z found 0 vulnerabilities
Test (node on macos-latest)	UNKNOWN STEP	2026-05-18T13:37:35.5248530Z ##[group]Run npm test
Test (node on macos-latest)	UNKNOWN STEP	2026-05-18T13:37:35.5249770Z ^[[36;1mnpm test^[[0m
Test (node on macos-latest)	UNKNOWN STEP	2026-05-18T13:37:35.5304160Z shell: /bin/bash -e {0}
Test (node on macos-latest)	UNKNOWN STEP	2026-05-18T13:37:35.5304440Z env:
Test (node on macos-latest)	UNKNOWN STEP	2026-05-18T13:37:35.5304650Z   NODE_VERSION: 24.x
Test (node on macos-latest)	UNKNOWN STEP	2026-05-18T13:37:35.5304940Z   NPM_CONFIG_PROVENANCE: true
Test (node on macos-latest)	UNKNOWN STEP	2026-05-18T13:37:35.5305190Z ##[endgroup]
Test (node on macos-latest)	UNKNOWN STEP	2026-05-18T13:37:35.7984170Z
Test (node on macos-latest)	UNKNOWN STEP	2026-05-18T13:37:35.8103610Z > lino-i18n@0.1.0 test
Test (node on macos-latest)	UNKNOWN STEP	2026-05-18T13:37:35.8264700Z > node --test --test-timeout=30000 tests/*.test.js
Test (node on macos-latest)	UNKNOWN STEP	2026-05-18T13:37:35.8543490Z
Test (node on macos-latest)	UNKNOWN STEP	2026-05-18T13:37:36.0051960Z ✔ convert i18next JSON to .lino (17.6485ms)
Test (node on macos-latest)	UNKNOWN STEP	2026-05-18T13:37:36.0407660Z ✔ convert can bundle multiple locales into one .lino file (35.759125ms)
Test (node on macos-latest)	UNKNOWN STEP	2026-05-18T13:37:36.0628770Z ✔ convert reads defaults from a JSON config file (15.4525ms)
Test (node on macos-latest)	UNKNOWN STEP	2026-05-18T13:37:36.0751080Z ✔ check reports missing keys against a reference locale (19.277584ms)
Test (node on macos-latest)	UNKNOWN STEP	2026-05-18T13:37:36.1294240Z ✔ t command translates a key with parameters (54.516417ms)
Test (node on macos-latest)	UNKNOWN STEP	2026-05-18T13:37:36.1485480Z ✔ fromI18next flattens nested keys with dot separator (1.583167ms)
Test (node on macos-latest)	UNKNOWN STEP	2026-05-18T13:37:36.1521170Z ✔ fromI18next supports namespace shape with `ns:` prefix (0.206042ms)
Test (node on macos-latest)	UNKNOWN STEP	2026-05-18T13:37:36.1562460Z ✔ fromI18next defaults to provided locale when input is a single catalogue (0.093458ms)
Test (node on macos-latest)	UNKNOWN STEP	2026-05-18T13:37:36.1563360Z ✔ fromI18nJs rewrites %{var} into {{var}} (0.222958ms)
Test (node on macos-latest)	UNKNOWN STEP	2026-05-18T13:37:36.1563910Z ✔ fromReactIntl handles plain ICU strings (0.180792ms)
Test (node on macos-latest)	UNKNOWN STEP	2026-05-18T13:37:36.1564540Z ✔ fromReactIntl extracts defaultMessage (0.080875ms)
Test (node on macos-latest)	UNKNOWN STEP	2026-05-18T13:37:36.1579890Z ✔ fromReactIntl decompiles compiled AST nodes (0.123417ms)
Test (node on macos-latest)	UNKNOWN STEP	2026-05-18T13:37:36.1614780Z ✔ interpolate replaces {{var}} and {var} (1.201417ms)
Test (node on macos-latest)	UNKNOWN STEP	2026-05-18T13:37:36.1623960Z ✔ pluralSuffix follows CLDR rules (20.468292ms)
Test (node on macos-latest)	UNKNOWN STEP	2026-05-18T13:37:36.1624820Z ✔ parseLinoCatalog round-trips with formatLinoCatalog (1.861166ms)
Test (node on macos-latest)	UNKNOWN STEP	2026-05-18T13:37:36.1625520Z ✔ parseLinoCatalog flattens nested groups and selector variants (2.066666ms)
Test (node on macos-latest)	UNKNOWN STEP	2026-05-18T13:37:36.1626540Z ✔ parseLinoCatalog flattens Hive Mind style deep multiline catalogues (0.669375ms)
Test (node on macos-latest)	UNKNOWN STEP	2026-05-18T13:37:36.1627230Z ✔ parseLinoCatalogs accepts bundled multi-locale files (0.615125ms)
Test (node on macos-latest)	UNKNOWN STEP	2026-05-18T13:37:36.1627890Z ✔ parseLinoCatalog can expand compatibility aliases while loading (0.512917ms)
Test (node on macos-latest)	UNKNOWN STEP	2026-05-18T13:37:36.1628520Z ✔ formatLinoCatalog emits nested catalogue syntax by default (1.0015ms)
Test (node on macos-latest)	UNKNOWN STEP	2026-05-18T13:37:36.1629240Z ✔ formatLinoCatalog preserves scalar parent translations as labels (0.4845ms)
Test (node on macos-latest)	UNKNOWN STEP	2026-05-18T13:37:36.1630040Z ✔ parseLinoCatalog aliases nested label children to their parent key (0.164917ms)
Test (node on macos-latest)	UNKNOWN STEP	2026-05-18T13:37:36.1631320Z ✔ label aliases preserve selector suffix groups (0.149333ms)
Test (node on macos-latest)	UNKNOWN STEP	2026-05-18T13:37:36.1662030Z ✔ createI18n resolves missing keys via fallback (0.348833ms)
Test (node on macos-latest)	UNKNOWN STEP	2026-05-18T13:37:36.1694980Z ✔ createI18n applies CLDR plurals per locale (23.477459ms)
Test (node on macos-latest)	UNKNOWN STEP	2026-05-18T13:37:36.1758080Z ✔ loadLocalesFromDirectory merges bundled and per-language files (6.2385ms)
Test (node on macos-latest)	UNKNOWN STEP	2026-05-18T13:37:36.1759270Z ✔ createI18n.loadLocaleFile registers bundled locale files (3.160375ms)
Test (node on macos-latest)	UNKNOWN STEP	2026-05-18T13:37:36.1760370Z ✔ createI18n falls back to onMissingKey when set (0.554041ms)
Test (node on macos-latest)	UNKNOWN STEP	2026-05-18T13:37:36.1764510Z ✔ createI18n exposes context (gender) suffixes (0.294083ms)
Test (node on macos-latest)	UNKNOWN STEP	2026-05-18T13:37:36.1859140Z ✔ createI18n exposes namespace-prefixed keys (0.099416ms)
Test (node on macos-latest)	UNKNOWN STEP	2026-05-18T13:37:36.1944190Z ✔ expandCompatibilityAliases adds migration aliases without overwriting explicit keys (0.076292ms)
Test (node on macos-latest)	UNKNOWN STEP	2026-05-18T13:37:36.1980800Z ✔ createI18n can expose underscore-tail migration aliases (0.0765ms)
Test (node on macos-latest)	UNKNOWN STEP	2026-05-18T13:37:36.2015640Z ✔ createI18n resolves label aliases while explicit keys win (0.050792ms)
Test (node on macos-latest)	UNKNOWN STEP	2026-05-18T13:37:36.5850890Z ✔ npm package dry-run contains the publishable runtime surface (382.665542ms)
Test (node on macos-latest)	UNKNOWN STEP	2026-05-18T13:37:36.5887390Z ✔ delivery jobs keep running after optional release gates are skipped (2.503792ms)
Test (node on macos-latest)	UNKNOWN STEP	2026-05-18T13:37:36.5889740Z ✔ root README advertises package, release, and CI/CD status badges (1.182417ms)
Test (node on macos-latest)	UNKNOWN STEP	2026-05-18T13:37:36.5892980Z ✔ JavaScript GitHub release notes include package and CI/CD badges (1.612583ms)
Test (node on macos-latest)	UNKNOWN STEP	2026-05-18T13:37:36.5895070Z ℹ tests 37
Test (node on macos-latest)	UNKNOWN STEP	2026-05-18T13:37:36.5896690Z ℹ suites 0
Test (node on macos-latest)	UNKNOWN STEP	2026-05-18T13:37:36.5897860Z ℹ pass 37
Test (node on macos-latest)	UNKNOWN STEP	2026-05-18T13:37:36.5905590Z ℹ fail 0
Test (node on macos-latest)	UNKNOWN STEP	2026-05-18T13:37:36.5908800Z ℹ cancelled 0
Test (node on macos-latest)	UNKNOWN STEP	2026-05-18T13:37:36.5910020Z ℹ skipped 0
Test (node on macos-latest)	UNKNOWN STEP	2026-05-18T13:37:36.5910800Z ℹ todo 0
Test (node on macos-latest)	UNKNOWN STEP	2026-05-18T13:37:36.5911580Z ℹ duration_ms 671.195917
Test (node on macos-latest)	UNKNOWN STEP	2026-05-18T13:37:36.6123920Z Post job cleanup.
Test (node on macos-latest)	UNKNOWN STEP	2026-05-18T13:37:36.7844960Z Cache hit occurred on the primary key node-cache-macOS-arm64-npm-f5808b7053f8307b6f76624b32fb00f08c636293d1963c60dc6594d21979e698, not saving cache.
Test (node on macos-latest)	UNKNOWN STEP	2026-05-18T13:37:36.7953780Z Post job cleanup.
Test (node on macos-latest)	UNKNOWN STEP	2026-05-18T13:37:36.9155810Z [command]/opt/homebrew/bin/git version
Test (node on macos-latest)	UNKNOWN STEP	2026-05-18T13:37:36.9252430Z git version 2.54.0
Test (node on macos-latest)	UNKNOWN STEP	2026-05-18T13:37:36.9284130Z Copying '/Users/runner/.gitconfig' to '/Users/runner/work/_temp/20bf3ad5-00db-4c3b-bfeb-2aa3d0b4847a/.gitconfig'
Test (node on macos-latest)	UNKNOWN STEP	2026-05-18T13:37:36.9298340Z Temporarily overriding HOME='/Users/runner/work/_temp/20bf3ad5-00db-4c3b-bfeb-2aa3d0b4847a' before making global git config changes
Test (node on macos-latest)	UNKNOWN STEP	2026-05-18T13:37:36.9301150Z Adding repository directory to the temporary git global config as a safe directory
Test (node on macos-latest)	UNKNOWN STEP	2026-05-18T13:37:36.9303710Z [command]/opt/homebrew/bin/git config --global --add safe.directory /Users/runner/work/lino-i18n/lino-i18n
Test (node on macos-latest)	UNKNOWN STEP	2026-05-18T13:37:36.9372880Z Removing SSH command configuration
Test (node on macos-latest)	UNKNOWN STEP	2026-05-18T13:37:36.9378200Z [command]/opt/homebrew/bin/git config --local --name-only --get-regexp core\.sshCommand
Test (node on macos-latest)	UNKNOWN STEP	2026-05-18T13:37:36.9447610Z [command]/opt/homebrew/bin/git submodule foreach --recursive sh -c "git config --local --name-only --get-regexp 'core\.sshCommand' && git config --local --unset-all 'core.sshCommand' || :"
Test (node on macos-latest)	UNKNOWN STEP	2026-05-18T13:37:37.0386360Z Removing HTTP extra header
Test (node on macos-latest)	UNKNOWN STEP	2026-05-18T13:37:37.0391970Z [command]/opt/homebrew/bin/git config --local --name-only --get-regexp http\.https\:\/\/github\.com\/\.extraheader
Test (node on macos-latest)	UNKNOWN STEP	2026-05-18T13:37:37.0471310Z [command]/opt/homebrew/bin/git submodule foreach --recursive sh -c "git config --local --name-only --get-regexp 'http\.https\:\/\/github\.com\/\.extraheader' && git config --local --unset-all 'http.https://github.com/.extraheader' || :"
Test (node on macos-latest)	UNKNOWN STEP	2026-05-18T13:37:37.1621390Z Removing includeIf entries pointing to credentials config files
Test (node on macos-latest)	UNKNOWN STEP	2026-05-18T13:37:37.1625040Z [command]/opt/homebrew/bin/git config --local --name-only --get-regexp ^includeIf\.gitdir:
Test (node on macos-latest)	UNKNOWN STEP	2026-05-18T13:37:37.1704160Z includeif.gitdir:/Users/runner/work/lino-i18n/lino-i18n/.git.path
Test (node on macos-latest)	UNKNOWN STEP	2026-05-18T13:37:37.1705040Z includeif.gitdir:/Users/runner/work/lino-i18n/lino-i18n/.git/worktrees/*.path
Test (node on macos-latest)	UNKNOWN STEP	2026-05-18T13:37:37.1705650Z includeif.gitdir:/github/workspace/.git.path
Test (node on macos-latest)	UNKNOWN STEP	2026-05-18T13:37:37.1706120Z includeif.gitdir:/github/workspace/.git/worktrees/*.path
Test (node on macos-latest)	UNKNOWN STEP	2026-05-18T13:37:37.1718830Z [command]/opt/homebrew/bin/git config --local --get-all includeif.gitdir:/Users/runner/work/lino-i18n/lino-i18n/.git.path
Test (node on macos-latest)	UNKNOWN STEP	2026-05-18T13:37:37.1785460Z /Users/runner/work/_temp/git-credentials-4b8bdeaf-723f-478d-92be-fc7c60c001f2.config
Test (node on macos-latest)	UNKNOWN STEP	2026-05-18T13:37:37.1799820Z [command]/opt/homebrew/bin/git config --local --unset includeif.gitdir:/Users/runner/work/lino-i18n/lino-i18n/.git.path /Users/runner/work/_temp/git-credentials-4b8bdeaf-723f-478d-92be-fc7c60c001f2.config
Test (node on macos-latest)	UNKNOWN STEP	2026-05-18T13:37:37.1895330Z [command]/opt/homebrew/bin/git config --local --get-all includeif.gitdir:/Users/runner/work/lino-i18n/lino-i18n/.git/worktrees/*.path
Test (node on macos-latest)	UNKNOWN STEP	2026-05-18T13:37:37.1960670Z /Users/runner/work/_temp/git-credentials-4b8bdeaf-723f-478d-92be-fc7c60c001f2.config
Test (node on macos-latest)	UNKNOWN STEP	2026-05-18T13:37:37.1985410Z [command]/opt/homebrew/bin/git config --local --unset includeif.gitdir:/Users/runner/work/lino-i18n/lino-i18n/.git/worktrees/*.path /Users/runner/work/_temp/git-credentials-4b8bdeaf-723f-478d-92be-fc7c60c001f2.config
Test (node on macos-latest)	UNKNOWN STEP	2026-05-18T13:37:37.2077130Z [command]/opt/homebrew/bin/git config --local --get-all includeif.gitdir:/github/workspace/.git.path
Test (node on macos-latest)	UNKNOWN STEP	2026-05-18T13:37:37.2152920Z /github/runner_temp/git-credentials-4b8bdeaf-723f-478d-92be-fc7c60c001f2.config
Test (node on macos-latest)	UNKNOWN STEP	2026-05-18T13:37:37.2187970Z [command]/opt/homebrew/bin/git config --local --unset includeif.gitdir:/github/workspace/.git.path /github/runner_temp/git-credentials-4b8bdeaf-723f-478d-92be-fc7c60c001f2.config
Test (node on macos-latest)	UNKNOWN STEP	2026-05-18T13:37:37.2235580Z [command]/opt/homebrew/bin/git config --local --get-all includeif.gitdir:/github/workspace/.git/worktrees/*.path
Test (node on macos-latest)	UNKNOWN STEP	2026-05-18T13:37:37.2295110Z /github/runner_temp/git-credentials-4b8bdeaf-723f-478d-92be-fc7c60c001f2.config
Test (node on macos-latest)	UNKNOWN STEP	2026-05-18T13:37:37.2300860Z [command]/opt/homebrew/bin/git config --local --unset includeif.gitdir:/github/workspace/.git/worktrees/*.path /github/runner_temp/git-credentials-4b8bdeaf-723f-478d-92be-fc7c60c001f2.config
Test (node on macos-latest)	UNKNOWN STEP	2026-05-18T13:37:37.2400260Z [command]/opt/homebrew/bin/git submodule foreach --recursive git config --local --show-origin --name-only --get-regexp remote.origin.url
Test (node on macos-latest)	UNKNOWN STEP	2026-05-18T13:37:37.3521730Z Removing credentials config '/Users/runner/work/_temp/git-credentials-4b8bdeaf-723f-478d-92be-fc7c60c001f2.config'
Test (node on macos-latest)	UNKNOWN STEP	2026-05-18T13:37:37.3901350Z Cleaning up orphan processes
Test (deno on ubuntu-latest)	UNKNOWN STEP	﻿2026-05-18T13:37:23.0368954Z Current runner version: '2.334.0'
Test (deno on ubuntu-latest)	UNKNOWN STEP	2026-05-18T13:37:23.0406650Z ##[group]Runner Image Provisioner
Test (deno on ubuntu-latest)	UNKNOWN STEP	2026-05-18T13:37:23.0407823Z Hosted Compute Agent
Test (deno on ubuntu-latest)	UNKNOWN STEP	2026-05-18T13:37:23.0408647Z Version: 20260213.493
Test (deno on ubuntu-latest)	UNKNOWN STEP	2026-05-18T13:37:23.0409659Z Commit: 5c115507f6dd24b8de37d8bbe0bb4509d0cc0fa3
Test (deno on ubuntu-latest)	UNKNOWN STEP	2026-05-18T13:37:23.0410752Z Build Date: 2026-02-13T00:28:41Z
Test (deno on ubuntu-latest)	UNKNOWN STEP	2026-05-18T13:37:23.0411801Z Worker ID: {76ae63f3-d4eb-4a0c-8a39-0624069a9d66}
Test (deno on ubuntu-latest)	UNKNOWN STEP	2026-05-18T13:37:23.0412908Z Azure Region: eastus
Test (deno on ubuntu-latest)	UNKNOWN STEP	2026-05-18T13:37:23.0413771Z ##[endgroup]
Test (deno on ubuntu-latest)	UNKNOWN STEP	2026-05-18T13:37:23.0416179Z ##[group]Operating System
Test (deno on ubuntu-latest)	UNKNOWN STEP	2026-05-18T13:37:23.0417255Z Ubuntu
Test (deno on ubuntu-latest)	UNKNOWN STEP	2026-05-18T13:37:23.0418083Z 24.04.4
Test (deno on ubuntu-latest)	UNKNOWN STEP	2026-05-18T13:37:23.0418798Z LTS
Test (deno on ubuntu-latest)	UNKNOWN STEP	2026-05-18T13:37:23.0419587Z ##[endgroup]
Test (deno on ubuntu-latest)	UNKNOWN STEP	2026-05-18T13:37:23.0420482Z ##[group]Runner Image
Test (deno on ubuntu-latest)	UNKNOWN STEP	2026-05-18T13:37:23.0421336Z Image: ubuntu-24.04
Test (deno on ubuntu-latest)	UNKNOWN STEP	2026-05-18T13:37:23.0422242Z Version: 20260513.135.3
Test (deno on ubuntu-latest)	UNKNOWN STEP	2026-05-18T13:37:23.0424181Z Included Software: https://github.com/actions/runner-images/blob/ubuntu24/20260513.135/images/ubuntu/Ubuntu2404-Readme.md
Test (deno on ubuntu-latest)	UNKNOWN STEP	2026-05-18T13:37:23.0427077Z Image Release: https://github.com/actions/runner-images/releases/tag/ubuntu24%2F20260513.135
Test (deno on ubuntu-latest)	UNKNOWN STEP	2026-05-18T13:37:23.0428590Z ##[endgroup]
Test (deno on ubuntu-latest)	UNKNOWN STEP	2026-05-18T13:37:23.0430573Z ##[group]GITHUB_TOKEN Permissions
Test (deno on ubuntu-latest)	UNKNOWN STEP	2026-05-18T13:37:23.0433523Z Contents: write
Test (deno on ubuntu-latest)	UNKNOWN STEP	2026-05-18T13:37:23.0434406Z Metadata: read
Test (deno on ubuntu-latest)	UNKNOWN STEP	2026-05-18T13:37:23.0435532Z Pages: write
Test (deno on ubuntu-latest)	UNKNOWN STEP	2026-05-18T13:37:23.0436308Z PullRequests: write
Test (deno on ubuntu-latest)	UNKNOWN STEP	2026-05-18T13:37:23.0437152Z ##[endgroup]
Test (deno on ubuntu-latest)	UNKNOWN STEP	2026-05-18T13:37:23.0440028Z Secret source: Actions
Test (deno on ubuntu-latest)	UNKNOWN STEP	2026-05-18T13:37:23.0441104Z Prepare workflow directory
Test (deno on ubuntu-latest)	UNKNOWN STEP	2026-05-18T13:37:23.1038728Z Prepare all required actions
Test (deno on ubuntu-latest)	UNKNOWN STEP	2026-05-18T13:37:23.1094215Z Getting action download info
Test (deno on ubuntu-latest)	UNKNOWN STEP	2026-05-18T13:37:23.5368327Z Download action repository 'actions/checkout@v6' (SHA:de0fac2e4500dabe0009e67214ff5f5447ce83dd)
Test (deno on ubuntu-latest)	UNKNOWN STEP	2026-05-18T13:37:23.6895971Z Download action repository 'actions/setup-node@v6' (SHA:48b55a011bda9f5d6aeb4c2d9c7362e8dae4041e)
Test (deno on ubuntu-latest)	UNKNOWN STEP	2026-05-18T13:37:23.7810617Z Download action repository 'oven-sh/setup-bun@v2' (SHA:0c5077e51419868618aeaa5fe8019c62421857d6)
Test (deno on ubuntu-latest)	UNKNOWN STEP	2026-05-18T13:37:23.9133962Z Download action repository 'denoland/setup-deno@v2' (SHA:667a34cdef165d8d2b2e98dde39547c9daac7282)
Test (deno on ubuntu-latest)	UNKNOWN STEP	2026-05-18T13:37:24.2234772Z Complete job name: Test (deno on ubuntu-latest)
Test (deno on ubuntu-latest)	UNKNOWN STEP	2026-05-18T13:37:24.3020302Z ##[group]Run actions/checkout@v6
Test (deno on ubuntu-latest)	UNKNOWN STEP	2026-05-18T13:37:24.3021184Z with:
Test (deno on ubuntu-latest)	UNKNOWN STEP	2026-05-18T13:37:24.3021569Z   fetch-depth: 0
Test (deno on ubuntu-latest)	UNKNOWN STEP	2026-05-18T13:37:24.3022007Z   repository: link-foundation/lino-i18n
Test (deno on ubuntu-latest)	UNKNOWN STEP	2026-05-18T13:37:24.3022787Z   token: ***
Test (deno on ubuntu-latest)	UNKNOWN STEP	2026-05-18T13:37:24.3023184Z   ssh-strict: true
Test (deno on ubuntu-latest)	UNKNOWN STEP	2026-05-18T13:37:24.3023589Z   ssh-user: git
Test (deno on ubuntu-latest)	UNKNOWN STEP	2026-05-18T13:37:24.3024010Z   persist-credentials: true
Test (deno on ubuntu-latest)	UNKNOWN STEP	2026-05-18T13:37:24.3024704Z   clean: true
Test (deno on ubuntu-latest)	UNKNOWN STEP	2026-05-18T13:37:24.3025144Z   sparse-checkout-cone-mode: true
Test (deno on ubuntu-latest)	UNKNOWN STEP	2026-05-18T13:37:24.3025689Z   fetch-tags: false
Test (deno on ubuntu-latest)	UNKNOWN STEP	2026-05-18T13:37:24.3026102Z   show-progress: true
Test (deno on ubuntu-latest)	UNKNOWN STEP	2026-05-18T13:37:24.3026517Z   lfs: false
Test (deno on ubuntu-latest)	UNKNOWN STEP	2026-05-18T13:37:24.3026895Z   submodules: false
Test (deno on ubuntu-latest)	UNKNOWN STEP	2026-05-18T13:37:24.3027341Z   set-safe-directory: true
Test (deno on ubuntu-latest)	UNKNOWN STEP	2026-05-18T13:37:24.3028061Z env:
Test (deno on ubuntu-latest)	UNKNOWN STEP	2026-05-18T13:37:24.3028450Z   NODE_VERSION: 24.x
Test (deno on ubuntu-latest)	UNKNOWN STEP	2026-05-18T13:37:24.3028891Z   NPM_CONFIG_PROVENANCE: true
Test (deno on ubuntu-latest)	UNKNOWN STEP	2026-05-18T13:37:24.3029392Z ##[endgroup]
Test (deno on ubuntu-latest)	UNKNOWN STEP	2026-05-18T13:37:24.3993009Z Syncing repository: link-foundation/lino-i18n
Test (deno on ubuntu-latest)	UNKNOWN STEP	2026-05-18T13:37:24.3995429Z ##[group]Getting Git version info
Test (deno on ubuntu-latest)	UNKNOWN STEP	2026-05-18T13:37:24.3996221Z Working directory is '/home/runner/work/lino-i18n/lino-i18n'
Test (deno on ubuntu-latest)	UNKNOWN STEP	2026-05-18T13:37:24.3997342Z [command]/usr/bin/git version
Test (deno on ubuntu-latest)	UNKNOWN STEP	2026-05-18T13:37:24.4081225Z git version 2.54.0
Test (deno on ubuntu-latest)	UNKNOWN STEP	2026-05-18T13:37:24.4105640Z ##[endgroup]
Test (deno on ubuntu-latest)	UNKNOWN STEP	2026-05-18T13:37:24.4122846Z Temporarily overriding HOME='/home/runner/work/_temp/b44a9ef5-60cd-420f-a741-267800869e78' before making global git config changes
Test (deno on ubuntu-latest)	UNKNOWN STEP	2026-05-18T13:37:24.4126175Z Adding repository directory to the temporary git global config as a safe directory
Test (deno on ubuntu-latest)	UNKNOWN STEP	2026-05-18T13:37:24.4129076Z [command]/usr/bin/git config --global --add safe.directory /home/runner/work/lino-i18n/lino-i18n
Test (deno on ubuntu-latest)	UNKNOWN STEP	2026-05-18T13:37:24.4181658Z Deleting the contents of '/home/runner/work/lino-i18n/lino-i18n'
Test (deno on ubuntu-latest)	UNKNOWN STEP	2026-05-18T13:37:24.4185990Z ##[group]Initializing the repository
Test (deno on ubuntu-latest)	UNKNOWN STEP	2026-05-18T13:37:24.4191589Z [command]/usr/bin/git init /home/runner/work/lino-i18n/lino-i18n
Test (deno on ubuntu-latest)	UNKNOWN STEP	2026-05-18T13:37:24.4322531Z hint: Using 'master' as the name for the initial branch. This default branch name
Test (deno on ubuntu-latest)	UNKNOWN STEP	2026-05-18T13:37:24.4323759Z hint: will change to "main" in Git 3.0. To configure the initial branch name
Test (deno on ubuntu-latest)	UNKNOWN STEP	2026-05-18T13:37:24.4325348Z hint: to use in all of your new repositories, which will suppress this warning,
Test (deno on ubuntu-latest)	UNKNOWN STEP	2026-05-18T13:37:24.4326169Z hint: call:
Test (deno on ubuntu-latest)	UNKNOWN STEP	2026-05-18T13:37:24.4326541Z hint:
Test (deno on ubuntu-latest)	UNKNOWN STEP	2026-05-18T13:37:24.4327030Z hint: 	git config --global init.defaultBranch <name>
Test (deno on ubuntu-latest)	UNKNOWN STEP	2026-05-18T13:37:24.4327665Z hint:
Test (deno on ubuntu-latest)	UNKNOWN STEP	2026-05-18T13:37:24.4328276Z hint: Names commonly chosen instead of 'master' are 'main', 'trunk' and
Test (deno on ubuntu-latest)	UNKNOWN STEP	2026-05-18T13:37:24.4330056Z hint: 'development'. The just-created branch can be renamed via this command:
Test (deno on ubuntu-latest)	UNKNOWN STEP	2026-05-18T13:37:24.4331416Z hint:
Test (deno on ubuntu-latest)	UNKNOWN STEP	2026-05-18T13:37:24.4332142Z hint: 	git branch -m <name>
Test (deno on ubuntu-latest)	UNKNOWN STEP	2026-05-18T13:37:24.4333019Z hint:
Test (deno on ubuntu-latest)	UNKNOWN STEP	2026-05-18T13:37:24.4334277Z hint: Disable this message with "git config set advice.defaultBranchName false"
Test (deno on ubuntu-latest)	UNKNOWN STEP	2026-05-18T13:37:24.4336753Z Initialized empty Git repository in /home/runner/work/lino-i18n/lino-i18n/.git/
Test (deno on ubuntu-latest)	UNKNOWN STEP	2026-05-18T13:37:24.4342551Z [command]/usr/bin/git remote add origin https://github.com/link-foundation/lino-i18n
Test (deno on ubuntu-latest)	UNKNOWN STEP	2026-05-18T13:37:24.4390374Z ##[endgroup]
Test (deno on ubuntu-latest)	UNKNOWN STEP	2026-05-18T13:37:24.4391129Z ##[group]Disabling automatic garbage collection
Test (deno on ubuntu-latest)	UNKNOWN STEP	2026-05-18T13:37:24.4395581Z [command]/usr/bin/git config --local gc.auto 0
Test (deno on ubuntu-latest)	UNKNOWN STEP	2026-05-18T13:37:24.4425759Z ##[endgroup]
Test (deno on ubuntu-latest)	UNKNOWN STEP	2026-05-18T13:37:24.4427034Z ##[group]Setting up auth
Test (deno on ubuntu-latest)	UNKNOWN STEP	2026-05-18T13:37:24.4428032Z Removing SSH command configuration
Test (deno on ubuntu-latest)	UNKNOWN STEP	2026-05-18T13:37:24.4433948Z [command]/usr/bin/git config --local --name-only --get-regexp core\.sshCommand
Test (deno on ubuntu-latest)	UNKNOWN STEP	2026-05-18T13:37:24.4469607Z [command]/usr/bin/git submodule foreach --recursive sh -c "git config --local --name-only --get-regexp 'core\.sshCommand' && git config --local --unset-all 'core.sshCommand' || :"
Test (deno on ubuntu-latest)	UNKNOWN STEP	2026-05-18T13:37:24.4833138Z Removing HTTP extra header
Test (deno on ubuntu-latest)	UNKNOWN STEP	2026-05-18T13:37:24.4839806Z [command]/usr/bin/git config --local --name-only --get-regexp http\.https\:\/\/github\.com\/\.extraheader
Test (deno on ubuntu-latest)	UNKNOWN STEP	2026-05-18T13:37:24.4871697Z [command]/usr/bin/git submodule foreach --recursive sh -c "git config --local --name-only --get-regexp 'http\.https\:\/\/github\.com\/\.extraheader' && git config --local --unset-all 'http.https://github.com/.extraheader' || :"
Test (deno on ubuntu-latest)	UNKNOWN STEP	2026-05-18T13:37:24.5085284Z Removing includeIf entries pointing to credentials config files
Test (deno on ubuntu-latest)	UNKNOWN STEP	2026-05-18T13:37:24.5091646Z [command]/usr/bin/git config --local --name-only --get-regexp ^includeIf\.gitdir:
Test (deno on ubuntu-latest)	UNKNOWN STEP	2026-05-18T13:37:24.5123714Z [command]/usr/bin/git submodule foreach --recursive git config --local --show-origin --name-only --get-regexp remote.origin.url
Test (deno on ubuntu-latest)	UNKNOWN STEP	2026-05-18T13:37:24.5350409Z [command]/usr/bin/git config --file /home/runner/work/_temp/git-credentials-a8bfe5d4-08d4-4164-b3c1-29baed243955.config http.https://github.com/.extraheader AUTHORIZATION: basic ***
Test (deno on ubuntu-latest)	UNKNOWN STEP	2026-05-18T13:37:24.5389127Z [command]/usr/bin/git config --local includeIf.gitdir:/home/runner/work/lino-i18n/lino-i18n/.git.path /home/runner/work/_temp/git-credentials-a8bfe5d4-08d4-4164-b3c1-29baed243955.config
Test (deno on ubuntu-latest)	UNKNOWN STEP	2026-05-18T13:37:24.5420377Z [command]/usr/bin/git config --local includeIf.gitdir:/home/runner/work/lino-i18n/lino-i18n/.git/worktrees/*.path /home/runner/work/_temp/git-credentials-a8bfe5d4-08d4-4164-b3c1-29baed243955.config
Test (deno on ubuntu-latest)	UNKNOWN STEP	2026-05-18T13:37:24.5468222Z [command]/usr/bin/git config --local includeIf.gitdir:/github/workspace/.git.path /github/runner_temp/git-credentials-a8bfe5d4-08d4-4164-b3c1-29baed243955.config
Test (deno on ubuntu-latest)	UNKNOWN STEP	2026-05-18T13:37:24.5499856Z [command]/usr/bin/git config --local includeIf.gitdir:/github/workspace/.git/worktrees/*.path /github/runner_temp/git-credentials-a8bfe5d4-08d4-4164-b3c1-29baed243955.config
Test (deno on ubuntu-latest)	UNKNOWN STEP	2026-05-18T13:37:24.5532293Z ##[endgroup]
Test (deno on ubuntu-latest)	UNKNOWN STEP	2026-05-18T13:37:24.5533577Z ##[group]Fetching the repository
Test (deno on ubuntu-latest)	UNKNOWN STEP	2026-05-18T13:37:24.5542160Z [command]/usr/bin/git -c protocol.version=2 fetch --no-tags --prune --no-recurse-submodules origin +refs/heads/*:refs/remotes/origin/* +refs/tags/*:refs/tags/*
Test (deno on ubuntu-latest)	UNKNOWN STEP	2026-05-18T13:37:25.1112004Z From https://github.com/link-foundation/lino-i18n
Test (deno on ubuntu-latest)	UNKNOWN STEP	2026-05-18T13:37:25.1114148Z  * [new branch]      issue-1-76ffa2dc55cc  -> origin/issue-1-76ffa2dc55cc
Test (deno on ubuntu-latest)	UNKNOWN STEP	2026-05-18T13:37:25.1116035Z  * [new branch]      issue-10-6657adb31046 -> origin/issue-10-6657adb31046
Test (deno on ubuntu-latest)	UNKNOWN STEP	2026-05-18T13:37:25.1117528Z  * [new branch]      issue-11-b5c8ef3bbd84 -> origin/issue-11-b5c8ef3bbd84
Test (deno on ubuntu-latest)	UNKNOWN STEP	2026-05-18T13:37:25.1119013Z  * [new branch]      issue-12-3c4f596e0c67 -> origin/issue-12-3c4f596e0c67
Test (deno on ubuntu-latest)	UNKNOWN STEP	2026-05-18T13:37:25.1120480Z  * [new branch]      issue-3-b3eb0917c317  -> origin/issue-3-b3eb0917c317
Test (deno on ubuntu-latest)	UNKNOWN STEP	2026-05-18T13:37:25.1121971Z  * [new branch]      issue-5-169afc4a2006  -> origin/issue-5-169afc4a2006
Test (deno on ubuntu-latest)	UNKNOWN STEP	2026-05-18T13:37:25.1123476Z  * [new branch]      issue-5-35d32a59c464  -> origin/issue-5-35d32a59c464
Test (deno on ubuntu-latest)	UNKNOWN STEP	2026-05-18T13:37:25.1125403Z  * [new branch]      issue-8-ca918c4d7d4c  -> origin/issue-8-ca918c4d7d4c
Test (deno on ubuntu-latest)	UNKNOWN STEP	2026-05-18T13:37:25.1126886Z  * [new branch]      main                  -> origin/main
Test (deno on ubuntu-latest)	UNKNOWN STEP	2026-05-18T13:37:25.1128083Z  * [new tag]         js-v0.0.1             -> js-v0.0.1
Test (deno on ubuntu-latest)	UNKNOWN STEP	2026-05-18T13:37:25.1129230Z  * [new tag]         rust-v0.0.1           -> rust-v0.0.1
Test (deno on ubuntu-latest)	UNKNOWN STEP	2026-05-18T13:37:25.1179450Z [command]/usr/bin/git branch --list --remote origin/main
Test (deno on ubuntu-latest)	UNKNOWN STEP	2026-05-18T13:37:25.1214153Z   origin/main
Test (deno on ubuntu-latest)	UNKNOWN STEP	2026-05-18T13:37:25.1227580Z [command]/usr/bin/git rev-parse refs/remotes/origin/main
Test (deno on ubuntu-latest)	UNKNOWN STEP	2026-05-18T13:37:25.1254223Z 8910b98b665a650690c0d9e9188bbf6bec1e9d2c
Test (deno on ubuntu-latest)	UNKNOWN STEP	2026-05-18T13:37:25.1268590Z ##[endgroup]
Test (deno on ubuntu-latest)	UNKNOWN STEP	2026-05-18T13:37:25.1270703Z ##[group]Determining the checkout info
Test (deno on ubuntu-latest)	UNKNOWN STEP	2026-05-18T13:37:25.1273411Z ##[endgroup]
Test (deno on ubuntu-latest)	UNKNOWN STEP	2026-05-18T13:37:25.1275255Z [command]/usr/bin/git sparse-checkout disable
Test (deno on ubuntu-latest)	UNKNOWN STEP	2026-05-18T13:37:25.1322823Z [command]/usr/bin/git config --local --unset-all extensions.worktreeConfig
Test (deno on ubuntu-latest)	UNKNOWN STEP	2026-05-18T13:37:25.1352584Z ##[group]Checking out the ref
Test (deno on ubuntu-latest)	UNKNOWN STEP	2026-05-18T13:37:25.1356005Z [command]/usr/bin/git checkout --progress --force -B main refs/remotes/origin/main
Test (deno on ubuntu-latest)	UNKNOWN STEP	2026-05-18T13:37:25.1906673Z Switched to a new branch 'main'
Test (deno on ubuntu-latest)	UNKNOWN STEP	2026-05-18T13:37:25.1908841Z branch 'main' set up to track 'origin/main'.
Test (deno on ubuntu-latest)	UNKNOWN STEP	2026-05-18T13:37:25.1920152Z ##[endgroup]
Test (deno on ubuntu-latest)	UNKNOWN STEP	2026-05-18T13:37:25.1967273Z [command]/usr/bin/git log -1 --format=%H
Test (deno on ubuntu-latest)	UNKNOWN STEP	2026-05-18T13:37:25.1993708Z 8910b98b665a650690c0d9e9188bbf6bec1e9d2c
Test (deno on ubuntu-latest)	UNKNOWN STEP	2026-05-18T13:37:25.2468794Z ##[group]Run denoland/setup-deno@v2
Test (deno on ubuntu-latest)	UNKNOWN STEP	2026-05-18T13:37:25.2469824Z with:
Test (deno on ubuntu-latest)	UNKNOWN STEP	2026-05-18T13:37:25.2470517Z   deno-version: v2.x
Test (deno on ubuntu-latest)	UNKNOWN STEP	2026-05-18T13:37:25.2471345Z   deno-binary-name: deno
Test (deno on ubuntu-latest)	UNKNOWN STEP	2026-05-18T13:37:25.2472174Z   cache: false
Test (deno on ubuntu-latest)	UNKNOWN STEP	2026-05-18T13:37:25.2472874Z env:
Test (deno on ubuntu-latest)	UNKNOWN STEP	2026-05-18T13:37:25.2473521Z   NODE_VERSION: 24.x
Test (deno on ubuntu-latest)	UNKNOWN STEP	2026-05-18T13:37:25.2474334Z   NPM_CONFIG_PROVENANCE: true
Test (deno on ubuntu-latest)	UNKNOWN STEP	2026-05-18T13:37:25.2475475Z ##[endgroup]
Test (deno on ubuntu-latest)	UNKNOWN STEP	2026-05-18T13:37:25.5432079Z Going to install stable version 2.7.14.
Test (deno on ubuntu-latest)	UNKNOWN STEP	2026-05-18T13:37:25.5447933Z Downloading Deno from https://github.com/denoland/deno/releases/download/v2.7.14/deno-x86_64-unknown-linux-gnu.zip.
Test (deno on ubuntu-latest)	UNKNOWN STEP	2026-05-18T13:37:25.8552789Z [command]/usr/bin/unzip -o -q /home/runner/work/_temp/9b237633-a0f1-49b3-869d-a1e7e4f873ca
Test (deno on ubuntu-latest)	UNKNOWN STEP	2026-05-18T13:37:26.8261788Z Cached Deno to /opt/hostedtoolcache/deno/2.7.14/x64.
Test (deno on ubuntu-latest)	UNKNOWN STEP	2026-05-18T13:37:26.8292345Z Installation complete.
Test (deno on ubuntu-latest)	UNKNOWN STEP	2026-05-18T13:37:26.8429825Z ##[group]Run deno install
Test (deno on ubuntu-latest)	UNKNOWN STEP	2026-05-18T13:37:26.8430159Z ^[[36;1mdeno install^[[0m
Test (deno on ubuntu-latest)	UNKNOWN STEP	2026-05-18T13:37:26.8471580Z shell: /usr/bin/bash -e {0}
Test (deno on ubuntu-latest)	UNKNOWN STEP	2026-05-18T13:37:26.8471846Z env:
Test (deno on ubuntu-latest)	UNKNOWN STEP	2026-05-18T13:37:26.8472021Z   NODE_VERSION: 24.x
Test (deno on ubuntu-latest)	UNKNOWN STEP	2026-05-18T13:37:26.8472238Z   NPM_CONFIG_PROVENANCE: true
Test (deno on ubuntu-latest)	UNKNOWN STEP	2026-05-18T13:37:26.8472460Z ##[endgroup]
Test (deno on ubuntu-latest)	UNKNOWN STEP	2026-05-18T13:37:26.8619127Z ^[[0m^[[32mDownload^[[0m https://registry.npmjs.org/@changesets%2fcli
Test (deno on ubuntu-latest)	UNKNOWN STEP	2026-05-18T13:37:26.8620157Z ^[[0m^[[32mDownload^[[0m https://registry.npmjs.org/@eslint%2fjs
Test (deno on ubuntu-latest)	UNKNOWN STEP	2026-05-18T13:37:26.8620941Z ^[[0m^[[32mDownload^[[0m https://registry.npmjs.org/eslint
Test (deno on ubuntu-latest)	UNKNOWN STEP	2026-05-18T13:37:26.8621811Z ^[[0m^[[32mDownload^[[0m https://registry.npmjs.org/eslint-config-prettier
Test (deno on ubuntu-latest)	UNKNOWN STEP	2026-05-18T13:37:26.8622763Z ^[[0m^[[32mDownload^[[0m https://registry.npmjs.org/eslint-plugin-prettier
Test (deno on ubuntu-latest)	UNKNOWN STEP	2026-05-18T13:37:26.8623651Z ^[[0m^[[32mDownload^[[0m https://registry.npmjs.org/jscpd
Test (deno on ubuntu-latest)	UNKNOWN STEP	2026-05-18T13:37:26.8635620Z ^[[0m^[[32mDownload^[[0m https://registry.npmjs.org/links-notation
Test (deno on ubuntu-latest)	UNKNOWN STEP	2026-05-18T13:37:26.8636699Z ^[[0m^[[32mDownload^[[0m https://registry.npmjs.org/lino-arguments
Test (deno on ubuntu-latest)	UNKNOWN STEP	2026-05-18T13:37:26.8637634Z ^[[0m^[[32mDownload^[[0m https://registry.npmjs.org/lino-objects-codec
Test (deno on ubuntu-latest)	UNKNOWN STEP	2026-05-18T13:37:26.8638165Z ^[[0m^[[32mDownload^[[0m https://registry.npmjs.org/prettier
Test (deno on ubuntu-latest)	UNKNOWN STEP	2026-05-18T13:37:26.8638929Z ^[[0m^[[32mDownload^[[0m https://registry.npmjs.org/test-anywhere
Test (deno on ubuntu-latest)	UNKNOWN STEP	2026-05-18T13:37:27.1055523Z ^[[0m^[[32mDownload^[[0m https://registry.npmjs.org/@changesets%2fapply-release-plan
Test (deno on ubuntu-latest)	UNKNOWN STEP	2026-05-18T13:37:27.1056928Z ^[[0m^[[32mDownload^[[0m https://registry.npmjs.org/@changesets%2fassemble-release-plan
Test (deno on ubuntu-latest)	UNKNOWN STEP	2026-05-18T13:37:27.1058079Z ^[[0m^[[32mDownload^[[0m https://registry.npmjs.org/@changesets%2fchangelog-git
Test (deno on ubuntu-latest)	UNKNOWN STEP	2026-05-18T13:37:27.1059151Z ^[[0m^[[32mDownload^[[0m https://registry.npmjs.org/@changesets%2fconfig
Test (deno on ubuntu-latest)	UNKNOWN STEP	2026-05-18T13:37:27.1060102Z ^[[0m^[[32mDownload^[[0m https://registry.npmjs.org/@changesets%2ferrors
Test (deno on ubuntu-latest)	UNKNOWN STEP	2026-05-18T13:37:27.1061218Z ^[[0m^[[32mDownload^[[0m https://registry.npmjs.org/@changesets%2fget-dependents-graph
Test (deno on ubuntu-latest)	UNKNOWN STEP	2026-05-18T13:37:27.1062374Z ^[[0m^[[32mDownload^[[0m https://registry.npmjs.org/@changesets%2fget-release-plan
Test (deno on ubuntu-latest)	UNKNOWN STEP	2026-05-18T13:37:27.1063391Z ^[[0m^[[32mDownload^[[0m https://registry.npmjs.org/@changesets%2fgit
Test (deno on ubuntu-latest)	UNKNOWN STEP	2026-05-18T13:37:27.1064303Z ^[[0m^[[32mDownload^[[0m https://registry.npmjs.org/@changesets%2flogger
Test (deno on ubuntu-latest)	UNKNOWN STEP	2026-05-18T13:37:27.1065595Z ^[[0m^[[32mDownload^[[0m https://registry.npmjs.org/@changesets%2fpre
Test (deno on ubuntu-latest)	UNKNOWN STEP	2026-05-18T13:37:27.1066648Z ^[[0m^[[32mDownload^[[0m https://registry.npmjs.org/@changesets%2fread
Test (deno on ubuntu-latest)	UNKNOWN STEP	2026-05-18T13:37:27.1067724Z ^[[0m^[[32mDownload^[[0m https://registry.npmjs.org/@changesets%2fshould-skip-package
Test (deno on ubuntu-latest)	UNKNOWN STEP	2026-05-18T13:37:27.1068784Z ^[[0m^[[32mDownload^[[0m https://registry.npmjs.org/@changesets%2ftypes
Test (deno on ubuntu-latest)	UNKNOWN STEP	2026-05-18T13:37:27.1069731Z ^[[0m^[[32mDownload^[[0m https://registry.npmjs.org/@changesets%2fwrite
Test (deno on ubuntu-latest)	UNKNOWN STEP	2026-05-18T13:37:27.1070720Z ^[[0m^[[32mDownload^[[0m https://registry.npmjs.org/@inquirer%2fexternal-editor
Test (deno on ubuntu-latest)	UNKNOWN STEP	2026-05-18T13:37:27.1071756Z ^[[0m^[[32mDownload^[[0m https://registry.npmjs.org/@manypkg%2fget-packages
Test (deno on ubuntu-latest)	UNKNOWN STEP	2026-05-18T13:37:27.1072735Z ^[[0m^[[32mDownload^[[0m https://registry.npmjs.org/ansi-colors
Test (deno on ubuntu-latest)	UNKNOWN STEP	2026-05-18T13:37:27.1073600Z ^[[0m^[[32mDownload^[[0m https://registry.npmjs.org/enquirer
Test (deno on ubuntu-latest)	UNKNOWN STEP	2026-05-18T13:37:27.1074677Z ^[[0m^[[32mDownload^[[0m https://registry.npmjs.org/fs-extra
Test (deno on ubuntu-latest)	UNKNOWN STEP	2026-05-18T13:37:27.1075518Z ^[[0m^[[32mDownload^[[0m https://registry.npmjs.org/mri
Test (deno on ubuntu-latest)	UNKNOWN STEP	2026-05-18T13:37:27.1076417Z ^[[0m^[[32mDownload^[[0m https://registry.npmjs.org/package-manager-detector
Test (deno on ubuntu-latest)	UNKNOWN STEP	2026-05-18T13:37:27.1077357Z ^[[0m^[[32mDownload^[[0m https://registry.npmjs.org/picocolors
Test (deno on ubuntu-latest)	UNKNOWN STEP	2026-05-18T13:37:27.1078233Z ^[[0m^[[32mDownload^[[0m https://registry.npmjs.org/resolve-from
Test (deno on ubuntu-latest)	UNKNOWN STEP	2026-05-18T13:37:27.1079083Z ^[[0m^[[32mDownload^[[0m https://registry.npmjs.org/semver
Test (deno on ubuntu-latest)	UNKNOWN STEP	2026-05-18T13:37:27.1079919Z ^[[0m^[[32mDownload^[[0m https://registry.npmjs.org/spawndamnit
Test (deno on ubuntu-latest)	UNKNOWN STEP	2026-05-18T13:37:27.1080774Z ^[[0m^[[32mDownload^[[0m https://registry.npmjs.org/term-size
Test (deno on ubuntu-latest)	UNKNOWN STEP	2026-05-18T13:37:27.1081773Z ^[[0m^[[32mDownload^[[0m https://registry.npmjs.org/@eslint-community%2feslint-utils
Test (deno on ubuntu-latest)	UNKNOWN STEP	2026-05-18T13:37:27.1083178Z ^[[0m^[[32mDownload^[[0m https://registry.npmjs.org/@eslint-community%2fregexpp
Test (deno on ubuntu-latest)	UNKNOWN STEP	2026-05-18T13:37:27.1084273Z ^[[0m^[[32mDownload^[[0m https://registry.npmjs.org/@eslint%2fconfig-array
Test (deno on ubuntu-latest)	UNKNOWN STEP	2026-05-18T13:37:27.1085527Z ^[[0m^[[32mDownload^[[0m https://registry.npmjs.org/@eslint%2fconfig-helpers
Test (deno on ubuntu-latest)	UNKNOWN STEP	2026-05-18T13:37:27.1086414Z ^[[0m^[[32mDownload^[[0m https://registry.npmjs.org/@eslint%2fcore
Test (deno on ubuntu-latest)	UNKNOWN STEP	2026-05-18T13:37:27.1087271Z ^[[0m^[[32mDownload^[[0m https://registry.npmjs.org/@eslint%2fplugin-kit
Test (deno on ubuntu-latest)	UNKNOWN STEP	2026-05-18T13:37:27.1088116Z ^[[0m^[[32mDownload^[[0m https://registry.npmjs.org/@humanfs%2fnode
Test (deno on ubuntu-latest)	UNKNOWN STEP	2026-05-18T13:37:27.1089053Z ^[[0m^[[32mDownload^[[0m https://registry.npmjs.org/@humanwhocodes%2fmodule-importer
Test (deno on ubuntu-latest)	UNKNOWN STEP	2026-05-18T13:37:27.1089998Z ^[[0m^[[32mDownload^[[0m https://registry.npmjs.org/@humanwhocodes%2fretry
Test (deno on ubuntu-latest)	UNKNOWN STEP	2026-05-18T13:37:27.1090855Z ^[[0m^[[32mDownload^[[0m https://registry.npmjs.org/@types%2festree
Test (deno on ubuntu-latest)	UNKNOWN STEP	2026-05-18T13:37:27.1091744Z ^[[0m^[[32mDownload^[[0m https://registry.npmjs.org/ajv
Test (deno on ubuntu-latest)	UNKNOWN STEP	2026-05-18T13:37:27.1092735Z ^[[0m^[[32mDownload^[[0m https://registry.npmjs.org/cross-spawn
Test (deno on ubuntu-latest)	UNKNOWN STEP	2026-05-18T13:37:27.1093478Z ^[[0m^[[32mDownload^[[0m https://registry.npmjs.org/debug
Test (deno on ubuntu-latest)	UNKNOWN STEP	2026-05-18T13:37:27.1094262Z ^[[0m^[[32mDownload^[[0m https://registry.npmjs.org/escape-string-regexp
Test (deno on ubuntu-latest)	UNKNOWN STEP	2026-05-18T13:37:27.1095393Z ^[[0m^[[32mDownload^[[0m https://registry.npmjs.org/eslint-scope
Test (deno on ubuntu-latest)	UNKNOWN STEP	2026-05-18T13:37:27.1096154Z ^[[0m^[[32mDownload^[[0m https://registry.npmjs.org/eslint-visitor-keys
Test (deno on ubuntu-latest)	UNKNOWN STEP	2026-05-18T13:37:27.1096652Z ^[[0m^[[32mDownload^[[0m https://registry.npmjs.org/espree
Test (deno on ubuntu-latest)	UNKNOWN STEP	2026-05-18T13:37:27.1097079Z ^[[0m^[[32mDownload^[[0m https://registry.npmjs.org/esquery
Test (deno on ubuntu-latest)	UNKNOWN STEP	2026-05-18T13:37:27.1097469Z ^[[0m^[[32mDownload^[[0m https://registry.npmjs.org/esutils
Test (deno on ubuntu-latest)	UNKNOWN STEP	2026-05-18T13:37:27.1097894Z ^[[0m^[[32mDownload^[[0m https://registry.npmjs.org/fast-deep-equal
Test (deno on ubuntu-latest)	UNKNOWN STEP	2026-05-18T13:37:27.1098351Z ^[[0m^[[32mDownload^[[0m https://registry.npmjs.org/file-entry-cache
Test (deno on ubuntu-latest)	UNKNOWN STEP	2026-05-18T13:37:27.1098794Z ^[[0m^[[32mDownload^[[0m https://registry.npmjs.org/find-up
Test (deno on ubuntu-latest)	UNKNOWN STEP	2026-05-18T13:37:27.1099238Z ^[[0m^[[32mDownload^[[0m https://registry.npmjs.org/glob-parent
Test (deno on ubuntu-latest)	UNKNOWN STEP	2026-05-18T13:37:27.1099683Z ^[[0m^[[32mDownload^[[0m https://registry.npmjs.org/ignore
Test (deno on ubuntu-latest)	UNKNOWN STEP	2026-05-18T13:37:27.1100101Z ^[[0m^[[32mDownload^[[0m https://registry.npmjs.org/imurmurhash
Test (deno on ubuntu-latest)	UNKNOWN STEP	2026-05-18T13:37:27.1100502Z ^[[0m^[[32mDownload^[[0m https://registry.npmjs.org/is-glob
Test (deno on ubuntu-latest)	UNKNOWN STEP	2026-05-18T13:37:27.1100896Z ^[[0m^[[32mDownload^[[0m https://registry.npmjs.org/jiti
Test (deno on ubuntu-latest)	UNKNOWN STEP	2026-05-18T13:37:27.1101401Z ^[[0m^[[32mDownload^[[0m https://registry.npmjs.org/json-stable-stringify-without-jsonify
Test (deno on ubuntu-latest)	UNKNOWN STEP	2026-05-18T13:37:27.1101923Z ^[[0m^[[32mDownload^[[0m https://registry.npmjs.org/minimatch
Test (deno on ubuntu-latest)	UNKNOWN STEP	2026-05-18T13:37:27.1102361Z ^[[0m^[[32mDownload^[[0m https://registry.npmjs.org/natural-compare
Test (deno on ubuntu-latest)	UNKNOWN STEP	2026-05-18T13:37:27.1102807Z ^[[0m^[[32mDownload^[[0m https://registry.npmjs.org/optionator
Test (deno on ubuntu-latest)	UNKNOWN STEP	2026-05-18T13:37:27.1103242Z ^[[0m^[[32mDownload^[[0m https://registry.npmjs.org/@types%2feslint
Test (deno on ubuntu-latest)	UNKNOWN STEP	2026-05-18T13:37:27.1103726Z ^[[0m^[[32mDownload^[[0m https://registry.npmjs.org/prettier-linter-helpers
Test (deno on ubuntu-latest)	UNKNOWN STEP	2026-05-18T13:37:27.1104189Z ^[[0m^[[32mDownload^[[0m https://registry.npmjs.org/synckit
Test (deno on ubuntu-latest)	UNKNOWN STEP	2026-05-18T13:37:27.1104863Z ^[[0m^[[32mDownload^[[0m https://registry.npmjs.org/@jscpd%2fbadge-reporter
Test (deno on ubuntu-latest)	UNKNOWN STEP	2026-05-18T13:37:27.1105342Z ^[[0m^[[32mDownload^[[0m https://registry.npmjs.org/@jscpd%2fcore
Test (deno on ubuntu-latest)	UNKNOWN STEP	2026-05-18T13:37:27.1105780Z ^[[0m^[[32mDownload^[[0m https://registry.npmjs.org/@jscpd%2ffinder
Test (deno on ubuntu-latest)	UNKNOWN STEP	2026-05-18T13:37:27.1106260Z ^[[0m^[[32mDownload^[[0m https://registry.npmjs.org/@jscpd%2fhtml-reporter
Test (deno on ubuntu-latest)	UNKNOWN STEP	2026-05-18T13:37:27.1106756Z ^[[0m^[[32mDownload^[[0m https://registry.npmjs.org/@jscpd%2ftokenizer
Test (deno on ubuntu-latest)	UNKNOWN STEP	2026-05-18T13:37:27.1107317Z ^[[0m^[[32mDownload^[[0m https://registry.npmjs.org/colors
Test (deno on ubuntu-latest)	UNKNOWN STEP	2026-05-18T13:37:27.1107756Z ^[[0m^[[32mDownload^[[0m https://registry.npmjs.org/commander
Test (deno on ubuntu-latest)	UNKNOWN STEP	2026-05-18T13:37:27.1108210Z ^[[0m^[[32mDownload^[[0m https://registry.npmjs.org/jscpd-sarif-reporter
Test (deno on ubuntu-latest)	UNKNOWN STEP	2026-05-18T13:37:27.1108686Z ^[[0m^[[32mDownload^[[0m https://registry.npmjs.org/@dotenvx%2fdotenvx
Test (deno on ubuntu-latest)	UNKNOWN STEP	2026-05-18T13:37:27.1109125Z ^[[0m^[[32mDownload^[[0m https://registry.npmjs.org/getenv
Test (deno on ubuntu-latest)	UNKNOWN STEP	2026-05-18T13:37:27.1109741Z ^[[0m^[[32mDownload^[[0m https://registry.npmjs.org/lino-env
Test (deno on ubuntu-latest)	UNKNOWN STEP	2026-05-18T13:37:27.1110324Z ^[[0m^[[32mDownload^[[0m https://registry.npmjs.org/yargs
Test (deno on ubuntu-latest)	UNKNOWN STEP	2026-05-18T13:37:27.2943393Z ^[[0m^[[32mDownload^[[0m https://registry.npmjs.org/@changesets%2fget-version-range-type
Test (deno on ubuntu-latest)	UNKNOWN STEP	2026-05-18T13:37:27.2944826Z ^[[0m^[[32mDownload^[[0m https://registry.npmjs.org/detect-indent
Test (deno on ubuntu-latest)	UNKNOWN STEP	2026-05-18T13:37:27.2945810Z ^[[0m^[[32mDownload^[[0m https://registry.npmjs.org/lodash.startcase
Test (deno on ubuntu-latest)	UNKNOWN STEP	2026-05-18T13:37:27.2946675Z ^[[0m^[[32mDownload^[[0m https://registry.npmjs.org/outdent
Test (deno on ubuntu-latest)	UNKNOWN STEP	2026-05-18T13:37:27.2947495Z ^[[0m^[[32mDownload^[[0m https://registry.npmjs.org/micromatch
Test (deno on ubuntu-latest)	UNKNOWN STEP	2026-05-18T13:37:27.2948373Z ^[[0m^[[32mDownload^[[0m https://registry.npmjs.org/extendable-error
Test (deno on ubuntu-latest)	UNKNOWN STEP	2026-05-18T13:37:27.2949231Z ^[[0m^[[32mDownload^[[0m https://registry.npmjs.org/is-subdir
Test (deno on ubuntu-latest)	UNKNOWN STEP	2026-05-18T13:37:27.2950143Z ^[[0m^[[32mDownload^[[0m https://registry.npmjs.org/@changesets%2fparse
Test (deno on ubuntu-latest)	UNKNOWN STEP	2026-05-18T13:37:27.2950993Z ^[[0m^[[32mDownload^[[0m https://registry.npmjs.org/p-filter
Test (deno on ubuntu-latest)	UNKNOWN STEP	2026-05-18T13:37:27.2952137Z ^[[0m^[[32mDownload^[[0m https://registry.npmjs.org/human-id
Test (deno on ubuntu-latest)	UNKNOWN STEP	2026-05-18T13:37:27.2952982Z ^[[0m^[[32mDownload^[[0m https://registry.npmjs.org/@types%2fnode
Test (deno on ubuntu-latest)	UNKNOWN STEP	2026-05-18T13:37:27.2954084Z ^[[0m^[[32mDownload^[[0m https://registry.npmjs.org/chardet
Test (deno on ubuntu-latest)	UNKNOWN STEP	2026-05-18T13:37:27.2955132Z ^[[0m^[[32mDownload^[[0m https://registry.npmjs.org/iconv-lite
Test (deno on ubuntu-latest)	UNKNOWN STEP	2026-05-18T13:37:27.2956003Z ^[[0m^[[32mDownload^[[0m https://registry.npmjs.org/@babel%2fruntime
Test (deno on ubuntu-latest)	UNKNOWN STEP	2026-05-18T13:37:27.2956900Z ^[[0m^[[32mDownload^[[0m https://registry.npmjs.org/@manypkg%2ffind-root
Test (deno on ubuntu-latest)	UNKNOWN STEP	2026-05-18T13:37:27.2957736Z ^[[0m^[[32mDownload^[[0m https://registry.npmjs.org/globby
Test (deno on ubuntu-latest)	UNKNOWN STEP	2026-05-18T13:37:27.2958543Z ^[[0m^[[32mDownload^[[0m https://registry.npmjs.org/read-yaml-file
Test (deno on ubuntu-latest)	UNKNOWN STEP	2026-05-18T13:37:27.2959348Z ^[[0m^[[32mDownload^[[0m https://registry.npmjs.org/strip-ansi
Test (deno on ubuntu-latest)	UNKNOWN STEP	2026-05-18T13:37:27.2960166Z ^[[0m^[[32mDownload^[[0m https://registry.npmjs.org/graceful-fs
Test (deno on ubuntu-latest)	UNKNOWN STEP	2026-05-18T13:37:27.2960950Z ^[[0m^[[32mDownload^[[0m https://registry.npmjs.org/jsonfile
Test (deno on ubuntu-latest)	UNKNOWN STEP	2026-05-18T13:37:27.2961767Z ^[[0m^[[32mDownload^[[0m https://registry.npmjs.org/universalify
Test (deno on ubuntu-latest)	UNKNOWN STEP	2026-05-18T13:37:27.2962565Z ^[[0m^[[32mDownload^[[0m https://registry.npmjs.org/quansync
Test (deno on ubuntu-latest)	UNKNOWN STEP	2026-05-18T13:37:27.2963417Z ^[[0m^[[32mDownload^[[0m https://registry.npmjs.org/signal-exit
Test (deno on ubuntu-latest)	UNKNOWN STEP	2026-05-18T13:37:27.2964345Z ^[[0m^[[32mDownload^[[0m https://registry.npmjs.org/@eslint%2fobject-schema
Test (deno on ubuntu-latest)	UNKNOWN STEP	2026-05-18T13:37:27.2965641Z ^[[0m^[[32mDownload^[[0m https://registry.npmjs.org/@types%2fjson-schema
Test (deno on ubuntu-latest)	UNKNOWN STEP	2026-05-18T13:37:27.2966433Z ^[[0m^[[32mDownload^[[0m https://registry.npmjs.org/levn
Test (deno on ubuntu-latest)	UNKNOWN STEP	2026-05-18T13:37:27.2967173Z ^[[0m^[[32mDownload^[[0m https://registry.npmjs.org/@humanfs%2fcore
Test (deno on ubuntu-latest)	UNKNOWN STEP	2026-05-18T13:37:27.2968002Z ^[[0m^[[32mDownload^[[0m https://registry.npmjs.org/@humanfs%2ftypes
Test (deno on ubuntu-latest)	UNKNOWN STEP	2026-05-18T13:37:27.2968885Z ^[[0m^[[32mDownload^[[0m https://registry.npmjs.org/fast-json-stable-stringify
Test (deno on ubuntu-latest)	UNKNOWN STEP	2026-05-18T13:37:27.2969807Z ^[[0m^[[32mDownload^[[0m https://registry.npmjs.org/json-schema-traverse
Test (deno on ubuntu-latest)	UNKNOWN STEP	2026-05-18T13:37:27.2970577Z ^[[0m^[[32mDownload^[[0m https://registry.npmjs.org/uri-js
Test (deno on ubuntu-latest)	UNKNOWN STEP	2026-05-18T13:37:27.2971295Z ^[[0m^[[32mDownload^[[0m https://registry.npmjs.org/path-key
Test (deno on ubuntu-latest)	UNKNOWN STEP	2026-05-18T13:37:27.2972054Z ^[[0m^[[32mDownload^[[0m https://registry.npmjs.org/shebang-command
Test (deno on ubuntu-latest)	UNKNOWN STEP	2026-05-18T13:37:27.2972862Z ^[[0m^[[32mDownload^[[0m https://registry.npmjs.org/which
Test (deno on ubuntu-latest)	UNKNOWN STEP	2026-05-18T13:37:27.2973531Z ^[[0m^[[32mDownload^[[0m https://registry.npmjs.org/ms
Test (deno on ubuntu-latest)	UNKNOWN STEP	2026-05-18T13:37:27.2974309Z ^[[0m^[[32mDownload^[[0m https://registry.npmjs.org/@types%2fesrecurse
Test (deno on ubuntu-latest)	UNKNOWN STEP	2026-05-18T13:37:27.2975246Z ^[[0m^[[32mDownload^[[0m https://registry.npmjs.org/esrecurse
Test (deno on ubuntu-latest)	UNKNOWN STEP	2026-05-18T13:37:27.2975669Z ^[[0m^[[32mDownload^[[0m https://registry.npmjs.org/estraverse
Test (deno on ubuntu-latest)	UNKNOWN STEP	2026-05-18T13:37:27.2976074Z ^[[0m^[[32mDownload^[[0m https://registry.npmjs.org/acorn
Test (deno on ubuntu-latest)	UNKNOWN STEP	2026-05-18T13:37:27.2976485Z ^[[0m^[[32mDownload^[[0m https://registry.npmjs.org/acorn-jsx
Test (deno on ubuntu-latest)	UNKNOWN STEP	2026-05-18T13:37:27.2976906Z ^[[0m^[[32mDownload^[[0m https://registry.npmjs.org/flat-cache
Test (deno on ubuntu-latest)	UNKNOWN STEP	2026-05-18T13:37:27.2977329Z ^[[0m^[[32mDownload^[[0m https://registry.npmjs.org/locate-path
Test (deno on ubuntu-latest)	UNKNOWN STEP	2026-05-18T13:37:27.2977773Z ^[[0m^[[32mDownload^[[0m https://registry.npmjs.org/path-exists
Test (deno on ubuntu-latest)	UNKNOWN STEP	2026-05-18T13:37:27.2978225Z ^[[0m^[[32mDownload^[[0m https://registry.npmjs.org/is-extglob
Test (deno on ubuntu-latest)	UNKNOWN STEP	2026-05-18T13:37:27.2978841Z ^[[0m^[[32mDownload^[[0m https://registry.npmjs.org/brace-expansion
Test (deno on ubuntu-latest)	UNKNOWN STEP	2026-05-18T13:37:27.2979289Z ^[[0m^[[32mDownload^[[0m https://registry.npmjs.org/deep-is
Test (deno on ubuntu-latest)	UNKNOWN STEP	2026-05-18T13:37:27.2979715Z ^[[0m^[[32mDownload^[[0m https://registry.npmjs.org/fast-levenshtein
Test (deno on ubuntu-latest)	UNKNOWN STEP	2026-05-18T13:37:27.2980159Z ^[[0m^[[32mDownload^[[0m https://registry.npmjs.org/prelude-ls
Test (deno on ubuntu-latest)	UNKNOWN STEP	2026-05-18T13:37:27.2980573Z ^[[0m^[[32mDownload^[[0m https://registry.npmjs.org/type-check
Test (deno on ubuntu-latest)	UNKNOWN STEP	2026-05-18T13:37:27.2980973Z ^[[0m^[[32mDownload^[[0m https://registry.npmjs.org/word-wrap
Test (deno on ubuntu-latest)	UNKNOWN STEP	2026-05-18T13:37:27.2981376Z ^[[0m^[[32mDownload^[[0m https://registry.npmjs.org/fast-diff
Test (deno on ubuntu-latest)	UNKNOWN STEP	2026-05-18T13:37:27.2981795Z ^[[0m^[[32mDownload^[[0m https://registry.npmjs.org/@pkgr%2fcore
Test (deno on ubuntu-latest)	UNKNOWN STEP	2026-05-18T13:37:27.2982204Z ^[[0m^[[32mDownload^[[0m https://registry.npmjs.org/badgen
Test (deno on ubuntu-latest)	UNKNOWN STEP	2026-05-18T13:37:27.2982644Z ^[[0m^[[32mDownload^[[0m https://registry.npmjs.org/eventemitter3
Test (deno on ubuntu-latest)	UNKNOWN STEP	2026-05-18T13:37:27.2983254Z ^[[0m^[[32mDownload^[[0m https://registry.npmjs.org/blamer
Test (deno on ubuntu-latest)	UNKNOWN STEP	2026-05-18T13:37:27.2983642Z ^[[0m^[[32mDownload^[[0m https://registry.npmjs.org/bytes
Test (deno on ubuntu-latest)	UNKNOWN STEP	2026-05-18T13:37:27.2984051Z ^[[0m^[[32mDownload^[[0m https://registry.npmjs.org/cli-table3
Test (deno on ubuntu-latest)	UNKNOWN STEP	2026-05-18T13:37:27.2984640Z ^[[0m^[[32mDownload^[[0m https://registry.npmjs.org/fast-glob
Test (deno on ubuntu-latest)	UNKNOWN STEP	2026-05-18T13:37:27.2985077Z ^[[0m^[[32mDownload^[[0m https://registry.npmjs.org/markdown-table
Test (deno on ubuntu-latest)	UNKNOWN STEP	2026-05-18T13:37:27.2985489Z ^[[0m^[[32mDownload^[[0m https://registry.npmjs.org/pug
Test (deno on ubuntu-latest)	UNKNOWN STEP	2026-05-18T13:37:27.2985875Z ^[[0m^[[32mDownload^[[0m https://registry.npmjs.org/spark-md5
Test (deno on ubuntu-latest)	UNKNOWN STEP	2026-05-18T13:37:27.2986326Z ^[[0m^[[32mDownload^[[0m https://registry.npmjs.org/node-sarif-builder
Test (deno on ubuntu-latest)	UNKNOWN STEP	2026-05-18T13:37:27.2986984Z ^[[0m^[[32mDownload^[[0m https://registry.npmjs.org/cliui
Test (deno on ubuntu-latest)	UNKNOWN STEP	2026-05-18T13:37:27.2987372Z ^[[0m^[[32mDownload^[[0m https://registry.npmjs.org/escalade
Test (deno on ubuntu-latest)	UNKNOWN STEP	2026-05-18T13:37:27.2987802Z ^[[0m^[[32mDownload^[[0m https://registry.npmjs.org/get-caller-file
Test (deno on ubuntu-latest)	UNKNOWN STEP	2026-05-18T13:37:27.2988256Z ^[[0m^[[32mDownload^[[0m https://registry.npmjs.org/require-directory
Test (deno on ubuntu-latest)	UNKNOWN STEP	2026-05-18T13:37:27.2988714Z ^[[0m^[[32mDownload^[[0m https://registry.npmjs.org/string-width
Test (deno on ubuntu-latest)	UNKNOWN STEP	2026-05-18T13:37:27.2989118Z ^[[0m^[[32mDownload^[[0m https://registry.npmjs.org/y18n
Test (deno on ubuntu-latest)	UNKNOWN STEP	2026-05-18T13:37:27.2989524Z ^[[0m^[[32mDownload^[[0m https://registry.npmjs.org/yargs-parser
Test (deno on ubuntu-latest)	UNKNOWN STEP	2026-05-18T13:37:27.3594404Z ^[[0m^[[32mDownload^[[0m https://registry.npmjs.org/braces
Test (deno on ubuntu-latest)	UNKNOWN STEP	2026-05-18T13:37:27.3595397Z ^[[0m^[[32mDownload^[[0m https://registry.npmjs.org/picomatch
Test (deno on ubuntu-latest)	UNKNOWN STEP	2026-05-18T13:37:27.3595951Z ^[[0m^[[32mDownload^[[0m https://registry.npmjs.org/better-path-resolve
Test (deno on ubuntu-latest)	UNKNOWN STEP	2026-05-18T13:37:27.3596957Z ^[[0m^[[32mDownload^[[0m https://registry.npmjs.org/js-yaml
Test (deno on ubuntu-latest)	UNKNOWN STEP	2026-05-18T13:37:27.3597405Z ^[[0m^[[32mDownload^[[0m https://registry.npmjs.org/p-map
Test (deno on ubuntu-latest)	UNKNOWN STEP	2026-05-18T13:37:27.4948651Z ^[[0m^[[32mDownload^[[0m https://registry.npmjs.org/safer-buffer
Test (deno on ubuntu-latest)	UNKNOWN STEP	2026-05-18T13:37:27.4949589Z ^[[0m^[[32mDownload^[[0m https://registry.npmjs.org/array-union
Test (deno on ubuntu-latest)	UNKNOWN STEP	2026-05-18T13:37:27.4950362Z ^[[0m^[[32mDownload^[[0m https://registry.npmjs.org/dir-glob
Test (deno on ubuntu-latest)	UNKNOWN STEP	2026-05-18T13:37:27.4951095Z ^[[0m^[[32mDownload^[[0m https://registry.npmjs.org/merge2
Test (deno on ubuntu-latest)	UNKNOWN STEP	2026-05-18T13:37:27.4951833Z ^[[0m^[[32mDownload^[[0m https://registry.npmjs.org/slash
Test (deno on ubuntu-latest)	UNKNOWN STEP	2026-05-18T13:37:27.4952541Z ^[[0m^[[32mDownload^[[0m https://registry.npmjs.org/pify
Test (deno on ubuntu-latest)	UNKNOWN STEP	2026-05-18T13:37:27.4953278Z ^[[0m^[[32mDownload^[[0m https://registry.npmjs.org/strip-bom
Test (deno on ubuntu-latest)	UNKNOWN STEP	2026-05-18T13:37:27.4954044Z ^[[0m^[[32mDownload^[[0m https://registry.npmjs.org/ansi-regex
Test (deno on ubuntu-latest)	UNKNOWN STEP	2026-05-18T13:37:27.4954976Z ^[[0m^[[32mDownload^[[0m https://registry.npmjs.org/punycode
Test (deno on ubuntu-latest)	UNKNOWN STEP	2026-05-18T13:37:27.4955733Z ^[[0m^[[32mDownload^[[0m https://registry.npmjs.org/shebang-regex
Test (deno on ubuntu-latest)	UNKNOWN STEP	2026-05-18T13:37:27.4956458Z ^[[0m^[[32mDownload^[[0m https://registry.npmjs.org/isexe
Test (deno on ubuntu-latest)	UNKNOWN STEP	2026-05-18T13:37:27.4957137Z ^[[0m^[[32mDownload^[[0m https://registry.npmjs.org/flatted
Test (deno on ubuntu-latest)	UNKNOWN STEP	2026-05-18T13:37:27.4957818Z ^[[0m^[[32mDownload^[[0m https://registry.npmjs.org/keyv
Test (deno on ubuntu-latest)	UNKNOWN STEP	2026-05-18T13:37:27.4958504Z ^[[0m^[[32mDownload^[[0m https://registry.npmjs.org/p-locate
Test (deno on ubuntu-latest)	UNKNOWN STEP	2026-05-18T13:37:27.4959236Z ^[[0m^[[32mDownload^[[0m https://registry.npmjs.org/balanced-match
Test (deno on ubuntu-latest)	UNKNOWN STEP	2026-05-18T13:37:27.4959988Z ^[[0m^[[32mDownload^[[0m https://registry.npmjs.org/execa
Test (deno on ubuntu-latest)	UNKNOWN STEP	2026-05-18T13:37:27.4960994Z ^[[0m^[[32mDownload^[[0m https://registry.npmjs.org/@colors%2fcolors
Test (deno on ubuntu-latest)	UNKNOWN STEP	2026-05-18T13:37:27.4961835Z ^[[0m^[[32mDownload^[[0m https://registry.npmjs.org/@nodelib%2ffs.stat
Test (deno on ubuntu-latest)	UNKNOWN STEP	2026-05-18T13:37:27.4962324Z ^[[0m^[[32mDownload^[[0m https://registry.npmjs.org/@nodelib%2ffs.walk
Test (deno on ubuntu-latest)	UNKNOWN STEP	2026-05-18T13:37:27.4963021Z ^[[0m^[[32mDownload^[[0m https://registry.npmjs.org/repeat-string
Test (deno on ubuntu-latest)	UNKNOWN STEP	2026-05-18T13:37:27.4963462Z ^[[0m^[[32mDownload^[[0m https://registry.npmjs.org/pug-code-gen
Test (deno on ubuntu-latest)	UNKNOWN STEP	2026-05-18T13:37:27.4964095Z ^[[0m^[[32mDownload^[[0m https://registry.npmjs.org/pug-filters
Test (deno on ubuntu-latest)	UNKNOWN STEP	2026-05-18T13:37:27.4964873Z ^[[0m^[[32mDownload^[[0m https://registry.npmjs.org/pug-lexer
Test (deno on ubuntu-latest)	UNKNOWN STEP	2026-05-18T13:37:27.4965501Z ^[[0m^[[32mDownload^[[0m https://registry.npmjs.org/pug-linker
Test (deno on ubuntu-latest)	UNKNOWN STEP	2026-05-18T13:37:27.4965958Z ^[[0m^[[32mDownload^[[0m https://registry.npmjs.org/pug-load
Test (deno on ubuntu-latest)	UNKNOWN STEP	2026-05-18T13:37:27.4966596Z ^[[0m^[[32mDownload^[[0m https://registry.npmjs.org/pug-parser
Test (deno on ubuntu-latest)	UNKNOWN STEP	2026-05-18T13:37:27.4967059Z ^[[0m^[[32mDownload^[[0m https://registry.npmjs.org/pug-runtime
Test (deno on ubuntu-latest)	UNKNOWN STEP	2026-05-18T13:37:27.4967969Z ^[[0m^[[32mDownload^[[0m https://registry.npmjs.org/pug-strip-comments
Test (deno on ubuntu-latest)	UNKNOWN STEP	2026-05-18T13:37:27.4968456Z ^[[0m^[[32mDownload^[[0m https://registry.npmjs.org/@types%2fsarif
Test (deno on ubuntu-latest)	UNKNOWN STEP	2026-05-18T13:37:27.4969091Z ^[[0m^[[32mDownload^[[0m https://registry.npmjs.org/wrap-ansi
Test (deno on ubuntu-latest)	UNKNOWN STEP	2026-05-18T13:37:27.4969544Z ^[[0m^[[32mDownload^[[0m https://registry.npmjs.org/emoji-regex
Test (deno on ubuntu-latest)	UNKNOWN STEP	2026-05-18T13:37:27.4970130Z ^[[0m^[[32mDownload^[[0m https://registry.npmjs.org/is-fullwidth-code-point
Test (deno on ubuntu-latest)	UNKNOWN STEP	2026-05-18T13:37:27.4970701Z ^[[0m^[[32mDownload^[[0m https://registry.npmjs.org/fill-range
Test (deno on ubuntu-latest)	UNKNOWN STEP	2026-05-18T13:37:27.4971123Z ^[[0m^[[32mDownload^[[0m https://registry.npmjs.org/is-windows
Test (deno on ubuntu-latest)	UNKNOWN STEP	2026-05-18T13:37:27.4971738Z ^[[0m^[[32mDownload^[[0m https://registry.npmjs.org/argparse
Test (deno on ubuntu-latest)	UNKNOWN STEP	2026-05-18T13:37:27.5516769Z ^[[0m^[[32mDownload^[[0m https://registry.npmjs.org/path-type
Test (deno on ubuntu-latest)	UNKNOWN STEP	2026-05-18T13:37:27.5517714Z ^[[0m^[[32mDownload^[[0m https://registry.npmjs.org/esprima
Test (deno on ubuntu-latest)	UNKNOWN STEP	2026-05-18T13:37:27.5540704Z ^[[0m^[[32mDownload^[[0m https://registry.npmjs.org/json-buffer
Test (deno on ubuntu-latest)	UNKNOWN STEP	2026-05-18T13:37:27.5541706Z ^[[0m^[[32mDownload^[[0m https://registry.npmjs.org/p-limit
Test (deno on ubuntu-latest)	UNKNOWN STEP	2026-05-18T13:37:27.5542587Z ^[[0m^[[32mDownload^[[0m https://registry.npmjs.org/get-stream
Test (deno on ubuntu-latest)	UNKNOWN STEP	2026-05-18T13:37:27.5543122Z ^[[0m^[[32mDownload^[[0m https://registry.npmjs.org/human-signals
Test (deno on ubuntu-latest)	UNKNOWN STEP	2026-05-18T13:37:27.5543651Z ^[[0m^[[32mDownload^[[0m https://registry.npmjs.org/is-stream
Test (deno on ubuntu-latest)	UNKNOWN STEP	2026-05-18T13:37:27.5544095Z ^[[0m^[[32mDownload^[[0m https://registry.npmjs.org/merge-stream
Test (deno on ubuntu-latest)	UNKNOWN STEP	2026-05-18T13:37:27.5544821Z ^[[0m^[[32mDownload^[[0m https://registry.npmjs.org/npm-run-path
Test (deno on ubuntu-latest)	UNKNOWN STEP	2026-05-18T13:37:27.5545279Z ^[[0m^[[32mDownload^[[0m https://registry.npmjs.org/onetime
Test (deno on ubuntu-latest)	UNKNOWN STEP	2026-05-18T13:37:27.5545758Z ^[[0m^[[32mDownload^[[0m https://registry.npmjs.org/strip-final-newline
Test (deno on ubuntu-latest)	UNKNOWN STEP	2026-05-18T13:37:27.5678651Z ^[[0m^[[32mDownload^[[0m https://registry.npmjs.org/@nodelib%2ffs.scandir
Test (deno on ubuntu-latest)	UNKNOWN STEP	2026-05-18T13:37:27.5679645Z ^[[0m^[[32mDownload^[[0m https://registry.npmjs.org/fastq
Test (deno on ubuntu-latest)	UNKNOWN STEP	2026-05-18T13:37:27.5680523Z ^[[0m^[[32mDownload^[[0m https://registry.npmjs.org/constantinople
Test (deno on ubuntu-latest)	UNKNOWN STEP	2026-05-18T13:37:27.5681425Z ^[[0m^[[32mDownload^[[0m https://registry.npmjs.org/doctypes
Test (deno on ubuntu-latest)	UNKNOWN STEP	2026-05-18T13:37:27.5682358Z ^[[0m^[[32mDownload^[[0m https://registry.npmjs.org/js-stringify
Test (deno on ubuntu-latest)	UNKNOWN STEP	2026-05-18T13:37:27.5683300Z ^[[0m^[[32mDownload^[[0m https://registry.npmjs.org/pug-attrs
Test (deno on ubuntu-latest)	UNKNOWN STEP	2026-05-18T13:37:27.5683819Z ^[[0m^[[32mDownload^[[0m https://registry.npmjs.org/pug-error
Test (deno on ubuntu-latest)	UNKNOWN STEP	2026-05-18T13:37:27.5684260Z ^[[0m^[[32mDownload^[[0m https://registry.npmjs.org/void-elements
Test (deno on ubuntu-latest)	UNKNOWN STEP	2026-05-18T13:37:27.5684922Z ^[[0m^[[32mDownload^[[0m https://registry.npmjs.org/with
Test (deno on ubuntu-latest)	UNKNOWN STEP	2026-05-18T13:37:27.5685357Z ^[[0m^[[32mDownload^[[0m https://registry.npmjs.org/jstransformer
Test (deno on ubuntu-latest)	UNKNOWN STEP	2026-05-18T13:37:27.5685790Z ^[[0m^[[32mDownload^[[0m https://registry.npmjs.org/pug-walk
Test (deno on ubuntu-latest)	UNKNOWN STEP	2026-05-18T13:37:27.5686227Z ^[[0m^[[32mDownload^[[0m https://registry.npmjs.org/resolve
Test (deno on ubuntu-latest)	UNKNOWN STEP	2026-05-18T13:37:27.5686679Z ^[[0m^[[32mDownload^[[0m https://registry.npmjs.org/character-parser
Test (deno on ubuntu-latest)	UNKNOWN STEP	2026-05-18T13:37:27.5687141Z ^[[0m^[[32mDownload^[[0m https://registry.npmjs.org/is-expression
Test (deno on ubuntu-latest)	UNKNOWN STEP	2026-05-18T13:37:27.5687604Z ^[[0m^[[32mDownload^[[0m https://registry.npmjs.org/object-assign
Test (deno on ubuntu-latest)	UNKNOWN STEP	2026-05-18T13:37:27.5688058Z ^[[0m^[[32mDownload^[[0m https://registry.npmjs.org/token-stream
Test (deno on ubuntu-latest)	UNKNOWN STEP	2026-05-18T13:37:27.5688724Z ^[[0m^[[32mDownload^[[0m https://registry.npmjs.org/ansi-styles
Test (deno on ubuntu-latest)	UNKNOWN STEP	2026-05-18T13:37:27.5689188Z ^[[0m^[[32mDownload^[[0m https://registry.npmjs.org/to-regex-range
Test (deno on ubuntu-latest)	UNKNOWN STEP	2026-05-18T13:37:27.5797386Z ^[[0m^[[32mDownload^[[0m https://registry.npmjs.org/sprintf-js
Test (deno on ubuntu-latest)	UNKNOWN STEP	2026-05-18T13:37:27.5799059Z ^[[0m^[[32mDownload^[[0m https://registry.npmjs.org/yocto-queue
Test (deno on ubuntu-latest)	UNKNOWN STEP	2026-05-18T13:37:27.5891081Z ^[[0m^[[32mDownload^[[0m https://registry.npmjs.org/pump
Test (deno on ubuntu-latest)	UNKNOWN STEP	2026-05-18T13:37:27.5891648Z ^[[0m^[[32mDownload^[[0m https://registry.npmjs.org/mimic-fn
Test (deno on ubuntu-latest)	UNKNOWN STEP	2026-05-18T13:37:27.6159610Z ^[[0m^[[32mDownload^[[0m https://registry.npmjs.org/run-parallel
Test (deno on ubuntu-latest)	UNKNOWN STEP	2026-05-18T13:37:27.6160535Z ^[[0m^[[32mDownload^[[0m https://registry.npmjs.org/reusify
Test (deno on ubuntu-latest)	UNKNOWN STEP	2026-05-18T13:37:27.6161339Z ^[[0m^[[32mDownload^[[0m https://registry.npmjs.org/@babel%2fparser
Test (deno on ubuntu-latest)	UNKNOWN STEP	2026-05-18T13:37:27.6161941Z ^[[0m^[[32mDownload^[[0m https://registry.npmjs.org/@babel%2ftypes
Test (deno on ubuntu-latest)	UNKNOWN STEP	2026-05-18T13:37:27.6162734Z ^[[0m^[[32mDownload^[[0m https://registry.npmjs.org/assert-never
Test (deno on ubuntu-latest)	UNKNOWN STEP	2026-05-18T13:37:27.6163268Z ^[[0m^[[32mDownload^[[0m https://registry.npmjs.org/babel-walk
Test (deno on ubuntu-latest)	UNKNOWN STEP	2026-05-18T13:37:27.6163775Z ^[[0m^[[32mDownload^[[0m https://registry.npmjs.org/is-promise
Test (deno on ubuntu-latest)	UNKNOWN STEP	2026-05-18T13:37:27.6164255Z ^[[0m^[[32mDownload^[[0m https://registry.npmjs.org/promise
Test (deno on ubuntu-latest)	UNKNOWN STEP	2026-05-18T13:37:27.6165153Z ^[[0m^[[32mDownload^[[0m https://registry.npmjs.org/es-errors
Test (deno on ubuntu-latest)	UNKNOWN STEP	2026-05-18T13:37:27.6165708Z ^[[0m^[[32mDownload^[[0m https://registry.npmjs.org/is-core-module
Test (deno on ubuntu-latest)	UNKNOWN STEP	2026-05-18T13:37:27.6166241Z ^[[0m^[[32mDownload^[[0m https://registry.npmjs.org/path-parse
Test (deno on ubuntu-latest)	UNKNOWN STEP	2026-05-18T13:37:27.6166849Z ^[[0m^[[32mDownload^[[0m https://registry.npmjs.org/supports-preserve-symlinks-flag
Test (deno on ubuntu-latest)	UNKNOWN STEP	2026-05-18T13:37:27.6366663Z ^[[0m^[[32mDownload^[[0m https://registry.npmjs.org/is-regex
Test (deno on ubuntu-latest)	UNKNOWN STEP	2026-05-18T13:37:27.6367457Z ^[[0m^[[32mDownload^[[0m https://registry.npmjs.org/color-convert
Test (deno on ubuntu-latest)	UNKNOWN STEP	2026-05-18T13:37:27.6368040Z ^[[0m^[[32mDownload^[[0m https://registry.npmjs.org/is-number
Test (deno on ubuntu-latest)	UNKNOWN STEP	2026-05-18T13:37:27.6368557Z ^[[0m^[[32mDownload^[[0m https://registry.npmjs.org/end-of-stream
Test (deno on ubuntu-latest)	UNKNOWN STEP	2026-05-18T13:37:27.6369031Z ^[[0m^[[32mDownload^[[0m https://registry.npmjs.org/once
Test (deno on ubuntu-latest)	UNKNOWN STEP	2026-05-18T13:37:27.6369510Z ^[[0m^[[32mDownload^[[0m https://registry.npmjs.org/queue-microtask
Test (deno on ubuntu-latest)	UNKNOWN STEP	2026-05-18T13:37:27.6654640Z ^[[0m^[[32mDownload^[[0m https://registry.npmjs.org/@babel%2fhelper-string-parser
Test (deno on ubuntu-latest)	UNKNOWN STEP	2026-05-18T13:37:27.6655661Z ^[[0m^[[32mDownload^[[0m https://registry.npmjs.org/@babel%2fhelper-validator-identifier
Test (deno on ubuntu-latest)	UNKNOWN STEP	2026-05-18T13:37:27.6656462Z ^[[0m^[[32mDownload^[[0m https://registry.npmjs.org/asap
Test (deno on ubuntu-latest)	UNKNOWN STEP	2026-05-18T13:37:27.6656928Z ^[[0m^[[32mDownload^[[0m https://registry.npmjs.org/hasown
Test (deno on ubuntu-latest)	UNKNOWN STEP	2026-05-18T13:37:27.6657356Z ^[[0m^[[32mDownload^[[0m https://registry.npmjs.org/call-bound
Test (deno on ubuntu-latest)	UNKNOWN STEP	2026-05-18T13:37:27.6657764Z ^[[0m^[[32mDownload^[[0m https://registry.npmjs.org/gopd
Test (deno on ubuntu-latest)	UNKNOWN STEP	2026-05-18T13:37:27.6658188Z ^[[0m^[[32mDownload^[[0m https://registry.npmjs.org/has-tostringtag
Test (deno on ubuntu-latest)	UNKNOWN STEP	2026-05-18T13:37:27.6658634Z ^[[0m^[[32mDownload^[[0m https://registry.npmjs.org/color-name
Test (deno on ubuntu-latest)	UNKNOWN STEP	2026-05-18T13:37:27.6659073Z ^[[0m^[[32mDownload^[[0m https://registry.npmjs.org/p-try
Test (deno on ubuntu-latest)	UNKNOWN STEP	2026-05-18T13:37:27.6659470Z ^[[0m^[[32mDownload^[[0m https://registry.npmjs.org/wrappy
Test (deno on ubuntu-latest)	UNKNOWN STEP	2026-05-18T13:37:27.7139931Z ^[[0m^[[32mDownload^[[0m https://registry.npmjs.org/function-bind
Test (deno on ubuntu-latest)	UNKNOWN STEP	2026-05-18T13:37:27.7140620Z ^[[0m^[[32mDownload^[[0m https://registry.npmjs.org/call-bind-apply-helpers
Test (deno on ubuntu-latest)	UNKNOWN STEP	2026-05-18T13:37:27.7141174Z ^[[0m^[[32mDownload^[[0m https://registry.npmjs.org/get-intrinsic
Test (deno on ubuntu-latest)	UNKNOWN STEP	2026-05-18T13:37:27.7141655Z ^[[0m^[[32mDownload^[[0m https://registry.npmjs.org/has-symbols
Test (deno on ubuntu-latest)	UNKNOWN STEP	2026-05-18T13:37:27.7320226Z ^[[0m^[[32mDownload^[[0m https://registry.npmjs.org/es-define-property
Test (deno on ubuntu-latest)	UNKNOWN STEP	2026-05-18T13:37:27.7320982Z ^[[0m^[[32mDownload^[[0m https://registry.npmjs.org/es-object-atoms
Test (deno on ubuntu-latest)	UNKNOWN STEP	2026-05-18T13:37:27.7321509Z ^[[0m^[[32mDownload^[[0m https://registry.npmjs.org/get-proto
Test (deno on ubuntu-latest)	UNKNOWN STEP	2026-05-18T13:37:27.7321981Z ^[[0m^[[32mDownload^[[0m https://registry.npmjs.org/math-intrinsics
Test (deno on ubuntu-latest)	UNKNOWN STEP	2026-05-18T13:37:27.7617466Z ^[[0m^[[32mDownload^[[0m https://registry.npmjs.org/dunder-proto
Test (deno on ubuntu-latest)	UNKNOWN STEP	2026-05-18T13:37:27.7915203Z ^[[0m^[[32mDownload^[[0m https://registry.npmjs.org/eslint-plugin-prettier/-/eslint-plugin-prettier-5.5.5.tgz
Test (deno on ubuntu-latest)	UNKNOWN STEP	2026-05-18T13:37:27.7917039Z ^[[0m^[[32mDownload^[[0m https://registry.npmjs.org/eslint/-/eslint-10.4.0.tgz
Test (deno on ubuntu-latest)	UNKNOWN STEP	2026-05-18T13:37:27.7918469Z ^[[0m^[[32mDownload^[[0m https://registry.npmjs.org/eslint-config-prettier/-/eslint-config-prettier-10.1.8.tgz
Test (deno on ubuntu-latest)	UNKNOWN STEP	2026-05-18T13:37:27.7919794Z ^[[0m^[[32mDownload^[[0m https://registry.npmjs.org/jscpd/-/jscpd-4.2.3.tgz
Test (deno on ubuntu-latest)	UNKNOWN STEP	2026-05-18T13:37:27.7921022Z ^[[0m^[[32mDownload^[[0m https://registry.npmjs.org/lino-objects-codec/-/lino-objects-codec-0.4.0.tgz
Test (deno on ubuntu-latest)	UNKNOWN STEP	2026-05-18T13:37:27.7922328Z ^[[0m^[[32mDownload^[[0m https://registry.npmjs.org/prettier/-/prettier-3.8.3.tgz
Test (deno on ubuntu-latest)	UNKNOWN STEP	2026-05-18T13:37:27.7923471Z ^[[0m^[[32mDownload^[[0m https://registry.npmjs.org/@changesets/cli/-/cli-2.31.0.tgz
Test (deno on ubuntu-latest)	UNKNOWN STEP	2026-05-18T13:37:27.7924981Z ^[[0m^[[32mDownload^[[0m https://registry.npmjs.org/lino-arguments/-/lino-arguments-0.3.0.tgz
Test (deno on ubuntu-latest)	UNKNOWN STEP	2026-05-18T13:37:27.7926344Z ^[[0m^[[32mDownload^[[0m https://registry.npmjs.org/links-notation/-/links-notation-0.13.0.tgz
Test (deno on ubuntu-latest)	UNKNOWN STEP	2026-05-18T13:37:27.7928009Z ^[[0m^[[32mDownload^[[0m https://registry.npmjs.org/test-anywhere/-/test-anywhere-0.9.1.tgz
Test (deno on ubuntu-latest)	UNKNOWN STEP	2026-05-18T13:37:27.7929157Z ^[[0m^[[32mDownload^[[0m https://registry.npmjs.org/@eslint/js/-/js-10.0.1.tgz
Test (deno on ubuntu-latest)	UNKNOWN STEP	2026-05-18T13:37:27.7930235Z ^[[0m^[[32mDownload^[[0m https://registry.npmjs.org/synckit/-/synckit-0.11.12.tgz
Test (deno on ubuntu-latest)	UNKNOWN STEP	2026-05-18T13:37:27.7931549Z ^[[0m^[[32mDownload^[[0m https://registry.npmjs.org/prettier-linter-helpers/-/prettier-linter-helpers-1.0.1.tgz
Test (deno on ubuntu-latest)	UNKNOWN STEP	2026-05-18T13:37:27.7932883Z ^[[0m^[[32mDownload^[[0m https://registry.npmjs.org/@types/estree/-/estree-1.0.9.tgz
Test (deno on ubuntu-latest)	UNKNOWN STEP	2026-05-18T13:37:27.7933998Z ^[[0m^[[32mDownload^[[0m https://registry.npmjs.org/minimatch/-/minimatch-10.2.5.tgz
Test (deno on ubuntu-latest)	UNKNOWN STEP	2026-05-18T13:37:27.7935490Z ^[[0m^[[32mDownload^[[0m https://registry.npmjs.org/natural-compare/-/natural-compare-1.4.0.tgz
Test (deno on ubuntu-latest)	UNKNOWN STEP	2026-05-18T13:37:27.7936723Z ^[[0m^[[32mDownload^[[0m https://registry.npmjs.org/optionator/-/optionator-0.9.4.tgz
Test (deno on ubuntu-latest)	UNKNOWN STEP	2026-05-18T13:37:27.7937936Z ^[[0m^[[32mDownload^[[0m https://registry.npmjs.org/@eslint/plugin-kit/-/plugin-kit-0.7.1.tgz
Test (deno on ubuntu-latest)	UNKNOWN STEP	2026-05-18T13:37:27.7939071Z ^[[0m^[[32mDownload^[[0m https://registry.npmjs.org/is-glob/-/is-glob-4.0.3.tgz
Test (deno on ubuntu-latest)	UNKNOWN STEP	2026-05-18T13:37:27.7940236Z ^[[0m^[[32mDownload^[[0m https://registry.npmjs.org/@eslint-community/regexpp/-/regexpp-4.12.2.tgz
Test (deno on ubuntu-latest)	UNKNOWN STEP	2026-05-18T13:37:27.7941517Z ^[[0m^[[32mDownload^[[0m https://registry.npmjs.org/@eslint/config-helpers/-/config-helpers-0.6.0.tgz
Test (deno on ubuntu-latest)	UNKNOWN STEP	2026-05-18T13:37:27.7942679Z ^[[0m^[[32mDownload^[[0m https://registry.npmjs.org/espree/-/espree-11.2.0.tgz
Test (deno on ubuntu-latest)	UNKNOWN STEP	2026-05-18T13:37:27.7943828Z ^[[0m^[[32mDownload^[[0m https://registry.npmjs.org/file-entry-cache/-/file-entry-cache-8.0.0.tgz
Test (deno on ubuntu-latest)	UNKNOWN STEP	2026-05-18T13:37:27.7945276Z ^[[0m^[[32mDownload^[[0m https://registry.npmjs.org/find-up/-/find-up-5.0.0.tgz
Test (deno on ubuntu-latest)	UNKNOWN STEP	2026-05-18T13:37:27.7946408Z ^[[0m^[[32mDownload^[[0m https://registry.npmjs.org/@humanwhocodes/retry/-/retry-0.4.3.tgz
Test (deno on ubuntu-latest)	UNKNOWN STEP	2026-05-18T13:37:27.7947475Z ^[[0m^[[32mDownload^[[0m https://registry.npmjs.org/@eslint/core/-/core-1.2.1.tgz
Test (deno on ubuntu-latest)	UNKNOWN STEP	2026-05-18T13:37:27.7948485Z ^[[0m^[[32mDownload^[[0m https://registry.npmjs.org/esquery/-/esquery-1.7.0.tgz
Test (deno on ubuntu-latest)	UNKNOWN STEP	2026-05-18T13:37:27.7949771Z ^[[0m^[[32mDownload^[[0m https://registry.npmjs.org/escape-string-regexp/-/escape-string-regexp-4.0.0.tgz
Test (deno on ubuntu-latest)	UNKNOWN STEP	2026-05-18T13:37:27.7951220Z ^[[0m^[[32mDownload^[[0m https://registry.npmjs.org/eslint-scope/-/eslint-scope-9.1.2.tgz
Test (deno on ubuntu-latest)	UNKNOWN STEP	2026-05-18T13:37:27.7952950Z ^[[0m^[[32mDownload^[[0m https://registry.npmjs.org/json-stable-stringify-without-jsonify/-/json-stable-stringify-without-jsonify-1.0.1.tgz
Test (deno on ubuntu-latest)	UNKNOWN STEP	2026-05-18T13:37:27.7954699Z ^[[0m^[[32mDownload^[[0m https://registry.npmjs.org/ajv/-/ajv-6.15.0.tgz
Test (deno on ubuntu-latest)	UNKNOWN STEP	2026-05-18T13:37:27.7955827Z ^[[0m^[[32mDownload^[[0m https://registry.npmjs.org/glob-parent/-/glob-parent-6.0.2.tgz
Test (deno on ubuntu-latest)	UNKNOWN STEP	2026-05-18T13:37:27.7956991Z ^[[0m^[[32mDownload^[[0m https://registry.npmjs.org/cross-spawn/-/cross-spawn-7.0.6.tgz
Test (deno on ubuntu-latest)	UNKNOWN STEP	2026-05-18T13:37:27.7958073Z ^[[0m^[[32mDownload^[[0m https://registry.npmjs.org/ignore/-/ignore-5.3.2.tgz
Test (deno on ubuntu-latest)	UNKNOWN STEP	2026-05-18T13:37:27.7959353Z ^[[0m^[[32mDownload^[[0m https://registry.npmjs.org/@eslint-community/eslint-utils/-/eslint-utils-4.9.1.tgz
Test (deno on ubuntu-latest)	UNKNOWN STEP	2026-05-18T13:37:27.7960739Z ^[[0m^[[32mDownload^[[0m https://registry.npmjs.org/eslint-visitor-keys/-/eslint-visitor-keys-5.0.1.tgz
Test (deno on ubuntu-latest)	UNKNOWN STEP	2026-05-18T13:37:27.7962190Z ^[[0m^[[32mDownload^[[0m https://registry.npmjs.org/@humanfs/node/-/node-0.16.8.tgz
Test (deno on ubuntu-latest)	UNKNOWN STEP	2026-05-18T13:37:27.7963396Z ^[[0m^[[32mDownload^[[0m https://registry.npmjs.org/debug/-/debug-4.4.3.tgz
Test (deno on ubuntu-latest)	UNKNOWN STEP	2026-05-18T13:37:27.7964880Z ^[[0m^[[32mDownload^[[0m https://registry.npmjs.org/fast-deep-equal/-/fast-deep-equal-3.1.3.tgz
Test (deno on ubuntu-latest)	UNKNOWN STEP	2026-05-18T13:37:27.7966288Z ^[[0m^[[32mDownload^[[0m https://registry.npmjs.org/@eslint/config-array/-/config-array-0.23.5.tgz
Test (deno on ubuntu-latest)	UNKNOWN STEP	2026-05-18T13:37:27.7967709Z ^[[0m^[[32mDownload^[[0m https://registry.npmjs.org/@humanwhocodes/module-importer/-/module-importer-1.0.1.tgz
Test (deno on ubuntu-latest)	UNKNOWN STEP	2026-05-18T13:37:27.7969020Z ^[[0m^[[32mDownload^[[0m https://registry.npmjs.org/imurmurhash/-/imurmurhash-0.1.4.tgz
Test (deno on ubuntu-latest)	UNKNOWN STEP	2026-05-18T13:37:27.7970112Z ^[[0m^[[32mDownload^[[0m https://registry.npmjs.org/esutils/-/esutils-2.0.3.tgz
Test (deno on ubuntu-latest)	UNKNOWN STEP	2026-05-18T13:37:27.7971158Z ^[[0m^[[32mDownload^[[0m https://registry.npmjs.org/@jscpd/finder/-/finder-4.2.3.tgz
Test (deno on ubuntu-latest)	UNKNOWN STEP	2026-05-18T13:37:27.7972513Z ^[[0m^[[32mDownload^[[0m https://registry.npmjs.org/fs-extra/-/fs-extra-11.3.5.tgz
Test (deno on ubuntu-latest)	UNKNOWN STEP	2026-05-18T13:37:27.7973674Z ^[[0m^[[32mDownload^[[0m https://registry.npmjs.org/@jscpd/html-reporter/-/html-reporter-4.2.3.tgz
Test (deno on ubuntu-latest)	UNKNOWN STEP	2026-05-18T13:37:27.7975087Z ^[[0m^[[32mDownload^[[0m https://registry.npmjs.org/commander/-/commander-5.1.0.tgz
Test (deno on ubuntu-latest)	UNKNOWN STEP	2026-05-18T13:37:27.7976331Z ^[[0m^[[32mDownload^[[0m https://registry.npmjs.org/jscpd-sarif-reporter/-/jscpd-sarif-reporter-4.2.3.tgz
Test (deno on ubuntu-latest)	UNKNOWN STEP	2026-05-18T13:37:27.7977520Z ^[[0m^[[32mDownload^[[0m https://registry.npmjs.org/@jscpd/core/-/core-4.2.3.tgz
Test (deno on ubuntu-latest)	UNKNOWN STEP	2026-05-18T13:37:27.7978672Z ^[[0m^[[32mDownload^[[0m https://registry.npmjs.org/@jscpd/badge-reporter/-/badge-reporter-4.2.3.tgz
Test (deno on ubuntu-latest)	UNKNOWN STEP	2026-05-18T13:37:27.7979827Z ^[[0m^[[32mDownload^[[0m https://registry.npmjs.org/colors/-/colors-1.4.0.tgz
Test (deno on ubuntu-latest)	UNKNOWN STEP	2026-05-18T13:37:27.7980867Z ^[[0m^[[32mDownload^[[0m https://registry.npmjs.org/@jscpd/tokenizer/-/tokenizer-4.2.3.tgz
Test (deno on ubuntu-latest)	UNKNOWN STEP	2026-05-18T13:37:27.7982044Z ^[[0m^[[32mDownload^[[0m https://registry.npmjs.org/links-notation/-/links-notation-0.11.2.tgz
Test (deno on ubuntu-latest)	UNKNOWN STEP	2026-05-18T13:37:27.7983208Z ^[[0m^[[32mDownload^[[0m https://registry.npmjs.org/@changesets/types/-/types-6.1.0.tgz
Test (deno on ubuntu-latest)	UNKNOWN STEP	2026-05-18T13:37:27.7984305Z ^[[0m^[[32mDownload^[[0m https://registry.npmjs.org/@changesets/pre/-/pre-2.0.2.tgz
Test (deno on ubuntu-latest)	UNKNOWN STEP	2026-05-18T13:37:27.7985674Z ^[[0m^[[32mDownload^[[0m https://registry.npmjs.org/semver/-/semver-7.8.0.tgz
Test (deno on ubuntu-latest)	UNKNOWN STEP	2026-05-18T13:37:27.7986891Z ^[[0m^[[32mDownload^[[0m https://registry.npmjs.org/@changesets/write/-/write-0.4.0.tgz
Test (deno on ubuntu-latest)	UNKNOWN STEP	2026-05-18T13:37:27.7987996Z ^[[0m^[[32mDownload^[[0m https://registry.npmjs.org/term-size/-/term-size-2.2.1.tgz
Test (deno on ubuntu-latest)	UNKNOWN STEP	2026-05-18T13:37:27.7989116Z ^[[0m^[[32mDownload^[[0m https://registry.npmjs.org/@changesets/config/-/config-3.1.4.tgz
Test (deno on ubuntu-latest)	UNKNOWN STEP	2026-05-18T13:37:27.7990287Z ^[[0m^[[32mDownload^[[0m https://registry.npmjs.org/@changesets/logger/-/logger-0.1.1.tgz
Test (deno on ubuntu-latest)	UNKNOWN STEP	2026-05-18T13:37:27.7991492Z ^[[0m^[[32mDownload^[[0m https://registry.npmjs.org/@manypkg/get-packages/-/get-packages-1.1.3.tgz
Test (deno on ubuntu-latest)	UNKNOWN STEP	2026-05-18T13:37:27.7992684Z ^[[0m^[[32mDownload^[[0m https://registry.npmjs.org/@changesets/errors/-/errors-0.2.0.tgz
Test (deno on ubuntu-latest)	UNKNOWN STEP	2026-05-18T13:37:27.7993785Z ^[[0m^[[32mDownload^[[0m https://registry.npmjs.org/@changesets/read/-/read-0.6.7.tgz
Test (deno on ubuntu-latest)	UNKNOWN STEP	2026-05-18T13:37:27.7995386Z ^[[0m^[[32mDownload^[[0m https://registry.npmjs.org/@changesets/should-skip-package/-/should-skip-package-0.1.2.tgz
Test (deno on ubuntu-latest)	UNKNOWN STEP	2026-05-18T13:37:27.7996887Z ^[[0m^[[32mDownload^[[0m https://registry.npmjs.org/@inquirer/external-editor/-/external-editor-1.0.3.tgz
Test (deno on ubuntu-latest)	UNKNOWN STEP	2026-05-18T13:37:27.7998178Z ^[[0m^[[32mDownload^[[0m https://registry.npmjs.org/@changesets/git/-/git-3.0.4.tgz
Test (deno on ubuntu-latest)	UNKNOWN STEP	2026-05-18T13:37:27.7999366Z ^[[0m^[[32mDownload^[[0m https://registry.npmjs.org/ansi-colors/-/ansi-colors-4.1.3.tgz
Test (deno on ubuntu-latest)	UNKNOWN STEP	2026-05-18T13:37:27.8000799Z ^[[0m^[[32mDownload^[[0m https://registry.npmjs.org/package-manager-detector/-/package-manager-detector-0.2.11.tgz
Test (deno on ubuntu-latest)	UNKNOWN STEP	2026-05-18T13:37:27.8002315Z ^[[0m^[[32mDownload^[[0m https://registry.npmjs.org/@changesets/changelog-git/-/changelog-git-0.2.1.tgz
Test (deno on ubuntu-latest)	UNKNOWN STEP	2026-05-18T13:37:27.8003793Z ^[[0m^[[32mDownload^[[0m https://registry.npmjs.org/@changesets/get-release-plan/-/get-release-plan-4.0.16.tgz
Test (deno on ubuntu-latest)	UNKNOWN STEP	2026-05-18T13:37:27.8005432Z ^[[0m^[[32mDownload^[[0m https://registry.npmjs.org/mri/-/mri-1.2.0.tgz
Test (deno on ubuntu-latest)	UNKNOWN STEP	2026-05-18T13:37:27.8006980Z ^[[0m^[[32mDownload^[[0m https://registry.npmjs.org/@changesets/assemble-release-plan/-/assemble-release-plan-6.0.10.tgz
Test (deno on ubuntu-latest)	UNKNOWN STEP	2026-05-18T13:37:27.8008429Z ^[[0m^[[32mDownload^[[0m https://registry.npmjs.org/fs-extra/-/fs-extra-7.0.1.tgz
Test (deno on ubuntu-latest)	UNKNOWN STEP	2026-05-18T13:37:27.8009655Z ^[[0m^[[32mDownload^[[0m https://registry.npmjs.org/spawndamnit/-/spawndamnit-3.0.1.tgz
Test (deno on ubuntu-latest)	UNKNOWN STEP	2026-05-18T13:37:27.8010802Z ^[[0m^[[32mDownload^[[0m https://registry.npmjs.org/picocolors/-/picocolors-1.1.1.tgz
Test (deno on ubuntu-latest)	UNKNOWN STEP	2026-05-18T13:37:27.8012173Z ^[[0m^[[32mDownload^[[0m https://registry.npmjs.org/@changesets/get-dependents-graph/-/get-dependents-graph-2.1.4.tgz
Test (deno on ubuntu-latest)	UNKNOWN STEP	2026-05-18T13:37:27.8013768Z ^[[0m^[[32mDownload^[[0m https://registry.npmjs.org/@changesets/apply-release-plan/-/apply-release-plan-7.1.1.tgz
Test (deno on ubuntu-latest)	UNKNOWN STEP	2026-05-18T13:37:27.8015338Z ^[[0m^[[32mDownload^[[0m https://registry.npmjs.org/enquirer/-/enquirer-2.4.1.tgz
Test (deno on ubuntu-latest)	UNKNOWN STEP	2026-05-18T13:37:27.8016707Z ^[[0m^[[32mDownload^[[0m https://registry.npmjs.org/resolve-from/-/resolve-from-5.0.0.tgz
Test (deno on ubuntu-latest)	UNKNOWN STEP	2026-05-18T13:37:27.8017907Z ^[[0m^[[32mDownload^[[0m https://registry.npmjs.org/yargs/-/yargs-17.7.2.tgz
Test (deno on ubuntu-latest)	UNKNOWN STEP	2026-05-18T13:37:27.8018999Z ^[[0m^[[32mDownload^[[0m https://registry.npmjs.org/lino-env/-/lino-env-0.2.8.tgz
Test (deno on ubuntu-latest)	UNKNOWN STEP	2026-05-18T13:37:27.8020047Z ^[[0m^[[32mDownload^[[0m https://registry.npmjs.org/getenv/-/getenv-2.0.0.tgz
Test (deno on ubuntu-latest)	UNKNOWN STEP	2026-05-18T13:37:27.8021066Z ^[[0m^[[32mDownload^[[0m https://registry.npmjs.org/@pkgr/core/-/core-0.2.9.tgz
Test (deno on ubuntu-latest)	UNKNOWN STEP	2026-05-18T13:37:27.8022129Z ^[[0m^[[32mDownload^[[0m https://registry.npmjs.org/fast-diff/-/fast-diff-1.3.0.tgz
Test (deno on ubuntu-latest)	UNKNOWN STEP	2026-05-18T13:37:27.8023288Z ^[[0m^[[32mDownload^[[0m https://registry.npmjs.org/brace-expansion/-/brace-expansion-5.0.6.tgz
Test (deno on ubuntu-latest)	UNKNOWN STEP	2026-05-18T13:37:27.8024916Z ^[[0m^[[32mDownload^[[0m https://registry.npmjs.org/fast-levenshtein/-/fast-levenshtein-2.0.6.tgz
Test (deno on ubuntu-latest)	UNKNOWN STEP	2026-05-18T13:37:27.8026142Z ^[[0m^[[32mDownload^[[0m https://registry.npmjs.org/type-check/-/type-check-0.4.0.tgz
Test (deno on ubuntu-latest)	UNKNOWN STEP	2026-05-18T13:37:27.8027265Z ^[[0m^[[32mDownload^[[0m https://registry.npmjs.org/word-wrap/-/word-wrap-1.2.5.tgz
Test (deno on ubuntu-latest)	UNKNOWN STEP	2026-05-18T13:37:27.8028344Z ^[[0m^[[32mDownload^[[0m https://registry.npmjs.org/deep-is/-/deep-is-0.1.4.tgz
Test (deno on ubuntu-latest)	UNKNOWN STEP	2026-05-18T13:37:27.8029416Z ^[[0m^[[32mDownload^[[0m https://registry.npmjs.org/prelude-ls/-/prelude-ls-1.2.1.tgz
Test (deno on ubuntu-latest)	UNKNOWN STEP	2026-05-18T13:37:27.8030445Z ^[[0m^[[32mDownload^[[0m https://registry.npmjs.org/levn/-/levn-0.4.1.tgz
Test (deno on ubuntu-latest)	UNKNOWN STEP	2026-05-18T13:37:27.8031496Z ^[[0m^[[32mDownload^[[0m https://registry.npmjs.org/is-extglob/-/is-extglob-2.1.1.tgz
Test (deno on ubuntu-latest)	UNKNOWN STEP	2026-05-18T13:37:27.8032616Z ^[[0m^[[32mDownload^[[0m https://registry.npmjs.org/acorn-jsx/-/acorn-jsx-5.3.2.tgz
Test (deno on ubuntu-latest)	UNKNOWN STEP	2026-05-18T13:37:27.8033669Z ^[[0m^[[32mDownload^[[0m https://registry.npmjs.org/acorn/-/acorn-8.16.0.tgz
Test (deno on ubuntu-latest)	UNKNOWN STEP	2026-05-18T13:37:27.8034986Z ^[[0m^[[32mDownload^[[0m https://registry.npmjs.org/flat-cache/-/flat-cache-4.0.1.tgz
Test (deno on ubuntu-latest)	UNKNOWN STEP	2026-05-18T13:37:27.8036126Z ^[[0m^[[32mDownload^[[0m https://registry.npmjs.org/path-exists/-/path-exists-4.0.0.tgz
Test (deno on ubuntu-latest)	UNKNOWN STEP	2026-05-18T13:37:27.8037275Z ^[[0m^[[32mDownload^[[0m https://registry.npmjs.org/locate-path/-/locate-path-6.0.0.tgz
Test (deno on ubuntu-latest)	UNKNOWN STEP	2026-05-18T13:37:27.8038526Z ^[[0m^[[32mDownload^[[0m https://registry.npmjs.org/@types/json-schema/-/json-schema-7.0.15.tgz
Test (deno on ubuntu-latest)	UNKNOWN STEP	2026-05-18T13:37:27.8039713Z ^[[0m^[[32mDownload^[[0m https://registry.npmjs.org/estraverse/-/estraverse-5.3.0.tgz
Test (deno on ubuntu-latest)	UNKNOWN STEP	2026-05-18T13:37:27.8040849Z ^[[0m^[[32mDownload^[[0m https://registry.npmjs.org/@types/esrecurse/-/esrecurse-4.3.1.tgz
Test (deno on ubuntu-latest)	UNKNOWN STEP	2026-05-18T13:37:27.8042012Z ^[[0m^[[32mDownload^[[0m https://registry.npmjs.org/esrecurse/-/esrecurse-4.3.0.tgz
Test (deno on ubuntu-latest)	UNKNOWN STEP	2026-05-18T13:37:27.8043448Z ^[[0m^[[32mDownload^[[0m https://registry.npmjs.org/fast-json-stable-stringify/-/fast-json-stable-stringify-2.1.0.tgz
Test (deno on ubuntu-latest)	UNKNOWN STEP	2026-05-18T13:37:27.8045155Z ^[[0m^[[32mDownload^[[0m https://registry.npmjs.org/uri-js/-/uri-js-4.4.1.tgz
Test (deno on ubuntu-latest)	UNKNOWN STEP	2026-05-18T13:37:27.8046505Z ^[[0m^[[32mDownload^[[0m https://registry.npmjs.org/json-schema-traverse/-/json-schema-traverse-0.4.1.tgz
Test (deno on ubuntu-latest)	UNKNOWN STEP	2026-05-18T13:37:27.8047733Z ^[[0m^[[32mDownload^[[0m https://registry.npmjs.org/which/-/which-2.0.2.tgz
Test (deno on ubuntu-latest)	UNKNOWN STEP	2026-05-18T13:37:27.8048742Z ^[[0m^[[32mDownload^[[0m https://registry.npmjs.org/path-key/-/path-key-3.1.1.tgz
Test (deno on ubuntu-latest)	UNKNOWN STEP	2026-05-18T13:37:27.8050177Z ^[[0m^[[32mDownload^[[0m https://registry.npmjs.org/shebang-command/-/shebang-command-2.0.0.tgz
Test (deno on ubuntu-latest)	UNKNOWN STEP	2026-05-18T13:37:27.8051568Z ^[[0m^[[32mDownload^[[0m https://registry.npmjs.org/eslint-visitor-keys/-/eslint-visitor-keys-3.4.3.tgz
Test (deno on ubuntu-latest)	UNKNOWN STEP	2026-05-18T13:37:27.8052767Z ^[[0m^[[32mDownload^[[0m https://registry.npmjs.org/@humanfs/core/-/core-0.19.2.tgz
Test (deno on ubuntu-latest)	UNKNOWN STEP	2026-05-18T13:37:27.8053828Z ^[[0m^[[32mDownload^[[0m https://registry.npmjs.org/@humanfs/types/-/types-0.15.0.tgz
Test (deno on ubuntu-latest)	UNKNOWN STEP	2026-05-18T13:37:27.8055104Z ^[[0m^[[32mDownload^[[0m https://registry.npmjs.org/ms/-/ms-2.1.3.tgz
Test (deno on ubuntu-latest)	UNKNOWN STEP	2026-05-18T13:37:27.8056263Z ^[[0m^[[32mDownload^[[0m https://registry.npmjs.org/@eslint/object-schema/-/object-schema-3.0.5.tgz
Test (deno on ubuntu-latest)	UNKNOWN STEP	2026-05-18T13:37:27.8057486Z ^[[0m^[[32mDownload^[[0m https://registry.npmjs.org/fast-glob/-/fast-glob-3.3.3.tgz
Test (deno on ubuntu-latest)	UNKNOWN STEP	2026-05-18T13:37:27.8058511Z ^[[0m^[[32mDownload^[[0m https://registry.npmjs.org/pug/-/pug-3.0.4.tgz
Test (deno on ubuntu-latest)	UNKNOWN STEP	2026-05-18T13:37:27.8059619Z ^[[0m^[[32mDownload^[[0m https://registry.npmjs.org/markdown-table/-/markdown-table-2.0.0.tgz
Test (deno on ubuntu-latest)	UNKNOWN STEP	2026-05-18T13:37:27.8061057Z ^[[0m^[[32mDownload^[[0m https://registry.npmjs.org/bytes/-/bytes-3.1.2.tgz
Test (deno on ubuntu-latest)	UNKNOWN STEP	2026-05-18T13:37:27.8062088Z ^[[0m^[[32mDownload^[[0m https://registry.npmjs.org/blamer/-/blamer-1.0.7.tgz
Test (deno on ubuntu-latest)	UNKNOWN STEP	2026-05-18T13:37:27.8063161Z ^[[0m^[[32mDownload^[[0m https://registry.npmjs.org/cli-table3/-/cli-table3-0.6.5.tgz
Test (deno on ubuntu-latest)	UNKNOWN STEP	2026-05-18T13:37:27.8064346Z ^[[0m^[[32mDownload^[[0m https://registry.npmjs.org/universalify/-/universalify-2.0.1.tgz
Test (deno on ubuntu-latest)	UNKNOWN STEP	2026-05-18T13:37:27.8065722Z ^[[0m^[[32mDownload^[[0m https://registry.npmjs.org/graceful-fs/-/graceful-fs-4.2.11.tgz
Test (deno on ubuntu-latest)	UNKNOWN STEP	2026-05-18T13:37:27.8066786Z ^[[0m^[[32mDownload^[[0m https://registry.npmjs.org/jsonfile/-/jsonfile-6.2.1.tgz
Test (deno on ubuntu-latest)	UNKNOWN STEP	2026-05-18T13:37:27.8067986Z ^[[0m^[[32mDownload^[[0m https://registry.npmjs.org/node-sarif-builder/-/node-sarif-builder-3.4.0.tgz
Test (deno on ubuntu-latest)	UNKNOWN STEP	2026-05-18T13:37:27.8069264Z ^[[0m^[[32mDownload^[[0m https://registry.npmjs.org/eventemitter3/-/eventemitter3-5.0.4.tgz
Test (deno on ubuntu-latest)	UNKNOWN STEP	2026-05-18T13:37:27.8070354Z ^[[0m^[[32mDownload^[[0m https://registry.npmjs.org/badgen/-/badgen-3.3.2.tgz
Test (deno on ubuntu-latest)	UNKNOWN STEP	2026-05-18T13:37:27.8071374Z ^[[0m^[[32mDownload^[[0m https://registry.npmjs.org/spark-md5/-/spark-md5-3.0.2.tgz
Test (deno on ubuntu-latest)	UNKNOWN STEP	2026-05-18T13:37:27.8072376Z ^[[0m^[[32mDownload^[[0m https://registry.npmjs.org/prettier/-/prettier-2.8.8.tgz
Test (deno on ubuntu-latest)	UNKNOWN STEP	2026-05-18T13:37:27.8073448Z ^[[0m^[[32mDownload^[[0m https://registry.npmjs.org/human-id/-/human-id-4.1.3.tgz
Test (deno on ubuntu-latest)	UNKNOWN STEP	2026-05-18T13:37:27.8074721Z ^[[0m^[[32mDownload^[[0m https://registry.npmjs.org/micromatch/-/micromatch-4.0.8.tgz
Test (deno on ubuntu-latest)	UNKNOWN STEP	2026-05-18T13:37:27.8075769Z ^[[0m^[[32mDownload^[[0m https://registry.npmjs.org/fs-extra/-/fs-extra-8.1.0.tgz
Test (deno on ubuntu-latest)	UNKNOWN STEP	2026-05-18T13:37:27.8076775Z ^[[0m^[[32mDownload^[[0m https://registry.npmjs.org/globby/-/globby-11.1.0.tgz
Test (deno on ubuntu-latest)	UNKNOWN STEP	2026-05-18T13:37:27.8077881Z ^[[0m^[[32mDownload^[[0m https://registry.npmjs.org/@manypkg/find-root/-/find-root-1.1.0.tgz
Test (deno on ubuntu-latest)	UNKNOWN STEP	2026-05-18T13:37:27.8079000Z ^[[0m^[[32mDownload^[[0m https://registry.npmjs.org/@babel/runtime/-/runtime-7.29.2.tgz
Test (deno on ubuntu-latest)	UNKNOWN STEP	2026-05-18T13:37:27.8080104Z ^[[0m^[[32mDownload^[[0m https://registry.npmjs.org/@changesets/types/-/types-4.1.0.tgz
Test (deno on ubuntu-latest)	UNKNOWN STEP	2026-05-18T13:37:27.8081237Z ^[[0m^[[32mDownload^[[0m https://registry.npmjs.org/read-yaml-file/-/read-yaml-file-1.1.0.tgz
Test (deno on ubuntu-latest)	UNKNOWN STEP	2026-05-18T13:37:27.8082458Z ^[[0m^[[32mDownload^[[0m https://registry.npmjs.org/extendable-error/-/extendable-error-0.1.7.tgz
Test (deno on ubuntu-latest)	UNKNOWN STEP	2026-05-18T13:37:27.8083621Z ^[[0m^[[32mDownload^[[0m https://registry.npmjs.org/@changesets/parse/-/parse-0.4.3.tgz
Test (deno on ubuntu-latest)	UNKNOWN STEP	2026-05-18T13:37:27.8084974Z ^[[0m^[[32mDownload^[[0m https://registry.npmjs.org/p-filter/-/p-filter-2.1.0.tgz
Test (deno on ubuntu-latest)	UNKNOWN STEP	2026-05-18T13:37:27.8086034Z ^[[0m^[[32mDownload^[[0m https://registry.npmjs.org/iconv-lite/-/iconv-lite-0.7.2.tgz
Test (deno on ubuntu-latest)	UNKNOWN STEP	2026-05-18T13:37:27.8087060Z ^[[0m^[[32mDownload^[[0m https://registry.npmjs.org/chardet/-/chardet-2.1.1.tgz
Test (deno on ubuntu-latest)	UNKNOWN STEP	2026-05-18T13:37:27.8088078Z ^[[0m^[[32mDownload^[[0m https://registry.npmjs.org/is-subdir/-/is-subdir-1.2.0.tgz
Test (deno on ubuntu-latest)	UNKNOWN STEP	2026-05-18T13:37:27.8089100Z ^[[0m^[[32mDownload^[[0m https://registry.npmjs.org/quansync/-/quansync-0.2.11.tgz
Test (deno on ubuntu-latest)	UNKNOWN STEP	2026-05-18T13:37:27.8090153Z ^[[0m^[[32mDownload^[[0m https://registry.npmjs.org/jsonfile/-/jsonfile-4.0.0.tgz
Test (deno on ubuntu-latest)	UNKNOWN STEP	2026-05-18T13:37:27.8091290Z ^[[0m^[[32mDownload^[[0m https://registry.npmjs.org/universalify/-/universalify-0.1.2.tgz
Test (deno on ubuntu-latest)	UNKNOWN STEP	2026-05-18T13:37:27.8092688Z ^[[0m^[[32mDownload^[[0m https://registry.npmjs.org/signal-exit/-/signal-exit-4.1.0.tgz
Test (deno on ubuntu-latest)	UNKNOWN STEP	2026-05-18T13:37:27.8093939Z ^[[0m^[[32mDownload^[[0m https://registry.npmjs.org/detect-indent/-/detect-indent-6.1.0.tgz
Test (deno on ubuntu-latest)	UNKNOWN STEP	2026-05-18T13:37:27.8095475Z ^[[0m^[[32mDownload^[[0m https://registry.npmjs.org/lodash.startcase/-/lodash.startcase-4.4.0.tgz
Test (deno on ubuntu-latest)	UNKNOWN STEP	2026-05-18T13:37:27.8096961Z ^[[0m^[[32mDownload^[[0m https://registry.npmjs.org/@changesets/get-version-range-type/-/get-version-range-type-0.4.0.tgz
Test (deno on ubuntu-latest)	UNKNOWN STEP	2026-05-18T13:37:27.8098284Z ^[[0m^[[32mDownload^[[0m https://registry.npmjs.org/outdent/-/outdent-0.5.0.tgz
Test (deno on ubuntu-latest)	UNKNOWN STEP	2026-05-18T13:37:27.8099297Z ^[[0m^[[32mDownload^[[0m https://registry.npmjs.org/strip-ansi/-/strip-ansi-6.0.1.tgz
Test (deno on ubuntu-latest)	UNKNOWN STEP	2026-05-18T13:37:27.8100368Z ^[[0m^[[32mDownload^[[0m https://registry.npmjs.org/escalade/-/escalade-3.2.0.tgz
Test (deno on ubuntu-latest)	UNKNOWN STEP	2026-05-18T13:37:27.8101328Z ^[[0m^[[32mDownload^[[0m https://registry.npmjs.org/cliui/-/cliui-8.0.1.tgz
Test (deno on ubuntu-latest)	UNKNOWN STEP	2026-05-18T13:37:27.8102774Z ^[[0m^[[32mDownload^[[0m https://registry.npmjs.org/require-directory/-/require-directory-2.1.1.tgz
Test (deno on ubuntu-latest)	UNKNOWN STEP	2026-05-18T13:37:27.8103993Z ^[[0m^[[32mDownload^[[0m https://registry.npmjs.org/string-width/-/string-width-4.2.3.tgz
Test (deno on ubuntu-latest)	UNKNOWN STEP	2026-05-18T13:37:27.8105302Z ^[[0m^[[32mDownload^[[0m https://registry.npmjs.org/y18n/-/y18n-5.0.8.tgz
Test (deno on ubuntu-latest)	UNKNOWN STEP	2026-05-18T13:37:27.8106479Z ^[[0m^[[32mDownload^[[0m https://registry.npmjs.org/get-caller-file/-/get-caller-file-2.0.5.tgz
Test (deno on ubuntu-latest)	UNKNOWN STEP	2026-05-18T13:37:27.8107642Z ^[[0m^[[32mDownload^[[0m https://registry.npmjs.org/yargs-parser/-/yargs-parser-21.1.1.tgz
Test (deno on ubuntu-latest)	UNKNOWN STEP	2026-05-18T13:37:27.8108843Z ^[[0m^[[32mDownload^[[0m https://registry.npmjs.org/balanced-match/-/balanced-match-4.0.4.tgz
Test (deno on ubuntu-latest)	UNKNOWN STEP	2026-05-18T13:37:27.8109896Z ^[[0m^[[32mDownload^[[0m https://registry.npmjs.org/keyv/-/keyv-4.5.4.tgz
Test (deno on ubuntu-latest)	UNKNOWN STEP	2026-05-18T13:37:27.8111001Z ^[[0m^[[32mDownload^[[0m https://registry.npmjs.org/flatted/-/flatted-3.4.2.tgz
Test (deno on ubuntu-latest)	UNKNOWN STEP	2026-05-18T13:37:27.8112083Z ^[[0m^[[32mDownload^[[0m https://registry.npmjs.org/p-locate/-/p-locate-5.0.0.tgz
Test (deno on ubuntu-latest)	UNKNOWN STEP	2026-05-18T13:37:27.8113218Z ^[[0m^[[32mDownload^[[0m https://registry.npmjs.org/punycode/-/punycode-2.3.1.tgz
Test (deno on ubuntu-latest)	UNKNOWN STEP	2026-05-18T13:37:27.8114319Z ^[[0m^[[32mDownload^[[0m https://registry.npmjs.org/isexe/-/isexe-2.0.0.tgz
Test (deno on ubuntu-latest)	UNKNOWN STEP	2026-05-18T13:37:27.8115713Z ^[[0m^[[32mDownload^[[0m https://registry.npmjs.org/shebang-regex/-/shebang-regex-3.0.0.tgz
Test (deno on ubuntu-latest)	UNKNOWN STEP	2026-05-18T13:37:27.8116920Z ^[[0m^[[32mDownload^[[0m https://registry.npmjs.org/glob-parent/-/glob-parent-5.1.2.tgz
Test (deno on ubuntu-latest)	UNKNOWN STEP	2026-05-18T13:37:27.8118065Z ^[[0m^[[32mDownload^[[0m https://registry.npmjs.org/merge2/-/merge2-1.4.1.tgz
Test (deno on ubuntu-latest)	UNKNOWN STEP	2026-05-18T13:37:27.8119148Z ^[[0m^[[32mDownload^[[0m https://registry.npmjs.org/@nodelib/fs.walk/-/fs.walk-1.2.8.tgz
Test (deno on ubuntu-latest)	UNKNOWN STEP	2026-05-18T13:37:27.8120299Z ^[[0m^[[32mDownload^[[0m https://registry.npmjs.org/@nodelib/fs.stat/-/fs.stat-2.0.5.tgz
Test (deno on ubuntu-latest)	UNKNOWN STEP	2026-05-18T13:37:27.8121497Z ^[[0m^[[32mDownload^[[0m https://registry.npmjs.org/pug-linker/-/pug-linker-4.0.0.tgz
Test (deno on ubuntu-latest)	UNKNOWN STEP	2026-05-18T13:37:27.8122746Z ^[[0m^[[32mDownload^[[0m https://registry.npmjs.org/pug-code-gen/-/pug-code-gen-3.0.4.tgz
Test (deno on ubuntu-latest)	UNKNOWN STEP	2026-05-18T13:37:27.8123942Z ^[[0m^[[32mDownload^[[0m https://registry.npmjs.org/pug-load/-/pug-load-3.0.0.tgz
Test (deno on ubuntu-latest)	UNKNOWN STEP	2026-05-18T13:37:27.8125396Z ^[[0m^[[32mDownload^[[0m https://registry.npmjs.org/pug-runtime/-/pug-runtime-3.0.1.tgz
Test (deno on ubuntu-latest)	UNKNOWN STEP	2026-05-18T13:37:27.8126643Z ^[[0m^[[32mDownload^[[0m https://registry.npmjs.org/pug-filters/-/pug-filters-4.0.0.tgz
Test (deno on ubuntu-latest)	UNKNOWN STEP	2026-05-18T13:37:27.8127973Z ^[[0m^[[32mDownload^[[0m https://registry.npmjs.org/pug-strip-comments/-/pug-strip-comments-2.0.0.tgz
Test (deno on ubuntu-latest)	UNKNOWN STEP	2026-05-18T13:37:27.8129274Z ^[[0m^[[32mDownload^[[0m https://registry.npmjs.org/pug-lexer/-/pug-lexer-5.0.1.tgz
Test (deno on ubuntu-latest)	UNKNOWN STEP	2026-05-18T13:37:27.8130393Z ^[[0m^[[32mDownload^[[0m https://registry.npmjs.org/pug-parser/-/pug-parser-6.0.0.tgz
Test (deno on ubuntu-latest)	UNKNOWN STEP	2026-05-18T13:37:27.8131554Z ^[[0m^[[32mDownload^[[0m https://registry.npmjs.org/repeat-string/-/repeat-string-1.6.1.tgz
Test (deno on ubuntu-latest)	UNKNOWN STEP	2026-05-18T13:37:27.8132647Z ^[[0m^[[32mDownload^[[0m https://registry.npmjs.org/execa/-/execa-4.1.0.tgz
Test (deno on ubuntu-latest)	UNKNOWN STEP	2026-05-18T13:37:27.8133649Z ^[[0m^[[32mDownload^[[0m https://registry.npmjs.org/@colors/colors/-/colors-1.5.0.tgz
Test (deno on ubuntu-latest)	UNKNOWN STEP	2026-05-18T13:37:27.8134958Z ^[[0m^[[32mDownload^[[0m https://registry.npmjs.org/@types/sarif/-/sarif-2.1.7.tgz
Test (deno on ubuntu-latest)	UNKNOWN STEP	2026-05-18T13:37:27.8136257Z ^[[0m^[[32mDownload^[[0m https://registry.npmjs.org/picomatch/-/picomatch-2.3.2.tgz
Test (deno on ubuntu-latest)	UNKNOWN STEP	2026-05-18T13:37:27.8137494Z ^[[0m^[[32mDownload^[[0m https://registry.npmjs.org/braces/-/braces-3.0.3.tgz
Test (deno on ubuntu-latest)	UNKNOWN STEP	2026-05-18T13:37:27.8138571Z ^[[0m^[[32mDownload^[[0m https://registry.npmjs.org/dir-glob/-/dir-glob-3.0.1.tgz
Test (deno on ubuntu-latest)	UNKNOWN STEP	2026-05-18T13:37:27.8139648Z ^[[0m^[[32mDownload^[[0m https://registry.npmjs.org/array-union/-/array-union-2.1.0.tgz
Test (deno on ubuntu-latest)	UNKNOWN STEP	2026-05-18T13:37:27.8140710Z ^[[0m^[[32mDownload^[[0m https://registry.npmjs.org/slash/-/slash-3.0.0.tgz
Test (deno on ubuntu-latest)	UNKNOWN STEP	2026-05-18T13:37:27.8141690Z ^[[0m^[[32mDownload^[[0m https://registry.npmjs.org/find-up/-/find-up-4.1.0.tgz
Test (deno on ubuntu-latest)	UNKNOWN STEP	2026-05-18T13:37:27.8142731Z ^[[0m^[[32mDownload^[[0m https://registry.npmjs.org/@types/node/-/node-12.20.55.tgz
Test (deno on ubuntu-latest)	UNKNOWN STEP	2026-05-18T13:37:27.8143748Z ^[[0m^[[32mDownload^[[0m https://registry.npmjs.org/pify/-/pify-4.0.1.tgz
Test (deno on ubuntu-latest)	UNKNOWN STEP	2026-05-18T13:37:27.8145013Z ^[[0m^[[32mDownload^[[0m https://registry.npmjs.org/strip-bom/-/strip-bom-3.0.0.tgz
Test (deno on ubuntu-latest)	UNKNOWN STEP	2026-05-18T13:37:27.8146389Z ^[[0m^[[32mDownload^[[0m https://registry.npmjs.org/js-yaml/-/js-yaml-3.14.2.tgz
Test (deno on ubuntu-latest)	UNKNOWN STEP	2026-05-18T13:37:27.8147394Z ^[[0m^[[32mDownload^[[0m https://registry.npmjs.org/js-yaml/-/js-yaml-4.1.1.tgz
Test (deno on ubuntu-latest)	UNKNOWN STEP	2026-05-18T13:37:27.8148402Z ^[[0m^[[32mDownload^[[0m https://registry.npmjs.org/p-map/-/p-map-2.1.0.tgz
Test (deno on ubuntu-latest)	UNKNOWN STEP	2026-05-18T13:37:27.8149447Z ^[[0m^[[32mDownload^[[0m https://registry.npmjs.org/safer-buffer/-/safer-buffer-2.1.2.tgz
Test (deno on ubuntu-latest)	UNKNOWN STEP	2026-05-18T13:37:27.8150686Z ^[[0m^[[32mDownload^[[0m https://registry.npmjs.org/better-path-resolve/-/better-path-resolve-1.0.0.tgz
Test (deno on ubuntu-latest)	UNKNOWN STEP	2026-05-18T13:37:27.8151883Z ^[[0m^[[32mDownload^[[0m https://registry.npmjs.org/ansi-regex/-/ansi-regex-5.0.1.tgz
Test (deno on ubuntu-latest)	UNKNOWN STEP	2026-05-18T13:37:27.8152921Z ^[[0m^[[32mDownload^[[0m https://registry.npmjs.org/wrap-ansi/-/wrap-ansi-7.0.0.tgz
Test (deno on ubuntu-latest)	UNKNOWN STEP	2026-05-18T13:37:27.8154002Z ^[[0m^[[32mDownload^[[0m https://registry.npmjs.org/emoji-regex/-/emoji-regex-8.0.0.tgz
Test (deno on ubuntu-latest)	UNKNOWN STEP	2026-05-18T13:37:27.8155566Z ^[[0m^[[32mDownload^[[0m https://registry.npmjs.org/is-fullwidth-code-point/-/is-fullwidth-code-point-3.0.0.tgz
Test (deno on ubuntu-latest)	UNKNOWN STEP	2026-05-18T13:37:27.8156854Z ^[[0m^[[32mDownload^[[0m https://registry.npmjs.org/json-buffer/-/json-buffer-3.0.1.tgz
Test (deno on ubuntu-latest)	UNKNOWN STEP	2026-05-18T13:37:27.8157896Z ^[[0m^[[32mDownload^[[0m https://registry.npmjs.org/p-limit/-/p-limit-3.1.0.tgz
Test (deno on ubuntu-latest)	UNKNOWN STEP	2026-05-18T13:37:27.8158860Z ^[[0m^[[32mDownload^[[0m https://registry.npmjs.org/fastq/-/fastq-1.20.1.tgz
Test (deno on ubuntu-latest)	UNKNOWN STEP	2026-05-18T13:37:27.8159937Z ^[[0m^[[32mDownload^[[0m https://registry.npmjs.org/@nodelib/fs.scandir/-/fs.scandir-2.1.5.tgz
Test (deno on ubuntu-latest)	UNKNOWN STEP	2026-05-18T13:37:27.8161017Z ^[[0m^[[32mDownload^[[0m https://registry.npmjs.org/pug-walk/-/pug-walk-2.0.0.tgz
Test (deno on ubuntu-latest)	UNKNOWN STEP	2026-05-18T13:37:27.8162060Z ^[[0m^[[32mDownload^[[0m https://registry.npmjs.org/pug-error/-/pug-error-2.1.0.tgz
Test (deno on ubuntu-latest)	UNKNOWN STEP	2026-05-18T13:37:27.8163163Z ^[[0m^[[32mDownload^[[0m https://registry.npmjs.org/js-stringify/-/js-stringify-1.0.2.tgz
Test (deno on ubuntu-latest)	UNKNOWN STEP	2026-05-18T13:37:27.8164239Z ^[[0m^[[32mDownload^[[0m https://registry.npmjs.org/pug-attrs/-/pug-attrs-3.0.0.tgz
Test (deno on ubuntu-latest)	UNKNOWN STEP	2026-05-18T13:37:27.8165734Z ^[[0m^[[32mDownload^[[0m https://registry.npmjs.org/constantinople/-/constantinople-4.0.1.tgz
Test (deno on ubuntu-latest)	UNKNOWN STEP	2026-05-18T13:37:27.8166825Z ^[[0m^[[32mDownload^[[0m https://registry.npmjs.org/doctypes/-/doctypes-1.1.0.tgz
Test (deno on ubuntu-latest)	UNKNOWN STEP	2026-05-18T13:37:27.8167779Z ^[[0m^[[32mDownload^[[0m https://registry.npmjs.org/with/-/with-7.0.2.tgz
Test (deno on ubuntu-latest)	UNKNOWN STEP	2026-05-18T13:37:27.8168832Z ^[[0m^[[32mDownload^[[0m https://registry.npmjs.org/void-elements/-/void-elements-3.1.0.tgz
Test (deno on ubuntu-latest)	UNKNOWN STEP	2026-05-18T13:37:27.8169999Z ^[[0m^[[32mDownload^[[0m https://registry.npmjs.org/object-assign/-/object-assign-4.1.1.tgz
Test (deno on ubuntu-latest)	UNKNOWN STEP	2026-05-18T13:37:27.8171100Z ^[[0m^[[32mDownload^[[0m https://registry.npmjs.org/resolve/-/resolve-1.22.12.tgz
Test (deno on ubuntu-latest)	UNKNOWN STEP	2026-05-18T13:37:27.8172289Z ^[[0m^[[32mDownload^[[0m https://registry.npmjs.org/jstransformer/-/jstransformer-1.0.0.tgz
Test (deno on ubuntu-latest)	UNKNOWN STEP	2026-05-18T13:37:27.8173494Z ^[[0m^[[32mDownload^[[0m https://registry.npmjs.org/character-parser/-/character-parser-2.2.0.tgz
Test (deno on ubuntu-latest)	UNKNOWN STEP	2026-05-18T13:37:27.8174932Z ^[[0m^[[32mDownload^[[0m https://registry.npmjs.org/is-expression/-/is-expression-4.0.0.tgz
Test (deno on ubuntu-latest)	UNKNOWN STEP	2026-05-18T13:37:27.8176126Z ^[[0m^[[32mDownload^[[0m https://registry.npmjs.org/token-stream/-/token-stream-1.0.0.tgz
Test (deno on ubuntu-latest)	UNKNOWN STEP	2026-05-18T13:37:27.8177631Z ^[[0m^[[32mDownload^[[0m https://registry.npmjs.org/strip-final-newline/-/strip-final-newline-2.0.0.tgz
Test (deno on ubuntu-latest)	UNKNOWN STEP	2026-05-18T13:37:27.8178941Z ^[[0m^[[32mDownload^[[0m https://registry.npmjs.org/signal-exit/-/signal-exit-3.0.7.tgz
Test (deno on ubuntu-latest)	UNKNOWN STEP	2026-05-18T13:37:27.8180092Z ^[[0m^[[32mDownload^[[0m https://registry.npmjs.org/is-stream/-/is-stream-2.0.1.tgz
Test (deno on ubuntu-latest)	UNKNOWN STEP	2026-05-18T13:37:27.8181258Z ^[[0m^[[32mDownload^[[0m https://registry.npmjs.org/merge-stream/-/merge-stream-2.0.0.tgz
Test (deno on ubuntu-latest)	UNKNOWN STEP	2026-05-18T13:37:27.8182496Z ^[[0m^[[32mDownload^[[0m https://registry.npmjs.org/human-signals/-/human-signals-1.1.1.tgz
Test (deno on ubuntu-latest)	UNKNOWN STEP	2026-05-18T13:37:27.8183727Z ^[[0m^[[32mDownload^[[0m https://registry.npmjs.org/get-stream/-/get-stream-5.2.0.tgz
Test (deno on ubuntu-latest)	UNKNOWN STEP	2026-05-18T13:37:27.8185146Z ^[[0m^[[32mDownload^[[0m https://registry.npmjs.org/onetime/-/onetime-5.1.2.tgz
Test (deno on ubuntu-latest)	UNKNOWN STEP	2026-05-18T13:37:27.8185810Z ^[[0m^[[32mDownload^[[0m https://registry.npmjs.org/npm-run-path/-/npm-run-path-4.0.1.tgz
Test (deno on ubuntu-latest)	UNKNOWN STEP	2026-05-18T13:37:27.8186417Z ^[[0m^[[32mDownload^[[0m https://registry.npmjs.org/fill-range/-/fill-range-7.1.1.tgz
Test (deno on ubuntu-latest)	UNKNOWN STEP	2026-05-18T13:37:27.8187195Z ^[[0m^[[32mDownload^[[0m https://registry.npmjs.org/path-type/-/path-type-4.0.0.tgz
Test (deno on ubuntu-latest)	UNKNOWN STEP	2026-05-18T13:37:27.8187760Z ^[[0m^[[32mDownload^[[0m https://registry.npmjs.org/locate-path/-/locate-path-5.0.0.tgz
Test (deno on ubuntu-latest)	UNKNOWN STEP	2026-05-18T13:37:27.8188343Z ^[[0m^[[32mDownload^[[0m https://registry.npmjs.org/argparse/-/argparse-1.0.10.tgz
Test (deno on ubuntu-latest)	UNKNOWN STEP	2026-05-18T13:37:27.8188878Z ^[[0m^[[32mDownload^[[0m https://registry.npmjs.org/esprima/-/esprima-4.0.1.tgz
Test (deno on ubuntu-latest)	UNKNOWN STEP	2026-05-18T13:37:27.8189399Z ^[[0m^[[32mDownload^[[0m https://registry.npmjs.org/argparse/-/argparse-2.0.1.tgz
Test (deno on ubuntu-latest)	UNKNOWN STEP	2026-05-18T13:37:27.8189946Z ^[[0m^[[32mDownload^[[0m https://registry.npmjs.org/is-windows/-/is-windows-1.0.2.tgz
Test (deno on ubuntu-latest)	UNKNOWN STEP	2026-05-18T13:37:27.8190504Z ^[[0m^[[32mDownload^[[0m https://registry.npmjs.org/ansi-styles/-/ansi-styles-4.3.0.tgz
Test (deno on ubuntu-latest)	UNKNOWN STEP	2026-05-18T13:37:27.8191074Z ^[[0m^[[32mDownload^[[0m https://registry.npmjs.org/yocto-queue/-/yocto-queue-0.1.0.tgz
Test (deno on ubuntu-latest)	UNKNOWN STEP	2026-05-18T13:37:27.8191623Z ^[[0m^[[32mDownload^[[0m https://registry.npmjs.org/reusify/-/reusify-1.1.0.tgz
Test (deno on ubuntu-latest)	UNKNOWN STEP	2026-05-18T13:37:27.8211496Z ^[[0m^[[32mDownload^[[0m https://registry.npmjs.org/run-parallel/-/run-parallel-1.2.0.tgz
Test (deno on ubuntu-latest)	UNKNOWN STEP	2026-05-18T13:37:27.8212164Z ^[[0m^[[32mDownload^[[0m https://registry.npmjs.org/@babel/parser/-/parser-7.29.3.tgz
Test (deno on ubuntu-latest)	UNKNOWN STEP	2026-05-18T13:37:27.8212791Z ^[[0m^[[32mDownload^[[0m https://registry.npmjs.org/@babel/types/-/types-7.29.0.tgz
Test (deno on ubuntu-latest)	UNKNOWN STEP	2026-05-18T13:37:27.8213388Z ^[[0m^[[32mDownload^[[0m https://registry.npmjs.org/assert-never/-/assert-never-1.4.0.tgz
Test (deno on ubuntu-latest)	UNKNOWN STEP	2026-05-18T13:37:27.8214027Z ^[[0m^[[32mDownload^[[0m https://registry.npmjs.org/babel-walk/-/babel-walk-3.0.0-canary-5.tgz
Test (deno on ubuntu-latest)	UNKNOWN STEP	2026-05-18T13:37:27.8214843Z ^[[0m^[[32mDownload^[[0m https://registry.npmjs.org/es-errors/-/es-errors-1.3.0.tgz
Test (deno on ubuntu-latest)	UNKNOWN STEP	2026-05-18T13:37:27.8215414Z ^[[0m^[[32mDownload^[[0m https://registry.npmjs.org/path-parse/-/path-parse-1.0.7.tgz
Test (deno on ubuntu-latest)	UNKNOWN STEP	2026-05-18T13:37:27.8216027Z ^[[0m^[[32mDownload^[[0m https://registry.npmjs.org/is-core-module/-/is-core-module-2.16.2.tgz
Test (deno on ubuntu-latest)	UNKNOWN STEP	2026-05-18T13:37:27.8216835Z ^[[0m^[[32mDownload^[[0m https://registry.npmjs.org/supports-preserve-symlinks-flag/-/supports-preserve-symlinks-flag-1.0.0.tgz
Test (deno on ubuntu-latest)	UNKNOWN STEP	2026-05-18T13:37:27.8217570Z ^[[0m^[[32mDownload^[[0m https://registry.npmjs.org/promise/-/promise-7.3.1.tgz
Test (deno on ubuntu-latest)	UNKNOWN STEP	2026-05-18T13:37:27.8218129Z ^[[0m^[[32mDownload^[[0m https://registry.npmjs.org/is-promise/-/is-promise-2.2.2.tgz
Test (deno on ubuntu-latest)	UNKNOWN STEP	2026-05-18T13:37:27.8218681Z ^[[0m^[[32mDownload^[[0m https://registry.npmjs.org/is-regex/-/is-regex-1.2.1.tgz
Test (deno on ubuntu-latest)	UNKNOWN STEP	2026-05-18T13:37:27.8219187Z ^[[0m^[[32mDownload^[[0m https://registry.npmjs.org/acorn/-/acorn-7.4.1.tgz
Test (deno on ubuntu-latest)	UNKNOWN STEP	2026-05-18T13:37:27.8219680Z ^[[0m^[[32mDownload^[[0m https://registry.npmjs.org/pump/-/pump-3.0.4.tgz
Test (deno on ubuntu-latest)	UNKNOWN STEP	2026-05-18T13:37:27.8220203Z ^[[0m^[[32mDownload^[[0m https://registry.npmjs.org/mimic-fn/-/mimic-fn-2.1.0.tgz
Test (deno on ubuntu-latest)	UNKNOWN STEP	2026-05-18T13:37:27.8220803Z ^[[0m^[[32mDownload^[[0m https://registry.npmjs.org/to-regex-range/-/to-regex-range-5.0.1.tgz
Test (deno on ubuntu-latest)	UNKNOWN STEP	2026-05-18T13:37:27.8221387Z ^[[0m^[[32mDownload^[[0m https://registry.npmjs.org/p-locate/-/p-locate-4.1.0.tgz
Test (deno on ubuntu-latest)	UNKNOWN STEP	2026-05-18T13:37:27.8221949Z ^[[0m^[[32mDownload^[[0m https://registry.npmjs.org/sprintf-js/-/sprintf-js-1.0.3.tgz
Test (deno on ubuntu-latest)	UNKNOWN STEP	2026-05-18T13:37:27.8222550Z ^[[0m^[[32mDownload^[[0m https://registry.npmjs.org/color-convert/-/color-convert-2.0.1.tgz
Test (deno on ubuntu-latest)	UNKNOWN STEP	2026-05-18T13:37:27.8223355Z ^[[0m^[[32mDownload^[[0m https://registry.npmjs.org/queue-microtask/-/queue-microtask-1.2.3.tgz
Test (deno on ubuntu-latest)	UNKNOWN STEP	2026-05-18T13:37:27.8224198Z ^[[0m^[[32mDownload^[[0m https://registry.npmjs.org/@babel/helper-validator-identifier/-/helper-validator-identifier-7.28.5.tgz
Test (deno on ubuntu-latest)	UNKNOWN STEP	2026-05-18T13:37:27.8225219Z ^[[0m^[[32mDownload^[[0m https://registry.npmjs.org/@babel/helper-string-parser/-/helper-string-parser-7.27.1.tgz
Test (deno on ubuntu-latest)	UNKNOWN STEP	2026-05-18T13:37:27.8225869Z ^[[0m^[[32mDownload^[[0m https://registry.npmjs.org/hasown/-/hasown-2.0.3.tgz
Test (deno on ubuntu-latest)	UNKNOWN STEP	2026-05-18T13:37:27.8226396Z ^[[0m^[[32mDownload^[[0m https://registry.npmjs.org/asap/-/asap-2.0.6.tgz
Test (deno on ubuntu-latest)	UNKNOWN STEP	2026-05-18T13:37:27.8226964Z ^[[0m^[[32mDownload^[[0m https://registry.npmjs.org/has-tostringtag/-/has-tostringtag-1.0.2.tgz
Test (deno on ubuntu-latest)	UNKNOWN STEP	2026-05-18T13:37:27.8227571Z ^[[0m^[[32mDownload^[[0m https://registry.npmjs.org/call-bound/-/call-bound-1.0.4.tgz
Test (deno on ubuntu-latest)	UNKNOWN STEP	2026-05-18T13:37:27.8228270Z ^[[0m^[[32mDownload^[[0m https://registry.npmjs.org/gopd/-/gopd-1.2.0.tgz
Test (deno on ubuntu-latest)	UNKNOWN STEP	2026-05-18T13:37:27.8228827Z ^[[0m^[[32mDownload^[[0m https://registry.npmjs.org/end-of-stream/-/end-of-stream-1.4.5.tgz
Test (deno on ubuntu-latest)	UNKNOWN STEP	2026-05-18T13:37:27.8229368Z ^[[0m^[[32mDownload^[[0m https://registry.npmjs.org/once/-/once-1.4.0.tgz
Test (deno on ubuntu-latest)	UNKNOWN STEP	2026-05-18T13:37:27.8229875Z ^[[0m^[[32mDownload^[[0m https://registry.npmjs.org/is-number/-/is-number-7.0.0.tgz
Test (deno on ubuntu-latest)	UNKNOWN STEP	2026-05-18T13:37:27.8230409Z ^[[0m^[[32mDownload^[[0m https://registry.npmjs.org/p-limit/-/p-limit-2.3.0.tgz
Test (deno on ubuntu-latest)	UNKNOWN STEP	2026-05-18T13:37:27.8230948Z ^[[0m^[[32mDownload^[[0m https://registry.npmjs.org/color-name/-/color-name-1.1.4.tgz
Test (deno on ubuntu-latest)	UNKNOWN STEP	2026-05-18T13:37:27.8231580Z ^[[0m^[[32mDownload^[[0m https://registry.npmjs.org/function-bind/-/function-bind-1.1.2.tgz
Test (deno on ubuntu-latest)	UNKNOWN STEP	2026-05-18T13:37:27.8232165Z ^[[0m^[[32mDownload^[[0m https://registry.npmjs.org/has-symbols/-/has-symbols-1.1.0.tgz
Test (deno on ubuntu-latest)	UNKNOWN STEP	2026-05-18T13:37:27.8232865Z ^[[0m^[[32mDownload^[[0m https://registry.npmjs.org/call-bind-apply-helpers/-/call-bind-apply-helpers-1.0.2.tgz
Test (deno on ubuntu-latest)	UNKNOWN STEP	2026-05-18T13:37:27.8233562Z ^[[0m^[[32mDownload^[[0m https://registry.npmjs.org/get-intrinsic/-/get-intrinsic-1.3.0.tgz
Test (deno on ubuntu-latest)	UNKNOWN STEP	2026-05-18T13:37:27.8234132Z ^[[0m^[[32mDownload^[[0m https://registry.npmjs.org/wrappy/-/wrappy-1.0.2.tgz
Test (deno on ubuntu-latest)	UNKNOWN STEP	2026-05-18T13:37:27.8234783Z ^[[0m^[[32mDownload^[[0m https://registry.npmjs.org/p-try/-/p-try-2.2.0.tgz
Test (deno on ubuntu-latest)	UNKNOWN STEP	2026-05-18T13:37:27.8235389Z ^[[0m^[[32mDownload^[[0m https://registry.npmjs.org/es-define-property/-/es-define-property-1.0.1.tgz
Test (deno on ubuntu-latest)	UNKNOWN STEP	2026-05-18T13:37:27.8236010Z ^[[0m^[[32mDownload^[[0m https://registry.npmjs.org/get-proto/-/get-proto-1.0.1.tgz
Test (deno on ubuntu-latest)	UNKNOWN STEP	2026-05-18T13:37:27.8236615Z ^[[0m^[[32mDownload^[[0m https://registry.npmjs.org/math-intrinsics/-/math-intrinsics-1.1.0.tgz
Test (deno on ubuntu-latest)	UNKNOWN STEP	2026-05-18T13:37:27.8237253Z ^[[0m^[[32mDownload^[[0m https://registry.npmjs.org/es-object-atoms/-/es-object-atoms-1.1.1.tgz
Test (deno on ubuntu-latest)	UNKNOWN STEP	2026-05-18T13:37:27.8237868Z ^[[0m^[[32mDownload^[[0m https://registry.npmjs.org/dunder-proto/-/dunder-proto-1.0.1.tgz
Test (deno on ubuntu-latest)	UNKNOWN STEP	2026-05-18T13:37:27.8426811Z ^[[0m^[[32mInitialize^[[0m eslint-plugin-prettier@5.5.5
Test (deno on ubuntu-latest)	UNKNOWN STEP	2026-05-18T13:37:27.8427849Z ^[[0m^[[32mInitialize^[[0m eslint-config-prettier@10.1.8
Test (deno on ubuntu-latest)	UNKNOWN STEP	2026-05-18T13:37:27.8463666Z ^[[0m^[[32mInitialize^[[0m eslint-scope@9.1.2
Test (deno on ubuntu-latest)	UNKNOWN STEP	2026-05-18T13:37:27.8477601Z ^[[0m^[[32mInitialize^[[0m commander@5.1.0
Test (deno on ubuntu-latest)	UNKNOWN STEP	2026-05-18T13:37:27.8478582Z ^[[0m^[[32mInitialize^[[0m natural-compare@1.4.0
Test (deno on ubuntu-latest)	UNKNOWN STEP	2026-05-18T13:37:27.8509390Z ^[[0m^[[32mInitialize^[[0m eslint-visitor-keys@5.0.1
Test (deno on ubuntu-latest)	UNKNOWN STEP	2026-05-18T13:37:27.8513927Z ^[[0m^[[32mInitialize^[[0m fast-deep-equal@3.1.3
Test (deno on ubuntu-latest)	UNKNOWN STEP	2026-05-18T13:37:27.8516748Z ^[[0m^[[32mInitialize^[[0m json-stable-stringify-without-jsonify@1.0.1
Test (deno on ubuntu-latest)	UNKNOWN STEP	2026-05-18T13:37:27.8526233Z ^[[0m^[[32mInitialize^[[0m jscpd@4.2.3
Test (deno on ubuntu-latest)	UNKNOWN STEP	2026-05-18T13:37:27.8578778Z ^[[0m^[[32mInitialize^[[0m prettier-linter-helpers@1.0.1
Test (deno on ubuntu-latest)	UNKNOWN STEP	2026-05-18T13:37:27.8588233Z ^[[0m^[[32mInitialize^[[0m file-entry-cache@8.0.0
Test (deno on ubuntu-latest)	UNKNOWN STEP	2026-05-18T13:37:27.8589257Z ^[[0m^[[32mInitialize^[[0m colors@1.4.0
Test (deno on ubuntu-latest)	UNKNOWN STEP	2026-05-18T13:37:27.8590070Z ^[[0m^[[32mInitialize^[[0m lino-objects-codec@0.4.0
Test (deno on ubuntu-latest)	UNKNOWN STEP	2026-05-18T13:37:27.8590895Z ^[[0m^[[32mInitialize^[[0m lino-arguments@0.3.0
Test (deno on ubuntu-latest)	UNKNOWN STEP	2026-05-18T13:37:27.8591642Z ^[[0m^[[32mInitialize^[[0m cross-spawn@7.0.6
Test (deno on ubuntu-latest)	UNKNOWN STEP	2026-05-18T13:37:27.8592391Z ^[[0m^[[32mInitialize^[[0m glob-parent@6.0.2
Test (deno on ubuntu-latest)	UNKNOWN STEP	2026-05-18T13:37:27.8593112Z ^[[0m^[[32mInitialize^[[0m optionator@0.9.4
Test (deno on ubuntu-latest)	UNKNOWN STEP	2026-05-18T13:37:27.8594145Z ^[[0m^[[32mInitialize^[[0m escape-string-regexp@4.0.0
Test (deno on ubuntu-latest)	UNKNOWN STEP	2026-05-18T13:37:27.8595347Z ^[[0m^[[32mInitialize^[[0m is-glob@4.0.3
Test (deno on ubuntu-latest)	UNKNOWN STEP	2026-05-18T13:37:27.8596118Z ^[[0m^[[32mInitialize^[[0m links-notation@0.13.0
Test (deno on ubuntu-latest)	UNKNOWN STEP	2026-05-18T13:37:27.8596905Z ^[[0m^[[32mInitialize^[[0m espree@11.2.0
Test (deno on ubuntu-latest)	UNKNOWN STEP	2026-05-18T13:37:27.8597683Z ^[[0m^[[32mInitialize^[[0m ignore@5.3.2
Test (deno on ubuntu-latest)	UNKNOWN STEP	2026-05-18T13:37:27.8695060Z ^[[0m^[[32mInitialize^[[0m find-up@5.0.0
Test (deno on ubuntu-latest)	UNKNOWN STEP	2026-05-18T13:37:27.8696070Z ^[[0m^[[32mInitialize^[[0m synckit@0.11.12
Test (deno on ubuntu-latest)	UNKNOWN STEP	2026-05-18T13:37:27.8702157Z ^[[0m^[[32mInitialize^[[0m picocolors@1.1.1
Test (deno on ubuntu-latest)	UNKNOWN STEP	2026-05-18T13:37:27.8703826Z ^[[0m^[[32mInitialize^[[0m fs-extra@11.3.5
Test (deno on ubuntu-latest)	UNKNOWN STEP	2026-05-18T13:37:27.8704868Z ^[[0m^[[32mInitialize^[[0m imurmurhash@0.1.4
Test (deno on ubuntu-latest)	UNKNOWN STEP	2026-05-18T13:37:27.8717521Z ^[[0m^[[32mInitialize^[[0m esutils@2.0.3
Test (deno on ubuntu-latest)	UNKNOWN STEP	2026-05-18T13:37:27.8718378Z ^[[0m^[[32mInitialize^[[0m esquery@1.7.0
Test (deno on ubuntu-latest)	UNKNOWN STEP	2026-05-18T13:37:27.8726993Z ^[[0m^[[32mInitialize^[[0m links-notation@0.11.2
Test (deno on ubuntu-latest)	UNKNOWN STEP	2026-05-18T13:37:27.8747006Z ^[[0m^[[32mInitialize^[[0m term-size@2.2.1
Test (deno on ubuntu-latest)	UNKNOWN STEP	2026-05-18T13:37:27.8748184Z ^[[0m^[[32mInitialize^[[0m fast-levenshtein@2.0.6
Test (deno on ubuntu-latest)	UNKNOWN STEP	2026-05-18T13:37:27.8748834Z ^[[0m^[[32mInitialize^[[0m word-wrap@1.2.5
Test (deno on ubuntu-latest)	UNKNOWN STEP	2026-05-18T13:37:27.8749571Z ^[[0m^[[32mInitialize^[[0m semver@7.8.0
Test (deno on ubuntu-latest)	UNKNOWN STEP	2026-05-18T13:37:27.8772962Z ^[[0m^[[32mInitialize^[[0m minimatch@10.2.5
Test (deno on ubuntu-latest)	UNKNOWN STEP	2026-05-18T13:37:27.8783438Z ^[[0m^[[32mInitialize^[[0m @humanwhocodes/retry@0.4.3
Test (deno on ubuntu-latest)	UNKNOWN STEP	2026-05-18T13:37:27.8784337Z ^[[0m^[[32mInitialize^[[0m is-extglob@2.1.1
Test (deno on ubuntu-latest)	UNKNOWN STEP	2026-05-18T13:37:27.8790952Z ^[[0m^[[32mInitialize^[[0m jscpd-sarif-reporter@4.2.3
Test (deno on ubuntu-latest)	UNKNOWN STEP	2026-05-18T13:37:27.8791884Z ^[[0m^[[32mInitialize^[[0m @changesets/cli@2.31.0
Test (deno on ubuntu-latest)	UNKNOWN STEP	2026-05-18T13:37:27.8792714Z ^[[0m^[[32mInitialize^[[0m ansi-colors@4.1.3
Test (deno on ubuntu-latest)	UNKNOWN STEP	2026-05-18T13:37:27.8793488Z ^[[0m^[[32mInitialize^[[0m brace-expansion@5.0.6
Test (deno on ubuntu-latest)	UNKNOWN STEP	2026-05-18T13:37:27.8794262Z ^[[0m^[[32mInitialize^[[0m fs-extra@7.0.1
Test (deno on ubuntu-latest)	UNKNOWN STEP	2026-05-18T13:37:27.8795287Z ^[[0m^[[32mInitialize^[[0m ajv@6.15.0
Test (deno on ubuntu-latest)	UNKNOWN STEP	2026-05-18T13:37:27.8796065Z ^[[0m^[[32mInitialize^[[0m locate-path@6.0.0
Test (deno on ubuntu-latest)	UNKNOWN STEP	2026-05-18T13:37:27.8925858Z ^[[0m^[[32mInitialize^[[0m @eslint/config-helpers@0.6.0
Test (deno on ubuntu-latest)	UNKNOWN STEP	2026-05-18T13:37:27.8951411Z ^[[0m^[[32mInitialize^[[0m @eslint-community/regexpp@4.12.2
Test (deno on ubuntu-latest)	UNKNOWN STEP	2026-05-18T13:37:27.8952354Z ^[[0m^[[32mInitialize^[[0m acorn-jsx@5.3.2
Test (deno on ubuntu-latest)	UNKNOWN STEP	2026-05-18T13:37:27.8953218Z ^[[0m^[[32mInitialize^[[0m @types/estree@1.0.9
Test (deno on ubuntu-latest)	UNKNOWN STEP	2026-05-18T13:37:27.8953821Z ^[[0m^[[32mInitialize^[[0m flat-cache@4.0.1
Test (deno on ubuntu-latest)	UNKNOWN STEP	2026-05-18T13:37:27.8954373Z ^[[0m^[[32mInitialize^[[0m @eslint/core@1.2.1
Test (deno on ubuntu-latest)	UNKNOWN STEP	2026-05-18T13:37:27.8955224Z ^[[0m^[[32mInitialize^[[0m @eslint/plugin-kit@0.7.1
Test (deno on ubuntu-latest)	UNKNOWN STEP	2026-05-18T13:37:27.8955768Z ^[[0m^[[32mInitialize^[[0m fast-diff@1.3.0
Test (deno on ubuntu-latest)	UNKNOWN STEP	2026-05-18T13:37:27.8956283Z ^[[0m^[[32mInitialize^[[0m getenv@2.0.0
Test (deno on ubuntu-latest)	UNKNOWN STEP	2026-05-18T13:37:27.8956788Z ^[[0m^[[32mInitialize^[[0m mri@1.2.0
Test (deno on ubuntu-latest)	UNKNOWN STEP	2026-05-18T13:37:27.8957294Z ^[[0m^[[32mInitialize^[[0m resolve-from@5.0.0
Test (deno on ubuntu-latest)	UNKNOWN STEP	2026-05-18T13:37:27.9157326Z ^[[0m^[[32mInitialize^[[0m which@2.0.2
Test (deno on ubuntu-latest)	UNKNOWN STEP	2026-05-18T13:37:27.9157959Z ^[[0m^[[32mInitialize^[[0m @types/esrecurse@4.3.1
Test (deno on ubuntu-latest)	UNKNOWN STEP	2026-05-18T13:37:27.9158497Z ^[[0m^[[32mInitialize^[[0m levn@0.4.1
Test (deno on ubuntu-latest)	UNKNOWN STEP	2026-05-18T13:37:27.9159038Z ^[[0m^[[32mInitialize^[[0m debug@4.4.3
Test (deno on ubuntu-latest)	UNKNOWN STEP	2026-05-18T13:37:27.9160109Z ^[[0m^[[32mInitialize^[[0m cli-table3@0.6.5
Test (deno on ubuntu-latest)	UNKNOWN STEP	2026-05-18T13:37:27.9161533Z ^[[0m^[[32mInitialize^[[0m @changesets/types@6.1.0
Test (deno on ubuntu-latest)	UNKNOWN STEP	2026-05-18T13:37:27.9162219Z ^[[0m^[[32mInitialize^[[0m bytes@3.1.2
Test (deno on ubuntu-latest)	UNKNOWN STEP	2026-05-18T13:37:27.9162761Z ^[[0m^[[32mInitialize^[[0m deep-is@0.1.4
Test (deno on ubuntu-latest)	UNKNOWN STEP	2026-05-18T13:37:27.9163293Z ^[[0m^[[32mInitialize^[[0m estraverse@5.3.0
Test (deno on ubuntu-latest)	UNKNOWN STEP	2026-05-18T13:37:27.9289259Z ^[[0m^[[32mInitialize^[[0m @humanwhocodes/module-importer@1.0.1
Test (deno on ubuntu-latest)	UNKNOWN STEP	2026-05-18T13:37:27.9296258Z ^[[0m^[[32mInitialize^[[0m esrecurse@4.3.0
Test (deno on ubuntu-latest)	UNKNOWN STEP	2026-05-18T13:37:27.9297032Z ^[[0m^[[32mInitialize^[[0m yargs@17.7.2
Test (deno on ubuntu-latest)	UNKNOWN STEP	2026-05-18T13:37:27.9298187Z ^[[0m^[[32mInitialize^[[0m fast-json-stable-stringify@2.1.0
Test (deno on ubuntu-latest)	UNKNOWN STEP	2026-05-18T13:37:27.9298845Z ^[[0m^[[32mInitialize^[[0m @jscpd/finder@4.2.3
Test (deno on ubuntu-latest)	UNKNOWN STEP	2026-05-18T13:37:27.9299464Z ^[[0m^[[32mInitialize^[[0m shebang-command@2.0.0
Test (deno on ubuntu-latest)	UNKNOWN STEP	2026-05-18T13:37:27.9300090Z ^[[0m^[[32mInitialize^[[0m prelude-ls@1.2.1
Test (deno on ubuntu-latest)	UNKNOWN STEP	2026-05-18T13:37:27.9300667Z ^[[0m^[[32mInitialize^[[0m path-exists@4.0.0
Test (deno on ubuntu-latest)	UNKNOWN STEP	2026-05-18T13:37:27.9301250Z ^[[0m^[[32mInitialize^[[0m @eslint/js@10.0.1
Test (deno on ubuntu-latest)	UNKNOWN STEP	2026-05-18T13:37:27.9301838Z ^[[0m^[[32mInitialize^[[0m uri-js@4.4.1
Test (deno on ubuntu-latest)	UNKNOWN STEP	2026-05-18T13:37:27.9302682Z ^[[0m^[[32mInitialize^[[0m @humanfs/node@0.16.8
Test (deno on ubuntu-latest)	UNKNOWN STEP	2026-05-18T13:37:27.9303291Z ^[[0m^[[32mInitialize^[[0m spawndamnit@3.0.1
Test (deno on ubuntu-latest)	UNKNOWN STEP	2026-05-18T13:37:27.9303855Z ^[[0m^[[32mInitialize^[[0m lino-env@0.2.8
Test (deno on ubuntu-latest)	UNKNOWN STEP	2026-05-18T13:37:27.9304773Z ^[[0m^[[32mInitialize^[[0m @changesets/should-skip-package@0.1.2
Test (deno on ubuntu-latest)	UNKNOWN STEP	2026-05-18T13:37:27.9305469Z ^[[0m^[[32mInitialize^[[0m acorn@8.16.0
Test (deno on ubuntu-latest)	UNKNOWN STEP	2026-05-18T13:37:27.9306015Z ^[[0m^[[32mInitialize^[[0m graceful-fs@4.2.11
Test (deno on ubuntu-latest)	UNKNOWN STEP	2026-05-18T13:37:27.9306619Z ^[[0m^[[32mInitialize^[[0m eslint-visitor-keys@3.4.3
Test (deno on ubuntu-latest)	UNKNOWN STEP	2026-05-18T13:37:27.9307206Z ^[[0m^[[32mInitialize^[[0m blamer@1.0.7
Test (deno on ubuntu-latest)	UNKNOWN STEP	2026-05-18T13:37:27.9307823Z ^[[0m^[[32mInitialize^[[0m @changesets/get-release-plan@4.0.16
Test (deno on ubuntu-latest)	UNKNOWN STEP	2026-05-18T13:37:27.9308576Z ^[[0m^[[32mInitialize^[[0m @eslint-community/eslint-utils@4.9.1
Test (deno on ubuntu-latest)	UNKNOWN STEP	2026-05-18T13:37:27.9309214Z ^[[0m^[[32mInitialize^[[0m enquirer@2.4.1
Test (deno on ubuntu-latest)	UNKNOWN STEP	2026-05-18T13:37:27.9309857Z ^[[0m^[[32mInitialize^[[0m package-manager-detector@0.2.11
Test (deno on ubuntu-latest)	UNKNOWN STEP	2026-05-18T13:37:27.9310745Z ^[[0m^[[32mInitialize^[[0m @jscpd/core@4.2.3
Test (deno on ubuntu-latest)	UNKNOWN STEP	2026-05-18T13:37:27.9311308Z ^[[0m^[[32mInitialize^[[0m human-id@4.1.3
Test (deno on ubuntu-latest)	UNKNOWN STEP	2026-05-18T13:37:27.9311919Z ^[[0m^[[32mInitialize^[[0m @changesets/config@3.1.4
Test (deno on ubuntu-latest)	UNKNOWN STEP	2026-05-18T13:37:27.9312707Z ^[[0m^[[32mInitialize^[[0m @changesets/assemble-release-plan@6.0.10
Test (deno on ubuntu-latest)	UNKNOWN STEP	2026-05-18T13:37:27.9313402Z ^[[0m^[[32mInitialize^[[0m pug@3.0.4
Test (deno on ubuntu-latest)	UNKNOWN STEP	2026-05-18T13:37:27.9313986Z ^[[0m^[[32mInitialize^[[0m eventemitter3@5.0.4
Test (deno on ubuntu-latest)	UNKNOWN STEP	2026-05-18T13:37:27.9314858Z ^[[0m^[[32mInitialize^[[0m badgen@3.3.2
Test (deno on ubuntu-latest)	UNKNOWN STEP	2026-05-18T13:37:27.9315422Z ^[[0m^[[32mInitialize^[[0m path-key@3.1.1
Test (deno on ubuntu-latest)	UNKNOWN STEP	2026-05-18T13:37:27.9316034Z ^[[0m^[[32mInitialize^[[0m @eslint/config-array@0.23.5
Test (deno on ubuntu-latest)	UNKNOWN STEP	2026-05-18T13:37:27.9316754Z ^[[0m^[[32mInitialize^[[0m @jscpd/badge-reporter@4.2.3
Test (deno on ubuntu-latest)	UNKNOWN STEP	2026-05-18T13:37:27.9317476Z ^[[0m^[[32mInitialize^[[0m @inquirer/external-editor@1.0.3
Test (deno on ubuntu-latest)	UNKNOWN STEP	2026-05-18T13:37:27.9318101Z ^[[0m^[[32mInitialize^[[0m micromatch@4.0.8
Test (deno on ubuntu-latest)	UNKNOWN STEP	2026-05-18T13:37:27.9318753Z ^[[0m^[[32mInitialize^[[0m node-sarif-builder@3.4.0
Test (deno on ubuntu-latest)	UNKNOWN STEP	2026-05-18T13:37:27.9319400Z ^[[0m^[[32mInitialize^[[0m markdown-table@2.0.0
Test (deno on ubuntu-latest)	UNKNOWN STEP	2026-05-18T13:37:27.9320039Z ^[[0m^[[32mInitialize^[[0m @changesets/write@0.4.0
Test (deno on ubuntu-latest)	UNKNOWN STEP	2026-05-18T13:37:27.9320713Z ^[[0m^[[32mInitialize^[[0m json-schema-traverse@0.4.1
Test (deno on ubuntu-latest)	UNKNOWN STEP	2026-05-18T13:37:27.9321309Z ^[[0m^[[32mInitialize^[[0m @changesets/logger@0.1.1
Test (deno on ubuntu-latest)	UNKNOWN STEP	2026-05-18T13:37:27.9321959Z ^[[0m^[[32mInitialize^[[0m @types/json-schema@7.0.15
Test (deno on ubuntu-latest)	UNKNOWN STEP	2026-05-18T13:37:27.9322623Z ^[[0m^[[32mInitialize^[[0m @manypkg/get-packages@1.1.3
Test (deno on ubuntu-latest)	UNKNOWN STEP	2026-05-18T13:37:27.9324235Z ^[[0m^[[32mInitialize^[[0m @changesets/pre@2.0.2
Test (deno on ubuntu-latest)	UNKNOWN STEP	2026-05-18T13:37:27.9332976Z ^[[0m^[[32mInitialize^[[0m eslint@10.4.0
Test (deno on ubuntu-latest)	UNKNOWN STEP	2026-05-18T13:37:27.9333806Z ^[[0m^[[32mInitialize^[[0m jsonfile@6.2.1
Test (deno on ubuntu-latest)	UNKNOWN STEP	2026-05-18T13:37:27.9335211Z ^[[0m^[[32mInitialize^[[0m escalade@3.2.0
Test (deno on ubuntu-latest)	UNKNOWN STEP	2026-05-18T13:37:27.9405881Z ^[[0m^[[32mInitialize^[[0m @jscpd/html-reporter@4.2.3
Test (deno on ubuntu-latest)	UNKNOWN STEP	2026-05-18T13:37:27.9411668Z ^[[0m^[[32mInitialize^[[0m prettier@3.8.3
Test (deno on ubuntu-latest)	UNKNOWN STEP	2026-05-18T13:37:27.9412841Z ^[[0m^[[32mInitialize^[[0m fast-glob@3.3.3
Test (deno on ubuntu-latest)	UNKNOWN STEP	2026-05-18T13:37:27.9413950Z ^[[0m^[[32mInitialize^[[0m universalify@0.1.2
Test (deno on ubuntu-latest)	UNKNOWN STEP	2026-05-18T13:37:27.9427855Z ^[[0m^[[32mInitialize^[[0m fs-extra@8.1.0
Test (deno on ubuntu-latest)	UNKNOWN STEP	2026-05-18T13:37:27.9478499Z ^[[0m^[[32mInitialize^[[0m extendable-error@0.1.7
Test (deno on ubuntu-latest)	UNKNOWN STEP	2026-05-18T13:37:27.9485549Z ^[[0m^[[32mInitialize^[[0m jsonfile@4.0.0
Test (deno on ubuntu-latest)	UNKNOWN STEP	2026-05-18T13:37:27.9491683Z ^[[0m^[[32mInitialize^[[0m @changesets/errors@0.2.0
Test (deno on ubuntu-latest)	UNKNOWN STEP	2026-05-18T13:37:27.9508605Z ^[[0m^[[32mInitialize^[[0m strip-ansi@6.0.1
Test (deno on ubuntu-latest)	UNKNOWN STEP	2026-05-18T13:37:27.9509216Z ^[[0m^[[32mInitialize^[[0m merge2@1.4.1
Test (deno on ubuntu-latest)	UNKNOWN STEP	2026-05-18T13:37:27.9509807Z ^[[0m^[[32mInitialize^[[0m detect-indent@6.1.0
Test (deno on ubuntu-latest)	UNKNOWN STEP	2026-05-18T13:37:27.9510409Z ^[[0m^[[32mInitialize^[[0m universalify@2.0.1
Test (deno on ubuntu-latest)	UNKNOWN STEP	2026-05-18T13:37:27.9510962Z ^[[0m^[[32mInitialize^[[0m @pkgr/core@0.2.9
Test (deno on ubuntu-latest)	UNKNOWN STEP	2026-05-18T13:37:27.9511538Z ^[[0m^[[32mInitialize^[[0m p-filter@2.1.0
Test (deno on ubuntu-latest)	UNKNOWN STEP	2026-05-18T13:37:27.9512967Z ^[[0m^[[32mInitialize^[[0m cliui@8.0.1
Test (deno on ubuntu-latest)	UNKNOWN STEP	2026-05-18T13:37:27.9575377Z ^[[0m^[[32mInitialize^[[0m spark-md5@3.0.2
Test (deno on ubuntu-latest)	UNKNOWN STEP	2026-05-18T13:37:27.9588090Z ^[[0m^[[32mInitialize^[[0m @changesets/apply-release-plan@7.1.1
Test (deno on ubuntu-latest)	UNKNOWN STEP	2026-05-18T13:37:27.9589151Z ^[[0m^[[32mInitialize^[[0m @changesets/git@3.0.4
Test (deno on ubuntu-latest)	UNKNOWN STEP	2026-05-18T13:37:27.9589760Z ^[[0m^[[32mInitialize^[[0m shebang-regex@3.0.0
Test (deno on ubuntu-latest)	UNKNOWN STEP	2026-05-18T13:37:27.9596968Z ^[[0m^[[32mInitialize^[[0m @changesets/read@0.6.7
Test (deno on ubuntu-latest)	UNKNOWN STEP	2026-05-18T13:37:27.9597845Z ^[[0m^[[32mInitialize^[[0m globby@11.1.0
Test (deno on ubuntu-latest)	UNKNOWN STEP	2026-05-18T13:37:27.9598424Z ^[[0m^[[32mInitialize^[[0m @jscpd/tokenizer@4.2.3
Test (deno on ubuntu-latest)	UNKNOWN STEP	2026-05-18T13:37:27.9598971Z ^[[0m^[[32mInitialize^[[0m is-subdir@1.2.0
Test (deno on ubuntu-latest)	UNKNOWN STEP	2026-05-18T13:37:27.9599509Z ^[[0m^[[32mInitialize^[[0m repeat-string@1.6.1
Test (deno on ubuntu-latest)	UNKNOWN STEP	2026-05-18T13:37:27.9600035Z ^[[0m^[[32mInitialize^[[0m keyv@4.5.4
Test (deno on ubuntu-latest)	UNKNOWN STEP	2026-05-18T13:37:27.9600516Z ^[[0m^[[32mInitialize^[[0m quansync@0.2.11
Test (deno on ubuntu-latest)	UNKNOWN STEP	2026-05-18T13:37:27.9617268Z ^[[0m^[[32mInitialize^[[0m yargs-parser@21.1.1
Test (deno on ubuntu-latest)	UNKNOWN STEP	2026-05-18T13:37:27.9618717Z ^[[0m^[[32mInitialize^[[0m chardet@2.1.1
Test (deno on ubuntu-latest)	UNKNOWN STEP	2026-05-18T13:37:27.9619246Z ^[[0m^[[32mInitialize^[[0m string-width@4.2.3
Test (deno on ubuntu-latest)	UNKNOWN STEP	2026-05-18T13:37:27.9619620Z ^[[0m^[[32mInitialize^[[0m read-yaml-file@1.1.0
Test (deno on ubuntu-latest)	UNKNOWN STEP	2026-05-18T13:37:27.9619969Z ^[[0m^[[32mInitialize^[[0m pug-strip-comments@2.0.0
Test (deno on ubuntu-latest)	UNKNOWN STEP	2026-05-18T13:37:27.9620328Z ^[[0m^[[32mInitialize^[[0m pug-linker@4.0.0
Test (deno on ubuntu-latest)	UNKNOWN STEP	2026-05-18T13:37:27.9620637Z ^[[0m^[[32mInitialize^[[0m isexe@2.0.0
Test (deno on ubuntu-latest)	UNKNOWN STEP	2026-05-18T13:37:27.9621140Z ^[[0m^[[32mInitialize^[[0m strip-bom@3.0.0
Test (deno on ubuntu-latest)	UNKNOWN STEP	2026-05-18T13:37:27.9621452Z ^[[0m^[[32mInitialize^[[0m lodash.startcase@4.4.0
Test (deno on ubuntu-latest)	UNKNOWN STEP	2026-05-18T13:37:27.9673568Z ^[[0m^[[32mInitialize^[[0m @changesets/get-dependents-graph@2.1.4
Test (deno on ubuntu-latest)	UNKNOWN STEP	2026-05-18T13:37:27.9674864Z ^[[0m^[[32mInitialize^[[0m pug-load@3.0.0
Test (deno on ubuntu-latest)	UNKNOWN STEP	2026-05-18T13:37:27.9675738Z ^[[0m^[[32mInitialize^[[0m get-caller-file@2.0.5
Test (deno on ubuntu-latest)	UNKNOWN STEP	2026-05-18T13:37:27.9676539Z ^[[0m^[[32mInitialize^[[0m require-directory@2.1.1
Test (deno on ubuntu-latest)	UNKNOWN STEP	2026-05-18T13:37:27.9701593Z ^[[0m^[[32mInitialize^[[0m dir-glob@3.0.1
Test (deno on ubuntu-latest)	UNKNOWN STEP	2026-05-18T13:37:27.9722629Z ^[[0m^[[32mInitialize^[[0m slash@3.0.0
Test (deno on ubuntu-latest)	UNKNOWN STEP	2026-05-18T13:37:27.9723531Z ^[[0m^[[32mInitialize^[[0m pug-lexer@5.0.1
Test (deno on ubuntu-latest)	UNKNOWN STEP	2026-05-18T13:37:27.9727794Z ^[[0m^[[32mInitialize^[[0m pug-parser@6.0.0
Test (deno on ubuntu-latest)	UNKNOWN STEP	2026-05-18T13:37:27.9728414Z ^[[0m^[[32mInitialize^[[0m json-buffer@3.0.1
Test (deno on ubuntu-latest)	UNKNOWN STEP	2026-05-18T13:37:27.9729023Z ^[[0m^[[32mInitialize^[[0m glob-parent@5.1.2
Test (deno on ubuntu-latest)	UNKNOWN STEP	2026-05-18T13:37:27.9777117Z ^[[0m^[[32mInitialize^[[0m y18n@5.0.8
Test (deno on ubuntu-latest)	UNKNOWN STEP	2026-05-18T13:37:27.9777812Z ^[[0m^[[32mInitialize^[[0m @changesets/get-version-range-type@0.4.0
Test (deno on ubuntu-latest)	UNKNOWN STEP	2026-05-18T13:37:27.9778603Z ^[[0m^[[32mInitialize^[[0m is-fullwidth-code-point@3.0.0
Test (deno on ubuntu-latest)	UNKNOWN STEP	2026-05-18T13:37:27.9779263Z ^[[0m^[[32mInitialize^[[0m ansi-regex@5.0.1
Test (deno on ubuntu-latest)	UNKNOWN STEP	2026-05-18T13:37:27.9779824Z ^[[0m^[[32mInitialize^[[0m wrap-ansi@7.0.0
Test (deno on ubuntu-latest)	UNKNOWN STEP	2026-05-18T13:37:27.9780407Z ^[[0m^[[32mInitialize^[[0m pug-code-gen@3.0.4
Test (deno on ubuntu-latest)	UNKNOWN STEP	2026-05-18T13:37:27.9799901Z ^[[0m^[[32mInitialize^[[0m @changesets/changelog-git@0.2.1
Test (deno on ubuntu-latest)	UNKNOWN STEP	2026-05-18T13:37:27.9800703Z ^[[0m^[[32mInitialize^[[0m balanced-match@4.0.4
Test (deno on ubuntu-latest)	UNKNOWN STEP	2026-05-18T13:37:27.9801360Z ^[[0m^[[32mInitialize^[[0m fastq@1.20.1
Test (deno on ubuntu-latest)	UNKNOWN STEP	2026-05-18T13:37:27.9801969Z ^[[0m^[[32mInitialize^[[0m signal-exit@4.1.0
Test (deno on ubuntu-latest)	UNKNOWN STEP	2026-05-18T13:37:27.9802598Z ^[[0m^[[32mInitialize^[[0m find-up@4.1.0
Test (deno on ubuntu-latest)	UNKNOWN STEP	2026-05-18T13:37:27.9803242Z ^[[0m^[[32mInitialize^[[0m punycode@2.3.1
Test (deno on ubuntu-latest)	UNKNOWN STEP	2026-05-18T13:37:27.9803826Z ^[[0m^[[32mInitialize^[[0m p-locate@5.0.0
Test (deno on ubuntu-latest)	UNKNOWN STEP	2026-05-18T13:37:27.9804691Z ^[[0m^[[32mInitialize^[[0m strip-final-newline@2.0.0
Test (deno on ubuntu-latest)	UNKNOWN STEP	2026-05-18T13:37:27.9805353Z ^[[0m^[[32mInitialize^[[0m iconv-lite@0.7.2
Test (deno on ubuntu-latest)	UNKNOWN STEP	2026-05-18T13:37:27.9805921Z ^[[0m^[[32mInitialize^[[0m flatted@3.4.2
Test (deno on ubuntu-latest)	UNKNOWN STEP	2026-05-18T13:37:27.9806446Z ^[[0m^[[32mInitialize^[[0m pify@4.0.1
Test (deno on ubuntu-latest)	UNKNOWN STEP	2026-05-18T13:37:27.9806918Z ^[[0m^[[32mInitialize^[[0m p-limit@3.1.0
Test (deno on ubuntu-latest)	UNKNOWN STEP	2026-05-18T13:37:27.9807454Z ^[[0m^[[32mInitialize^[[0m pug-filters@4.0.0
Test (deno on ubuntu-latest)	UNKNOWN STEP	2026-05-18T13:37:27.9808014Z ^[[0m^[[32mInitialize^[[0m constantinople@4.0.1
Test (deno on ubuntu-latest)	UNKNOWN STEP	2026-05-18T13:37:27.9808561Z ^[[0m^[[32mInitialize^[[0m object-assign@4.1.1
Test (deno on ubuntu-latest)	UNKNOWN STEP	2026-05-18T13:37:27.9875606Z ^[[0m^[[32mInitialize^[[0m @nodelib/fs.stat@2.0.5
Test (deno on ubuntu-latest)	UNKNOWN STEP	2026-05-18T13:37:27.9876665Z ^[[0m^[[32mInitialize^[[0m p-map@2.1.0
Test (deno on ubuntu-latest)	UNKNOWN STEP	2026-05-18T13:37:27.9939544Z ^[[0m^[[32mInitialize^[[0m onetime@5.1.2
Test (deno on ubuntu-latest)	UNKNOWN STEP	2026-05-18T13:37:27.9944060Z ^[[0m^[[32mInitialize^[[0m doctypes@1.1.0
Test (deno on ubuntu-latest)	UNKNOWN STEP	2026-05-18T13:37:27.9945576Z ^[[0m^[[32mInitialize^[[0m void-elements@3.1.0
Test (deno on ubuntu-latest)	UNKNOWN STEP	2026-05-18T13:37:27.9946464Z ^[[0m^[[32mInitialize^[[0m locate-path@5.0.0
Test (deno on ubuntu-latest)	UNKNOWN STEP	2026-05-18T13:37:27.9947203Z ^[[0m^[[32mInitialize^[[0m is-stream@2.0.1
Test (deno on ubuntu-latest)	UNKNOWN STEP	2026-05-18T13:37:27.9948457Z ^[[0m^[[32mInitialize^[[0m picomatch@2.3.2
Test (deno on ubuntu-latest)	UNKNOWN STEP	2026-05-18T13:37:27.9949177Z ^[[0m^[[32mInitialize^[[0m @types/sarif@2.1.7
Test (deno on ubuntu-latest)	UNKNOWN STEP	2026-05-18T13:37:27.9949830Z ^[[0m^[[32mInitialize^[[0m emoji-regex@8.0.0
Test (deno on ubuntu-latest)	UNKNOWN STEP	2026-05-18T13:37:27.9953412Z ^[[0m^[[32mInitialize^[[0m pug-runtime@3.0.1
Test (deno on ubuntu-latest)	UNKNOWN STEP	2026-05-18T13:37:27.9976064Z ^[[0m^[[32mInitialize^[[0m is-expression@4.0.0
Test (deno on ubuntu-latest)	UNKNOWN STEP	2026-05-18T13:37:27.9977277Z ^[[0m^[[32mInitialize^[[0m braces@3.0.3
Test (deno on ubuntu-latest)	UNKNOWN STEP	2026-05-18T13:37:27.9978845Z ^[[0m^[[32mInitialize^[[0m js-yaml@4.1.1
Test (deno on ubuntu-latest)	UNKNOWN STEP	2026-05-18T13:37:28.0011568Z ^[[0m^[[32mInitialize^[[0m get-stream@5.2.0
Test (deno on ubuntu-latest)	UNKNOWN STEP	2026-05-18T13:37:28.0018778Z ^[[0m^[[32mInitialize^[[0m better-path-resolve@1.0.0
Test (deno on ubuntu-latest)	UNKNOWN STEP	2026-05-18T13:37:28.0019880Z ^[[0m^[[32mInitialize^[[0m @eslint/object-schema@3.0.5
Test (deno on ubuntu-latest)	UNKNOWN STEP	2026-05-18T13:37:28.0020680Z ^[[0m^[[32mInitialize^[[0m @changesets/types@4.1.0
Test (deno on ubuntu-latest)	UNKNOWN STEP	2026-05-18T13:37:28.0021760Z ^[[0m^[[32mInitialize^[[0m esprima@4.0.1
Test (deno on ubuntu-latest)	UNKNOWN STEP	2026-05-18T13:37:28.0022557Z ^[[0m^[[32mInitialize^[[0m is-windows@1.0.2
Test (deno on ubuntu-latest)	UNKNOWN STEP	2026-05-18T13:37:28.0023288Z ^[[0m^[[32mInitialize^[[0m outdent@0.5.0
Test (deno on ubuntu-latest)	UNKNOWN STEP	2026-05-18T13:37:28.0024038Z ^[[0m^[[32mInitialize^[[0m path-type@4.0.0
Test (deno on ubuntu-latest)	UNKNOWN STEP	2026-05-18T13:37:28.0043599Z ^[[0m^[[32mInitialize^[[0m character-parser@2.2.0
Test (deno on ubuntu-latest)	UNKNOWN STEP	2026-05-18T13:37:28.0044848Z ^[[0m^[[32mInitialize^[[0m npm-run-path@4.0.1
Test (deno on ubuntu-latest)	UNKNOWN STEP	2026-05-18T13:37:28.0045973Z ^[[0m^[[32mInitialize^[[0m is-promise@2.2.2
Test (deno on ubuntu-latest)	UNKNOWN STEP	2026-05-18T13:37:28.0046733Z ^[[0m^[[32mInitialize^[[0m @nodelib/fs.walk@1.2.8
Test (deno on ubuntu-latest)	UNKNOWN STEP	2026-05-18T13:37:28.0047588Z ^[[0m^[[32mInitialize^[[0m js-stringify@1.0.2
Test (deno on ubuntu-latest)	UNKNOWN STEP	2026-05-18T13:37:28.0048397Z ^[[0m^[[32mInitialize^[[0m safer-buffer@2.1.2
Test (deno on ubuntu-latest)	UNKNOWN STEP	2026-05-18T13:37:28.0049130Z ^[[0m^[[32mInitialize^[[0m ms@2.1.3
Test (deno on ubuntu-latest)	UNKNOWN STEP	2026-05-18T13:37:28.0049828Z ^[[0m^[[32mInitialize^[[0m fill-range@7.1.1
Test (deno on ubuntu-latest)	UNKNOWN STEP	2026-05-18T13:37:28.0050576Z ^[[0m^[[32mInitialize^[[0m @humanfs/types@0.15.0
Test (deno on ubuntu-latest)	UNKNOWN STEP	2026-05-18T13:37:28.0051359Z ^[[0m^[[32mInitialize^[[0m token-stream@1.0.0
Test (deno on ubuntu-latest)	UNKNOWN STEP	2026-05-18T13:37:28.0052121Z ^[[0m^[[32mInitialize^[[0m array-union@2.1.0
Test (deno on ubuntu-latest)	UNKNOWN STEP	2026-05-18T13:37:28.0052929Z ^[[0m^[[32mInitialize^[[0m run-parallel@1.2.0
Test (deno on ubuntu-latest)	UNKNOWN STEP	2026-05-18T13:37:28.0053760Z ^[[0m^[[32mInitialize^[[0m to-regex-range@5.0.1
Test (deno on ubuntu-latest)	UNKNOWN STEP	2026-05-18T13:37:28.0054923Z ^[[0m^[[32mInitialize^[[0m merge-stream@2.0.0
Test (deno on ubuntu-latest)	UNKNOWN STEP	2026-05-18T13:37:28.0055774Z ^[[0m^[[32mInitialize^[[0m pug-error@2.1.0
Test (deno on ubuntu-latest)	UNKNOWN STEP	2026-05-18T13:37:28.0056573Z ^[[0m^[[32mInitialize^[[0m pug-attrs@3.0.0
Test (deno on ubuntu-latest)	UNKNOWN STEP	2026-05-18T13:37:28.0057433Z ^[[0m^[[32mInitialize^[[0m jstransformer@1.0.0
Test (deno on ubuntu-latest)	UNKNOWN STEP	2026-05-18T13:37:28.0058323Z ^[[0m^[[32mInitialize^[[0m color-convert@2.0.1
Test (deno on ubuntu-latest)	UNKNOWN STEP	2026-05-18T13:37:28.0059190Z ^[[0m^[[32mInitialize^[[0m @colors/colors@1.5.0
Test (deno on ubuntu-latest)	UNKNOWN STEP	2026-05-18T13:37:28.0060028Z ^[[0m^[[32mInitialize^[[0m p-locate@4.1.0
Test (deno on ubuntu-latest)	UNKNOWN STEP	2026-05-18T13:37:28.0060886Z ^[[0m^[[32mInitialize^[[0m assert-never@1.4.0
Test (deno on ubuntu-latest)	UNKNOWN STEP	2026-05-18T13:37:28.0061736Z ^[[0m^[[32mInitialize^[[0m human-signals@1.1.1
Test (deno on ubuntu-latest)	UNKNOWN STEP	2026-05-18T13:37:28.0062574Z ^[[0m^[[32mInitialize^[[0m argparse@2.0.1
Test (deno on ubuntu-latest)	UNKNOWN STEP	2026-05-18T13:37:28.0108081Z ^[[0m^[[32mInitialize^[[0m has-symbols@1.1.0
Test (deno on ubuntu-latest)	UNKNOWN STEP	2026-05-18T13:37:28.0127255Z ^[[0m^[[32mInitialize^[[0m hasown@2.0.3
Test (deno on ubuntu-latest)	UNKNOWN STEP	2026-05-18T13:37:28.0156631Z ^[[0m^[[32mInitialize^[[0m babel-walk@3.0.0-canary-5
Test (deno on ubuntu-latest)	UNKNOWN STEP	2026-05-18T13:37:28.0158702Z ^[[0m^[[32mInitialize^[[0m argparse@1.0.10
Test (deno on ubuntu-latest)	UNKNOWN STEP	2026-05-18T13:37:28.0199254Z ^[[0m^[[32mInitialize^[[0m promise@7.3.1
Test (deno on ubuntu-latest)	UNKNOWN STEP	2026-05-18T13:37:28.0224190Z ^[[0m^[[32mInitialize^[[0m js-yaml@3.14.2
Test (deno on ubuntu-latest)	UNKNOWN STEP	2026-05-18T13:37:28.0245254Z ^[[0m^[[32mInitialize^[[0m signal-exit@3.0.7
Test (deno on ubuntu-latest)	UNKNOWN STEP	2026-05-18T13:37:28.0245932Z ^[[0m^[[32mInitialize^[[0m has-tostringtag@1.0.2
Test (deno on ubuntu-latest)	UNKNOWN STEP	2026-05-18T13:37:28.0246544Z ^[[0m^[[32mInitialize^[[0m reusify@1.1.0
Test (deno on ubuntu-latest)	UNKNOWN STEP	2026-05-18T13:37:28.0247111Z ^[[0m^[[32mInitialize^[[0m sprintf-js@1.0.3
Test (deno on ubuntu-latest)	UNKNOWN STEP	2026-05-18T13:37:28.0247712Z ^[[0m^[[32mInitialize^[[0m es-errors@1.3.0
Test (deno on ubuntu-latest)	UNKNOWN STEP	2026-05-18T13:37:28.0248267Z ^[[0m^[[32mInitialize^[[0m gopd@1.2.0
Test (deno on ubuntu-latest)	UNKNOWN STEP	2026-05-18T13:37:28.0248800Z ^[[0m^[[32mInitialize^[[0m with@7.0.2
Test (deno on ubuntu-latest)	UNKNOWN STEP	2026-05-18T13:37:28.0249340Z ^[[0m^[[32mInitialize^[[0m is-regex@1.2.1
Test (deno on ubuntu-latest)	UNKNOWN STEP	2026-05-18T13:37:28.0249921Z ^[[0m^[[32mInitialize^[[0m ansi-styles@4.3.0
Test (deno on ubuntu-latest)	UNKNOWN STEP	2026-05-18T13:37:28.0250519Z ^[[0m^[[32mInitialize^[[0m is-core-module@2.16.2
Test (deno on ubuntu-latest)	UNKNOWN STEP	2026-05-18T13:37:28.0252619Z ^[[0m^[[32mInitialize^[[0m pug-walk@2.0.0
Test (deno on ubuntu-latest)	UNKNOWN STEP	2026-05-18T13:37:28.0253171Z ^[[0m^[[32mInitialize^[[0m wrappy@1.0.2
Test (deno on ubuntu-latest)	UNKNOWN STEP	2026-05-18T13:37:28.0253707Z ^[[0m^[[32mInitialize^[[0m mimic-fn@2.1.0
Test (deno on ubuntu-latest)	UNKNOWN STEP	2026-05-18T13:37:28.0254258Z ^[[0m^[[32mInitialize^[[0m execa@4.1.0
Test (deno on ubuntu-latest)	UNKNOWN STEP	2026-05-18T13:37:28.0255161Z ^[[0m^[[32mInitialize^[[0m queue-microtask@1.2.3
Test (deno on ubuntu-latest)	UNKNOWN STEP	2026-05-18T13:37:28.0265013Z ^[[0m^[[32mInitialize^[[0m pump@3.0.4
Test (deno on ubuntu-latest)	UNKNOWN STEP	2026-05-18T13:37:28.0265691Z ^[[0m^[[32mInitialize^[[0m math-intrinsics@1.1.0
Test (deno on ubuntu-latest)	UNKNOWN STEP	2026-05-18T13:37:28.0328527Z ^[[0m^[[32mInitialize^[[0m yocto-queue@0.1.0
Test (deno on ubuntu-latest)	UNKNOWN STEP	2026-05-18T13:37:28.0332860Z ^[[0m^[[32mInitialize^[[0m get-intrinsic@1.3.0
Test (deno on ubuntu-latest)	UNKNOWN STEP	2026-05-18T13:37:28.0345519Z ^[[0m^[[32mInitialize^[[0m function-bind@1.1.2
Test (deno on ubuntu-latest)	UNKNOWN STEP	2026-05-18T13:37:28.0353336Z ^[[0m^[[32mInitialize^[[0m @manypkg/find-root@1.1.0
Test (deno on ubuntu-latest)	UNKNOWN STEP	2026-05-18T13:37:28.0359930Z ^[[0m^[[32mInitialize^[[0m once@1.4.0
Test (deno on ubuntu-latest)	UNKNOWN STEP	2026-05-18T13:37:28.0361446Z ^[[0m^[[32mInitialize^[[0m p-try@2.2.0
Test (deno on ubuntu-latest)	UNKNOWN STEP	2026-05-18T13:37:28.0373567Z ^[[0m^[[32mInitialize^[[0m es-define-property@1.0.1
Test (deno on ubuntu-latest)	UNKNOWN STEP	2026-05-18T13:37:28.0374838Z ^[[0m^[[32mInitialize^[[0m es-object-atoms@1.1.1
Test (deno on ubuntu-latest)	UNKNOWN STEP	2026-05-18T13:37:28.0376547Z ^[[0m^[[32mInitialize^[[0m dunder-proto@1.0.1
Test (deno on ubuntu-latest)	UNKNOWN STEP	2026-05-18T13:37:28.0377371Z ^[[0m^[[32mInitialize^[[0m get-proto@1.0.1
Test (deno on ubuntu-latest)	UNKNOWN STEP	2026-05-18T13:37:28.0449499Z ^[[0m^[[32mInitialize^[[0m call-bind-apply-helpers@1.0.2
Test (deno on ubuntu-latest)	UNKNOWN STEP	2026-05-18T13:37:28.0454195Z ^[[0m^[[32mInitialize^[[0m supports-preserve-symlinks-flag@1.0.0
Test (deno on ubuntu-latest)	UNKNOWN STEP	2026-05-18T13:37:28.0469551Z ^[[0m^[[32mInitialize^[[0m color-name@1.1.4
Test (deno on ubuntu-latest)	UNKNOWN STEP	2026-05-18T13:37:28.0470287Z ^[[0m^[[32mInitialize^[[0m resolve@1.22.12
Test (deno on ubuntu-latest)	UNKNOWN STEP	2026-05-18T13:37:28.0471171Z ^[[0m^[[32mInitialize^[[0m acorn@7.4.1
Test (deno on ubuntu-latest)	UNKNOWN STEP	2026-05-18T13:37:28.0557569Z ^[[0m^[[32mInitialize^[[0m asap@2.0.6
Test (deno on ubuntu-latest)	UNKNOWN STEP	2026-05-18T13:37:28.0575249Z ^[[0m^[[32mInitialize^[[0m p-limit@2.3.0
Test (deno on ubuntu-latest)	UNKNOWN STEP	2026-05-18T13:37:28.0577216Z ^[[0m^[[32mInitialize^[[0m call-bound@1.0.4
Test (deno on ubuntu-latest)	UNKNOWN STEP	2026-05-18T13:37:28.0587420Z ^[[0m^[[32mInitialize^[[0m path-parse@1.0.7
Test (deno on ubuntu-latest)	UNKNOWN STEP	2026-05-18T13:37:28.0603039Z ^[[0m^[[32mInitialize^[[0m @types/node@12.20.55
Test (deno on ubuntu-latest)	UNKNOWN STEP	2026-05-18T13:37:28.0603834Z ^[[0m^[[32mInitialize^[[0m @humanfs/core@0.19.2
Test (deno on ubuntu-latest)	UNKNOWN STEP	2026-05-18T13:37:28.0604886Z ^[[0m^[[32mInitialize^[[0m @nodelib/fs.scandir@2.1.5
Test (deno on ubuntu-latest)	UNKNOWN STEP	2026-05-18T13:37:28.0633589Z ^[[0m^[[32mInitialize^[[0m @babel/helper-validator-identifier@7.28.5
Test (deno on ubuntu-latest)	UNKNOWN STEP	2026-05-18T13:37:28.0639861Z ^[[0m^[[32mInitialize^[[0m end-of-stream@1.4.5
Test (deno on ubuntu-latest)	UNKNOWN STEP	2026-05-18T13:37:28.0640649Z ^[[0m^[[32mInitialize^[[0m @changesets/parse@0.4.3
Test (deno on ubuntu-latest)	UNKNOWN STEP	2026-05-18T13:37:28.0683903Z ^[[0m^[[32mInitialize^[[0m is-number@7.0.0
Test (deno on ubuntu-latest)	UNKNOWN STEP	2026-05-18T13:37:28.0718011Z ^[[0m^[[32mInitialize^[[0m test-anywhere@0.9.1
Test (deno on ubuntu-latest)	UNKNOWN STEP	2026-05-18T13:37:28.0788349Z ^[[0m^[[32mInitialize^[[0m @babel/helper-string-parser@7.27.1
Test (deno on ubuntu-latest)	UNKNOWN STEP	2026-05-18T13:37:28.0795346Z ^[[0m^[[32mInitialize^[[0m @babel/runtime@7.29.2
Test (deno on ubuntu-latest)	UNKNOWN STEP	2026-05-18T13:37:28.0815645Z ^[[0m^[[32mInitialize^[[0m @babel/parser@7.29.3
Test (deno on ubuntu-latest)	UNKNOWN STEP	2026-05-18T13:37:28.0903170Z ^[[0m^[[32mInitialize^[[0m @babel/types@7.29.0
Test (deno on ubuntu-latest)	UNKNOWN STEP	2026-05-18T13:37:28.0959883Z ^[[0m^[[32mInitialize^[[0m prettier@2.8.8
Test (deno on ubuntu-latest)	UNKNOWN STEP	2026-05-18T13:37:28.4097963Z ^[[0m^[[32mInitialize^[[0m type-check@0.4.0
Test (deno on ubuntu-latest)	UNKNOWN STEP	2026-05-18T13:37:28.4291573Z ^[[0m^[[38;5;245mInstalled^[[0m 276 ^[[0m^[[38;5;245mpackages^[[0m ^[[0m^[[38;5;245min^[[0m 1568ms
Test (deno on ubuntu-latest)	UNKNOWN STEP	2026-05-18T13:37:28.4292195Z ^[[0m^[[38;5;245mReused^[[0m 0 ^[[0m^[[38;5;245mpackages from cache^[[0m
Test (deno on ubuntu-latest)	UNKNOWN STEP	2026-05-18T13:37:28.4292681Z ^[[0m^[[38;5;245mDownloaded^[[0m 0 ^[[0m^[[38;5;245mpackages from JSR^[[0m
Test (deno on ubuntu-latest)	UNKNOWN STEP	2026-05-18T13:37:28.4293182Z ^[[0m^[[38;5;245mDownloaded^[[0m 276 ^[[0m^[[38;5;245mpackages from npm^[[0m
Test (deno on ubuntu-latest)	UNKNOWN STEP	2026-05-18T13:37:28.4294176Z ^[[0m^[[32m++++++++++++++++++++++++++++++++++++++++++++++++++++++++++++++++++++++++++++++++++++++++++++++++++++++++++++++++++++++++++++++++++++++++++++++++++++++++++++++++++++++++++++++++++++++++++++++++++++++++++++++++++++++++++++++++++++++++++++++++++++++++++++++++++++++++++++++++++++^[[0m
Test (deno on ubuntu-latest)	UNKNOWN STEP	2026-05-18T13:37:28.4295424Z
Test (deno on ubuntu-latest)	UNKNOWN STEP	2026-05-18T13:37:28.4295715Z ^[[0m^[[36mDependencies:^[[0m
Test (deno on ubuntu-latest)	UNKNOWN STEP	2026-05-18T13:37:28.4296352Z ^[[0m^[[32m+^[[0m ^[[0m^[[38;5;245mnpm:^[[0mlinks-notation ^[[0m^[[38;5;245m0.13.0^[[0m
Test (deno on ubuntu-latest)	UNKNOWN STEP	2026-05-18T13:37:28.4297066Z ^[[0m^[[32m+^[[0m ^[[0m^[[38;5;245mnpm:^[[0mlino-arguments ^[[0m^[[38;5;245m0.3.0^[[0m
Test (deno on ubuntu-latest)	UNKNOWN STEP	2026-05-18T13:37:28.4297607Z ^[[0m^[[32m+^[[0m ^[[0m^[[38;5;245mnpm:^[[0mlino-objects-codec ^[[0m^[[38;5;245m0.4.0^[[0m
Test (deno on ubuntu-latest)	UNKNOWN STEP	2026-05-18T13:37:28.4297945Z
Test (deno on ubuntu-latest)	UNKNOWN STEP	2026-05-18T13:37:28.4298325Z ^[[0m^[[36mDev dependencies:^[[0m
Test (deno on ubuntu-latest)	UNKNOWN STEP	2026-05-18T13:37:28.4298829Z ^[[0m^[[32m+^[[0m ^[[0m^[[38;5;245mnpm:^[[0m@changesets/cli ^[[0m^[[38;5;245m2.31.0^[[0m
Test (deno on ubuntu-latest)	UNKNOWN STEP	2026-05-18T13:37:28.4299323Z ^[[0m^[[32m+^[[0m ^[[0m^[[38;5;245mnpm:^[[0m@eslint/js ^[[0m^[[38;5;245m10.0.1^[[0m
Test (deno on ubuntu-latest)	UNKNOWN STEP	2026-05-18T13:37:28.4303849Z ^[[0m^[[32m+^[[0m ^[[0m^[[38;5;245mnpm:^[[0meslint ^[[0m^[[38;5;245m10.4.0^[[0m
Test (deno on ubuntu-latest)	UNKNOWN STEP	2026-05-18T13:37:28.4304957Z ^[[0m^[[32m+^[[0m ^[[0m^[[38;5;245mnpm:^[[0meslint-config-prettier ^[[0m^[[38;5;245m10.1.8^[[0m
Test (deno on ubuntu-latest)	UNKNOWN STEP	2026-05-18T13:37:28.4305878Z ^[[0m^[[32m+^[[0m ^[[0m^[[38;5;245mnpm:^[[0meslint-plugin-prettier ^[[0m^[[38;5;245m5.5.5^[[0m
Test (deno on ubuntu-latest)	UNKNOWN STEP	2026-05-18T13:37:28.4323672Z ^[[0m^[[32m+^[[0m ^[[0m^[[38;5;245mnpm:^[[0mjscpd ^[[0m^[[38;5;245m4.2.3^[[0m
Test (deno on ubuntu-latest)	UNKNOWN STEP	2026-05-18T13:37:28.4324704Z ^[[0m^[[32m+^[[0m ^[[0m^[[38;5;245mnpm:^[[0mprettier ^[[0m^[[38;5;245m3.8.3^[[0m
Test (deno on ubuntu-latest)	UNKNOWN STEP	2026-05-18T13:37:28.4325470Z ^[[0m^[[32m+^[[0m ^[[0m^[[38;5;245mnpm:^[[0mtest-anywhere ^[[0m^[[38;5;245m0.9.1^[[0m
Test (deno on ubuntu-latest)	UNKNOWN STEP	2026-05-18T13:37:28.4487459Z ##[group]Run deno test --no-check --allow-read --allow-write --allow-env --allow-run
Test (deno on ubuntu-latest)	UNKNOWN STEP	2026-05-18T13:37:28.4488030Z ^[[36;1mdeno test --no-check --allow-read --allow-write --allow-env --allow-run^[[0m
Test (deno on ubuntu-latest)	UNKNOWN STEP	2026-05-18T13:37:28.4521941Z shell: /usr/bin/bash -e {0}
Test (deno on ubuntu-latest)	UNKNOWN STEP	2026-05-18T13:37:28.4522168Z env:
Test (deno on ubuntu-latest)	UNKNOWN STEP	2026-05-18T13:37:28.4522339Z   NODE_VERSION: 24.x
Test (deno on ubuntu-latest)	UNKNOWN STEP	2026-05-18T13:37:28.4522538Z   NPM_CONFIG_PROVENANCE: true
Test (deno on ubuntu-latest)	UNKNOWN STEP	2026-05-18T13:37:28.4522756Z ##[endgroup]
Test (deno on ubuntu-latest)	UNKNOWN STEP	2026-05-18T13:37:28.5186507Z ^[[0m^[[38;5;245mrunning 5 tests from ./tests/cli.test.js^[[0m
Test (deno on ubuntu-latest)	UNKNOWN STEP	2026-05-18T13:37:28.5341991Z convert i18next JSON to .lino ... ^[[0m^[[32mok^[[0m ^[[0m^[[38;5;245m(15ms)^[[0m
Test (deno on ubuntu-latest)	UNKNOWN STEP	2026-05-18T13:37:28.5459883Z convert can bundle multiple locales into one .lino file ... ^[[0m^[[32mok^[[0m ^[[0m^[[38;5;245m(11ms)^[[0m
Test (deno on ubuntu-latest)	UNKNOWN STEP	2026-05-18T13:37:28.5481189Z convert reads defaults from a JSON config file ... ^[[0m^[[32mok^[[0m ^[[0m^[[38;5;245m(2ms)^[[0m
Test (deno on ubuntu-latest)	UNKNOWN STEP	2026-05-18T13:37:28.5508431Z check reports missing keys against a reference locale ... ^[[0m^[[32mok^[[0m ^[[0m^[[38;5;245m(2ms)^[[0m
Test (deno on ubuntu-latest)	UNKNOWN STEP	2026-05-18T13:37:28.5531388Z t command translates a key with parameters ... ^[[0m^[[32mok^[[0m ^[[0m^[[38;5;245m(2ms)^[[0m
Test (deno on ubuntu-latest)	UNKNOWN STEP	2026-05-18T13:37:28.5946122Z ^[[0m^[[38;5;245mrunning 7 tests from ./tests/converters.test.js^[[0m
Test (deno on ubuntu-latest)	UNKNOWN STEP	2026-05-18T13:37:28.5954137Z fromI18next flattens nested keys with dot separator ... ^[[0m^[[32mok^[[0m ^[[0m^[[38;5;245m(0ms)^[[0m
Test (deno on ubuntu-latest)	UNKNOWN STEP	2026-05-18T13:37:28.5957943Z fromI18next supports namespace shape with `ns:` prefix ... ^[[0m^[[32mok^[[0m ^[[0m^[[38;5;245m(0ms)^[[0m
Test (deno on ubuntu-latest)	UNKNOWN STEP	2026-05-18T13:37:28.5960069Z fromI18next defaults to provided locale when input is a single catalogue ... ^[[0m^[[32mok^[[0m ^[[0m^[[38;5;245m(0ms)^[[0m
Test (deno on ubuntu-latest)	UNKNOWN STEP	2026-05-18T13:37:28.5965653Z fromI18nJs rewrites %{var} into {{var}} ... ^[[0m^[[32mok^[[0m ^[[0m^[[38;5;245m(0ms)^[[0m
Test (deno on ubuntu-latest)	UNKNOWN STEP	2026-05-18T13:37:28.5969617Z fromReactIntl handles plain ICU strings ... ^[[0m^[[32mok^[[0m ^[[0m^[[38;5;245m(0ms)^[[0m
Test (deno on ubuntu-latest)	UNKNOWN STEP	2026-05-18T13:37:28.5971355Z fromReactIntl extracts defaultMessage ... ^[[0m^[[32mok^[[0m ^[[0m^[[38;5;245m(0ms)^[[0m
Test (deno on ubuntu-latest)	UNKNOWN STEP	2026-05-18T13:37:28.5974112Z fromReactIntl decompiles compiled AST nodes ... ^[[0m^[[32mok^[[0m ^[[0m^[[38;5;245m(0ms)^[[0m
Test (deno on ubuntu-latest)	UNKNOWN STEP	2026-05-18T13:37:28.6395670Z ^[[0m^[[38;5;245mrunning 21 tests from ./tests/i18n.test.js^[[0m
Test (deno on ubuntu-latest)	UNKNOWN STEP	2026-05-18T13:37:28.6504707Z interpolate replaces {{var}} and {var} ... ^[[0m^[[32mok^[[0m ^[[0m^[[38;5;245m(10ms)^[[0m
Test (deno on ubuntu-latest)	UNKNOWN STEP	2026-05-18T13:37:28.6510086Z pluralSuffix follows CLDR rules ... ^[[0m^[[32mok^[[0m ^[[0m^[[38;5;245m(0ms)^[[0m
Test (deno on ubuntu-latest)	UNKNOWN STEP	2026-05-18T13:37:28.6534665Z parseLinoCatalog round-trips with formatLinoCatalog ... ^[[0m^[[32mok^[[0m ^[[0m^[[38;5;245m(2ms)^[[0m
Test (deno on ubuntu-latest)	UNKNOWN STEP	2026-05-18T13:37:28.6541825Z parseLinoCatalog flattens nested groups and selector variants ... ^[[0m^[[32mok^[[0m ^[[0m^[[38;5;245m(0ms)^[[0m
Test (deno on ubuntu-latest)	UNKNOWN STEP	2026-05-18T13:37:28.6547496Z parseLinoCatalog flattens Hive Mind style deep multiline catalogues ... ^[[0m^[[32mok^[[0m ^[[0m^[[38;5;245m(0ms)^[[0m
Test (deno on ubuntu-latest)	UNKNOWN STEP	2026-05-18T13:37:28.6552146Z parseLinoCatalogs accepts bundled multi-locale files ... ^[[0m^[[32mok^[[0m ^[[0m^[[38;5;245m(0ms)^[[0m
Test (deno on ubuntu-latest)	UNKNOWN STEP	2026-05-18T13:37:28.6556259Z parseLinoCatalog can expand compatibility aliases while loading ... ^[[0m^[[32mok^[[0m ^[[0m^[[38;5;245m(0ms)^[[0m
Test (deno on ubuntu-latest)	UNKNOWN STEP	2026-05-18T13:37:28.6564155Z formatLinoCatalog emits nested catalogue syntax by default ... ^[[0m^[[32mok^[[0m ^[[0m^[[38;5;245m(0ms)^[[0m
Test (deno on ubuntu-latest)	UNKNOWN STEP	2026-05-18T13:37:28.6569212Z formatLinoCatalog preserves scalar parent translations as labels ... ^[[0m^[[32mok^[[0m ^[[0m^[[38;5;245m(0ms)^[[0m
Test (deno on ubuntu-latest)	UNKNOWN STEP	2026-05-18T13:37:28.6572379Z parseLinoCatalog aliases nested label children to their parent key ... ^[[0m^[[32mok^[[0m ^[[0m^[[38;5;245m(0ms)^[[0m
Test (deno on ubuntu-latest)	UNKNOWN STEP	2026-05-18T13:37:28.6576486Z label aliases preserve selector suffix groups ... ^[[0m^[[32mok^[[0m ^[[0m^[[38;5;245m(0ms)^[[0m
Test (deno on ubuntu-latest)	UNKNOWN STEP	2026-05-18T13:37:28.6586391Z createI18n resolves missing keys via fallback ... ^[[0m^[[32mok^[[0m ^[[0m^[[38;5;245m(0ms)^[[0m
Test (deno on ubuntu-latest)	UNKNOWN STEP	2026-05-18T13:37:28.6611736Z createI18n applies CLDR plurals per locale ... ^[[0m^[[32mok^[[0m ^[[0m^[[38;5;245m(2ms)^[[0m
Test (deno on ubuntu-latest)	UNKNOWN STEP	2026-05-18T13:37:28.6630149Z loadLocalesFromDirectory merges bundled and per-language files ... ^[[0m^[[32mok^[[0m ^[[0m^[[38;5;245m(1ms)^[[0m
Test (deno on ubuntu-latest)	UNKNOWN STEP	2026-05-18T13:37:28.6642806Z createI18n.loadLocaleFile registers bundled locale files ... ^[[0m^[[32mok^[[0m ^[[0m^[[38;5;245m(1ms)^[[0m
Test (deno on ubuntu-latest)	UNKNOWN STEP	2026-05-18T13:37:28.6645572Z createI18n falls back to onMissingKey when set ... ^[[0m^[[32mok^[[0m ^[[0m^[[38;5;245m(0ms)^[[0m
Test (deno on ubuntu-latest)	UNKNOWN STEP	2026-05-18T13:37:28.6648304Z createI18n exposes context (gender) suffixes ... ^[[0m^[[32mok^[[0m ^[[0m^[[38;5;245m(0ms)^[[0m
Test (deno on ubuntu-latest)	UNKNOWN STEP	2026-05-18T13:37:28.6650849Z createI18n exposes namespace-prefixed keys ... ^[[0m^[[32mok^[[0m ^[[0m^[[38;5;245m(0ms)^[[0m
Test (deno on ubuntu-latest)	UNKNOWN STEP	2026-05-18T13:37:28.6653850Z expandCompatibilityAliases adds migration aliases without overwriting explicit keys ... ^[[0m^[[32mok^[[0m ^[[0m^[[38;5;245m(0ms)^[[0m
Test (deno on ubuntu-latest)	UNKNOWN STEP	2026-05-18T13:37:28.6657033Z createI18n can expose underscore-tail migration aliases ... ^[[0m^[[32mok^[[0m ^[[0m^[[38;5;245m(0ms)^[[0m
Test (deno on ubuntu-latest)	UNKNOWN STEP	2026-05-18T13:37:28.6659339Z createI18n resolves label aliases while explicit keys win ... ^[[0m^[[32mok^[[0m ^[[0m^[[38;5;245m(0ms)^[[0m
Test (deno on ubuntu-latest)	UNKNOWN STEP	2026-05-18T13:37:28.7119278Z ^[[0m^[[38;5;245mrunning 1 test from ./tests/package-metadata.test.js^[[0m
Test (deno on ubuntu-latest)	UNKNOWN STEP	2026-05-18T13:37:30.1873338Z npm package dry-run contains the publishable runtime surface ... ^[[0m^[[32mok^[[0m ^[[0m^[[38;5;245m(1s)^[[0m
Test (deno on ubuntu-latest)	UNKNOWN STEP	2026-05-18T13:37:30.2273559Z ^[[0m^[[38;5;245mrunning 3 tests from ./tests/release-delivery.test.js^[[0m
Test (deno on ubuntu-latest)	UNKNOWN STEP	2026-05-18T13:37:30.2283771Z delivery jobs keep running after optional release gates are skipped ... ^[[0m^[[32mok^[[0m ^[[0m^[[38;5;245m(0ms)^[[0m
Test (deno on ubuntu-latest)	UNKNOWN STEP	2026-05-18T13:37:30.2287372Z root README advertises package, release, and CI/CD status badges ... ^[[0m^[[32mok^[[0m ^[[0m^[[38;5;245m(0ms)^[[0m
Test (deno on ubuntu-latest)	UNKNOWN STEP	2026-05-18T13:37:30.2294353Z JavaScript GitHub release notes include package and CI/CD badges ... ^[[0m^[[32mok^[[0m ^[[0m^[[38;5;245m(0ms)^[[0m
Test (deno on ubuntu-latest)	UNKNOWN STEP	2026-05-18T13:37:30.2310338Z
Test (deno on ubuntu-latest)	UNKNOWN STEP	2026-05-18T13:37:30.2311033Z ^[[0m^[[32mok^[[0m | 37 passed | 0 failed ^[[0m^[[38;5;245m(1s)^[[0m
Test (deno on ubuntu-latest)	UNKNOWN STEP	2026-05-18T13:37:30.2311304Z
Test (deno on ubuntu-latest)	UNKNOWN STEP	2026-05-18T13:37:30.2427224Z Post job cleanup.
Test (deno on ubuntu-latest)	UNKNOWN STEP	2026-05-18T13:37:30.3647904Z Caching is not enabled. Caching is skipped.
Test (deno on ubuntu-latest)	UNKNOWN STEP	2026-05-18T13:37:30.3798150Z Post job cleanup.
Test (deno on ubuntu-latest)	UNKNOWN STEP	2026-05-18T13:37:30.4636779Z [command]/usr/bin/git version
Test (deno on ubuntu-latest)	UNKNOWN STEP	2026-05-18T13:37:30.4673168Z git version 2.54.0
Test (deno on ubuntu-latest)	UNKNOWN STEP	2026-05-18T13:37:30.4712709Z Temporarily overriding HOME='/home/runner/work/_temp/e02d9565-082c-4021-a233-211f93c81b68' before making global git config changes
Test (deno on ubuntu-latest)	UNKNOWN STEP	2026-05-18T13:37:30.4713670Z Adding repository directory to the temporary git global config as a safe directory
Test (deno on ubuntu-latest)	UNKNOWN STEP	2026-05-18T13:37:30.4718466Z [command]/usr/bin/git config --global --add safe.directory /home/runner/work/lino-i18n/lino-i18n
Test (deno on ubuntu-latest)	UNKNOWN STEP	2026-05-18T13:37:30.4748202Z Removing SSH command configuration
Test (deno on ubuntu-latest)	UNKNOWN STEP	2026-05-18T13:37:30.4754430Z [command]/usr/bin/git config --local --name-only --get-regexp core\.sshCommand
Test (deno on ubuntu-latest)	UNKNOWN STEP	2026-05-18T13:37:30.4812408Z [command]/usr/bin/git submodule foreach --recursive sh -c "git config --local --name-only --get-regexp 'core\.sshCommand' && git config --local --unset-all 'core.sshCommand' || :"
Test (deno on ubuntu-latest)	UNKNOWN STEP	2026-05-18T13:37:30.5036197Z Removing HTTP extra header
Test (deno on ubuntu-latest)	UNKNOWN STEP	2026-05-18T13:37:30.5040927Z [command]/usr/bin/git config --local --name-only --get-regexp http\.https\:\/\/github\.com\/\.extraheader
Test (deno on ubuntu-latest)	UNKNOWN STEP	2026-05-18T13:37:30.5075733Z [command]/usr/bin/git submodule foreach --recursive sh -c "git config --local --name-only --get-regexp 'http\.https\:\/\/github\.com\/\.extraheader' && git config --local --unset-all 'http.https://github.com/.extraheader' || :"
Test (deno on ubuntu-latest)	UNKNOWN STEP	2026-05-18T13:37:30.5296373Z Removing includeIf entries pointing to credentials config files
Test (deno on ubuntu-latest)	UNKNOWN STEP	2026-05-18T13:37:30.5302496Z [command]/usr/bin/git config --local --name-only --get-regexp ^includeIf\.gitdir:
Test (deno on ubuntu-latest)	UNKNOWN STEP	2026-05-18T13:37:30.5329829Z includeif.gitdir:/home/runner/work/lino-i18n/lino-i18n/.git.path
Test (deno on ubuntu-latest)	UNKNOWN STEP	2026-05-18T13:37:30.5330769Z includeif.gitdir:/home/runner/work/lino-i18n/lino-i18n/.git/worktrees/*.path
Test (deno on ubuntu-latest)	UNKNOWN STEP	2026-05-18T13:37:30.5331549Z includeif.gitdir:/github/workspace/.git.path
Test (deno on ubuntu-latest)	UNKNOWN STEP	2026-05-18T13:37:30.5332029Z includeif.gitdir:/github/workspace/.git/worktrees/*.path
Test (deno on ubuntu-latest)	UNKNOWN STEP	2026-05-18T13:37:30.5338698Z [command]/usr/bin/git config --local --get-all includeif.gitdir:/home/runner/work/lino-i18n/lino-i18n/.git.path
Test (deno on ubuntu-latest)	UNKNOWN STEP	2026-05-18T13:37:30.5360262Z /home/runner/work/_temp/git-credentials-a8bfe5d4-08d4-4164-b3c1-29baed243955.config
Test (deno on ubuntu-latest)	UNKNOWN STEP	2026-05-18T13:37:30.5431069Z [command]/usr/bin/git config --local --unset includeif.gitdir:/home/runner/work/lino-i18n/lino-i18n/.git.path /home/runner/work/_temp/git-credentials-a8bfe5d4-08d4-4164-b3c1-29baed243955.config
Test (deno on ubuntu-latest)	UNKNOWN STEP	2026-05-18T13:37:30.5433754Z [command]/usr/bin/git config --local --get-all includeif.gitdir:/home/runner/work/lino-i18n/lino-i18n/.git/worktrees/*.path
Test (deno on ubuntu-latest)	UNKNOWN STEP	2026-05-18T13:37:30.5435132Z /home/runner/work/_temp/git-credentials-a8bfe5d4-08d4-4164-b3c1-29baed243955.config
Test (deno on ubuntu-latest)	UNKNOWN STEP	2026-05-18T13:37:30.5443081Z [command]/usr/bin/git config --local --unset includeif.gitdir:/home/runner/work/lino-i18n/lino-i18n/.git/worktrees/*.path /home/runner/work/_temp/git-credentials-a8bfe5d4-08d4-4164-b3c1-29baed243955.config
Test (deno on ubuntu-latest)	UNKNOWN STEP	2026-05-18T13:37:30.5474012Z [command]/usr/bin/git config --local --get-all includeif.gitdir:/github/workspace/.git.path
Test (deno on ubuntu-latest)	UNKNOWN STEP	2026-05-18T13:37:30.5494732Z /github/runner_temp/git-credentials-a8bfe5d4-08d4-4164-b3c1-29baed243955.config
Test (deno on ubuntu-latest)	UNKNOWN STEP	2026-05-18T13:37:30.5503416Z [command]/usr/bin/git config --local --unset includeif.gitdir:/github/workspace/.git.path /github/runner_temp/git-credentials-a8bfe5d4-08d4-4164-b3c1-29baed243955.config
Test (deno on ubuntu-latest)	UNKNOWN STEP	2026-05-18T13:37:30.5535397Z [command]/usr/bin/git config --local --get-all includeif.gitdir:/github/workspace/.git/worktrees/*.path
Test (deno on ubuntu-latest)	UNKNOWN STEP	2026-05-18T13:37:30.5556014Z /github/runner_temp/git-credentials-a8bfe5d4-08d4-4164-b3c1-29baed243955.config
Test (deno on ubuntu-latest)	UNKNOWN STEP	2026-05-18T13:37:30.5566784Z [command]/usr/bin/git config --local --unset includeif.gitdir:/github/workspace/.git/worktrees/*.path /github/runner_temp/git-credentials-a8bfe5d4-08d4-4164-b3c1-29baed243955.config
Test (deno on ubuntu-latest)	UNKNOWN STEP	2026-05-18T13:37:30.5599081Z [command]/usr/bin/git submodule foreach --recursive git config --local --show-origin --name-only --get-regexp remote.origin.url
Test (deno on ubuntu-latest)	UNKNOWN STEP	2026-05-18T13:37:30.5819703Z Removing credentials config '/home/runner/work/_temp/git-credentials-a8bfe5d4-08d4-4164-b3c1-29baed243955.config'
Test (deno on ubuntu-latest)	UNKNOWN STEP	2026-05-18T13:37:30.5956965Z Cleaning up orphan processes
Test (deno on windows-latest)	UNKNOWN STEP	﻿2026-05-18T13:37:23.1732945Z Current runner version: '2.334.0'
Test (deno on windows-latest)	UNKNOWN STEP	2026-05-18T13:37:23.1768275Z ##[group]Runner Image Provisioner
Test (deno on windows-latest)	UNKNOWN STEP	2026-05-18T13:37:23.1769611Z Hosted Compute Agent
Test (deno on windows-latest)	UNKNOWN STEP	2026-05-18T13:37:23.1770408Z Version: 20260415.520
Test (deno on windows-latest)	UNKNOWN STEP	2026-05-18T13:37:23.1771181Z Commit: af089020f5f67b61ccc91db6c07980876c02bf7b
Test (deno on windows-latest)	UNKNOWN STEP	2026-05-18T13:37:23.1772201Z Build Date: 2026-04-15T18:07:08Z
Test (deno on windows-latest)	UNKNOWN STEP	2026-05-18T13:37:23.1773205Z Worker ID: {b83d9888-6ce5-44c5-8d88-74f51c9cf376}
Test (deno on windows-latest)	UNKNOWN STEP	2026-05-18T13:37:23.1774190Z Azure Region: eastus
Test (deno on windows-latest)	UNKNOWN STEP	2026-05-18T13:37:23.1774858Z ##[endgroup]
Test (deno on windows-latest)	UNKNOWN STEP	2026-05-18T13:37:23.1776777Z ##[group]Operating System
Test (deno on windows-latest)	UNKNOWN STEP	2026-05-18T13:37:23.1777647Z Microsoft Windows Server 2025
Test (deno on windows-latest)	UNKNOWN STEP	2026-05-18T13:37:23.1778371Z 10.0.26100
Test (deno on windows-latest)	UNKNOWN STEP	2026-05-18T13:37:23.1779050Z Datacenter
Test (deno on windows-latest)	UNKNOWN STEP	2026-05-18T13:37:23.1779634Z ##[endgroup]
Test (deno on windows-latest)	UNKNOWN STEP	2026-05-18T13:37:23.1780284Z ##[group]Runner Image
Test (deno on windows-latest)	UNKNOWN STEP	2026-05-18T13:37:23.1781006Z Image: windows-2025-vs2026
Test (deno on windows-latest)	UNKNOWN STEP	2026-05-18T13:37:23.1781780Z Version: 20260510.103.1
Test (deno on windows-latest)	UNKNOWN STEP	2026-05-18T13:37:23.1783926Z Included Software: https://github.com/actions/runner-images/blob/win25-vs2026/20260510.103/images/windows/Windows2025-VS2026-Readme.md
Test (deno on windows-latest)	UNKNOWN STEP	2026-05-18T13:37:23.1786488Z Image Release: https://github.com/actions/runner-images/releases/tag/win25-vs2026%2F20260510.103
Test (deno on windows-latest)	UNKNOWN STEP	2026-05-18T13:37:23.1788329Z ##[endgroup]
Test (deno on windows-latest)	UNKNOWN STEP	2026-05-18T13:37:23.1790178Z ##[group]GITHUB_TOKEN Permissions
Test (deno on windows-latest)	UNKNOWN STEP	2026-05-18T13:37:23.1792501Z Contents: write
Test (deno on windows-latest)	UNKNOWN STEP	2026-05-18T13:37:23.1793266Z Metadata: read
Test (deno on windows-latest)	UNKNOWN STEP	2026-05-18T13:37:23.1793883Z Pages: write
Test (deno on windows-latest)	UNKNOWN STEP	2026-05-18T13:37:23.1794609Z PullRequests: write
Test (deno on windows-latest)	UNKNOWN STEP	2026-05-18T13:37:23.1795276Z ##[endgroup]
Test (deno on windows-latest)	UNKNOWN STEP	2026-05-18T13:37:23.1797948Z Secret source: Actions
Test (deno on windows-latest)	UNKNOWN STEP	2026-05-18T13:37:23.1798840Z Prepare workflow directory
Test (deno on windows-latest)	UNKNOWN STEP	2026-05-18T13:37:23.2252112Z Prepare all required actions
Test (deno on windows-latest)	UNKNOWN STEP	2026-05-18T13:37:23.2289608Z Getting action download info
Test (deno on windows-latest)	UNKNOWN STEP	2026-05-18T13:37:23.5013120Z Download action repository 'actions/checkout@v6' (SHA:de0fac2e4500dabe0009e67214ff5f5447ce83dd)
Test (deno on windows-latest)	UNKNOWN STEP	2026-05-18T13:37:23.6859736Z Download action repository 'actions/setup-node@v6' (SHA:48b55a011bda9f5d6aeb4c2d9c7362e8dae4041e)
Test (deno on windows-latest)	UNKNOWN STEP	2026-05-18T13:37:23.8755196Z Download action repository 'oven-sh/setup-bun@v2' (SHA:0c5077e51419868618aeaa5fe8019c62421857d6)
Test (deno on windows-latest)	UNKNOWN STEP	2026-05-18T13:37:24.1055206Z Download action repository 'denoland/setup-deno@v2' (SHA:667a34cdef165d8d2b2e98dde39547c9daac7282)
Test (deno on windows-latest)	UNKNOWN STEP	2026-05-18T13:37:24.5678003Z Complete job name: Test (deno on windows-latest)
Test (deno on windows-latest)	UNKNOWN STEP	2026-05-18T13:37:25.0252326Z ##[group]Run actions/checkout@v6
Test (deno on windows-latest)	UNKNOWN STEP	2026-05-18T13:37:25.0255095Z with:
Test (deno on windows-latest)	UNKNOWN STEP	2026-05-18T13:37:25.0255639Z   fetch-depth: 0
Test (deno on windows-latest)	UNKNOWN STEP	2026-05-18T13:37:25.0256358Z   repository: link-foundation/lino-i18n
Test (deno on windows-latest)	UNKNOWN STEP	2026-05-18T13:37:25.0257615Z   token: ***
Test (deno on windows-latest)	UNKNOWN STEP	2026-05-18T13:37:25.0258178Z   ssh-strict: true
Test (deno on windows-latest)	UNKNOWN STEP	2026-05-18T13:37:25.0258713Z   ssh-user: git
Test (deno on windows-latest)	UNKNOWN STEP	2026-05-18T13:37:25.0259260Z   persist-credentials: true
Test (deno on windows-latest)	UNKNOWN STEP	2026-05-18T13:37:25.0259906Z   clean: true
Test (deno on windows-latest)	UNKNOWN STEP	2026-05-18T13:37:25.0260453Z   sparse-checkout-cone-mode: true
Test (deno on windows-latest)	UNKNOWN STEP	2026-05-18T13:37:25.0261139Z   fetch-tags: false
Test (deno on windows-latest)	UNKNOWN STEP	2026-05-18T13:37:25.0261705Z   show-progress: true
Test (deno on windows-latest)	UNKNOWN STEP	2026-05-18T13:37:25.0262295Z   lfs: false
Test (deno on windows-latest)	UNKNOWN STEP	2026-05-18T13:37:25.0262803Z   submodules: false
Test (deno on windows-latest)	UNKNOWN STEP	2026-05-18T13:37:25.0263445Z   set-safe-directory: true
Test (deno on windows-latest)	UNKNOWN STEP	2026-05-18T13:37:25.0264619Z env:
Test (deno on windows-latest)	UNKNOWN STEP	2026-05-18T13:37:25.0265137Z   NODE_VERSION: 24.x
Test (deno on windows-latest)	UNKNOWN STEP	2026-05-18T13:37:25.0265727Z   NPM_CONFIG_PROVENANCE: true
Test (deno on windows-latest)	UNKNOWN STEP	2026-05-18T13:37:25.0266368Z ##[endgroup]
Test (deno on windows-latest)	UNKNOWN STEP	2026-05-18T13:37:25.2406571Z Syncing repository: link-foundation/lino-i18n
Test (deno on windows-latest)	UNKNOWN STEP	2026-05-18T13:37:25.2408212Z ##[group]Getting Git version info
Test (deno on windows-latest)	UNKNOWN STEP	2026-05-18T13:37:25.2408758Z Working directory is 'D:\a\lino-i18n\lino-i18n'
Test (deno on windows-latest)	UNKNOWN STEP	2026-05-18T13:37:25.3166015Z [command]"C:\Program Files\Git\bin\git.exe" version
Test (deno on windows-latest)	UNKNOWN STEP	2026-05-18T13:37:26.2868129Z git version 2.54.0.windows.1
Test (deno on windows-latest)	UNKNOWN STEP	2026-05-18T13:37:26.2912124Z ##[endgroup]
Test (deno on windows-latest)	UNKNOWN STEP	2026-05-18T13:37:26.2935226Z Temporarily overriding HOME='D:\a\_temp\bb25e228-3870-487d-81c5-34f5601ae130' before making global git config changes
Test (deno on windows-latest)	UNKNOWN STEP	2026-05-18T13:37:26.2938172Z Adding repository directory to the temporary git global config as a safe directory
Test (deno on windows-latest)	UNKNOWN STEP	2026-05-18T13:37:26.2946588Z [command]"C:\Program Files\Git\bin\git.exe" config --global --add safe.directory D:\a\lino-i18n\lino-i18n
Test (deno on windows-latest)	UNKNOWN STEP	2026-05-18T13:37:26.3261571Z Deleting the contents of 'D:\a\lino-i18n\lino-i18n'
Test (deno on windows-latest)	UNKNOWN STEP	2026-05-18T13:37:26.3267348Z ##[group]Initializing the repository
Test (deno on windows-latest)	UNKNOWN STEP	2026-05-18T13:37:26.3276616Z [command]"C:\Program Files\Git\bin\git.exe" init D:\a\lino-i18n\lino-i18n
Test (deno on windows-latest)	UNKNOWN STEP	2026-05-18T13:37:26.4951531Z Initialized empty Git repository in D:/a/lino-i18n/lino-i18n/.git/
Test (deno on windows-latest)	UNKNOWN STEP	2026-05-18T13:37:26.5000549Z [command]"C:\Program Files\Git\bin\git.exe" remote add origin https://github.com/link-foundation/lino-i18n
Test (deno on windows-latest)	UNKNOWN STEP	2026-05-18T13:37:26.5317700Z ##[endgroup]
Test (deno on windows-latest)	UNKNOWN STEP	2026-05-18T13:37:26.5319030Z ##[group]Disabling automatic garbage collection
Test (deno on windows-latest)	UNKNOWN STEP	2026-05-18T13:37:26.5320478Z [command]"C:\Program Files\Git\bin\git.exe" config --local gc.auto 0
Test (deno on windows-latest)	UNKNOWN STEP	2026-05-18T13:37:26.5599576Z ##[endgroup]
Test (deno on windows-latest)	UNKNOWN STEP	2026-05-18T13:37:26.5600918Z ##[group]Setting up auth
Test (deno on windows-latest)	UNKNOWN STEP	2026-05-18T13:37:26.5601834Z Removing SSH command configuration
Test (deno on windows-latest)	UNKNOWN STEP	2026-05-18T13:37:26.5613783Z [command]"C:\Program Files\Git\bin\git.exe" config --local --name-only --get-regexp core\.sshCommand
Test (deno on windows-latest)	UNKNOWN STEP	2026-05-18T13:37:26.5942394Z [command]"C:\Program Files\Git\bin\git.exe" submodule foreach --recursive "sh -c \"git config --local --name-only --get-regexp 'core\.sshCommand' && git config --local --unset-all 'core.sshCommand' || :\""
Test (deno on windows-latest)	UNKNOWN STEP	2026-05-18T13:37:28.0607093Z Removing HTTP extra header
Test (deno on windows-latest)	UNKNOWN STEP	2026-05-18T13:37:28.0619439Z [command]"C:\Program Files\Git\bin\git.exe" config --local --name-only --get-regexp http\.https\:\/\/github\.com\/\.extraheader
Test (deno on windows-latest)	UNKNOWN STEP	2026-05-18T13:37:28.0959373Z [command]"C:\Program Files\Git\bin\git.exe" submodule foreach --recursive "sh -c \"git config --local --name-only --get-regexp 'http\.https\:\/\/github\.com\/\.extraheader' && git config --local --unset-all 'http.https://github.com/.extraheader' || :\""
Test (deno on windows-latest)	UNKNOWN STEP	2026-05-18T13:37:28.6052525Z Removing includeIf entries pointing to credentials config files
Test (deno on windows-latest)	UNKNOWN STEP	2026-05-18T13:37:28.6065516Z [command]"C:\Program Files\Git\bin\git.exe" config --local --name-only --get-regexp ^includeIf\.gitdir:
Test (deno on windows-latest)	UNKNOWN STEP	2026-05-18T13:37:28.6375716Z [command]"C:\Program Files\Git\bin\git.exe" submodule foreach --recursive "git config --local --show-origin --name-only --get-regexp remote.origin.url"
Test (deno on windows-latest)	UNKNOWN STEP	2026-05-18T13:37:29.1665678Z [command]"C:\Program Files\Git\bin\git.exe" config --file D:\a\_temp\git-credentials-b47b5be1-80ec-4d8c-ac88-7ee2c06b32ae.config http.https://github.com/.extraheader "AUTHORIZATION: basic ***"
Test (deno on windows-latest)	UNKNOWN STEP	2026-05-18T13:37:29.1995809Z [command]"C:\Program Files\Git\bin\git.exe" config --local includeIf.gitdir:D:/a/lino-i18n/lino-i18n/.git.path D:\a\_temp\git-credentials-b47b5be1-80ec-4d8c-ac88-7ee2c06b32ae.config
Test (deno on windows-latest)	UNKNOWN STEP	2026-05-18T13:37:29.2298215Z [command]"C:\Program Files\Git\bin\git.exe" config --local includeIf.gitdir:D:/a/lino-i18n/lino-i18n/.git/worktrees/*.path D:\a\_temp\git-credentials-b47b5be1-80ec-4d8c-ac88-7ee2c06b32ae.config
Test (deno on windows-latest)	UNKNOWN STEP	2026-05-18T13:37:29.2593181Z [command]"C:\Program Files\Git\bin\git.exe" config --local includeIf.gitdir:/github/workspace/.git.path /github/runner_temp/git-credentials-b47b5be1-80ec-4d8c-ac88-7ee2c06b32ae.config
Test (deno on windows-latest)	UNKNOWN STEP	2026-05-18T13:37:29.2909686Z [command]"C:\Program Files\Git\bin\git.exe" config --local includeIf.gitdir:/github/workspace/.git/worktrees/*.path /github/runner_temp/git-credentials-b47b5be1-80ec-4d8c-ac88-7ee2c06b32ae.config
Test (deno on windows-latest)	UNKNOWN STEP	2026-05-18T13:37:29.3204548Z ##[endgroup]
Test (deno on windows-latest)	UNKNOWN STEP	2026-05-18T13:37:29.3205208Z ##[group]Fetching the repository
Test (deno on windows-latest)	UNKNOWN STEP	2026-05-18T13:37:29.3220180Z [command]"C:\Program Files\Git\bin\git.exe" -c protocol.version=2 fetch --no-tags --prune --no-recurse-submodules origin +refs/heads/*:refs/remotes/origin/* +refs/tags/*:refs/tags/*
Test (deno on windows-latest)	UNKNOWN STEP	2026-05-18T13:37:30.3466563Z From https://github.com/link-foundation/lino-i18n
Test (deno on windows-latest)	UNKNOWN STEP	2026-05-18T13:37:30.3467299Z  * [new branch]      issue-1-76ffa2dc55cc  -> origin/issue-1-76ffa2dc55cc
Test (deno on windows-latest)	UNKNOWN STEP	2026-05-18T13:37:30.3468027Z  * [new branch]      issue-10-6657adb31046 -> origin/issue-10-6657adb31046
Test (deno on windows-latest)	UNKNOWN STEP	2026-05-18T13:37:30.3468674Z  * [new branch]      issue-11-b5c8ef3bbd84 -> origin/issue-11-b5c8ef3bbd84
Test (deno on windows-latest)	UNKNOWN STEP	2026-05-18T13:37:30.3469275Z  * [new branch]      issue-12-3c4f596e0c67 -> origin/issue-12-3c4f596e0c67
Test (deno on windows-latest)	UNKNOWN STEP	2026-05-18T13:37:30.3471290Z  * [new branch]      issue-3-b3eb0917c317  -> origin/issue-3-b3eb0917c317
Test (deno on windows-latest)	UNKNOWN STEP	2026-05-18T13:37:30.3471925Z  * [new branch]      issue-5-169afc4a2006  -> origin/issue-5-169afc4a2006
Test (deno on windows-latest)	UNKNOWN STEP	2026-05-18T13:37:30.3472559Z  * [new branch]      issue-5-35d32a59c464  -> origin/issue-5-35d32a59c464
Test (deno on windows-latest)	UNKNOWN STEP	2026-05-18T13:37:30.3473257Z  * [new branch]      issue-8-ca918c4d7d4c  -> origin/issue-8-ca918c4d7d4c
Test (deno on windows-latest)	UNKNOWN STEP	2026-05-18T13:37:30.3473848Z  * [new branch]      main                  -> origin/main
Test (deno on windows-latest)	UNKNOWN STEP	2026-05-18T13:37:30.3474340Z  * [new tag]         js-v0.0.1             -> js-v0.0.1
Test (deno on windows-latest)	UNKNOWN STEP	2026-05-18T13:37:30.3474806Z  * [new tag]         rust-v0.0.1           -> rust-v0.0.1
Test (deno on windows-latest)	UNKNOWN STEP	2026-05-18T13:37:30.3696809Z [command]"C:\Program Files\Git\bin\git.exe" branch --list --remote origin/main
Test (deno on windows-latest)	UNKNOWN STEP	2026-05-18T13:37:30.3964985Z   origin/main
Test (deno on windows-latest)	UNKNOWN STEP	2026-05-18T13:37:30.4004266Z [command]"C:\Program Files\Git\bin\git.exe" rev-parse refs/remotes/origin/main
Test (deno on windows-latest)	UNKNOWN STEP	2026-05-18T13:37:30.4256333Z 8910b98b665a650690c0d9e9188bbf6bec1e9d2c
Test (deno on windows-latest)	UNKNOWN STEP	2026-05-18T13:37:30.4285799Z ##[endgroup]
Test (deno on windows-latest)	UNKNOWN STEP	2026-05-18T13:37:30.4286135Z ##[group]Determining the checkout info
Test (deno on windows-latest)	UNKNOWN STEP	2026-05-18T13:37:30.4287701Z ##[endgroup]
Test (deno on windows-latest)	UNKNOWN STEP	2026-05-18T13:37:30.4296395Z [command]"C:\Program Files\Git\bin\git.exe" sparse-checkout disable
Test (deno on windows-latest)	UNKNOWN STEP	2026-05-18T13:37:30.4630555Z [command]"C:\Program Files\Git\bin\git.exe" config --local --unset-all extensions.worktreeConfig
Test (deno on windows-latest)	UNKNOWN STEP	2026-05-18T13:37:30.4917273Z ##[group]Checking out the ref
Test (deno on windows-latest)	UNKNOWN STEP	2026-05-18T13:37:30.4926499Z [command]"C:\Program Files\Git\bin\git.exe" checkout --progress --force -B main refs/remotes/origin/main
Test (deno on windows-latest)	UNKNOWN STEP	2026-05-18T13:37:30.6756088Z Switched to a new branch 'main'
Test (deno on windows-latest)	UNKNOWN STEP	2026-05-18T13:37:30.6769418Z branch 'main' set up to track 'origin/main'.
Test (deno on windows-latest)	UNKNOWN STEP	2026-05-18T13:37:30.6819881Z ##[endgroup]
Test (deno on windows-latest)	UNKNOWN STEP	2026-05-18T13:37:30.7147991Z [command]"C:\Program Files\Git\bin\git.exe" log -1 --format=%H
Test (deno on windows-latest)	UNKNOWN STEP	2026-05-18T13:37:30.7438150Z 8910b98b665a650690c0d9e9188bbf6bec1e9d2c
Test (deno on windows-latest)	UNKNOWN STEP	2026-05-18T13:37:30.7953404Z ##[group]Run denoland/setup-deno@v2
Test (deno on windows-latest)	UNKNOWN STEP	2026-05-18T13:37:30.7953728Z with:
Test (deno on windows-latest)	UNKNOWN STEP	2026-05-18T13:37:30.7953926Z   deno-version: v2.x
Test (deno on windows-latest)	UNKNOWN STEP	2026-05-18T13:37:30.7954128Z   deno-binary-name: deno
Test (deno on windows-latest)	UNKNOWN STEP	2026-05-18T13:37:30.7954314Z   cache: false
Test (deno on windows-latest)	UNKNOWN STEP	2026-05-18T13:37:30.7954478Z env:
Test (deno on windows-latest)	UNKNOWN STEP	2026-05-18T13:37:30.7954620Z   NODE_VERSION: 24.x
Test (deno on windows-latest)	UNKNOWN STEP	2026-05-18T13:37:30.7954829Z   NPM_CONFIG_PROVENANCE: true
Test (deno on windows-latest)	UNKNOWN STEP	2026-05-18T13:37:30.7955031Z ##[endgroup]
Test (deno on windows-latest)	UNKNOWN STEP	2026-05-18T13:37:31.1166887Z Going to install stable version 2.7.14.
Test (deno on windows-latest)	UNKNOWN STEP	2026-05-18T13:37:31.1184625Z Downloading Deno from https://github.com/denoland/deno/releases/download/v2.7.14/deno-x86_64-pc-windows-msvc.zip.
Test (deno on windows-latest)	UNKNOWN STEP	2026-05-18T13:37:31.7268601Z [command]"C:\Program Files\PowerShell\7\pwsh.exe" -NoLogo -NoProfile -NonInteractive -ExecutionPolicy Unrestricted -Command "$ErrorActionPreference = 'Stop' ; try { Add-Type -AssemblyName System.IO.Compression.ZipFile } catch { } ; try { [System.IO.Compression.ZipFile]::ExtractToDirectory('D:\a\_temp\989665b8-393d-49b2-a8c2-fb07284ff8aa', 'D:\a\_temp\c5228985-cc53-4b11-ab29-051a218482e7', $true) } catch { if (($_.Exception.GetType().FullName -eq 'System.Management.Automation.MethodException') -or ($_.Exception.GetType().FullName -eq 'System.Management.Automation.RuntimeException') ){ Expand-Archive -LiteralPath 'D:\a\_temp\989665b8-393d-49b2-a8c2-fb07284ff8aa' -DestinationPath 'D:\a\_temp\c5228985-cc53-4b11-ab29-051a218482e7' -Force } else { throw $_ } } ;"
Test (deno on windows-latest)	UNKNOWN STEP	2026-05-18T13:37:43.0061083Z Cached Deno to C:\hostedtoolcache\windows\deno\2.7.14\x64.
Test (deno on windows-latest)	UNKNOWN STEP	2026-05-18T13:37:43.0097023Z Installation complete.
Test (deno on windows-latest)	UNKNOWN STEP	2026-05-18T13:37:43.0354317Z ##[group]Run deno install
Test (deno on windows-latest)	UNKNOWN STEP	2026-05-18T13:37:43.0354634Z ^[[36;1mdeno install^[[0m
Test (deno on windows-latest)	UNKNOWN STEP	2026-05-18T13:37:43.0420728Z shell: C:\Program Files\PowerShell\7\pwsh.EXE -command ". '{0}'"
Test (deno on windows-latest)	UNKNOWN STEP	2026-05-18T13:37:43.0421066Z env:
Test (deno on windows-latest)	UNKNOWN STEP	2026-05-18T13:37:43.0421223Z   NODE_VERSION: 24.x
Test (deno on windows-latest)	UNKNOWN STEP	2026-05-18T13:37:43.0421416Z   NPM_CONFIG_PROVENANCE: true
Test (deno on windows-latest)	UNKNOWN STEP	2026-05-18T13:37:43.0421614Z ##[endgroup]
Test (deno on windows-latest)	UNKNOWN STEP	2026-05-18T13:37:44.0983718Z ^[[0m^[[32mDownload^[[0m https://registry.npmjs.org/@changesets%2fcli
Test (deno on windows-latest)	UNKNOWN STEP	2026-05-18T13:37:44.0988704Z ^[[0m^[[32mDownload^[[0m https://registry.npmjs.org/@eslint%2fjs
Test (deno on windows-latest)	UNKNOWN STEP	2026-05-18T13:37:44.0989747Z ^[[0m^[[32mDownload^[[0m https://registry.npmjs.org/eslint
Test (deno on windows-latest)	UNKNOWN STEP	2026-05-18T13:37:44.0990512Z ^[[0m^[[32mDownload^[[0m https://registry.npmjs.org/eslint-config-prettier
Test (deno on windows-latest)	UNKNOWN STEP	2026-05-18T13:37:44.0991802Z ^[[0m^[[32mDownload^[[0m https://registry.npmjs.org/eslint-plugin-prettier
Test (deno on windows-latest)	UNKNOWN STEP	2026-05-18T13:37:44.0992430Z ^[[0m^[[32mDownload^[[0m https://registry.npmjs.org/jscpd
Test (deno on windows-latest)	UNKNOWN STEP	2026-05-18T13:37:44.0993954Z ^[[0m^[[32mDownload^[[0m https://registry.npmjs.org/links-notation
Test (deno on windows-latest)	UNKNOWN STEP	2026-05-18T13:37:44.0994465Z ^[[0m^[[32mDownload^[[0m https://registry.npmjs.org/lino-arguments
Test (deno on windows-latest)	UNKNOWN STEP	2026-05-18T13:37:44.0995067Z ^[[0m^[[32mDownload^[[0m https://registry.npmjs.org/lino-objects-codec
Test (deno on windows-latest)	UNKNOWN STEP	2026-05-18T13:37:44.0996193Z ^[[0m^[[32mDownload^[[0m https://registry.npmjs.org/prettier
Test (deno on windows-latest)	UNKNOWN STEP	2026-05-18T13:37:44.0996807Z ^[[0m^[[32mDownload^[[0m https://registry.npmjs.org/test-anywhere
Test (deno on windows-latest)	UNKNOWN STEP	2026-05-18T13:37:44.2998380Z ^[[0m^[[32mDownload^[[0m https://registry.npmjs.org/@changesets%2fapply-release-plan
Test (deno on windows-latest)	UNKNOWN STEP	2026-05-18T13:37:44.2999359Z ^[[0m^[[32mDownload^[[0m https://registry.npmjs.org/@changesets%2fassemble-release-plan
Test (deno on windows-latest)	UNKNOWN STEP	2026-05-18T13:37:44.3000231Z ^[[0m^[[32mDownload^[[0m https://registry.npmjs.org/@changesets%2fchangelog-git
Test (deno on windows-latest)	UNKNOWN STEP	2026-05-18T13:37:44.3001002Z ^[[0m^[[32mDownload^[[0m https://registry.npmjs.org/@changesets%2fconfig
Test (deno on windows-latest)	UNKNOWN STEP	2026-05-18T13:37:44.3001737Z ^[[0m^[[32mDownload^[[0m https://registry.npmjs.org/@changesets%2ferrors
Test (deno on windows-latest)	UNKNOWN STEP	2026-05-18T13:37:44.3002526Z ^[[0m^[[32mDownload^[[0m https://registry.npmjs.org/@changesets%2fget-dependents-graph
Test (deno on windows-latest)	UNKNOWN STEP	2026-05-18T13:37:44.3003430Z ^[[0m^[[32mDownload^[[0m https://registry.npmjs.org/@changesets%2fget-release-plan
Test (deno on windows-latest)	UNKNOWN STEP	2026-05-18T13:37:44.3004212Z ^[[0m^[[32mDownload^[[0m https://registry.npmjs.org/@changesets%2fgit
Test (deno on windows-latest)	UNKNOWN STEP	2026-05-18T13:37:44.3004962Z ^[[0m^[[32mDownload^[[0m https://registry.npmjs.org/@changesets%2flogger
Test (deno on windows-latest)	UNKNOWN STEP	2026-05-18T13:37:44.3005706Z ^[[0m^[[32mDownload^[[0m https://registry.npmjs.org/@changesets%2fpre
Test (deno on windows-latest)	UNKNOWN STEP	2026-05-18T13:37:44.3006429Z ^[[0m^[[32mDownload^[[0m https://registry.npmjs.org/@changesets%2fread
Test (deno on windows-latest)	UNKNOWN STEP	2026-05-18T13:37:44.3007233Z ^[[0m^[[32mDownload^[[0m https://registry.npmjs.org/@changesets%2fshould-skip-package
Test (deno on windows-latest)	UNKNOWN STEP	2026-05-18T13:37:44.3008059Z ^[[0m^[[32mDownload^[[0m https://registry.npmjs.org/@changesets%2ftypes
Test (deno on windows-latest)	UNKNOWN STEP	2026-05-18T13:37:44.3008791Z ^[[0m^[[32mDownload^[[0m https://registry.npmjs.org/@changesets%2fwrite
Test (deno on windows-latest)	UNKNOWN STEP	2026-05-18T13:37:44.3009577Z ^[[0m^[[32mDownload^[[0m https://registry.npmjs.org/@inquirer%2fexternal-editor
Test (deno on windows-latest)	UNKNOWN STEP	2026-05-18T13:37:44.3010717Z ^[[0m^[[32mDownload^[[0m https://registry.npmjs.org/@manypkg%2fget-packages
Test (deno on windows-latest)	UNKNOWN STEP	2026-05-18T13:37:44.3011458Z ^[[0m^[[32mDownload^[[0m https://registry.npmjs.org/ansi-colors
Test (deno on windows-latest)	UNKNOWN STEP	2026-05-18T13:37:44.3012094Z ^[[0m^[[32mDownload^[[0m https://registry.npmjs.org/enquirer
Test (deno on windows-latest)	UNKNOWN STEP	2026-05-18T13:37:44.3012717Z ^[[0m^[[32mDownload^[[0m https://registry.npmjs.org/fs-extra
Test (deno on windows-latest)	UNKNOWN STEP	2026-05-18T13:37:44.3013322Z ^[[0m^[[32mDownload^[[0m https://registry.npmjs.org/mri
Test (deno on windows-latest)	UNKNOWN STEP	2026-05-18T13:37:44.3014028Z ^[[0m^[[32mDownload^[[0m https://registry.npmjs.org/package-manager-detector
Test (deno on windows-latest)	UNKNOWN STEP	2026-05-18T13:37:44.3014752Z ^[[0m^[[32mDownload^[[0m https://registry.npmjs.org/picocolors
Test (deno on windows-latest)	UNKNOWN STEP	2026-05-18T13:37:44.3015389Z ^[[0m^[[32mDownload^[[0m https://registry.npmjs.org/resolve-from
Test (deno on windows-latest)	UNKNOWN STEP	2026-05-18T13:37:44.3016024Z ^[[0m^[[32mDownload^[[0m https://registry.npmjs.org/semver
Test (deno on windows-latest)	UNKNOWN STEP	2026-05-18T13:37:44.3016665Z ^[[0m^[[32mDownload^[[0m https://registry.npmjs.org/spawndamnit
Test (deno on windows-latest)	UNKNOWN STEP	2026-05-18T13:37:44.3017353Z ^[[0m^[[32mDownload^[[0m https://registry.npmjs.org/term-size
Test (deno on windows-latest)	UNKNOWN STEP	2026-05-18T13:37:44.3020199Z ^[[0m^[[32mDownload^[[0m https://registry.npmjs.org/@eslint-community%2feslint-utils
Test (deno on windows-latest)	UNKNOWN STEP	2026-05-18T13:37:44.3021272Z ^[[0m^[[32mDownload^[[0m https://registry.npmjs.org/@eslint-community%2fregexpp
Test (deno on windows-latest)	UNKNOWN STEP	2026-05-18T13:37:44.3022091Z ^[[0m^[[32mDownload^[[0m https://registry.npmjs.org/@eslint%2fconfig-array
Test (deno on windows-latest)	UNKNOWN STEP	2026-05-18T13:37:44.3022887Z ^[[0m^[[32mDownload^[[0m https://registry.npmjs.org/@eslint%2fconfig-helpers
Test (deno on windows-latest)	UNKNOWN STEP	2026-05-18T13:37:44.3023645Z ^[[0m^[[32mDownload^[[0m https://registry.npmjs.org/@eslint%2fcore
Test (deno on windows-latest)	UNKNOWN STEP	2026-05-18T13:37:44.3024366Z ^[[0m^[[32mDownload^[[0m https://registry.npmjs.org/@eslint%2fplugin-kit
Test (deno on windows-latest)	UNKNOWN STEP	2026-05-18T13:37:44.3025138Z ^[[0m^[[32mDownload^[[0m https://registry.npmjs.org/@humanfs%2fnode
Test (deno on windows-latest)	UNKNOWN STEP	2026-05-18T13:37:44.3026406Z ^[[0m^[[32mDownload^[[0m https://registry.npmjs.org/@humanwhocodes%2fmodule-importer
Test (deno on windows-latest)	UNKNOWN STEP	2026-05-18T13:37:44.3027302Z ^[[0m^[[32mDownload^[[0m https://registry.npmjs.org/@humanwhocodes%2fretry
Test (deno on windows-latest)	UNKNOWN STEP	2026-05-18T13:37:44.3028068Z ^[[0m^[[32mDownload^[[0m https://registry.npmjs.org/@types%2festree
Test (deno on windows-latest)	UNKNOWN STEP	2026-05-18T13:37:44.3028710Z ^[[0m^[[32mDownload^[[0m https://registry.npmjs.org/ajv
Test (deno on windows-latest)	UNKNOWN STEP	2026-05-18T13:37:44.3029362Z ^[[0m^[[32mDownload^[[0m https://registry.npmjs.org/cross-spawn
Test (deno on windows-latest)	UNKNOWN STEP	2026-05-18T13:37:44.3030388Z ^[[0m^[[32mDownload^[[0m https://registry.npmjs.org/debug
Test (deno on windows-latest)	UNKNOWN STEP	2026-05-18T13:37:44.3031101Z ^[[0m^[[32mDownload^[[0m https://registry.npmjs.org/escape-string-regexp
Test (deno on windows-latest)	UNKNOWN STEP	2026-05-18T13:37:44.3031847Z ^[[0m^[[32mDownload^[[0m https://registry.npmjs.org/eslint-scope
Test (deno on windows-latest)	UNKNOWN STEP	2026-05-18T13:37:44.3032566Z ^[[0m^[[32mDownload^[[0m https://registry.npmjs.org/eslint-visitor-keys
Test (deno on windows-latest)	UNKNOWN STEP	2026-05-18T13:37:44.3033240Z ^[[0m^[[32mDownload^[[0m https://registry.npmjs.org/espree
Test (deno on windows-latest)	UNKNOWN STEP	2026-05-18T13:37:44.3033824Z ^[[0m^[[32mDownload^[[0m https://registry.npmjs.org/esquery
Test (deno on windows-latest)	UNKNOWN STEP	2026-05-18T13:37:44.3034422Z ^[[0m^[[32mDownload^[[0m https://registry.npmjs.org/esutils
Test (deno on windows-latest)	UNKNOWN STEP	2026-05-18T13:37:44.3034931Z ^[[0m^[[32mDownload^[[0m https://registry.npmjs.org/fast-deep-equal
Test (deno on windows-latest)	UNKNOWN STEP	2026-05-18T13:37:44.3035359Z ^[[0m^[[32mDownload^[[0m https://registry.npmjs.org/file-entry-cache
Test (deno on windows-latest)	UNKNOWN STEP	2026-05-18T13:37:44.3035957Z ^[[0m^[[32mDownload^[[0m https://registry.npmjs.org/find-up
Test (deno on windows-latest)	UNKNOWN STEP	2026-05-18T13:37:44.3036353Z ^[[0m^[[32mDownload^[[0m https://registry.npmjs.org/glob-parent
Test (deno on windows-latest)	UNKNOWN STEP	2026-05-18T13:37:44.3036855Z ^[[0m^[[32mDownload^[[0m https://registry.npmjs.org/ignore
Test (deno on windows-latest)	UNKNOWN STEP	2026-05-18T13:37:44.3037345Z ^[[0m^[[32mDownload^[[0m https://registry.npmjs.org/imurmurhash
Test (deno on windows-latest)	UNKNOWN STEP	2026-05-18T13:37:44.3037941Z ^[[0m^[[32mDownload^[[0m https://registry.npmjs.org/is-glob
Test (deno on windows-latest)	UNKNOWN STEP	2026-05-18T13:37:44.3038387Z ^[[0m^[[32mDownload^[[0m https://registry.npmjs.org/jiti
Test (deno on windows-latest)	UNKNOWN STEP	2026-05-18T13:37:44.3038939Z ^[[0m^[[32mDownload^[[0m https://registry.npmjs.org/json-stable-stringify-without-jsonify
Test (deno on windows-latest)	UNKNOWN STEP	2026-05-18T13:37:44.3039653Z ^[[0m^[[32mDownload^[[0m https://registry.npmjs.org/minimatch
Test (deno on windows-latest)	UNKNOWN STEP	2026-05-18T13:37:44.3040228Z ^[[0m^[[32mDownload^[[0m https://registry.npmjs.org/natural-compare
Test (deno on windows-latest)	UNKNOWN STEP	2026-05-18T13:37:44.3040725Z ^[[0m^[[32mDownload^[[0m https://registry.npmjs.org/optionator
Test (deno on windows-latest)	UNKNOWN STEP	2026-05-18T13:37:44.3041234Z ^[[0m^[[32mDownload^[[0m https://registry.npmjs.org/@types%2feslint
Test (deno on windows-latest)	UNKNOWN STEP	2026-05-18T13:37:44.3041878Z ^[[0m^[[32mDownload^[[0m https://registry.npmjs.org/prettier-linter-helpers
Test (deno on windows-latest)	UNKNOWN STEP	2026-05-18T13:37:44.3042730Z ^[[0m^[[32mDownload^[[0m https://registry.npmjs.org/synckit
Test (deno on windows-latest)	UNKNOWN STEP	2026-05-18T13:37:44.3043584Z ^[[0m^[[32mDownload^[[0m https://registry.npmjs.org/@jscpd%2fbadge-reporter
Test (deno on windows-latest)	UNKNOWN STEP	2026-05-18T13:37:44.3044125Z ^[[0m^[[32mDownload^[[0m https://registry.npmjs.org/@jscpd%2fcore
Test (deno on windows-latest)	UNKNOWN STEP	2026-05-18T13:37:44.3045475Z ^[[0m^[[32mDownload^[[0m https://registry.npmjs.org/@jscpd%2ffinder
Test (deno on windows-latest)	UNKNOWN STEP	2026-05-18T13:37:44.3046085Z ^[[0m^[[32mDownload^[[0m https://registry.npmjs.org/@jscpd%2fhtml-reporter
Test (deno on windows-latest)	UNKNOWN STEP	2026-05-18T13:37:44.3046657Z ^[[0m^[[32mDownload^[[0m https://registry.npmjs.org/@jscpd%2ftokenizer
Test (deno on windows-latest)	UNKNOWN STEP	2026-05-18T13:37:44.3047434Z ^[[0m^[[32mDownload^[[0m https://registry.npmjs.org/colors
Test (deno on windows-latest)	UNKNOWN STEP	2026-05-18T13:37:44.3048105Z ^[[0m^[[32mDownload^[[0m https://registry.npmjs.org/commander
Test (deno on windows-latest)	UNKNOWN STEP	2026-05-18T13:37:44.3048907Z ^[[0m^[[32mDownload^[[0m https://registry.npmjs.org/jscpd-sarif-reporter
Test (deno on windows-latest)	UNKNOWN STEP	2026-05-18T13:37:44.3049624Z ^[[0m^[[32mDownload^[[0m https://registry.npmjs.org/@dotenvx%2fdotenvx
Test (deno on windows-latest)	UNKNOWN STEP	2026-05-18T13:37:44.3050977Z ^[[0m^[[32mDownload^[[0m https://registry.npmjs.org/getenv
Test (deno on windows-latest)	UNKNOWN STEP	2026-05-18T13:37:44.3052313Z ^[[0m^[[32mDownload^[[0m https://registry.npmjs.org/lino-env
Test (deno on windows-latest)	UNKNOWN STEP	2026-05-18T13:37:44.3052929Z ^[[0m^[[32mDownload^[[0m https://registry.npmjs.org/yargs
Test (deno on windows-latest)	UNKNOWN STEP	2026-05-18T13:37:44.4633183Z ^[[0m^[[32mDownload^[[0m https://registry.npmjs.org/@changesets%2fget-version-range-type
Test (deno on windows-latest)	UNKNOWN STEP	2026-05-18T13:37:44.4634035Z ^[[0m^[[32mDownload^[[0m https://registry.npmjs.org/detect-indent
Test (deno on windows-latest)	UNKNOWN STEP	2026-05-18T13:37:44.4634540Z ^[[0m^[[32mDownload^[[0m https://registry.npmjs.org/lodash.startcase
Test (deno on windows-latest)	UNKNOWN STEP	2026-05-18T13:37:44.4635252Z ^[[0m^[[32mDownload^[[0m https://registry.npmjs.org/outdent
Test (deno on windows-latest)	UNKNOWN STEP	2026-05-18T13:37:44.4636426Z ^[[0m^[[32mDownload^[[0m https://registry.npmjs.org/micromatch
Test (deno on windows-latest)	UNKNOWN STEP	2026-05-18T13:37:44.4637174Z ^[[0m^[[32mDownload^[[0m https://registry.npmjs.org/extendable-error
Test (deno on windows-latest)	UNKNOWN STEP	2026-05-18T13:37:44.4637726Z ^[[0m^[[32mDownload^[[0m https://registry.npmjs.org/is-subdir
Test (deno on windows-latest)	UNKNOWN STEP	2026-05-18T13:37:44.4638168Z ^[[0m^[[32mDownload^[[0m https://registry.npmjs.org/@changesets%2fparse
Test (deno on windows-latest)	UNKNOWN STEP	2026-05-18T13:37:44.4638778Z ^[[0m^[[32mDownload^[[0m https://registry.npmjs.org/p-filter
Test (deno on windows-latest)	UNKNOWN STEP	2026-05-18T13:37:44.4639429Z ^[[0m^[[32mDownload^[[0m https://registry.npmjs.org/human-id
Test (deno on windows-latest)	UNKNOWN STEP	2026-05-18T13:37:44.4639837Z ^[[0m^[[32mDownload^[[0m https://registry.npmjs.org/@types%2fnode
Test (deno on windows-latest)	UNKNOWN STEP	2026-05-18T13:37:44.4640331Z ^[[0m^[[32mDownload^[[0m https://registry.npmjs.org/chardet
Test (deno on windows-latest)	UNKNOWN STEP	2026-05-18T13:37:44.4641006Z ^[[0m^[[32mDownload^[[0m https://registry.npmjs.org/iconv-lite
Test (deno on windows-latest)	UNKNOWN STEP	2026-05-18T13:37:44.4641441Z ^[[0m^[[32mDownload^[[0m https://registry.npmjs.org/@babel%2fruntime
Test (deno on windows-latest)	UNKNOWN STEP	2026-05-18T13:37:44.4642212Z ^[[0m^[[32mDownload^[[0m https://registry.npmjs.org/@manypkg%2ffind-root
Test (deno on windows-latest)	UNKNOWN STEP	2026-05-18T13:37:44.4642660Z ^[[0m^[[32mDownload^[[0m https://registry.npmjs.org/globby
Test (deno on windows-latest)	UNKNOWN STEP	2026-05-18T13:37:44.4643393Z ^[[0m^[[32mDownload^[[0m https://registry.npmjs.org/read-yaml-file
Test (deno on windows-latest)	UNKNOWN STEP	2026-05-18T13:37:44.4643832Z ^[[0m^[[32mDownload^[[0m https://registry.npmjs.org/strip-ansi
Test (deno on windows-latest)	UNKNOWN STEP	2026-05-18T13:37:44.4644365Z ^[[0m^[[32mDownload^[[0m https://registry.npmjs.org/graceful-fs
Test (deno on windows-latest)	UNKNOWN STEP	2026-05-18T13:37:44.4644838Z ^[[0m^[[32mDownload^[[0m https://registry.npmjs.org/jsonfile
Test (deno on windows-latest)	UNKNOWN STEP	2026-05-18T13:37:44.4645730Z ^[[0m^[[32mDownload^[[0m https://registry.npmjs.org/universalify
Test (deno on windows-latest)	UNKNOWN STEP	2026-05-18T13:37:44.4646136Z ^[[0m^[[32mDownload^[[0m https://registry.npmjs.org/quansync
Test (deno on windows-latest)	UNKNOWN STEP	2026-05-18T13:37:44.4646987Z ^[[0m^[[32mDownload^[[0m https://registry.npmjs.org/signal-exit
Test (deno on windows-latest)	UNKNOWN STEP	2026-05-18T13:37:44.4647822Z ^[[0m^[[32mDownload^[[0m https://registry.npmjs.org/@eslint%2fobject-schema
Test (deno on windows-latest)	UNKNOWN STEP	2026-05-18T13:37:44.4648308Z ^[[0m^[[32mDownload^[[0m https://registry.npmjs.org/@types%2fjson-schema
Test (deno on windows-latest)	UNKNOWN STEP	2026-05-18T13:37:44.4649196Z ^[[0m^[[32mDownload^[[0m https://registry.npmjs.org/levn
Test (deno on windows-latest)	UNKNOWN STEP	2026-05-18T13:37:44.4649963Z ^[[0m^[[32mDownload^[[0m https://registry.npmjs.org/@humanfs%2fcore
Test (deno on windows-latest)	UNKNOWN STEP	2026-05-18T13:37:44.4650762Z ^[[0m^[[32mDownload^[[0m https://registry.npmjs.org/@humanfs%2ftypes
Test (deno on windows-latest)	UNKNOWN STEP	2026-05-18T13:37:44.4651313Z ^[[0m^[[32mDownload^[[0m https://registry.npmjs.org/fast-json-stable-stringify
Test (deno on windows-latest)	UNKNOWN STEP	2026-05-18T13:37:44.4652895Z ^[[0m^[[32mDownload^[[0m https://registry.npmjs.org/json-schema-traverse
Test (deno on windows-latest)	UNKNOWN STEP	2026-05-18T13:37:44.4653743Z ^[[0m^[[32mDownload^[[0m https://registry.npmjs.org/uri-js
Test (deno on windows-latest)	UNKNOWN STEP	2026-05-18T13:37:44.4654181Z ^[[0m^[[32mDownload^[[0m https://registry.npmjs.org/path-key
Test (deno on windows-latest)	UNKNOWN STEP	2026-05-18T13:37:44.4654592Z ^[[0m^[[32mDownload^[[0m https://registry.npmjs.org/shebang-command
Test (deno on windows-latest)	UNKNOWN STEP	2026-05-18T13:37:44.4655549Z ^[[0m^[[32mDownload^[[0m https://registry.npmjs.org/which
Test (deno on windows-latest)	UNKNOWN STEP	2026-05-18T13:37:44.4656645Z ^[[0m^[[32mDownload^[[0m https://registry.npmjs.org/ms
Test (deno on windows-latest)	UNKNOWN STEP	2026-05-18T13:37:44.4657063Z ^[[0m^[[32mDownload^[[0m https://registry.npmjs.org/@types%2fesrecurse
Test (deno on windows-latest)	UNKNOWN STEP	2026-05-18T13:37:44.4657547Z ^[[0m^[[32mDownload^[[0m https://registry.npmjs.org/esrecurse
Test (deno on windows-latest)	UNKNOWN STEP	2026-05-18T13:37:44.4658400Z ^[[0m^[[32mDownload^[[0m https://registry.npmjs.org/estraverse
Test (deno on windows-latest)	UNKNOWN STEP	2026-05-18T13:37:44.4658869Z ^[[0m^[[32mDownload^[[0m https://registry.npmjs.org/acorn
Test (deno on windows-latest)	UNKNOWN STEP	2026-05-18T13:37:44.4659713Z ^[[0m^[[32mDownload^[[0m https://registry.npmjs.org/acorn-jsx
Test (deno on windows-latest)	UNKNOWN STEP	2026-05-18T13:37:44.4660240Z ^[[0m^[[32mDownload^[[0m https://registry.npmjs.org/flat-cache
Test (deno on windows-latest)	UNKNOWN STEP	2026-05-18T13:37:44.4661123Z ^[[0m^[[32mDownload^[[0m https://registry.npmjs.org/locate-path
Test (deno on windows-latest)	UNKNOWN STEP	2026-05-18T13:37:44.4662503Z ^[[0m^[[32mDownload^[[0m https://registry.npmjs.org/path-exists
Test (deno on windows-latest)	UNKNOWN STEP	2026-05-18T13:37:44.4663208Z ^[[0m^[[32mDownload^[[0m https://registry.npmjs.org/is-extglob
Test (deno on windows-latest)	UNKNOWN STEP	2026-05-18T13:37:44.4663666Z ^[[0m^[[32mDownload^[[0m https://registry.npmjs.org/brace-expansion
Test (deno on windows-latest)	UNKNOWN STEP	2026-05-18T13:37:44.4664188Z ^[[0m^[[32mDownload^[[0m https://registry.npmjs.org/deep-is
Test (deno on windows-latest)	UNKNOWN STEP	2026-05-18T13:37:44.4664693Z ^[[0m^[[32mDownload^[[0m https://registry.npmjs.org/fast-levenshtein
Test (deno on windows-latest)	UNKNOWN STEP	2026-05-18T13:37:44.4665589Z ^[[0m^[[32mDownload^[[0m https://registry.npmjs.org/prelude-ls
Test (deno on windows-latest)	UNKNOWN STEP	2026-05-18T13:37:44.4666098Z ^[[0m^[[32mDownload^[[0m https://registry.npmjs.org/type-check
Test (deno on windows-latest)	UNKNOWN STEP	2026-05-18T13:37:44.4666786Z ^[[0m^[[32mDownload^[[0m https://registry.npmjs.org/word-wrap
Test (deno on windows-latest)	UNKNOWN STEP	2026-05-18T13:37:44.4667980Z ^[[0m^[[32mDownload^[[0m https://registry.npmjs.org/fast-diff
Test (deno on windows-latest)	UNKNOWN STEP	2026-05-18T13:37:44.4668426Z ^[[0m^[[32mDownload^[[0m https://registry.npmjs.org/@pkgr%2fcore
Test (deno on windows-latest)	UNKNOWN STEP	2026-05-18T13:37:44.4669237Z ^[[0m^[[32mDownload^[[0m https://registry.npmjs.org/badgen
Test (deno on windows-latest)	UNKNOWN STEP	2026-05-18T13:37:44.4669807Z ^[[0m^[[32mDownload^[[0m https://registry.npmjs.org/eventemitter3
Test (deno on windows-latest)	UNKNOWN STEP	2026-05-18T13:37:44.4670737Z ^[[0m^[[32mDownload^[[0m https://registry.npmjs.org/blamer
Test (deno on windows-latest)	UNKNOWN STEP	2026-05-18T13:37:44.4671474Z ^[[0m^[[32mDownload^[[0m https://registry.npmjs.org/bytes
Test (deno on windows-latest)	UNKNOWN STEP	2026-05-18T13:37:44.4672967Z ^[[0m^[[32mDownload^[[0m https://registry.npmjs.org/cli-table3
Test (deno on windows-latest)	UNKNOWN STEP	2026-05-18T13:37:44.4673364Z ^[[0m^[[32mDownload^[[0m https://registry.npmjs.org/fast-glob
Test (deno on windows-latest)	UNKNOWN STEP	2026-05-18T13:37:44.4674330Z ^[[0m^[[32mDownload^[[0m https://registry.npmjs.org/markdown-table
Test (deno on windows-latest)	UNKNOWN STEP	2026-05-18T13:37:44.4674895Z ^[[0m^[[32mDownload^[[0m https://registry.npmjs.org/pug
Test (deno on windows-latest)	UNKNOWN STEP	2026-05-18T13:37:44.4675765Z ^[[0m^[[32mDownload^[[0m https://registry.npmjs.org/spark-md5
Test (deno on windows-latest)	UNKNOWN STEP	2026-05-18T13:37:44.4676333Z ^[[0m^[[32mDownload^[[0m https://registry.npmjs.org/node-sarif-builder
Test (deno on windows-latest)	UNKNOWN STEP	2026-05-18T13:37:44.4680929Z ^[[0m^[[32mDownload^[[0m https://registry.npmjs.org/cliui
Test (deno on windows-latest)	UNKNOWN STEP	2026-05-18T13:37:44.4681422Z ^[[0m^[[32mDownload^[[0m https://registry.npmjs.org/escalade
Test (deno on windows-latest)	UNKNOWN STEP	2026-05-18T13:37:44.4682366Z ^[[0m^[[32mDownload^[[0m https://registry.npmjs.org/get-caller-file
Test (deno on windows-latest)	UNKNOWN STEP	2026-05-18T13:37:44.4682924Z ^[[0m^[[32mDownload^[[0m https://registry.npmjs.org/require-directory
Test (deno on windows-latest)	UNKNOWN STEP	2026-05-18T13:37:44.4683754Z ^[[0m^[[32mDownload^[[0m https://registry.npmjs.org/string-width
Test (deno on windows-latest)	UNKNOWN STEP	2026-05-18T13:37:44.4684283Z ^[[0m^[[32mDownload^[[0m https://registry.npmjs.org/y18n
Test (deno on windows-latest)	UNKNOWN STEP	2026-05-18T13:37:44.4685193Z ^[[0m^[[32mDownload^[[0m https://registry.npmjs.org/yargs-parser
Test (deno on windows-latest)	UNKNOWN STEP	2026-05-18T13:37:44.5544401Z ^[[0m^[[32mDownload^[[0m https://registry.npmjs.org/braces
Test (deno on windows-latest)	UNKNOWN STEP	2026-05-18T13:37:44.5545281Z ^[[0m^[[32mDownload^[[0m https://registry.npmjs.org/picomatch
Test (deno on windows-latest)	UNKNOWN STEP	2026-05-18T13:37:44.5546042Z ^[[0m^[[32mDownload^[[0m https://registry.npmjs.org/better-path-resolve
Test (deno on windows-latest)	UNKNOWN STEP	2026-05-18T13:37:44.5622705Z ^[[0m^[[32mDownload^[[0m https://registry.npmjs.org/js-yaml
Test (deno on windows-latest)	UNKNOWN STEP	2026-05-18T13:37:44.5623867Z ^[[0m^[[32mDownload^[[0m https://registry.npmjs.org/p-map
Test (deno on windows-latest)	UNKNOWN STEP	2026-05-18T13:37:44.6474988Z ^[[0m^[[32mDownload^[[0m https://registry.npmjs.org/safer-buffer
Test (deno on windows-latest)	UNKNOWN STEP	2026-05-18T13:37:44.6475742Z ^[[0m^[[32mDownload^[[0m https://registry.npmjs.org/array-union
Test (deno on windows-latest)	UNKNOWN STEP	2026-05-18T13:37:44.6476302Z ^[[0m^[[32mDownload^[[0m https://registry.npmjs.org/dir-glob
Test (deno on windows-latest)	UNKNOWN STEP	2026-05-18T13:37:44.6476691Z ^[[0m^[[32mDownload^[[0m https://registry.npmjs.org/merge2
Test (deno on windows-latest)	UNKNOWN STEP	2026-05-18T13:37:44.6477326Z ^[[0m^[[32mDownload^[[0m https://registry.npmjs.org/slash
Test (deno on windows-latest)	UNKNOWN STEP	2026-05-18T13:37:44.6477817Z ^[[0m^[[32mDownload^[[0m https://registry.npmjs.org/pify
Test (deno on windows-latest)	UNKNOWN STEP	2026-05-18T13:37:44.6478303Z ^[[0m^[[32mDownload^[[0m https://registry.npmjs.org/strip-bom
Test (deno on windows-latest)	UNKNOWN STEP	2026-05-18T13:37:44.6479175Z ^[[0m^[[32mDownload^[[0m https://registry.npmjs.org/ansi-regex
Test (deno on windows-latest)	UNKNOWN STEP	2026-05-18T13:37:44.6479720Z ^[[0m^[[32mDownload^[[0m https://registry.npmjs.org/punycode
Test (deno on windows-latest)	UNKNOWN STEP	2026-05-18T13:37:44.6480613Z ^[[0m^[[32mDownload^[[0m https://registry.npmjs.org/shebang-regex
Test (deno on windows-latest)	UNKNOWN STEP	2026-05-18T13:37:44.6481086Z ^[[0m^[[32mDownload^[[0m https://registry.npmjs.org/isexe
Test (deno on windows-latest)	UNKNOWN STEP	2026-05-18T13:37:44.6481939Z ^[[0m^[[32mDownload^[[0m https://registry.npmjs.org/flatted
Test (deno on windows-latest)	UNKNOWN STEP	2026-05-18T13:37:44.6482489Z ^[[0m^[[32mDownload^[[0m https://registry.npmjs.org/keyv
Test (deno on windows-latest)	UNKNOWN STEP	2026-05-18T13:37:44.6483532Z ^[[0m^[[32mDownload^[[0m https://registry.npmjs.org/p-locate
Test (deno on windows-latest)	UNKNOWN STEP	2026-05-18T13:37:44.6484765Z ^[[0m^[[32mDownload^[[0m https://registry.npmjs.org/balanced-match
Test (deno on windows-latest)	UNKNOWN STEP	2026-05-18T13:37:44.6485345Z ^[[0m^[[32mDownload^[[0m https://registry.npmjs.org/execa
Test (deno on windows-latest)	UNKNOWN STEP	2026-05-18T13:37:44.6485789Z ^[[0m^[[32mDownload^[[0m https://registry.npmjs.org/@colors%2fcolors
Test (deno on windows-latest)	UNKNOWN STEP	2026-05-18T13:37:44.6486671Z ^[[0m^[[32mDownload^[[0m https://registry.npmjs.org/@nodelib%2ffs.stat
Test (deno on windows-latest)	UNKNOWN STEP	2026-05-18T13:37:44.6487220Z ^[[0m^[[32mDownload^[[0m https://registry.npmjs.org/@nodelib%2ffs.walk
Test (deno on windows-latest)	UNKNOWN STEP	2026-05-18T13:37:44.6488157Z ^[[0m^[[32mDownload^[[0m https://registry.npmjs.org/repeat-string
Test (deno on windows-latest)	UNKNOWN STEP	2026-05-18T13:37:44.6488732Z ^[[0m^[[32mDownload^[[0m https://registry.npmjs.org/pug-code-gen
Test (deno on windows-latest)	UNKNOWN STEP	2026-05-18T13:37:44.6489466Z ^[[0m^[[32mDownload^[[0m https://registry.npmjs.org/pug-filters
Test (deno on windows-latest)	UNKNOWN STEP	2026-05-18T13:37:44.6490322Z ^[[0m^[[32mDownload^[[0m https://registry.npmjs.org/pug-lexer
Test (deno on windows-latest)	UNKNOWN STEP	2026-05-18T13:37:44.6492418Z ^[[0m^[[32mDownload^[[0m https://registry.npmjs.org/pug-linker
Test (deno on windows-latest)	UNKNOWN STEP	2026-05-18T13:37:44.6494155Z ^[[0m^[[32mDownload^[[0m https://registry.npmjs.org/pug-load
Test (deno on windows-latest)	UNKNOWN STEP	2026-05-18T13:37:44.6494770Z ^[[0m^[[32mDownload^[[0m https://registry.npmjs.org/pug-parser
Test (deno on windows-latest)	UNKNOWN STEP	2026-05-18T13:37:44.6495374Z ^[[0m^[[32mDownload^[[0m https://registry.npmjs.org/pug-runtime
Test (deno on windows-latest)	UNKNOWN STEP	2026-05-18T13:37:44.6496032Z ^[[0m^[[32mDownload^[[0m https://registry.npmjs.org/pug-strip-comments
Test (deno on windows-latest)	UNKNOWN STEP	2026-05-18T13:37:44.6498200Z ^[[0m^[[32mDownload^[[0m https://registry.npmjs.org/@types%2fsarif
Test (deno on windows-latest)	UNKNOWN STEP	2026-05-18T13:37:44.6499179Z ^[[0m^[[32mDownload^[[0m https://registry.npmjs.org/wrap-ansi
Test (deno on windows-latest)	UNKNOWN STEP	2026-05-18T13:37:44.6500116Z ^[[0m^[[32mDownload^[[0m https://registry.npmjs.org/emoji-regex
Test (deno on windows-latest)	UNKNOWN STEP	2026-05-18T13:37:44.6500882Z ^[[0m^[[32mDownload^[[0m https://registry.npmjs.org/is-fullwidth-code-point
Test (deno on windows-latest)	UNKNOWN STEP	2026-05-18T13:37:44.6501625Z ^[[0m^[[32mDownload^[[0m https://registry.npmjs.org/fill-range
Test (deno on windows-latest)	UNKNOWN STEP	2026-05-18T13:37:44.6502287Z ^[[0m^[[32mDownload^[[0m https://registry.npmjs.org/is-windows
Test (deno on windows-latest)	UNKNOWN STEP	2026-05-18T13:37:44.6502930Z ^[[0m^[[32mDownload^[[0m https://registry.npmjs.org/argparse
Test (deno on windows-latest)	UNKNOWN STEP	2026-05-18T13:37:44.7042417Z ^[[0m^[[32mDownload^[[0m https://registry.npmjs.org/path-type
Test (deno on windows-latest)	UNKNOWN STEP	2026-05-18T13:37:44.7043427Z ^[[0m^[[32mDownload^[[0m https://registry.npmjs.org/esprima
Test (deno on windows-latest)	UNKNOWN STEP	2026-05-18T13:37:44.7149184Z ^[[0m^[[32mDownload^[[0m https://registry.npmjs.org/json-buffer
Test (deno on windows-latest)	UNKNOWN STEP	2026-05-18T13:37:44.7154416Z ^[[0m^[[32mDownload^[[0m https://registry.npmjs.org/p-limit
Test (deno on windows-latest)	UNKNOWN STEP	2026-05-18T13:37:44.7155636Z ^[[0m^[[32mDownload^[[0m https://registry.npmjs.org/get-stream
Test (deno on windows-latest)	UNKNOWN STEP	2026-05-18T13:37:44.7157232Z ^[[0m^[[32mDownload^[[0m https://registry.npmjs.org/human-signals
Test (deno on windows-latest)	UNKNOWN STEP	2026-05-18T13:37:44.7158151Z ^[[0m^[[32mDownload^[[0m https://registry.npmjs.org/is-stream
Test (deno on windows-latest)	UNKNOWN STEP	2026-05-18T13:37:44.7158981Z ^[[0m^[[32mDownload^[[0m https://registry.npmjs.org/merge-stream
Test (deno on windows-latest)	UNKNOWN STEP	2026-05-18T13:37:44.7159748Z ^[[0m^[[32mDownload^[[0m https://registry.npmjs.org/npm-run-path
Test (deno on windows-latest)	UNKNOWN STEP	2026-05-18T13:37:44.7160417Z ^[[0m^[[32mDownload^[[0m https://registry.npmjs.org/onetime
Test (deno on windows-latest)	UNKNOWN STEP	2026-05-18T13:37:44.7162198Z ^[[0m^[[32mDownload^[[0m https://registry.npmjs.org/strip-final-newline
Test (deno on windows-latest)	UNKNOWN STEP	2026-05-18T13:37:44.7170933Z ^[[0m^[[32mDownload^[[0m https://registry.npmjs.org/@nodelib%2ffs.scandir
Test (deno on windows-latest)	UNKNOWN STEP	2026-05-18T13:37:44.7171615Z ^[[0m^[[32mDownload^[[0m https://registry.npmjs.org/fastq
Test (deno on windows-latest)	UNKNOWN STEP	2026-05-18T13:37:44.7172208Z ^[[0m^[[32mDownload^[[0m https://registry.npmjs.org/constantinople
Test (deno on windows-latest)	UNKNOWN STEP	2026-05-18T13:37:44.7173504Z ^[[0m^[[32mDownload^[[0m https://registry.npmjs.org/doctypes
Test (deno on windows-latest)	UNKNOWN STEP	2026-05-18T13:37:44.7173941Z ^[[0m^[[32mDownload^[[0m https://registry.npmjs.org/js-stringify
Test (deno on windows-latest)	UNKNOWN STEP	2026-05-18T13:37:44.7174400Z ^[[0m^[[32mDownload^[[0m https://registry.npmjs.org/pug-attrs
Test (deno on windows-latest)	UNKNOWN STEP	2026-05-18T13:37:44.7175312Z ^[[0m^[[32mDownload^[[0m https://registry.npmjs.org/pug-error
Test (deno on windows-latest)	UNKNOWN STEP	2026-05-18T13:37:44.7175763Z ^[[0m^[[32mDownload^[[0m https://registry.npmjs.org/void-elements
Test (deno on windows-latest)	UNKNOWN STEP	2026-05-18T13:37:44.7176345Z ^[[0m^[[32mDownload^[[0m https://registry.npmjs.org/with
Test (deno on windows-latest)	UNKNOWN STEP	2026-05-18T13:37:44.7177194Z ^[[0m^[[32mDownload^[[0m https://registry.npmjs.org/jstransformer
Test (deno on windows-latest)	UNKNOWN STEP	2026-05-18T13:37:44.7177639Z ^[[0m^[[32mDownload^[[0m https://registry.npmjs.org/pug-walk
Test (deno on windows-latest)	UNKNOWN STEP	2026-05-18T13:37:44.7178478Z ^[[0m^[[32mDownload^[[0m https://registry.npmjs.org/resolve
Test (deno on windows-latest)	UNKNOWN STEP	2026-05-18T13:37:44.7179016Z ^[[0m^[[32mDownload^[[0m https://registry.npmjs.org/character-parser
Test (deno on windows-latest)	UNKNOWN STEP	2026-05-18T13:37:44.7180693Z ^[[0m^[[32mDownload^[[0m https://registry.npmjs.org/is-expression
Test (deno on windows-latest)	UNKNOWN STEP	2026-05-18T13:37:44.7181461Z ^[[0m^[[32mDownload^[[0m https://registry.npmjs.org/object-assign
Test (deno on windows-latest)	UNKNOWN STEP	2026-05-18T13:37:44.7181895Z ^[[0m^[[32mDownload^[[0m https://registry.npmjs.org/token-stream
Test (deno on windows-latest)	UNKNOWN STEP	2026-05-18T13:37:44.7182756Z ^[[0m^[[32mDownload^[[0m https://registry.npmjs.org/ansi-styles
Test (deno on windows-latest)	UNKNOWN STEP	2026-05-18T13:37:44.7183709Z ^[[0m^[[32mDownload^[[0m https://registry.npmjs.org/to-regex-range
Test (deno on windows-latest)	UNKNOWN STEP	2026-05-18T13:37:44.7437396Z ^[[0m^[[32mDownload^[[0m https://registry.npmjs.org/sprintf-js
Test (deno on windows-latest)	UNKNOWN STEP	2026-05-18T13:37:44.7488100Z ^[[0m^[[32mDownload^[[0m https://registry.npmjs.org/yocto-queue
Test (deno on windows-latest)	UNKNOWN STEP	2026-05-18T13:37:44.7676116Z ^[[0m^[[32mDownload^[[0m https://registry.npmjs.org/pump
Test (deno on windows-latest)	UNKNOWN STEP	2026-05-18T13:37:44.7677447Z ^[[0m^[[32mDownload^[[0m https://registry.npmjs.org/mimic-fn
Test (deno on windows-latest)	UNKNOWN STEP	2026-05-18T13:37:44.7678725Z ^[[0m^[[32mDownload^[[0m https://registry.npmjs.org/run-parallel
Test (deno on windows-latest)	UNKNOWN STEP	2026-05-18T13:37:44.7679482Z ^[[0m^[[32mDownload^[[0m https://registry.npmjs.org/reusify
Test (deno on windows-latest)	UNKNOWN STEP	2026-05-18T13:37:44.7697630Z ^[[0m^[[32mDownload^[[0m https://registry.npmjs.org/@babel%2fparser
Test (deno on windows-latest)	UNKNOWN STEP	2026-05-18T13:37:44.7699020Z ^[[0m^[[32mDownload^[[0m https://registry.npmjs.org/@babel%2ftypes
Test (deno on windows-latest)	UNKNOWN STEP	2026-05-18T13:37:44.7700474Z ^[[0m^[[32mDownload^[[0m https://registry.npmjs.org/assert-never
Test (deno on windows-latest)	UNKNOWN STEP	2026-05-18T13:37:44.7701504Z ^[[0m^[[32mDownload^[[0m https://registry.npmjs.org/babel-walk
Test (deno on windows-latest)	UNKNOWN STEP	2026-05-18T13:37:44.7702168Z ^[[0m^[[32mDownload^[[0m https://registry.npmjs.org/is-promise
Test (deno on windows-latest)	UNKNOWN STEP	2026-05-18T13:37:44.7703316Z ^[[0m^[[32mDownload^[[0m https://registry.npmjs.org/promise
Test (deno on windows-latest)	UNKNOWN STEP	2026-05-18T13:37:44.7703988Z ^[[0m^[[32mDownload^[[0m https://registry.npmjs.org/es-errors
Test (deno on windows-latest)	UNKNOWN STEP	2026-05-18T13:37:44.7704676Z ^[[0m^[[32mDownload^[[0m https://registry.npmjs.org/is-core-module
Test (deno on windows-latest)	UNKNOWN STEP	2026-05-18T13:37:44.7705602Z ^[[0m^[[32mDownload^[[0m https://registry.npmjs.org/path-parse
Test (deno on windows-latest)	UNKNOWN STEP	2026-05-18T13:37:44.7706357Z ^[[0m^[[32mDownload^[[0m https://registry.npmjs.org/supports-preserve-symlinks-flag
Test (deno on windows-latest)	UNKNOWN STEP	2026-05-18T13:37:44.7707276Z ^[[0m^[[32mDownload^[[0m https://registry.npmjs.org/is-regex
Test (deno on windows-latest)	UNKNOWN STEP	2026-05-18T13:37:44.7707953Z ^[[0m^[[32mDownload^[[0m https://registry.npmjs.org/color-convert
Test (deno on windows-latest)	UNKNOWN STEP	2026-05-18T13:37:44.8066913Z ^[[0m^[[32mDownload^[[0m https://registry.npmjs.org/is-number
Test (deno on windows-latest)	UNKNOWN STEP	2026-05-18T13:37:44.8068119Z ^[[0m^[[32mDownload^[[0m https://registry.npmjs.org/end-of-stream
Test (deno on windows-latest)	UNKNOWN STEP	2026-05-18T13:37:44.8069582Z ^[[0m^[[32mDownload^[[0m https://registry.npmjs.org/once
Test (deno on windows-latest)	UNKNOWN STEP	2026-05-18T13:37:44.8070275Z ^[[0m^[[32mDownload^[[0m https://registry.npmjs.org/queue-microtask
Test (deno on windows-latest)	UNKNOWN STEP	2026-05-18T13:37:44.8330797Z ^[[0m^[[32mDownload^[[0m https://registry.npmjs.org/@babel%2fhelper-string-parser
Test (deno on windows-latest)	UNKNOWN STEP	2026-05-18T13:37:44.8332194Z ^[[0m^[[32mDownload^[[0m https://registry.npmjs.org/@babel%2fhelper-validator-identifier
Test (deno on windows-latest)	UNKNOWN STEP	2026-05-18T13:37:44.8333138Z ^[[0m^[[32mDownload^[[0m https://registry.npmjs.org/asap
Test (deno on windows-latest)	UNKNOWN STEP	2026-05-18T13:37:44.8333781Z ^[[0m^[[32mDownload^[[0m https://registry.npmjs.org/hasown
Test (deno on windows-latest)	UNKNOWN STEP	2026-05-18T13:37:44.8334426Z ^[[0m^[[32mDownload^[[0m https://registry.npmjs.org/call-bound
Test (deno on windows-latest)	UNKNOWN STEP	2026-05-18T13:37:44.8335073Z ^[[0m^[[32mDownload^[[0m https://registry.npmjs.org/gopd
Test (deno on windows-latest)	UNKNOWN STEP	2026-05-18T13:37:44.8335740Z ^[[0m^[[32mDownload^[[0m https://registry.npmjs.org/has-tostringtag
Test (deno on windows-latest)	UNKNOWN STEP	2026-05-18T13:37:44.8336402Z ^[[0m^[[32mDownload^[[0m https://registry.npmjs.org/color-name
Test (deno on windows-latest)	UNKNOWN STEP	2026-05-18T13:37:44.8336994Z ^[[0m^[[32mDownload^[[0m https://registry.npmjs.org/p-try
Test (deno on windows-latest)	UNKNOWN STEP	2026-05-18T13:37:44.8337475Z ^[[0m^[[32mDownload^[[0m https://registry.npmjs.org/wrappy
Test (deno on windows-latest)	UNKNOWN STEP	2026-05-18T13:37:44.8702386Z ^[[0m^[[32mDownload^[[0m https://registry.npmjs.org/function-bind
Test (deno on windows-latest)	UNKNOWN STEP	2026-05-18T13:37:44.8703241Z ^[[0m^[[32mDownload^[[0m https://registry.npmjs.org/call-bind-apply-helpers
Test (deno on windows-latest)	UNKNOWN STEP	2026-05-18T13:37:44.8703724Z ^[[0m^[[32mDownload^[[0m https://registry.npmjs.org/get-intrinsic
Test (deno on windows-latest)	UNKNOWN STEP	2026-05-18T13:37:44.8704176Z ^[[0m^[[32mDownload^[[0m https://registry.npmjs.org/has-symbols
Test (deno on windows-latest)	UNKNOWN STEP	2026-05-18T13:37:44.8946550Z ^[[0m^[[32mDownload^[[0m https://registry.npmjs.org/es-define-property
Test (deno on windows-latest)	UNKNOWN STEP	2026-05-18T13:37:44.8947424Z ^[[0m^[[32mDownload^[[0m https://registry.npmjs.org/es-object-atoms
Test (deno on windows-latest)	UNKNOWN STEP	2026-05-18T13:37:44.8947902Z ^[[0m^[[32mDownload^[[0m https://registry.npmjs.org/get-proto
Test (deno on windows-latest)	UNKNOWN STEP	2026-05-18T13:37:44.8948616Z ^[[0m^[[32mDownload^[[0m https://registry.npmjs.org/math-intrinsics
Test (deno on windows-latest)	UNKNOWN STEP	2026-05-18T13:37:44.9232938Z ^[[0m^[[32mDownload^[[0m https://registry.npmjs.org/dunder-proto
Test (deno on windows-latest)	UNKNOWN STEP	2026-05-18T13:37:44.9620892Z ^[[0m^[[32mDownload^[[0m https://registry.npmjs.org/prettier/-/prettier-3.8.3.tgz
Test (deno on windows-latest)	UNKNOWN STEP	2026-05-18T13:37:44.9621999Z ^[[0m^[[32mDownload^[[0m https://registry.npmjs.org/test-anywhere/-/test-anywhere-0.9.1.tgz
Test (deno on windows-latest)	UNKNOWN STEP	2026-05-18T13:37:44.9623282Z ^[[0m^[[32mDownload^[[0m https://registry.npmjs.org/links-notation/-/links-notation-0.13.0.tgz
Test (deno on windows-latest)	UNKNOWN STEP	2026-05-18T13:37:44.9624484Z ^[[0m^[[32mDownload^[[0m https://registry.npmjs.org/@changesets/cli/-/cli-2.31.0.tgz
Test (deno on windows-latest)	UNKNOWN STEP	2026-05-18T13:37:44.9626763Z ^[[0m^[[32mDownload^[[0m https://registry.npmjs.org/lino-objects-codec/-/lino-objects-codec-0.4.0.tgz
Test (deno on windows-latest)	UNKNOWN STEP	2026-05-18T13:37:44.9628027Z ^[[0m^[[32mDownload^[[0m https://registry.npmjs.org/eslint-plugin-prettier/-/eslint-plugin-prettier-5.5.5.tgz
Test (deno on windows-latest)	UNKNOWN STEP	2026-05-18T13:37:44.9629270Z ^[[0m^[[32mDownload^[[0m https://registry.npmjs.org/lino-arguments/-/lino-arguments-0.3.0.tgz
Test (deno on windows-latest)	UNKNOWN STEP	2026-05-18T13:37:44.9630301Z ^[[0m^[[32mDownload^[[0m https://registry.npmjs.org/@eslint/js/-/js-10.0.1.tgz
Test (deno on windows-latest)	UNKNOWN STEP	2026-05-18T13:37:44.9631388Z ^[[0m^[[32mDownload^[[0m https://registry.npmjs.org/eslint-config-prettier/-/eslint-config-prettier-10.1.8.tgz
Test (deno on windows-latest)	UNKNOWN STEP	2026-05-18T13:37:44.9632438Z ^[[0m^[[32mDownload^[[0m https://registry.npmjs.org/jscpd/-/jscpd-4.2.3.tgz
Test (deno on windows-latest)	UNKNOWN STEP	2026-05-18T13:37:44.9633277Z ^[[0m^[[32mDownload^[[0m https://registry.npmjs.org/eslint/-/eslint-10.4.0.tgz
Test (deno on windows-latest)	UNKNOWN STEP	2026-05-18T13:37:44.9634333Z ^[[0m^[[32mDownload^[[0m https://registry.npmjs.org/@changesets/get-release-plan/-/get-release-plan-4.0.16.tgz
Test (deno on windows-latest)	UNKNOWN STEP	2026-05-18T13:37:44.9635407Z ^[[0m^[[32mDownload^[[0m https://registry.npmjs.org/@changesets/git/-/git-3.0.4.tgz
Test (deno on windows-latest)	UNKNOWN STEP	2026-05-18T13:37:44.9636620Z ^[[0m^[[32mDownload^[[0m https://registry.npmjs.org/@changesets/config/-/config-3.1.4.tgz
Test (deno on windows-latest)	UNKNOWN STEP	2026-05-18T13:37:44.9637615Z ^[[0m^[[32mDownload^[[0m https://registry.npmjs.org/@changesets/write/-/write-0.4.0.tgz
Test (deno on windows-latest)	UNKNOWN STEP	2026-05-18T13:37:44.9638536Z ^[[0m^[[32mDownload^[[0m https://registry.npmjs.org/@changesets/read/-/read-0.6.7.tgz
Test (deno on windows-latest)	UNKNOWN STEP	2026-05-18T13:37:44.9639702Z ^[[0m^[[32mDownload^[[0m https://registry.npmjs.org/package-manager-detector/-/package-manager-detector-0.2.11.tgz
Test (deno on windows-latest)	UNKNOWN STEP	2026-05-18T13:37:44.9640812Z ^[[0m^[[32mDownload^[[0m https://registry.npmjs.org/semver/-/semver-7.8.0.tgz
Test (deno on windows-latest)	UNKNOWN STEP	2026-05-18T13:37:44.9641662Z ^[[0m^[[32mDownload^[[0m https://registry.npmjs.org/fs-extra/-/fs-extra-7.0.1.tgz
Test (deno on windows-latest)	UNKNOWN STEP	2026-05-18T13:37:44.9642479Z ^[[0m^[[32mDownload^[[0m https://registry.npmjs.org/mri/-/mri-1.2.0.tgz
Test (deno on windows-latest)	UNKNOWN STEP	2026-05-18T13:37:44.9643343Z ^[[0m^[[32mDownload^[[0m https://registry.npmjs.org/resolve-from/-/resolve-from-5.0.0.tgz
Test (deno on windows-latest)	UNKNOWN STEP	2026-05-18T13:37:44.9644259Z ^[[0m^[[32mDownload^[[0m https://registry.npmjs.org/term-size/-/term-size-2.2.1.tgz
Test (deno on windows-latest)	UNKNOWN STEP	2026-05-18T13:37:44.9645235Z ^[[0m^[[32mDownload^[[0m https://registry.npmjs.org/@manypkg/get-packages/-/get-packages-1.1.3.tgz
Test (deno on windows-latest)	UNKNOWN STEP	2026-05-18T13:37:44.9646241Z ^[[0m^[[32mDownload^[[0m https://registry.npmjs.org/picocolors/-/picocolors-1.1.1.tgz
Test (deno on windows-latest)	UNKNOWN STEP	2026-05-18T13:37:44.9647301Z ^[[0m^[[32mDownload^[[0m https://registry.npmjs.org/ansi-colors/-/ansi-colors-4.1.3.tgz
Test (deno on windows-latest)	UNKNOWN STEP	2026-05-18T13:37:44.9647963Z ^[[0m^[[32mDownload^[[0m https://registry.npmjs.org/@changesets/apply-release-plan/-/apply-release-plan-7.1.1.tgz
Test (deno on windows-latest)	UNKNOWN STEP	2026-05-18T13:37:44.9648559Z ^[[0m^[[32mDownload^[[0m https://registry.npmjs.org/enquirer/-/enquirer-2.4.1.tgz
Test (deno on windows-latest)	UNKNOWN STEP	2026-05-18T13:37:44.9649073Z ^[[0m^[[32mDownload^[[0m https://registry.npmjs.org/@changesets/errors/-/errors-0.2.0.tgz
Test (deno on windows-latest)	UNKNOWN STEP	2026-05-18T13:37:44.9649609Z ^[[0m^[[32mDownload^[[0m https://registry.npmjs.org/@changesets/pre/-/pre-2.0.2.tgz
Test (deno on windows-latest)	UNKNOWN STEP	2026-05-18T13:37:44.9650177Z ^[[0m^[[32mDownload^[[0m https://registry.npmjs.org/@changesets/changelog-git/-/changelog-git-0.2.1.tgz
Test (deno on windows-latest)	UNKNOWN STEP	2026-05-18T13:37:44.9651376Z ^[[0m^[[32mDownload^[[0m https://registry.npmjs.org/@changesets/get-dependents-graph/-/get-dependents-graph-2.1.4.tgz
Test (deno on windows-latest)	UNKNOWN STEP	2026-05-18T13:37:44.9652109Z ^[[0m^[[32mDownload^[[0m https://registry.npmjs.org/@inquirer/external-editor/-/external-editor-1.0.3.tgz
Test (deno on windows-latest)	UNKNOWN STEP	2026-05-18T13:37:44.9652704Z ^[[0m^[[32mDownload^[[0m https://registry.npmjs.org/@changesets/types/-/types-6.1.0.tgz
Test (deno on windows-latest)	UNKNOWN STEP	2026-05-18T13:37:44.9653462Z ^[[0m^[[32mDownload^[[0m https://registry.npmjs.org/spawndamnit/-/spawndamnit-3.0.1.tgz
Test (deno on windows-latest)	UNKNOWN STEP	2026-05-18T13:37:44.9654150Z ^[[0m^[[32mDownload^[[0m https://registry.npmjs.org/@changesets/assemble-release-plan/-/assemble-release-plan-6.0.10.tgz
Test (deno on windows-latest)	UNKNOWN STEP	2026-05-18T13:37:44.9654806Z ^[[0m^[[32mDownload^[[0m https://registry.npmjs.org/@changesets/logger/-/logger-0.1.1.tgz
Test (deno on windows-latest)	UNKNOWN STEP	2026-05-18T13:37:44.9655458Z ^[[0m^[[32mDownload^[[0m https://registry.npmjs.org/@changesets/should-skip-package/-/should-skip-package-0.1.2.tgz
Test (deno on windows-latest)	UNKNOWN STEP	2026-05-18T13:37:44.9656129Z ^[[0m^[[32mDownload^[[0m https://registry.npmjs.org/links-notation/-/links-notation-0.11.2.tgz
Test (deno on windows-latest)	UNKNOWN STEP	2026-05-18T13:37:44.9656914Z ^[[0m^[[32mDownload^[[0m https://registry.npmjs.org/prettier-linter-helpers/-/prettier-linter-helpers-1.0.1.tgz
Test (deno on windows-latest)	UNKNOWN STEP	2026-05-18T13:37:44.9657522Z ^[[0m^[[32mDownload^[[0m https://registry.npmjs.org/synckit/-/synckit-0.11.12.tgz
Test (deno on windows-latest)	UNKNOWN STEP	2026-05-18T13:37:44.9658002Z ^[[0m^[[32mDownload^[[0m https://registry.npmjs.org/yargs/-/yargs-17.7.2.tgz
Test (deno on windows-latest)	UNKNOWN STEP	2026-05-18T13:37:44.9658470Z ^[[0m^[[32mDownload^[[0m https://registry.npmjs.org/getenv/-/getenv-2.0.0.tgz
Test (deno on windows-latest)	UNKNOWN STEP	2026-05-18T13:37:44.9658950Z ^[[0m^[[32mDownload^[[0m https://registry.npmjs.org/lino-env/-/lino-env-0.2.8.tgz
Test (deno on windows-latest)	UNKNOWN STEP	2026-05-18T13:37:44.9659475Z ^[[0m^[[32mDownload^[[0m https://registry.npmjs.org/@jscpd/tokenizer/-/tokenizer-4.2.3.tgz
Test (deno on windows-latest)	UNKNOWN STEP	2026-05-18T13:37:44.9659995Z ^[[0m^[[32mDownload^[[0m https://registry.npmjs.org/fs-extra/-/fs-extra-11.3.5.tgz
Test (deno on windows-latest)	UNKNOWN STEP	2026-05-18T13:37:44.9660496Z ^[[0m^[[32mDownload^[[0m https://registry.npmjs.org/commander/-/commander-5.1.0.tgz
Test (deno on windows-latest)	UNKNOWN STEP	2026-05-18T13:37:44.9661071Z ^[[0m^[[32mDownload^[[0m https://registry.npmjs.org/@jscpd/badge-reporter/-/badge-reporter-4.2.3.tgz
Test (deno on windows-latest)	UNKNOWN STEP	2026-05-18T13:37:44.9661642Z ^[[0m^[[32mDownload^[[0m https://registry.npmjs.org/@jscpd/core/-/core-4.2.3.tgz
Test (deno on windows-latest)	UNKNOWN STEP	2026-05-18T13:37:44.9662200Z ^[[0m^[[32mDownload^[[0m https://registry.npmjs.org/@jscpd/html-reporter/-/html-reporter-4.2.3.tgz
Test (deno on windows-latest)	UNKNOWN STEP	2026-05-18T13:37:44.9662934Z ^[[0m^[[32mDownload^[[0m https://registry.npmjs.org/jscpd-sarif-reporter/-/jscpd-sarif-reporter-4.2.3.tgz
Test (deno on windows-latest)	UNKNOWN STEP	2026-05-18T13:37:44.9663866Z ^[[0m^[[32mDownload^[[0m https://registry.npmjs.org/@jscpd/finder/-/finder-4.2.3.tgz
Test (deno on windows-latest)	UNKNOWN STEP	2026-05-18T13:37:44.9664358Z ^[[0m^[[32mDownload^[[0m https://registry.npmjs.org/colors/-/colors-1.4.0.tgz
Test (deno on windows-latest)	UNKNOWN STEP	2026-05-18T13:37:44.9664843Z ^[[0m^[[32mDownload^[[0m https://registry.npmjs.org/minimatch/-/minimatch-10.2.5.tgz
Test (deno on windows-latest)	UNKNOWN STEP	2026-05-18T13:37:44.9665330Z ^[[0m^[[32mDownload^[[0m https://registry.npmjs.org/esutils/-/esutils-2.0.3.tgz
Test (deno on windows-latest)	UNKNOWN STEP	2026-05-18T13:37:44.9665786Z ^[[0m^[[32mDownload^[[0m https://registry.npmjs.org/ignore/-/ignore-5.3.2.tgz
Test (deno on windows-latest)	UNKNOWN STEP	2026-05-18T13:37:44.9666539Z ^[[0m^[[32mDownload^[[0m https://registry.npmjs.org/json-stable-stringify-without-jsonify/-/json-stable-stringify-without-jsonify-1.0.1.tgz
Test (deno on windows-latest)	UNKNOWN STEP	2026-05-18T13:37:44.9667586Z ^[[0m^[[32mDownload^[[0m https://registry.npmjs.org/find-up/-/find-up-5.0.0.tgz
Test (deno on windows-latest)	UNKNOWN STEP	2026-05-18T13:37:44.9668136Z ^[[0m^[[32mDownload^[[0m https://registry.npmjs.org/@eslint/plugin-kit/-/plugin-kit-0.7.1.tgz
Test (deno on windows-latest)	UNKNOWN STEP	2026-05-18T13:37:44.9668702Z ^[[0m^[[32mDownload^[[0m https://registry.npmjs.org/cross-spawn/-/cross-spawn-7.0.6.tgz
Test (deno on windows-latest)	UNKNOWN STEP	2026-05-18T13:37:44.9669309Z ^[[0m^[[32mDownload^[[0m https://registry.npmjs.org/eslint-visitor-keys/-/eslint-visitor-keys-5.0.1.tgz
Test (deno on windows-latest)	UNKNOWN STEP	2026-05-18T13:37:44.9669975Z ^[[0m^[[32mDownload^[[0m https://registry.npmjs.org/@eslint-community/eslint-utils/-/eslint-utils-4.9.1.tgz
Test (deno on windows-latest)	UNKNOWN STEP	2026-05-18T13:37:44.9670603Z ^[[0m^[[32mDownload^[[0m https://registry.npmjs.org/@eslint-community/regexpp/-/regexpp-4.12.2.tgz
Test (deno on windows-latest)	UNKNOWN STEP	2026-05-18T13:37:44.9671156Z ^[[0m^[[32mDownload^[[0m https://registry.npmjs.org/@humanfs/node/-/node-0.16.8.tgz
Test (deno on windows-latest)	UNKNOWN STEP	2026-05-18T13:37:44.9671697Z ^[[0m^[[32mDownload^[[0m https://registry.npmjs.org/fast-deep-equal/-/fast-deep-equal-3.1.3.tgz
Test (deno on windows-latest)	UNKNOWN STEP	2026-05-18T13:37:44.9672255Z ^[[0m^[[32mDownload^[[0m https://registry.npmjs.org/optionator/-/optionator-0.9.4.tgz
Test (deno on windows-latest)	UNKNOWN STEP	2026-05-18T13:37:44.9672826Z ^[[0m^[[32mDownload^[[0m https://registry.npmjs.org/@eslint/config-helpers/-/config-helpers-0.6.0.tgz
Test (deno on windows-latest)	UNKNOWN STEP	2026-05-18T13:37:44.9673505Z ^[[0m^[[32mDownload^[[0m https://registry.npmjs.org/@humanwhocodes/module-importer/-/module-importer-1.0.1.tgz
Test (deno on windows-latest)	UNKNOWN STEP	2026-05-18T13:37:44.9674205Z ^[[0m^[[32mDownload^[[0m https://registry.npmjs.org/ajv/-/ajv-6.15.0.tgz
Test (deno on windows-latest)	UNKNOWN STEP	2026-05-18T13:37:44.9674939Z ^[[0m^[[32mDownload^[[0m https://registry.npmjs.org/file-entry-cache/-/file-entry-cache-8.0.0.tgz
Test (deno on windows-latest)	UNKNOWN STEP	2026-05-18T13:37:44.9675871Z ^[[0m^[[32mDownload^[[0m https://registry.npmjs.org/natural-compare/-/natural-compare-1.4.0.tgz
Test (deno on windows-latest)	UNKNOWN STEP	2026-05-18T13:37:44.9676405Z ^[[0m^[[32mDownload^[[0m https://registry.npmjs.org/@eslint/core/-/core-1.2.1.tgz
Test (deno on windows-latest)	UNKNOWN STEP	2026-05-18T13:37:44.9676922Z ^[[0m^[[32mDownload^[[0m https://registry.npmjs.org/imurmurhash/-/imurmurhash-0.1.4.tgz
Test (deno on windows-latest)	UNKNOWN STEP	2026-05-18T13:37:44.9677420Z ^[[0m^[[32mDownload^[[0m https://registry.npmjs.org/debug/-/debug-4.4.3.tgz
Test (deno on windows-latest)	UNKNOWN STEP	2026-05-18T13:37:44.9678014Z ^[[0m^[[32mDownload^[[0m https://registry.npmjs.org/@types/estree/-/estree-1.0.9.tgz
Test (deno on windows-latest)	UNKNOWN STEP	2026-05-18T13:37:44.9678509Z ^[[0m^[[32mDownload^[[0m https://registry.npmjs.org/espree/-/espree-11.2.0.tgz
Test (deno on windows-latest)	UNKNOWN STEP	2026-05-18T13:37:44.9679085Z ^[[0m^[[32mDownload^[[0m https://registry.npmjs.org/escape-string-regexp/-/escape-string-regexp-4.0.0.tgz
Test (deno on windows-latest)	UNKNOWN STEP	2026-05-18T13:37:44.9679694Z ^[[0m^[[32mDownload^[[0m https://registry.npmjs.org/glob-parent/-/glob-parent-6.0.2.tgz
Test (deno on windows-latest)	UNKNOWN STEP	2026-05-18T13:37:44.9680188Z ^[[0m^[[32mDownload^[[0m https://registry.npmjs.org/is-glob/-/is-glob-4.0.3.tgz
Test (deno on windows-latest)	UNKNOWN STEP	2026-05-18T13:37:44.9680698Z ^[[0m^[[32mDownload^[[0m https://registry.npmjs.org/@humanwhocodes/retry/-/retry-0.4.3.tgz
Test (deno on windows-latest)	UNKNOWN STEP	2026-05-18T13:37:44.9681200Z ^[[0m^[[32mDownload^[[0m https://registry.npmjs.org/esquery/-/esquery-1.7.0.tgz
Test (deno on windows-latest)	UNKNOWN STEP	2026-05-18T13:37:44.9681693Z ^[[0m^[[32mDownload^[[0m https://registry.npmjs.org/eslint-scope/-/eslint-scope-9.1.2.tgz
Test (deno on windows-latest)	UNKNOWN STEP	2026-05-18T13:37:44.9682273Z ^[[0m^[[32mDownload^[[0m https://registry.npmjs.org/@eslint/config-array/-/config-array-0.23.5.tgz
Test (deno on windows-latest)	UNKNOWN STEP	2026-05-18T13:37:44.9682832Z ^[[0m^[[32mDownload^[[0m https://registry.npmjs.org/micromatch/-/micromatch-4.0.8.tgz
Test (deno on windows-latest)	UNKNOWN STEP	2026-05-18T13:37:44.9683347Z ^[[0m^[[32mDownload^[[0m https://registry.npmjs.org/is-subdir/-/is-subdir-1.2.0.tgz
Test (deno on windows-latest)	UNKNOWN STEP	2026-05-18T13:37:44.9683876Z ^[[0m^[[32mDownload^[[0m https://registry.npmjs.org/prettier/-/prettier-2.8.8.tgz
Test (deno on windows-latest)	UNKNOWN STEP	2026-05-18T13:37:44.9684710Z ^[[0m^[[32mDownload^[[0m https://registry.npmjs.org/human-id/-/human-id-4.1.3.tgz
Test (deno on windows-latest)	UNKNOWN STEP	2026-05-18T13:37:44.9685263Z ^[[0m^[[32mDownload^[[0m https://registry.npmjs.org/p-filter/-/p-filter-2.1.0.tgz
Test (deno on windows-latest)	UNKNOWN STEP	2026-05-18T13:37:44.9685752Z ^[[0m^[[32mDownload^[[0m https://registry.npmjs.org/@changesets/parse/-/parse-0.4.3.tgz
Test (deno on windows-latest)	UNKNOWN STEP	2026-05-18T13:37:44.9686254Z ^[[0m^[[32mDownload^[[0m https://registry.npmjs.org/quansync/-/quansync-0.2.11.tgz
Test (deno on windows-latest)	UNKNOWN STEP	2026-05-18T13:37:44.9686766Z ^[[0m^[[32mDownload^[[0m https://registry.npmjs.org/graceful-fs/-/graceful-fs-4.2.11.tgz
Test (deno on windows-latest)	UNKNOWN STEP	2026-05-18T13:37:44.9687577Z ^[[0m^[[32mDownload^[[0m https://registry.npmjs.org/jsonfile/-/jsonfile-4.0.0.tgz
Test (deno on windows-latest)	UNKNOWN STEP	2026-05-18T13:37:44.9688097Z ^[[0m^[[32mDownload^[[0m https://registry.npmjs.org/universalify/-/universalify-0.1.2.tgz
Test (deno on windows-latest)	UNKNOWN STEP	2026-05-18T13:37:44.9688616Z ^[[0m^[[32mDownload^[[0m https://registry.npmjs.org/@babel/runtime/-/runtime-7.29.2.tgz
Test (deno on windows-latest)	UNKNOWN STEP	2026-05-18T13:37:44.9689131Z ^[[0m^[[32mDownload^[[0m https://registry.npmjs.org/@changesets/types/-/types-4.1.0.tgz
Test (deno on windows-latest)	UNKNOWN STEP	2026-05-18T13:37:44.9689614Z ^[[0m^[[32mDownload^[[0m https://registry.npmjs.org/globby/-/globby-11.1.0.tgz
Test (deno on windows-latest)	UNKNOWN STEP	2026-05-18T13:37:44.9690141Z ^[[0m^[[32mDownload^[[0m https://registry.npmjs.org/read-yaml-file/-/read-yaml-file-1.1.0.tgz
Test (deno on windows-latest)	UNKNOWN STEP	2026-05-18T13:37:44.9690708Z ^[[0m^[[32mDownload^[[0m https://registry.npmjs.org/@manypkg/find-root/-/find-root-1.1.0.tgz
Test (deno on windows-latest)	UNKNOWN STEP	2026-05-18T13:37:44.9691502Z ^[[0m^[[32mDownload^[[0m https://registry.npmjs.org/fs-extra/-/fs-extra-8.1.0.tgz
Test (deno on windows-latest)	UNKNOWN STEP	2026-05-18T13:37:44.9692984Z ^[[0m^[[32mDownload^[[0m https://registry.npmjs.org/detect-indent/-/detect-indent-6.1.0.tgz
Test (deno on windows-latest)	UNKNOWN STEP	2026-05-18T13:37:44.9693713Z ^[[0m^[[32mDownload^[[0m https://registry.npmjs.org/lodash.startcase/-/lodash.startcase-4.4.0.tgz
Test (deno on windows-latest)	UNKNOWN STEP	2026-05-18T13:37:44.9694283Z ^[[0m^[[32mDownload^[[0m https://registry.npmjs.org/outdent/-/outdent-0.5.0.tgz
Test (deno on windows-latest)	UNKNOWN STEP	2026-05-18T13:37:44.9694944Z ^[[0m^[[32mDownload^[[0m https://registry.npmjs.org/@changesets/get-version-range-type/-/get-version-range-type-0.4.0.tgz
Test (deno on windows-latest)	UNKNOWN STEP	2026-05-18T13:37:44.9695590Z ^[[0m^[[32mDownload^[[0m https://registry.npmjs.org/strip-ansi/-/strip-ansi-6.0.1.tgz
Test (deno on windows-latest)	UNKNOWN STEP	2026-05-18T13:37:44.9696811Z ^[[0m^[[32mDownload^[[0m https://registry.npmjs.org/extendable-error/-/extendable-error-0.1.7.tgz
Test (deno on windows-latest)	UNKNOWN STEP	2026-05-18T13:37:44.9697371Z ^[[0m^[[32mDownload^[[0m https://registry.npmjs.org/chardet/-/chardet-2.1.1.tgz
Test (deno on windows-latest)	UNKNOWN STEP	2026-05-18T13:37:44.9697876Z ^[[0m^[[32mDownload^[[0m https://registry.npmjs.org/iconv-lite/-/iconv-lite-0.7.2.tgz
Test (deno on windows-latest)	UNKNOWN STEP	2026-05-18T13:37:44.9698400Z ^[[0m^[[32mDownload^[[0m https://registry.npmjs.org/signal-exit/-/signal-exit-4.1.0.tgz
Test (deno on windows-latest)	UNKNOWN STEP	2026-05-18T13:37:44.9698927Z ^[[0m^[[32mDownload^[[0m https://registry.npmjs.org/fast-diff/-/fast-diff-1.3.0.tgz
Test (deno on windows-latest)	UNKNOWN STEP	2026-05-18T13:37:44.9699622Z ^[[0m^[[32mDownload^[[0m https://registry.npmjs.org/@pkgr/core/-/core-0.2.9.tgz
Test (deno on windows-latest)	UNKNOWN STEP	2026-05-18T13:37:44.9700445Z ^[[0m^[[32mDownload^[[0m https://registry.npmjs.org/cliui/-/cliui-8.0.1.tgz
Test (deno on windows-latest)	UNKNOWN STEP	2026-05-18T13:37:44.9701032Z ^[[0m^[[32mDownload^[[0m https://registry.npmjs.org/yargs-parser/-/yargs-parser-21.1.1.tgz
Test (deno on windows-latest)	UNKNOWN STEP	2026-05-18T13:37:44.9701568Z ^[[0m^[[32mDownload^[[0m https://registry.npmjs.org/escalade/-/escalade-3.2.0.tgz
Test (deno on windows-latest)	UNKNOWN STEP	2026-05-18T13:37:44.9702127Z ^[[0m^[[32mDownload^[[0m https://registry.npmjs.org/require-directory/-/require-directory-2.1.1.tgz
Test (deno on windows-latest)	UNKNOWN STEP	2026-05-18T13:37:44.9702737Z ^[[0m^[[32mDownload^[[0m https://registry.npmjs.org/get-caller-file/-/get-caller-file-2.0.5.tgz
Test (deno on windows-latest)	UNKNOWN STEP	2026-05-18T13:37:44.9703293Z ^[[0m^[[32mDownload^[[0m https://registry.npmjs.org/string-width/-/string-width-4.2.3.tgz
Test (deno on windows-latest)	UNKNOWN STEP	2026-05-18T13:37:44.9703780Z ^[[0m^[[32mDownload^[[0m https://registry.npmjs.org/y18n/-/y18n-5.0.8.tgz
Test (deno on windows-latest)	UNKNOWN STEP	2026-05-18T13:37:44.9704256Z ^[[0m^[[32mDownload^[[0m https://registry.npmjs.org/spark-md5/-/spark-md5-3.0.2.tgz
Test (deno on windows-latest)	UNKNOWN STEP	2026-05-18T13:37:44.9704776Z ^[[0m^[[32mDownload^[[0m https://registry.npmjs.org/universalify/-/universalify-2.0.1.tgz
Test (deno on windows-latest)	UNKNOWN STEP	2026-05-18T13:37:44.9705306Z ^[[0m^[[32mDownload^[[0m https://registry.npmjs.org/jsonfile/-/jsonfile-6.2.1.tgz
Test (deno on windows-latest)	UNKNOWN STEP	2026-05-18T13:37:44.9705824Z ^[[0m^[[32mDownload^[[0m https://registry.npmjs.org/badgen/-/badgen-3.3.2.tgz
Test (deno on windows-latest)	UNKNOWN STEP	2026-05-18T13:37:44.9706684Z ^[[0m^[[32mDownload^[[0m https://registry.npmjs.org/eventemitter3/-/eventemitter3-5.0.4.tgz
Test (deno on windows-latest)	UNKNOWN STEP	2026-05-18T13:37:44.9707518Z ^[[0m^[[32mDownload^[[0m https://registry.npmjs.org/pug/-/pug-3.0.4.tgz
Test (deno on windows-latest)	UNKNOWN STEP	2026-05-18T13:37:44.9708060Z ^[[0m^[[32mDownload^[[0m https://registry.npmjs.org/node-sarif-builder/-/node-sarif-builder-3.4.0.tgz
Test (deno on windows-latest)	UNKNOWN STEP	2026-05-18T13:37:44.9708610Z ^[[0m^[[32mDownload^[[0m https://registry.npmjs.org/bytes/-/bytes-3.1.2.tgz
Test (deno on windows-latest)	UNKNOWN STEP	2026-05-18T13:37:44.9709119Z ^[[0m^[[32mDownload^[[0m https://registry.npmjs.org/markdown-table/-/markdown-table-2.0.0.tgz
Test (deno on windows-latest)	UNKNOWN STEP	2026-05-18T13:37:44.9709655Z ^[[0m^[[32mDownload^[[0m https://registry.npmjs.org/fast-glob/-/fast-glob-3.3.3.tgz
Test (deno on windows-latest)	UNKNOWN STEP	2026-05-18T13:37:44.9710139Z ^[[0m^[[32mDownload^[[0m https://registry.npmjs.org/blamer/-/blamer-1.0.7.tgz
Test (deno on windows-latest)	UNKNOWN STEP	2026-05-18T13:37:44.9710678Z ^[[0m^[[32mDownload^[[0m https://registry.npmjs.org/cli-table3/-/cli-table3-0.6.5.tgz
Test (deno on windows-latest)	UNKNOWN STEP	2026-05-18T13:37:44.9711582Z ^[[0m^[[32mDownload^[[0m https://registry.npmjs.org/brace-expansion/-/brace-expansion-5.0.6.tgz
Test (deno on windows-latest)	UNKNOWN STEP	2026-05-18T13:37:44.9712159Z ^[[0m^[[32mDownload^[[0m https://registry.npmjs.org/locate-path/-/locate-path-6.0.0.tgz
Test (deno on windows-latest)	UNKNOWN STEP	2026-05-18T13:37:44.9712680Z ^[[0m^[[32mDownload^[[0m https://registry.npmjs.org/path-exists/-/path-exists-4.0.0.tgz
Test (deno on windows-latest)	UNKNOWN STEP	2026-05-18T13:37:44.9713155Z ^[[0m^[[32mDownload^[[0m https://registry.npmjs.org/levn/-/levn-0.4.1.tgz
Test (deno on windows-latest)	UNKNOWN STEP	2026-05-18T13:37:44.9713598Z ^[[0m^[[32mDownload^[[0m https://registry.npmjs.org/which/-/which-2.0.2.tgz
Test (deno on windows-latest)	UNKNOWN STEP	2026-05-18T13:37:44.9714057Z ^[[0m^[[32mDownload^[[0m https://registry.npmjs.org/path-key/-/path-key-3.1.1.tgz
Test (deno on windows-latest)	UNKNOWN STEP	2026-05-18T13:37:44.9714607Z ^[[0m^[[32mDownload^[[0m https://registry.npmjs.org/shebang-command/-/shebang-command-2.0.0.tgz
Test (deno on windows-latest)	UNKNOWN STEP	2026-05-18T13:37:44.9715451Z ^[[0m^[[32mDownload^[[0m https://registry.npmjs.org/eslint-visitor-keys/-/eslint-visitor-keys-3.4.3.tgz
Test (deno on windows-latest)	UNKNOWN STEP	2026-05-18T13:37:44.9716214Z ^[[0m^[[32mDownload^[[0m https://registry.npmjs.org/@humanfs/core/-/core-0.19.2.tgz
Test (deno on windows-latest)	UNKNOWN STEP	2026-05-18T13:37:44.9716729Z ^[[0m^[[32mDownload^[[0m https://registry.npmjs.org/@humanfs/types/-/types-0.15.0.tgz
Test (deno on windows-latest)	UNKNOWN STEP	2026-05-18T13:37:44.9717220Z ^[[0m^[[32mDownload^[[0m https://registry.npmjs.org/word-wrap/-/word-wrap-1.2.5.tgz
Test (deno on windows-latest)	UNKNOWN STEP	2026-05-18T13:37:44.9717835Z ^[[0m^[[32mDownload^[[0m https://registry.npmjs.org/deep-is/-/deep-is-0.1.4.tgz
Test (deno on windows-latest)	UNKNOWN STEP	2026-05-18T13:37:44.9718390Z ^[[0m^[[32mDownload^[[0m https://registry.npmjs.org/fast-levenshtein/-/fast-levenshtein-2.0.6.tgz
Test (deno on windows-latest)	UNKNOWN STEP	2026-05-18T13:37:44.9719027Z ^[[0m^[[32mDownload^[[0m https://registry.npmjs.org/prelude-ls/-/prelude-ls-1.2.1.tgz
Test (deno on windows-latest)	UNKNOWN STEP	2026-05-18T13:37:44.9719884Z ^[[0m^[[32mDownload^[[0m https://registry.npmjs.org/type-check/-/type-check-0.4.0.tgz
Test (deno on windows-latest)	UNKNOWN STEP	2026-05-18T13:37:44.9720384Z ^[[0m^[[32mDownload^[[0m https://registry.npmjs.org/uri-js/-/uri-js-4.4.1.tgz
Test (deno on windows-latest)	UNKNOWN STEP	2026-05-18T13:37:44.9720953Z ^[[0m^[[32mDownload^[[0m https://registry.npmjs.org/json-schema-traverse/-/json-schema-traverse-0.4.1.tgz
Test (deno on windows-latest)	UNKNOWN STEP	2026-05-18T13:37:44.9721790Z ^[[0m^[[32mDownload^[[0m https://registry.npmjs.org/fast-json-stable-stringify/-/fast-json-stable-stringify-2.1.0.tgz
Test (deno on windows-latest)	UNKNOWN STEP	2026-05-18T13:37:44.9722423Z ^[[0m^[[32mDownload^[[0m https://registry.npmjs.org/flat-cache/-/flat-cache-4.0.1.tgz
Test (deno on windows-latest)	UNKNOWN STEP	2026-05-18T13:37:44.9723155Z ^[[0m^[[32mDownload^[[0m https://registry.npmjs.org/@types/json-schema/-/json-schema-7.0.15.tgz
Test (deno on windows-latest)	UNKNOWN STEP	2026-05-18T13:37:44.9723838Z ^[[0m^[[32mDownload^[[0m https://registry.npmjs.org/ms/-/ms-2.1.3.tgz
Test (deno on windows-latest)	UNKNOWN STEP	2026-05-18T13:37:44.9724277Z ^[[0m^[[32mDownload^[[0m https://registry.npmjs.org/acorn/-/acorn-8.16.0.tgz
Test (deno on windows-latest)	UNKNOWN STEP	2026-05-18T13:37:44.9724739Z ^[[0m^[[32mDownload^[[0m https://registry.npmjs.org/acorn-jsx/-/acorn-jsx-5.3.2.tgz
Test (deno on windows-latest)	UNKNOWN STEP	2026-05-18T13:37:44.9725230Z ^[[0m^[[32mDownload^[[0m https://registry.npmjs.org/is-extglob/-/is-extglob-2.1.1.tgz
Test (deno on windows-latest)	UNKNOWN STEP	2026-05-18T13:37:44.9725726Z ^[[0m^[[32mDownload^[[0m https://registry.npmjs.org/estraverse/-/estraverse-5.3.0.tgz
Test (deno on windows-latest)	UNKNOWN STEP	2026-05-18T13:37:44.9726508Z ^[[0m^[[32mDownload^[[0m https://registry.npmjs.org/@types/esrecurse/-/esrecurse-4.3.1.tgz
Test (deno on windows-latest)	UNKNOWN STEP	2026-05-18T13:37:44.9727496Z ^[[0m^[[32mDownload^[[0m https://registry.npmjs.org/esrecurse/-/esrecurse-4.3.0.tgz
Test (deno on windows-latest)	UNKNOWN STEP	2026-05-18T13:37:44.9728064Z ^[[0m^[[32mDownload^[[0m https://registry.npmjs.org/@eslint/object-schema/-/object-schema-3.0.5.tgz
Test (deno on windows-latest)	UNKNOWN STEP	2026-05-18T13:37:44.9728620Z ^[[0m^[[32mDownload^[[0m https://registry.npmjs.org/picomatch/-/picomatch-2.3.2.tgz
Test (deno on windows-latest)	UNKNOWN STEP	2026-05-18T13:37:44.9729087Z ^[[0m^[[32mDownload^[[0m https://registry.npmjs.org/braces/-/braces-3.0.3.tgz
Test (deno on windows-latest)	UNKNOWN STEP	2026-05-18T13:37:44.9729734Z ^[[0m^[[32mDownload^[[0m https://registry.npmjs.org/better-path-resolve/-/better-path-resolve-1.0.0.tgz
Test (deno on windows-latest)	UNKNOWN STEP	2026-05-18T13:37:44.9730600Z ^[[0m^[[32mDownload^[[0m https://registry.npmjs.org/p-map/-/p-map-2.1.0.tgz
Test (deno on windows-latest)	UNKNOWN STEP	2026-05-18T13:37:44.9731053Z ^[[0m^[[32mDownload^[[0m https://registry.npmjs.org/js-yaml/-/js-yaml-4.1.1.tgz
Test (deno on windows-latest)	UNKNOWN STEP	2026-05-18T13:37:44.9731575Z ^[[0m^[[32mDownload^[[0m https://registry.npmjs.org/dir-glob/-/dir-glob-3.0.1.tgz
Test (deno on windows-latest)	UNKNOWN STEP	2026-05-18T13:37:44.9732405Z ^[[0m^[[32mDownload^[[0m https://registry.npmjs.org/merge2/-/merge2-1.4.1.tgz
Test (deno on windows-latest)	UNKNOWN STEP	2026-05-18T13:37:44.9732920Z ^[[0m^[[32mDownload^[[0m https://registry.npmjs.org/array-union/-/array-union-2.1.0.tgz
Test (deno on windows-latest)	UNKNOWN STEP	2026-05-18T13:37:44.9733420Z ^[[0m^[[32mDownload^[[0m https://registry.npmjs.org/slash/-/slash-3.0.0.tgz
Test (deno on windows-latest)	UNKNOWN STEP	2026-05-18T13:37:44.9734248Z ^[[0m^[[32mDownload^[[0m https://registry.npmjs.org/js-yaml/-/js-yaml-3.14.2.tgz
Test (deno on windows-latest)	UNKNOWN STEP	2026-05-18T13:37:44.9734850Z ^[[0m^[[32mDownload^[[0m https://registry.npmjs.org/strip-bom/-/strip-bom-3.0.0.tgz
Test (deno on windows-latest)	UNKNOWN STEP	2026-05-18T13:37:44.9735654Z ^[[0m^[[32mDownload^[[0m https://registry.npmjs.org/pify/-/pify-4.0.1.tgz
Test (deno on windows-latest)	UNKNOWN STEP	2026-05-18T13:37:44.9736138Z ^[[0m^[[32mDownload^[[0m https://registry.npmjs.org/@types/node/-/node-12.20.55.tgz
Test (deno on windows-latest)	UNKNOWN STEP	2026-05-18T13:37:44.9736966Z ^[[0m^[[32mDownload^[[0m https://registry.npmjs.org/find-up/-/find-up-4.1.0.tgz
Test (deno on windows-latest)	UNKNOWN STEP	2026-05-18T13:37:44.9737501Z ^[[0m^[[32mDownload^[[0m https://registry.npmjs.org/ansi-regex/-/ansi-regex-5.0.1.tgz
Test (deno on windows-latest)	UNKNOWN STEP	2026-05-18T13:37:44.9738402Z ^[[0m^[[32mDownload^[[0m https://registry.npmjs.org/safer-buffer/-/safer-buffer-2.1.2.tgz
Test (deno on windows-latest)	UNKNOWN STEP	2026-05-18T13:37:44.9738931Z ^[[0m^[[32mDownload^[[0m https://registry.npmjs.org/wrap-ansi/-/wrap-ansi-7.0.0.tgz
Test (deno on windows-latest)	UNKNOWN STEP	2026-05-18T13:37:44.9739490Z ^[[0m^[[32mDownload^[[0m https://registry.npmjs.org/emoji-regex/-/emoji-regex-8.0.0.tgz
Test (deno on windows-latest)	UNKNOWN STEP	2026-05-18T13:37:44.9740468Z ^[[0m^[[32mDownload^[[0m https://registry.npmjs.org/is-fullwidth-code-point/-/is-fullwidth-code-point-3.0.0.tgz
Test (deno on windows-latest)	UNKNOWN STEP	2026-05-18T13:37:44.9741248Z ^[[0m^[[32mDownload^[[0m https://registry.npmjs.org/pug-code-gen/-/pug-code-gen-3.0.4.tgz
Test (deno on windows-latest)	UNKNOWN STEP	2026-05-18T13:37:44.9742007Z ^[[0m^[[32mDownload^[[0m https://registry.npmjs.org/pug-filters/-/pug-filters-4.0.0.tgz
Test (deno on windows-latest)	UNKNOWN STEP	2026-05-18T13:37:44.9742790Z ^[[0m^[[32mDownload^[[0m https://registry.npmjs.org/pug-strip-comments/-/pug-strip-comments-2.0.0.tgz
Test (deno on windows-latest)	UNKNOWN STEP	2026-05-18T13:37:44.9743373Z ^[[0m^[[32mDownload^[[0m https://registry.npmjs.org/pug-runtime/-/pug-runtime-3.0.1.tgz
Test (deno on windows-latest)	UNKNOWN STEP	2026-05-18T13:37:44.9744254Z ^[[0m^[[32mDownload^[[0m https://registry.npmjs.org/pug-linker/-/pug-linker-4.0.0.tgz
Test (deno on windows-latest)	UNKNOWN STEP	2026-05-18T13:37:44.9744940Z ^[[0m^[[32mDownload^[[0m https://registry.npmjs.org/pug-lexer/-/pug-lexer-5.0.1.tgz
Test (deno on windows-latest)	UNKNOWN STEP	2026-05-18T13:37:44.9745444Z ^[[0m^[[32mDownload^[[0m https://registry.npmjs.org/pug-load/-/pug-load-3.0.0.tgz
Test (deno on windows-latest)	UNKNOWN STEP	2026-05-18T13:37:44.9745951Z ^[[0m^[[32mDownload^[[0m https://registry.npmjs.org/pug-parser/-/pug-parser-6.0.0.tgz
Test (deno on windows-latest)	UNKNOWN STEP	2026-05-18T13:37:44.9746793Z ^[[0m^[[32mDownload^[[0m https://registry.npmjs.org/@types/sarif/-/sarif-2.1.7.tgz
Test (deno on windows-latest)	UNKNOWN STEP	2026-05-18T13:37:44.9747657Z ^[[0m^[[32mDownload^[[0m https://registry.npmjs.org/repeat-string/-/repeat-string-1.6.1.tgz
Test (deno on windows-latest)	UNKNOWN STEP	2026-05-18T13:37:44.9748555Z ^[[0m^[[32mDownload^[[0m https://registry.npmjs.org/@nodelib/fs.walk/-/fs.walk-1.2.8.tgz
Test (deno on windows-latest)	UNKNOWN STEP	2026-05-18T13:37:44.9749155Z ^[[0m^[[32mDownload^[[0m https://registry.npmjs.org/glob-parent/-/glob-parent-5.1.2.tgz
Test (deno on windows-latest)	UNKNOWN STEP	2026-05-18T13:37:44.9749969Z ^[[0m^[[32mDownload^[[0m https://registry.npmjs.org/@nodelib/fs.stat/-/fs.stat-2.0.5.tgz
Test (deno on windows-latest)	UNKNOWN STEP	2026-05-18T13:37:44.9750487Z ^[[0m^[[32mDownload^[[0m https://registry.npmjs.org/execa/-/execa-4.1.0.tgz
Test (deno on windows-latest)	UNKNOWN STEP	2026-05-18T13:37:44.9751300Z ^[[0m^[[32mDownload^[[0m https://registry.npmjs.org/@colors/colors/-/colors-1.5.0.tgz
Test (deno on windows-latest)	UNKNOWN STEP	2026-05-18T13:37:44.9751852Z ^[[0m^[[32mDownload^[[0m https://registry.npmjs.org/balanced-match/-/balanced-match-4.0.4.tgz
Test (deno on windows-latest)	UNKNOWN STEP	2026-05-18T13:37:44.9752390Z ^[[0m^[[32mDownload^[[0m https://registry.npmjs.org/p-locate/-/p-locate-5.0.0.tgz
Test (deno on windows-latest)	UNKNOWN STEP	2026-05-18T13:37:44.9753219Z ^[[0m^[[32mDownload^[[0m https://registry.npmjs.org/isexe/-/isexe-2.0.0.tgz
Test (deno on windows-latest)	UNKNOWN STEP	2026-05-18T13:37:44.9753736Z ^[[0m^[[32mDownload^[[0m https://registry.npmjs.org/shebang-regex/-/shebang-regex-3.0.0.tgz
Test (deno on windows-latest)	UNKNOWN STEP	2026-05-18T13:37:44.9754625Z ^[[0m^[[32mDownload^[[0m https://registry.npmjs.org/punycode/-/punycode-2.3.1.tgz
Test (deno on windows-latest)	UNKNOWN STEP	2026-05-18T13:37:44.9755107Z ^[[0m^[[32mDownload^[[0m https://registry.npmjs.org/keyv/-/keyv-4.5.4.tgz
Test (deno on windows-latest)	UNKNOWN STEP	2026-05-18T13:37:44.9755555Z ^[[0m^[[32mDownload^[[0m https://registry.npmjs.org/flatted/-/flatted-3.4.2.tgz
Test (deno on windows-latest)	UNKNOWN STEP	2026-05-18T13:37:44.9756384Z ^[[0m^[[32mDownload^[[0m https://registry.npmjs.org/fill-range/-/fill-range-7.1.1.tgz
Test (deno on windows-latest)	UNKNOWN STEP	2026-05-18T13:37:44.9756947Z ^[[0m^[[32mDownload^[[0m https://registry.npmjs.org/is-windows/-/is-windows-1.0.2.tgz
Test (deno on windows-latest)	UNKNOWN STEP	2026-05-18T13:37:44.9757747Z ^[[0m^[[32mDownload^[[0m https://registry.npmjs.org/argparse/-/argparse-2.0.1.tgz
Test (deno on windows-latest)	UNKNOWN STEP	2026-05-18T13:37:44.9758347Z ^[[0m^[[32mDownload^[[0m https://registry.npmjs.org/path-type/-/path-type-4.0.0.tgz
Test (deno on windows-latest)	UNKNOWN STEP	2026-05-18T13:37:44.9759123Z ^[[0m^[[32mDownload^[[0m https://registry.npmjs.org/esprima/-/esprima-4.0.1.tgz
Test (deno on windows-latest)	UNKNOWN STEP	2026-05-18T13:37:44.9759786Z ^[[0m^[[32mDownload^[[0m https://registry.npmjs.org/argparse/-/argparse-1.0.10.tgz
Test (deno on windows-latest)	UNKNOWN STEP	2026-05-18T13:37:44.9760559Z ^[[0m^[[32mDownload^[[0m https://registry.npmjs.org/locate-path/-/locate-path-5.0.0.tgz
Test (deno on windows-latest)	UNKNOWN STEP	2026-05-18T13:37:44.9761256Z ^[[0m^[[32mDownload^[[0m https://registry.npmjs.org/ansi-styles/-/ansi-styles-4.3.0.tgz
Test (deno on windows-latest)	UNKNOWN STEP	2026-05-18T13:37:44.9761853Z ^[[0m^[[32mDownload^[[0m https://registry.npmjs.org/doctypes/-/doctypes-1.1.0.tgz
Test (deno on windows-latest)	UNKNOWN STEP	2026-05-18T13:37:44.9762495Z ^[[0m^[[32mDownload^[[0m https://registry.npmjs.org/js-stringify/-/js-stringify-1.0.2.tgz
Test (deno on windows-latest)	UNKNOWN STEP	2026-05-18T13:37:44.9763085Z ^[[0m^[[32mDownload^[[0m https://registry.npmjs.org/pug-error/-/pug-error-2.1.0.tgz
Test (deno on windows-latest)	UNKNOWN STEP	2026-05-18T13:37:44.9764230Z ^[[0m^[[32mDownload^[[0m https://registry.npmjs.org/pug-attrs/-/pug-attrs-3.0.0.tgz
Test (deno on windows-latest)	UNKNOWN STEP	2026-05-18T13:37:44.9765373Z ^[[0m^[[32mDownload^[[0m https://registry.npmjs.org/constantinople/-/constantinople-4.0.1.tgz
Test (deno on windows-latest)	UNKNOWN STEP	2026-05-18T13:37:44.9766728Z ^[[0m^[[32mDownload^[[0m https://registry.npmjs.org/void-elements/-/void-elements-3.1.0.tgz
Test (deno on windows-latest)	UNKNOWN STEP	2026-05-18T13:37:44.9767700Z ^[[0m^[[32mDownload^[[0m https://registry.npmjs.org/with/-/with-7.0.2.tgz
Test (deno on windows-latest)	UNKNOWN STEP	2026-05-18T13:37:44.9768519Z ^[[0m^[[32mDownload^[[0m https://registry.npmjs.org/resolve/-/resolve-1.22.12.tgz
Test (deno on windows-latest)	UNKNOWN STEP	2026-05-18T13:37:44.9769318Z ^[[0m^[[32mDownload^[[0m https://registry.npmjs.org/jstransformer/-/jstransformer-1.0.0.tgz
Test (deno on windows-latest)	UNKNOWN STEP	2026-05-18T13:37:44.9770068Z ^[[0m^[[32mDownload^[[0m https://registry.npmjs.org/pug-walk/-/pug-walk-2.0.0.tgz
Test (deno on windows-latest)	UNKNOWN STEP	2026-05-18T13:37:44.9770962Z ^[[0m^[[32mDownload^[[0m https://registry.npmjs.org/is-expression/-/is-expression-4.0.0.tgz
Test (deno on windows-latest)	UNKNOWN STEP	2026-05-18T13:37:44.9772147Z ^[[0m^[[32mDownload^[[0m https://registry.npmjs.org/character-parser/-/character-parser-2.2.0.tgz
Test (deno on windows-latest)	UNKNOWN STEP	2026-05-18T13:37:44.9773031Z ^[[0m^[[32mDownload^[[0m https://registry.npmjs.org/object-assign/-/object-assign-4.1.1.tgz
Test (deno on windows-latest)	UNKNOWN STEP	2026-05-18T13:37:44.9774171Z ^[[0m^[[32mDownload^[[0m https://registry.npmjs.org/token-stream/-/token-stream-1.0.0.tgz
Test (deno on windows-latest)	UNKNOWN STEP	2026-05-18T13:37:44.9774780Z ^[[0m^[[32mDownload^[[0m https://registry.npmjs.org/@nodelib/fs.scandir/-/fs.scandir-2.1.5.tgz
Test (deno on windows-latest)	UNKNOWN STEP	2026-05-18T13:37:44.9775341Z ^[[0m^[[32mDownload^[[0m https://registry.npmjs.org/fastq/-/fastq-1.20.1.tgz
Test (deno on windows-latest)	UNKNOWN STEP	2026-05-18T13:37:44.9776193Z ^[[0m^[[32mDownload^[[0m https://registry.npmjs.org/is-stream/-/is-stream-2.0.1.tgz
Test (deno on windows-latest)	UNKNOWN STEP	2026-05-18T13:37:44.9776738Z ^[[0m^[[32mDownload^[[0m https://registry.npmjs.org/signal-exit/-/signal-exit-3.0.7.tgz
Test (deno on windows-latest)	UNKNOWN STEP	2026-05-18T13:37:44.9777356Z ^[[0m^[[32mDownload^[[0m https://registry.npmjs.org/human-signals/-/human-signals-1.1.1.tgz
Test (deno on windows-latest)	UNKNOWN STEP	2026-05-18T13:37:44.9778317Z ^[[0m^[[32mDownload^[[0m https://registry.npmjs.org/strip-final-newline/-/strip-final-newline-2.0.0.tgz
Test (deno on windows-latest)	UNKNOWN STEP	2026-05-18T13:37:44.9778932Z ^[[0m^[[32mDownload^[[0m https://registry.npmjs.org/merge-stream/-/merge-stream-2.0.0.tgz
Test (deno on windows-latest)	UNKNOWN STEP	2026-05-18T13:37:44.9779455Z ^[[0m^[[32mDownload^[[0m https://registry.npmjs.org/onetime/-/onetime-5.1.2.tgz
Test (deno on windows-latest)	UNKNOWN STEP	2026-05-18T13:37:44.9780107Z ^[[0m^[[32mDownload^[[0m https://registry.npmjs.org/get-stream/-/get-stream-5.2.0.tgz
Test (deno on windows-latest)	UNKNOWN STEP	2026-05-18T13:37:44.9780914Z ^[[0m^[[32mDownload^[[0m https://registry.npmjs.org/npm-run-path/-/npm-run-path-4.0.1.tgz
Test (deno on windows-latest)	UNKNOWN STEP	2026-05-18T13:37:44.9781430Z ^[[0m^[[32mDownload^[[0m https://registry.npmjs.org/p-limit/-/p-limit-3.1.0.tgz
Test (deno on windows-latest)	UNKNOWN STEP	2026-05-18T13:37:44.9781931Z ^[[0m^[[32mDownload^[[0m https://registry.npmjs.org/json-buffer/-/json-buffer-3.0.1.tgz
Test (deno on windows-latest)	UNKNOWN STEP	2026-05-18T13:37:44.9782529Z ^[[0m^[[32mDownload^[[0m https://registry.npmjs.org/to-regex-range/-/to-regex-range-5.0.1.tgz
Test (deno on windows-latest)	UNKNOWN STEP	2026-05-18T13:37:44.9783432Z ^[[0m^[[32mDownload^[[0m https://registry.npmjs.org/sprintf-js/-/sprintf-js-1.0.3.tgz
Test (deno on windows-latest)	UNKNOWN STEP	2026-05-18T13:37:44.9783941Z ^[[0m^[[32mDownload^[[0m https://registry.npmjs.org/p-locate/-/p-locate-4.1.0.tgz
Test (deno on windows-latest)	UNKNOWN STEP	2026-05-18T13:37:44.9784462Z ^[[0m^[[32mDownload^[[0m https://registry.npmjs.org/color-convert/-/color-convert-2.0.1.tgz
Test (deno on windows-latest)	UNKNOWN STEP	2026-05-18T13:37:44.9785441Z ^[[0m^[[32mDownload^[[0m https://registry.npmjs.org/@babel/types/-/types-7.29.0.tgz
Test (deno on windows-latest)	UNKNOWN STEP	2026-05-18T13:37:44.9785946Z ^[[0m^[[32mDownload^[[0m https://registry.npmjs.org/@babel/parser/-/parser-7.29.3.tgz
Test (deno on windows-latest)	UNKNOWN STEP	2026-05-18T13:37:44.9786496Z ^[[0m^[[32mDownload^[[0m https://registry.npmjs.org/babel-walk/-/babel-walk-3.0.0-canary-5.tgz
Test (deno on windows-latest)	UNKNOWN STEP	2026-05-18T13:37:44.9787846Z ^[[0m^[[32mDownload^[[0m https://registry.npmjs.org/assert-never/-/assert-never-1.4.0.tgz
Test (deno on windows-latest)	UNKNOWN STEP	2026-05-18T13:37:44.9788407Z ^[[0m^[[32mDownload^[[0m https://registry.npmjs.org/es-errors/-/es-errors-1.3.0.tgz
Test (deno on windows-latest)	UNKNOWN STEP	2026-05-18T13:37:44.9789312Z ^[[0m^[[32mDownload^[[0m https://registry.npmjs.org/path-parse/-/path-parse-1.0.7.tgz
Test (deno on windows-latest)	UNKNOWN STEP	2026-05-18T13:37:44.9789906Z ^[[0m^[[32mDownload^[[0m https://registry.npmjs.org/is-core-module/-/is-core-module-2.16.2.tgz
Test (deno on windows-latest)	UNKNOWN STEP	2026-05-18T13:37:44.9791063Z ^[[0m^[[32mDownload^[[0m https://registry.npmjs.org/supports-preserve-symlinks-flag/-/supports-preserve-symlinks-flag-1.0.0.tgz
Test (deno on windows-latest)	UNKNOWN STEP	2026-05-18T13:37:44.9791818Z ^[[0m^[[32mDownload^[[0m https://registry.npmjs.org/is-promise/-/is-promise-2.2.2.tgz
Test (deno on windows-latest)	UNKNOWN STEP	2026-05-18T13:37:44.9792318Z ^[[0m^[[32mDownload^[[0m https://registry.npmjs.org/promise/-/promise-7.3.1.tgz
Test (deno on windows-latest)	UNKNOWN STEP	2026-05-18T13:37:44.9792779Z ^[[0m^[[32mDownload^[[0m https://registry.npmjs.org/acorn/-/acorn-7.4.1.tgz
Test (deno on windows-latest)	UNKNOWN STEP	2026-05-18T13:37:44.9793240Z ^[[0m^[[32mDownload^[[0m https://registry.npmjs.org/is-regex/-/is-regex-1.2.1.tgz
Test (deno on windows-latest)	UNKNOWN STEP	2026-05-18T13:37:44.9794281Z ^[[0m^[[32mDownload^[[0m https://registry.npmjs.org/run-parallel/-/run-parallel-1.2.0.tgz
Test (deno on windows-latest)	UNKNOWN STEP	2026-05-18T13:37:44.9794813Z ^[[0m^[[32mDownload^[[0m https://registry.npmjs.org/reusify/-/reusify-1.1.0.tgz
Test (deno on windows-latest)	UNKNOWN STEP	2026-05-18T13:37:44.9795274Z ^[[0m^[[32mDownload^[[0m https://registry.npmjs.org/mimic-fn/-/mimic-fn-2.1.0.tgz
Test (deno on windows-latest)	UNKNOWN STEP	2026-05-18T13:37:44.9796162Z ^[[0m^[[32mDownload^[[0m https://registry.npmjs.org/pump/-/pump-3.0.4.tgz
Test (deno on windows-latest)	UNKNOWN STEP	2026-05-18T13:37:44.9796660Z ^[[0m^[[32mDownload^[[0m https://registry.npmjs.org/yocto-queue/-/yocto-queue-0.1.0.tgz
Test (deno on windows-latest)	UNKNOWN STEP	2026-05-18T13:37:44.9797687Z ^[[0m^[[32mDownload^[[0m https://registry.npmjs.org/is-number/-/is-number-7.0.0.tgz
Test (deno on windows-latest)	UNKNOWN STEP	2026-05-18T13:37:44.9798184Z ^[[0m^[[32mDownload^[[0m https://registry.npmjs.org/p-limit/-/p-limit-2.3.0.tgz
Test (deno on windows-latest)	UNKNOWN STEP	2026-05-18T13:37:44.9798668Z ^[[0m^[[32mDownload^[[0m https://registry.npmjs.org/color-name/-/color-name-1.1.4.tgz
Test (deno on windows-latest)	UNKNOWN STEP	2026-05-18T13:37:44.9799694Z ^[[0m^[[32mDownload^[[0m https://registry.npmjs.org/@babel/helper-string-parser/-/helper-string-parser-7.27.1.tgz
Test (deno on windows-latest)	UNKNOWN STEP	2026-05-18T13:37:44.9800514Z ^[[0m^[[32mDownload^[[0m https://registry.npmjs.org/@babel/helper-validator-identifier/-/helper-validator-identifier-7.28.5.tgz
Test (deno on windows-latest)	UNKNOWN STEP	2026-05-18T13:37:44.9801570Z ^[[0m^[[32mDownload^[[0m https://registry.npmjs.org/hasown/-/hasown-2.0.3.tgz
Test (deno on windows-latest)	UNKNOWN STEP	2026-05-18T13:37:44.9802054Z ^[[0m^[[32mDownload^[[0m https://registry.npmjs.org/asap/-/asap-2.0.6.tgz
Test (deno on windows-latest)	UNKNOWN STEP	2026-05-18T13:37:44.9821588Z ^[[0m^[[32mDownload^[[0m https://registry.npmjs.org/call-bound/-/call-bound-1.0.4.tgz
Test (deno on windows-latest)	UNKNOWN STEP	2026-05-18T13:37:44.9822579Z ^[[0m^[[32mDownload^[[0m https://registry.npmjs.org/has-tostringtag/-/has-tostringtag-1.0.2.tgz
Test (deno on windows-latest)	UNKNOWN STEP	2026-05-18T13:37:44.9823142Z ^[[0m^[[32mDownload^[[0m https://registry.npmjs.org/gopd/-/gopd-1.2.0.tgz
Test (deno on windows-latest)	UNKNOWN STEP	2026-05-18T13:37:44.9823680Z ^[[0m^[[32mDownload^[[0m https://registry.npmjs.org/queue-microtask/-/queue-microtask-1.2.3.tgz
Test (deno on windows-latest)	UNKNOWN STEP	2026-05-18T13:37:44.9824217Z ^[[0m^[[32mDownload^[[0m https://registry.npmjs.org/once/-/once-1.4.0.tgz
Test (deno on windows-latest)	UNKNOWN STEP	2026-05-18T13:37:44.9824719Z ^[[0m^[[32mDownload^[[0m https://registry.npmjs.org/end-of-stream/-/end-of-stream-1.4.5.tgz
Test (deno on windows-latest)	UNKNOWN STEP	2026-05-18T13:37:44.9825234Z ^[[0m^[[32mDownload^[[0m https://registry.npmjs.org/p-try/-/p-try-2.2.0.tgz
Test (deno on windows-latest)	UNKNOWN STEP	2026-05-18T13:37:44.9826046Z ^[[0m^[[32mDownload^[[0m https://registry.npmjs.org/function-bind/-/function-bind-1.1.2.tgz
Test (deno on windows-latest)	UNKNOWN STEP	2026-05-18T13:37:44.9826717Z ^[[0m^[[32mDownload^[[0m https://registry.npmjs.org/call-bind-apply-helpers/-/call-bind-apply-helpers-1.0.2.tgz
Test (deno on windows-latest)	UNKNOWN STEP	2026-05-18T13:37:44.9827360Z ^[[0m^[[32mDownload^[[0m https://registry.npmjs.org/get-intrinsic/-/get-intrinsic-1.3.0.tgz
Test (deno on windows-latest)	UNKNOWN STEP	2026-05-18T13:37:44.9827912Z ^[[0m^[[32mDownload^[[0m https://registry.npmjs.org/has-symbols/-/has-symbols-1.1.0.tgz
Test (deno on windows-latest)	UNKNOWN STEP	2026-05-18T13:37:44.9828428Z ^[[0m^[[32mDownload^[[0m https://registry.npmjs.org/wrappy/-/wrappy-1.0.2.tgz
Test (deno on windows-latest)	UNKNOWN STEP	2026-05-18T13:37:44.9828990Z ^[[0m^[[32mDownload^[[0m https://registry.npmjs.org/es-define-property/-/es-define-property-1.0.1.tgz
Test (deno on windows-latest)	UNKNOWN STEP	2026-05-18T13:37:44.9829611Z ^[[0m^[[32mDownload^[[0m https://registry.npmjs.org/es-object-atoms/-/es-object-atoms-1.1.1.tgz
Test (deno on windows-latest)	UNKNOWN STEP	2026-05-18T13:37:44.9830155Z ^[[0m^[[32mDownload^[[0m https://registry.npmjs.org/get-proto/-/get-proto-1.0.1.tgz
Test (deno on windows-latest)	UNKNOWN STEP	2026-05-18T13:37:44.9830705Z ^[[0m^[[32mDownload^[[0m https://registry.npmjs.org/math-intrinsics/-/math-intrinsics-1.1.0.tgz
Test (deno on windows-latest)	UNKNOWN STEP	2026-05-18T13:37:44.9831274Z ^[[0m^[[32mDownload^[[0m https://registry.npmjs.org/dunder-proto/-/dunder-proto-1.0.1.tgz
Test (deno on windows-latest)	UNKNOWN STEP	2026-05-18T13:37:45.0507614Z ^[[0m^[[32mInitialize^[[0m eslint-plugin-prettier@5.5.5
Test (deno on windows-latest)	UNKNOWN STEP	2026-05-18T13:37:45.0650055Z ^[[0m^[[32mInitialize^[[0m picocolors@1.1.1
Test (deno on windows-latest)	UNKNOWN STEP	2026-05-18T13:37:45.0745165Z ^[[0m^[[32mInitialize^[[0m ansi-colors@4.1.3
Test (deno on windows-latest)	UNKNOWN STEP	2026-05-18T13:37:45.0921670Z ^[[0m^[[32mInitialize^[[0m mri@1.2.0
Test (deno on windows-latest)	UNKNOWN STEP	2026-05-18T13:37:45.1098397Z ^[[0m^[[32mInitialize^[[0m getenv@2.0.0
Test (deno on windows-latest)	UNKNOWN STEP	2026-05-18T13:37:45.1206009Z ^[[0m^[[32mInitialize^[[0m eslint-config-prettier@10.1.8
Test (deno on windows-latest)	UNKNOWN STEP	2026-05-18T13:37:45.1304661Z ^[[0m^[[32mInitialize^[[0m term-size@2.2.1
Test (deno on windows-latest)	UNKNOWN STEP	2026-05-18T13:37:45.3061372Z ^[[0m^[[32mInitialize^[[0m cross-spawn@7.0.6
Test (deno on windows-latest)	UNKNOWN STEP	2026-05-18T13:37:45.3198539Z ^[[0m^[[32mInitialize^[[0m resolve-from@5.0.0
Test (deno on windows-latest)	UNKNOWN STEP	2026-05-18T13:37:45.3287698Z ^[[0m^[[32mInitialize^[[0m ignore@5.3.2
Test (deno on windows-latest)	UNKNOWN STEP	2026-05-18T13:37:45.3441456Z ^[[0m^[[32mInitialize^[[0m lino-arguments@0.3.0
Test (deno on windows-latest)	UNKNOWN STEP	2026-05-18T13:37:45.3611836Z ^[[0m^[[32mInitialize^[[0m jscpd@4.2.3
Test (deno on windows-latest)	UNKNOWN STEP	2026-05-18T13:37:45.3628850Z ^[[0m^[[32mInitialize^[[0m package-manager-detector@0.2.11
Test (deno on windows-latest)	UNKNOWN STEP	2026-05-18T13:37:45.3732014Z ^[[0m^[[32mInitialize^[[0m links-notation@0.11.2
Test (deno on windows-latest)	UNKNOWN STEP	2026-05-18T13:37:45.3734141Z ^[[0m^[[32mInitialize^[[0m find-up@5.0.0
Test (deno on windows-latest)	UNKNOWN STEP	2026-05-18T13:37:45.3768199Z ^[[0m^[[32mInitialize^[[0m spawndamnit@3.0.1
Test (deno on windows-latest)	UNKNOWN STEP	2026-05-18T13:37:45.3810562Z ^[[0m^[[32mInitialize^[[0m natural-compare@1.4.0
Test (deno on windows-latest)	UNKNOWN STEP	2026-05-18T13:37:45.4147542Z ^[[0m^[[32mInitialize^[[0m prettier-linter-helpers@1.0.1
Test (deno on windows-latest)	UNKNOWN STEP	2026-05-18T13:37:45.4275683Z ^[[0m^[[32mInitialize^[[0m links-notation@0.13.0
Test (deno on windows-latest)	UNKNOWN STEP	2026-05-18T13:37:45.4435998Z ^[[0m^[[32mInitialize^[[0m espree@11.2.0
Test (deno on windows-latest)	UNKNOWN STEP	2026-05-18T13:37:45.4479668Z ^[[0m^[[32mInitialize^[[0m p-filter@2.1.0
Test (deno on windows-latest)	UNKNOWN STEP	2026-05-18T13:37:45.4534833Z ^[[0m^[[32mInitialize^[[0m synckit@0.11.12
Test (deno on windows-latest)	UNKNOWN STEP	2026-05-18T13:37:45.4535839Z ^[[0m^[[32mInitialize^[[0m commander@5.1.0
Test (deno on windows-latest)	UNKNOWN STEP	2026-05-18T13:37:45.4670978Z ^[[0m^[[32mInitialize^[[0m lino-objects-codec@0.4.0
Test (deno on windows-latest)	UNKNOWN STEP	2026-05-18T13:37:45.4684189Z ^[[0m^[[32mInitialize^[[0m jsonfile@4.0.0
Test (deno on windows-latest)	UNKNOWN STEP	2026-05-18T13:37:45.4724239Z ^[[0m^[[32mInitialize^[[0m imurmurhash@0.1.4
Test (deno on windows-latest)	UNKNOWN STEP	2026-05-18T13:37:45.4788884Z ^[[0m^[[32mInitialize^[[0m detect-indent@6.1.0
Test (deno on windows-latest)	UNKNOWN STEP	2026-05-18T13:37:45.4954894Z ^[[0m^[[32mInitialize^[[0m fs-extra@7.0.1
Test (deno on windows-latest)	UNKNOWN STEP	2026-05-18T13:37:45.4955901Z ^[[0m^[[32mInitialize^[[0m graceful-fs@4.2.11
Test (deno on windows-latest)	UNKNOWN STEP	2026-05-18T13:37:45.5067882Z ^[[0m^[[32mInitialize^[[0m json-stable-stringify-without-jsonify@1.0.1
Test (deno on windows-latest)	UNKNOWN STEP	2026-05-18T13:37:45.5071756Z ^[[0m^[[32mInitialize^[[0m universalify@0.1.2
Test (deno on windows-latest)	UNKNOWN STEP	2026-05-18T13:37:45.5089510Z ^[[0m^[[32mInitialize^[[0m globby@11.1.0
Test (deno on windows-latest)	UNKNOWN STEP	2026-05-18T13:37:45.5091962Z ^[[0m^[[32mInitialize^[[0m file-entry-cache@8.0.0
Test (deno on windows-latest)	UNKNOWN STEP	2026-05-18T13:37:45.5093039Z ^[[0m^[[32mInitialize^[[0m eslint-scope@9.1.2
Test (deno on windows-latest)	UNKNOWN STEP	2026-05-18T13:37:45.5461817Z ^[[0m^[[32mInitialize^[[0m optionator@0.9.4
Test (deno on windows-latest)	UNKNOWN STEP	2026-05-18T13:37:45.5462588Z ^[[0m^[[32mInitialize^[[0m read-yaml-file@1.1.0
Test (deno on windows-latest)	UNKNOWN STEP	2026-05-18T13:37:45.5494360Z ^[[0m^[[32mInitialize^[[0m lino-env@0.2.8
Test (deno on windows-latest)	UNKNOWN STEP	2026-05-18T13:37:45.5588349Z ^[[0m^[[32mInitialize^[[0m semver@7.8.0
Test (deno on windows-latest)	UNKNOWN STEP	2026-05-18T13:37:45.5639840Z ^[[0m^[[32mInitialize^[[0m esutils@2.0.3
Test (deno on windows-latest)	UNKNOWN STEP	2026-05-18T13:37:45.5803911Z ^[[0m^[[32mInitialize^[[0m jscpd-sarif-reporter@4.2.3
Test (deno on windows-latest)	UNKNOWN STEP	2026-05-18T13:37:45.6040008Z ^[[0m^[[32mInitialize^[[0m @humanwhocodes/module-importer@1.0.1
Test (deno on windows-latest)	UNKNOWN STEP	2026-05-18T13:37:45.6040481Z ^[[0m^[[32mInitialize^[[0m @changesets/errors@0.2.0
Test (deno on windows-latest)	UNKNOWN STEP	2026-05-18T13:37:45.6273629Z ^[[0m^[[32mInitialize^[[0m @changesets/pre@2.0.2
Test (deno on windows-latest)	UNKNOWN STEP	2026-05-18T13:37:45.6288713Z ^[[0m^[[32mInitialize^[[0m debug@4.4.3
Test (deno on windows-latest)	UNKNOWN STEP	2026-05-18T13:37:45.6371115Z ^[[0m^[[32mInitialize^[[0m yargs@17.7.2
Test (deno on windows-latest)	UNKNOWN STEP	2026-05-18T13:37:45.6444906Z ^[[0m^[[32mInitialize^[[0m @changesets/git@3.0.4
Test (deno on windows-latest)	UNKNOWN STEP	2026-05-18T13:37:45.6472786Z ^[[0m^[[32mInitialize^[[0m fast-deep-equal@3.1.3
Test (deno on windows-latest)	UNKNOWN STEP	2026-05-18T13:37:45.6505060Z ^[[0m^[[32mInitialize^[[0m eslint-visitor-keys@5.0.1
Test (deno on windows-latest)	UNKNOWN STEP	2026-05-18T13:37:45.6662878Z ^[[0m^[[32mInitialize^[[0m glob-parent@6.0.2
Test (deno on windows-latest)	UNKNOWN STEP	2026-05-18T13:37:45.6663433Z ^[[0m^[[32mInitialize^[[0m @types/estree@1.0.9
Test (deno on windows-latest)	UNKNOWN STEP	2026-05-18T13:37:45.6706332Z ^[[0m^[[32mInitialize^[[0m @changesets/get-dependents-graph@2.1.4
Test (deno on windows-latest)	UNKNOWN STEP	2026-05-18T13:37:45.6753622Z ^[[0m^[[32mInitialize^[[0m quansync@0.2.11
Test (deno on windows-latest)	UNKNOWN STEP	2026-05-18T13:37:45.6754871Z ^[[0m^[[32mInitialize^[[0m fast-diff@1.3.0
Test (deno on windows-latest)	UNKNOWN STEP	2026-05-18T13:37:45.6878119Z ^[[0m^[[32mInitialize^[[0m strip-ansi@6.0.1
Test (deno on windows-latest)	UNKNOWN STEP	2026-05-18T13:37:45.6882216Z ^[[0m^[[32mInitialize^[[0m micromatch@4.0.8
Test (deno on windows-latest)	UNKNOWN STEP	2026-05-18T13:37:45.6930675Z ^[[0m^[[32mInitialize^[[0m is-glob@4.0.3
Test (deno on windows-latest)	UNKNOWN STEP	2026-05-18T13:37:45.7130097Z ^[[0m^[[32mInitialize^[[0m enquirer@2.4.1
Test (deno on windows-latest)	UNKNOWN STEP	2026-05-18T13:37:45.7140482Z ^[[0m^[[32mInitialize^[[0m escape-string-regexp@4.0.0
Test (deno on windows-latest)	UNKNOWN STEP	2026-05-18T13:37:45.7486724Z ^[[0m^[[32mInitialize^[[0m @eslint/js@10.0.1
Test (deno on windows-latest)	UNKNOWN STEP	2026-05-18T13:37:45.7591982Z ^[[0m^[[32mInitialize^[[0m signal-exit@4.1.0
Test (deno on windows-latest)	UNKNOWN STEP	2026-05-18T13:37:45.7592442Z ^[[0m^[[32mInitialize^[[0m get-caller-file@2.0.5
Test (deno on windows-latest)	UNKNOWN STEP	2026-05-18T13:37:45.7697620Z ^[[0m^[[32mInitialize^[[0m cliui@8.0.1
Test (deno on windows-latest)	UNKNOWN STEP	2026-05-18T13:37:45.7779435Z ^[[0m^[[32mInitialize^[[0m lodash.startcase@4.4.0
Test (deno on windows-latest)	UNKNOWN STEP	2026-05-18T13:37:45.7780004Z ^[[0m^[[32mInitialize^[[0m yargs-parser@21.1.1
Test (deno on windows-latest)	UNKNOWN STEP	2026-05-18T13:37:45.7914156Z ^[[0m^[[32mInitialize^[[0m human-id@4.1.3
Test (deno on windows-latest)	UNKNOWN STEP	2026-05-18T13:37:45.7941499Z ^[[0m^[[32mInitialize^[[0m @changesets/types@6.1.0
Test (deno on windows-latest)	UNKNOWN STEP	2026-05-18T13:37:45.8021428Z ^[[0m^[[32mInitialize^[[0m iconv-lite@0.7.2
Test (deno on windows-latest)	UNKNOWN STEP	2026-05-18T13:37:45.8062010Z ^[[0m^[[32mInitialize^[[0m string-width@4.2.3
Test (deno on windows-latest)	UNKNOWN STEP	2026-05-18T13:37:45.8063474Z ^[[0m^[[32mInitialize^[[0m @changesets/get-release-plan@4.0.16
Test (deno on windows-latest)	UNKNOWN STEP	2026-05-18T13:37:45.8107052Z ^[[0m^[[32mInitialize^[[0m colors@1.4.0
Test (deno on windows-latest)	UNKNOWN STEP	2026-05-18T13:37:45.8370343Z ^[[0m^[[32mInitialize^[[0m require-directory@2.1.1
Test (deno on windows-latest)	UNKNOWN STEP	2026-05-18T13:37:45.8388806Z ^[[0m^[[32mInitialize^[[0m jsonfile@6.2.1
Test (deno on windows-latest)	UNKNOWN STEP	2026-05-18T13:37:45.8566077Z ^[[0m^[[32mInitialize^[[0m minimatch@10.2.5
Test (deno on windows-latest)	UNKNOWN STEP	2026-05-18T13:37:45.8593727Z ^[[0m^[[32mInitialize^[[0m outdent@0.5.0
Test (deno on windows-latest)	UNKNOWN STEP	2026-05-18T13:37:45.8594391Z ^[[0m^[[32mInitialize^[[0m is-subdir@1.2.0
Test (deno on windows-latest)	UNKNOWN STEP	2026-05-18T13:37:45.8627866Z ^[[0m^[[32mInitialize^[[0m @changesets/should-skip-package@0.1.2
Test (deno on windows-latest)	UNKNOWN STEP	2026-05-18T13:37:45.8661398Z ^[[0m^[[32mInitialize^[[0m esquery@1.7.0
Test (deno on windows-latest)	UNKNOWN STEP	2026-05-18T13:37:45.8797470Z ^[[0m^[[32mInitialize^[[0m escalade@3.2.0
Test (deno on windows-latest)	UNKNOWN STEP	2026-05-18T13:37:45.8818514Z ^[[0m^[[32mInitialize^[[0m shebang-command@2.0.0
Test (deno on windows-latest)	UNKNOWN STEP	2026-05-18T13:37:45.8860830Z ^[[0m^[[32mInitialize^[[0m extendable-error@0.1.7
Test (deno on windows-latest)	UNKNOWN STEP	2026-05-18T13:37:45.8896351Z ^[[0m^[[32mInitialize^[[0m fs-extra@8.1.0
Test (deno on windows-latest)	UNKNOWN STEP	2026-05-18T13:37:45.8897152Z ^[[0m^[[32mInitialize^[[0m @eslint/plugin-kit@0.7.1
Test (deno on windows-latest)	UNKNOWN STEP	2026-05-18T13:37:45.9011982Z ^[[0m^[[32mInitialize^[[0m bytes@3.1.2
Test (deno on windows-latest)	UNKNOWN STEP	2026-05-18T13:37:45.9116326Z ^[[0m^[[32mInitialize^[[0m @inquirer/external-editor@1.0.3
Test (deno on windows-latest)	UNKNOWN STEP	2026-05-18T13:37:45.9180093Z ^[[0m^[[32mInitialize^[[0m deep-is@0.1.4
Test (deno on windows-latest)	UNKNOWN STEP	2026-05-18T13:37:45.9376131Z ^[[0m^[[32mInitialize^[[0m node-sarif-builder@3.4.0
Test (deno on windows-latest)	UNKNOWN STEP	2026-05-18T13:37:45.9452445Z ^[[0m^[[32mInitialize^[[0m pug@3.0.4
Test (deno on windows-latest)	UNKNOWN STEP	2026-05-18T13:37:45.9630663Z ^[[0m^[[32mInitialize^[[0m eventemitter3@5.0.4
Test (deno on windows-latest)	UNKNOWN STEP	2026-05-18T13:37:45.9631243Z ^[[0m^[[32mInitialize^[[0m fast-levenshtein@2.0.6
Test (deno on windows-latest)	UNKNOWN STEP	2026-05-18T13:37:45.9937050Z ^[[0m^[[32mInitialize^[[0m badgen@3.3.2
Test (deno on windows-latest)	UNKNOWN STEP	2026-05-18T13:37:45.9980815Z ^[[0m^[[32mInitialize^[[0m @changesets/read@0.6.7
Test (deno on windows-latest)	UNKNOWN STEP	2026-05-18T13:37:46.0059446Z ^[[0m^[[32mInitialize^[[0m brace-expansion@5.0.6
Test (deno on windows-latest)	UNKNOWN STEP	2026-05-18T13:37:46.0167877Z ^[[0m^[[32mInitialize^[[0m ajv@6.15.0
Test (deno on windows-latest)	UNKNOWN STEP	2026-05-18T13:37:46.0204194Z ^[[0m^[[32mInitialize^[[0m y18n@5.0.8
Test (deno on windows-latest)	UNKNOWN STEP	2026-05-18T13:37:46.0304060Z ^[[0m^[[32mInitialize^[[0m @eslint/config-array@0.23.5
Test (deno on windows-latest)	UNKNOWN STEP	2026-05-18T13:37:46.0394589Z ^[[0m^[[32mInitialize^[[0m @changesets/write@0.4.0
Test (deno on windows-latest)	UNKNOWN STEP	2026-05-18T13:37:46.0645265Z ^[[0m^[[32mInitialize^[[0m @changesets/cli@2.31.0
Test (deno on windows-latest)	UNKNOWN STEP	2026-05-18T13:37:46.0653276Z ^[[0m^[[32mInitialize^[[0m path-key@3.1.1
Test (deno on windows-latest)	UNKNOWN STEP	2026-05-18T13:37:46.0656114Z ^[[0m^[[32mInitialize^[[0m spark-md5@3.0.2
Test (deno on windows-latest)	UNKNOWN STEP	2026-05-18T13:37:46.0656698Z ^[[0m^[[32mInitialize^[[0m path-exists@4.0.0
Test (deno on windows-latest)	UNKNOWN STEP	2026-05-18T13:37:46.0841180Z ^[[0m^[[32mInitialize^[[0m acorn@8.16.0
Test (deno on windows-latest)	UNKNOWN STEP	2026-05-18T13:37:46.0928261Z ^[[0m^[[32mInitialize^[[0m acorn-jsx@5.3.2
Test (deno on windows-latest)	UNKNOWN STEP	2026-05-18T13:37:46.0929339Z ^[[0m^[[32mInitialize^[[0m estraverse@5.3.0
Test (deno on windows-latest)	UNKNOWN STEP	2026-05-18T13:37:46.0989358Z ^[[0m^[[32mInitialize^[[0m @eslint/core@1.2.1
Test (deno on windows-latest)	UNKNOWN STEP	2026-05-18T13:37:46.0990658Z ^[[0m^[[32mInitialize^[[0m is-extglob@2.1.1
Test (deno on windows-latest)	UNKNOWN STEP	2026-05-18T13:37:46.1144812Z ^[[0m^[[32mInitialize^[[0m levn@0.4.1
Test (deno on windows-latest)	UNKNOWN STEP	2026-05-18T13:37:46.1145286Z ^[[0m^[[32mInitialize^[[0m locate-path@6.0.0
Test (deno on windows-latest)	UNKNOWN STEP	2026-05-18T13:37:46.1198343Z ^[[0m^[[32mInitialize^[[0m flat-cache@4.0.1
Test (deno on windows-latest)	UNKNOWN STEP	2026-05-18T13:37:46.1248400Z ^[[0m^[[32mInitialize^[[0m blamer@1.0.7
Test (deno on windows-latest)	UNKNOWN STEP	2026-05-18T13:37:46.1347988Z ^[[0m^[[32mInitialize^[[0m word-wrap@1.2.5
Test (deno on windows-latest)	UNKNOWN STEP	2026-05-18T13:37:46.1437735Z ^[[0m^[[32mInitialize^[[0m strip-bom@3.0.0
Test (deno on windows-latest)	UNKNOWN STEP	2026-05-18T13:37:46.1485573Z ^[[0m^[[32mInitialize^[[0m markdown-table@2.0.0
Test (deno on windows-latest)	UNKNOWN STEP	2026-05-18T13:37:46.1671620Z ^[[0m^[[32mInitialize^[[0m chardet@2.1.1
Test (deno on windows-latest)	UNKNOWN STEP	2026-05-18T13:37:46.1756945Z ^[[0m^[[32mInitialize^[[0m dir-glob@3.0.1
Test (deno on windows-latest)	UNKNOWN STEP	2026-05-18T13:37:46.1757377Z ^[[0m^[[32mInitialize^[[0m which@2.0.2
Test (deno on windows-latest)	UNKNOWN STEP	2026-05-18T13:37:46.1808196Z ^[[0m^[[32mInitialize^[[0m cli-table3@0.6.5
Test (deno on windows-latest)	UNKNOWN STEP	2026-05-18T13:37:46.1808994Z ^[[0m^[[32mInitialize^[[0m universalify@2.0.1
Test (deno on windows-latest)	UNKNOWN STEP	2026-05-18T13:37:46.1896132Z ^[[0m^[[32mInitialize^[[0m braces@3.0.3
Test (deno on windows-latest)	UNKNOWN STEP	2026-05-18T13:37:46.2059961Z ^[[0m^[[32mInitialize^[[0m @manypkg/get-packages@1.1.3
Test (deno on windows-latest)	UNKNOWN STEP	2026-05-18T13:37:46.2156799Z ^[[0m^[[32mInitialize^[[0m safer-buffer@2.1.2
Test (deno on windows-latest)	UNKNOWN STEP	2026-05-18T13:37:46.2159161Z ^[[0m^[[32mInitialize^[[0m array-union@2.1.0
Test (deno on windows-latest)	UNKNOWN STEP	2026-05-18T13:37:46.2256571Z ^[[0m^[[32mInitialize^[[0m ms@2.1.3
Test (deno on windows-latest)	UNKNOWN STEP	2026-05-18T13:37:46.2409597Z ^[[0m^[[32mInitialize^[[0m eslint-visitor-keys@3.4.3
Test (deno on windows-latest)	UNKNOWN STEP	2026-05-18T13:37:46.2559053Z ^[[0m^[[32mInitialize^[[0m fast-glob@3.3.3
Test (deno on windows-latest)	UNKNOWN STEP	2026-05-18T13:37:46.2623430Z ^[[0m^[[32mInitialize^[[0m pug-code-gen@3.0.4
Test (deno on windows-latest)	UNKNOWN STEP	2026-05-18T13:37:46.2624157Z ^[[0m^[[32mInitialize^[[0m fast-json-stable-stringify@2.1.0
Test (deno on windows-latest)	UNKNOWN STEP	2026-05-18T13:37:46.2693514Z ^[[0m^[[32mInitialize^[[0m @changesets/config@3.1.4
Test (deno on windows-latest)	UNKNOWN STEP	2026-05-18T13:37:46.2694692Z ^[[0m^[[32mInitialize^[[0m p-map@2.1.0
Test (deno on windows-latest)	UNKNOWN STEP	2026-05-18T13:37:46.2749616Z ^[[0m^[[32mInitialize^[[0m picomatch@2.3.2
Test (deno on windows-latest)	UNKNOWN STEP	2026-05-18T13:37:46.3027625Z ^[[0m^[[32mInitialize^[[0m @changesets/changelog-git@0.2.1
Test (deno on windows-latest)	UNKNOWN STEP	2026-05-18T13:37:46.3138306Z ^[[0m^[[32mInitialize^[[0m emoji-regex@8.0.0
Test (deno on windows-latest)	UNKNOWN STEP	2026-05-18T13:37:46.3353285Z ^[[0m^[[32mInitialize^[[0m @changesets/parse@0.4.3
Test (deno on windows-latest)	UNKNOWN STEP	2026-05-18T13:37:46.3381389Z ^[[0m^[[32mInitialize^[[0m prettier@3.8.3
Test (deno on windows-latest)	UNKNOWN STEP	2026-05-18T13:37:46.3439032Z ^[[0m^[[32mInitialize^[[0m @manypkg/find-root@1.1.0
Test (deno on windows-latest)	UNKNOWN STEP	2026-05-18T13:37:46.3495648Z ^[[0m^[[32mInitialize^[[0m pify@4.0.1
Test (deno on windows-latest)	UNKNOWN STEP	2026-05-18T13:37:46.3583119Z ^[[0m^[[32mInitialize^[[0m pug-strip-comments@2.0.0
Test (deno on windows-latest)	UNKNOWN STEP	2026-05-18T13:37:46.3667597Z ^[[0m^[[32mInitialize^[[0m merge2@1.4.1
Test (deno on windows-latest)	UNKNOWN STEP	2026-05-18T13:37:46.3730621Z ^[[0m^[[32mInitialize^[[0m @changesets/logger@0.1.1
Test (deno on windows-latest)	UNKNOWN STEP	2026-05-18T13:37:46.3876095Z ^[[0m^[[32mInitialize^[[0m @jscpd/html-reporter@4.2.3
Test (deno on windows-latest)	UNKNOWN STEP	2026-05-18T13:37:46.3876935Z ^[[0m^[[32mInitialize^[[0m esrecurse@4.3.0
Test (deno on windows-latest)	UNKNOWN STEP	2026-05-18T13:37:46.3962714Z ^[[0m^[[32mInitialize^[[0m @eslint-community/regexpp@4.12.2
Test (deno on windows-latest)	UNKNOWN STEP	2026-05-18T13:37:46.3963661Z ^[[0m^[[32mInitialize^[[0m better-path-resolve@1.0.0
Test (deno on windows-latest)	UNKNOWN STEP	2026-05-18T13:37:46.4053140Z ^[[0m^[[32mInitialize^[[0m wrap-ansi@7.0.0
Test (deno on windows-latest)	UNKNOWN STEP	2026-05-18T13:37:46.4125596Z ^[[0m^[[32mInitialize^[[0m @humanwhocodes/retry@0.4.3
Test (deno on windows-latest)	UNKNOWN STEP	2026-05-18T13:37:46.4179150Z ^[[0m^[[32mInitialize^[[0m @changesets/apply-release-plan@7.1.1
Test (deno on windows-latest)	UNKNOWN STEP	2026-05-18T13:37:46.4200751Z ^[[0m^[[32mInitialize^[[0m prelude-ls@1.2.1
Test (deno on windows-latest)	UNKNOWN STEP	2026-05-18T13:37:46.4348640Z ^[[0m^[[32mInitialize^[[0m @jscpd/badge-reporter@4.2.3
Test (deno on windows-latest)	UNKNOWN STEP	2026-05-18T13:37:46.4384740Z ^[[0m^[[32mInitialize^[[0m @jscpd/finder@4.2.3
Test (deno on windows-latest)	UNKNOWN STEP	2026-05-18T13:37:46.4385336Z ^[[0m^[[32mInitialize^[[0m shebang-regex@3.0.0
Test (deno on windows-latest)	UNKNOWN STEP	2026-05-18T13:37:46.4473665Z ^[[0m^[[32mInitialize^[[0m uri-js@4.4.1
Test (deno on windows-latest)	UNKNOWN STEP	2026-05-18T13:37:46.4692740Z ^[[0m^[[32mInitialize^[[0m fs-extra@11.3.5
Test (deno on windows-latest)	UNKNOWN STEP	2026-05-18T13:37:46.4779986Z ^[[0m^[[32mInitialize^[[0m pug-filters@4.0.0
Test (deno on windows-latest)	UNKNOWN STEP	2026-05-18T13:37:46.4780729Z ^[[0m^[[32mInitialize^[[0m pug-linker@4.0.0
Test (deno on windows-latest)	UNKNOWN STEP	2026-05-18T13:37:46.4781814Z ^[[0m^[[32mInitialize^[[0m find-up@4.1.0
Test (deno on windows-latest)	UNKNOWN STEP	2026-05-18T13:37:46.4823296Z ^[[0m^[[32mInitialize^[[0m pug-runtime@3.0.1
Test (deno on windows-latest)	UNKNOWN STEP	2026-05-18T13:37:46.4844706Z ^[[0m^[[32mInitialize^[[0m @humanfs/node@0.16.8
Test (deno on windows-latest)	UNKNOWN STEP	2026-05-18T13:37:46.4847748Z ^[[0m^[[32mInitialize^[[0m pug-lexer@5.0.1
Test (deno on windows-latest)	UNKNOWN STEP	2026-05-18T13:37:46.5042083Z ^[[0m^[[32mInitialize^[[0m json-schema-traverse@0.4.1
Test (deno on windows-latest)	UNKNOWN STEP	2026-05-18T13:37:46.5088686Z ^[[0m^[[32mInitialize^[[0m repeat-string@1.6.1
Test (deno on windows-latest)	UNKNOWN STEP	2026-05-18T13:37:46.5089560Z ^[[0m^[[32mInitialize^[[0m punycode@2.3.1
Test (deno on windows-latest)	UNKNOWN STEP	2026-05-18T13:37:46.5139907Z ^[[0m^[[32mInitialize^[[0m ansi-regex@5.0.1
Test (deno on windows-latest)	UNKNOWN STEP	2026-05-18T13:37:46.5305098Z ^[[0m^[[32mInitialize^[[0m prettier@2.8.8
Test (deno on windows-latest)	UNKNOWN STEP	2026-05-18T13:37:46.5421004Z ^[[0m^[[32mInitialize^[[0m @jscpd/core@4.2.3
Test (deno on windows-latest)	UNKNOWN STEP	2026-05-18T13:37:46.5430498Z ^[[0m^[[32mInitialize^[[0m @eslint-community/eslint-utils@4.9.1
Test (deno on windows-latest)	UNKNOWN STEP	2026-05-18T13:37:47.2184295Z ^[[0m^[[32mInitialize^[[0m @jscpd/tokenizer@4.2.3
Test (deno on windows-latest)	UNKNOWN STEP	2026-05-18T13:37:47.2184908Z ^[[0m^[[32mInitialize^[[0m slash@3.0.0
Test (deno on windows-latest)	UNKNOWN STEP	2026-05-18T13:37:47.2327491Z ^[[0m^[[32mInitialize^[[0m @changesets/types@4.1.0
Test (deno on windows-latest)	UNKNOWN STEP	2026-05-18T13:37:47.2524153Z ^[[0m^[[32mInitialize^[[0m js-yaml@4.1.1
Test (deno on windows-latest)	UNKNOWN STEP	2026-05-18T13:37:47.2528188Z ^[[0m^[[32mInitialize^[[0m fill-range@7.1.1
Test (deno on windows-latest)	UNKNOWN STEP	2026-05-18T13:37:47.3252166Z ^[[0m^[[32mInitialize^[[0m @changesets/assemble-release-plan@6.0.10
Test (deno on windows-latest)	UNKNOWN STEP	2026-05-18T13:37:47.3408722Z ^[[0m^[[32mInitialize^[[0m @changesets/get-version-range-type@0.4.0
Test (deno on windows-latest)	UNKNOWN STEP	2026-05-18T13:37:47.3418298Z ^[[0m^[[32mInitialize^[[0m glob-parent@5.1.2
Test (deno on windows-latest)	UNKNOWN STEP	2026-05-18T13:37:47.3436884Z ^[[0m^[[32mInitialize^[[0m p-locate@5.0.0
Test (deno on windows-latest)	UNKNOWN STEP	2026-05-18T13:37:47.3440041Z ^[[0m^[[32mInitialize^[[0m is-windows@1.0.2
Test (deno on windows-latest)	UNKNOWN STEP	2026-05-18T13:37:47.4935131Z ^[[0m^[[32mInitialize^[[0m isexe@2.0.0
Test (deno on windows-latest)	UNKNOWN STEP	2026-05-18T13:37:47.4938874Z ^[[0m^[[32mInitialize^[[0m @types/json-schema@7.0.15
Test (deno on windows-latest)	UNKNOWN STEP	2026-05-18T13:37:47.4940978Z ^[[0m^[[32mInitialize^[[0m pug-attrs@3.0.0
Test (deno on windows-latest)	UNKNOWN STEP	2026-05-18T13:37:47.5011601Z ^[[0m^[[32mInitialize^[[0m is-fullwidth-code-point@3.0.0
Test (deno on windows-latest)	UNKNOWN STEP	2026-05-18T13:37:47.6555825Z ^[[0m^[[32mInitialize^[[0m keyv@4.5.4
Test (deno on windows-latest)	UNKNOWN STEP	2026-05-18T13:37:47.7153678Z ^[[0m^[[32mInitialize^[[0m @eslint/config-helpers@0.6.0
Test (deno on windows-latest)	UNKNOWN STEP	2026-05-18T13:37:47.8070311Z ^[[0m^[[32mInitialize^[[0m execa@4.1.0
Test (deno on windows-latest)	UNKNOWN STEP	2026-05-18T13:37:47.8071133Z ^[[0m^[[32mInitialize^[[0m pug-load@3.0.0
Test (deno on windows-latest)	UNKNOWN STEP	2026-05-18T13:37:47.8071473Z ^[[0m^[[32mInitialize^[[0m ansi-styles@4.3.0
Test (deno on windows-latest)	UNKNOWN STEP	2026-05-18T13:37:48.3771133Z ^[[0m^[[32mInitialize^[[0m balanced-match@4.0.4
Test (deno on windows-latest)	UNKNOWN STEP	2026-05-18T13:37:48.3886974Z ^[[0m^[[32mInitialize^[[0m @types/esrecurse@4.3.1
Test (deno on windows-latest)	UNKNOWN STEP	2026-05-18T13:37:48.3887949Z ^[[0m^[[32mInitialize^[[0m js-stringify@1.0.2
Test (deno on windows-latest)	UNKNOWN STEP	2026-05-18T13:37:48.4261575Z ^[[0m^[[32mInitialize^[[0m character-parser@2.2.0
Test (deno on windows-latest)	UNKNOWN STEP	2026-05-18T13:37:48.6618305Z ^[[0m^[[32mInitialize^[[0m esprima@4.0.1
Test (deno on windows-latest)	UNKNOWN STEP	2026-05-18T13:37:48.6618717Z ^[[0m^[[32mInitialize^[[0m locate-path@5.0.0
Test (deno on windows-latest)	UNKNOWN STEP	2026-05-18T13:37:48.7716859Z ^[[0m^[[32mInitialize^[[0m argparse@2.0.1
Test (deno on windows-latest)	UNKNOWN STEP	2026-05-18T13:37:48.8326962Z ^[[0m^[[32mInitialize^[[0m token-stream@1.0.0
Test (deno on windows-latest)	UNKNOWN STEP	2026-05-18T13:37:48.9160289Z ^[[0m^[[32mInitialize^[[0m @pkgr/core@0.2.9
Test (deno on windows-latest)	UNKNOWN STEP	2026-05-18T13:37:48.9891451Z ^[[0m^[[32mInitialize^[[0m js-yaml@3.14.2
Test (deno on windows-latest)	UNKNOWN STEP	2026-05-18T13:37:48.9891968Z ^[[0m^[[32mInitialize^[[0m is-expression@4.0.0
Test (deno on windows-latest)	UNKNOWN STEP	2026-05-18T13:37:48.9892441Z ^[[0m^[[32mInitialize^[[0m path-type@4.0.0
Test (deno on windows-latest)	UNKNOWN STEP	2026-05-18T13:37:49.3263067Z ^[[0m^[[32mInitialize^[[0m object-assign@4.1.1
Test (deno on windows-latest)	UNKNOWN STEP	2026-05-18T13:37:49.5829524Z ^[[0m^[[32mInitialize^[[0m pug-walk@2.0.0
Test (deno on windows-latest)	UNKNOWN STEP	2026-05-18T13:37:49.6328214Z ^[[0m^[[32mInitialize^[[0m merge-stream@2.0.0
Test (deno on windows-latest)	UNKNOWN STEP	2026-05-18T13:37:49.6332687Z ^[[0m^[[32mInitialize^[[0m jstransformer@1.0.0
Test (deno on windows-latest)	UNKNOWN STEP	2026-05-18T13:37:49.7068831Z ^[[0m^[[32mInitialize^[[0m @eslint/object-schema@3.0.5
Test (deno on windows-latest)	UNKNOWN STEP	2026-05-18T13:37:49.7848148Z ^[[0m^[[32mInitialize^[[0m pug-parser@6.0.0
Test (deno on windows-latest)	UNKNOWN STEP	2026-05-18T13:37:52.0653743Z ^[[0m^[[32mInitialize^[[0m constantinople@4.0.1
Test (deno on windows-latest)	UNKNOWN STEP	2026-05-18T13:37:52.1269145Z ^[[0m^[[32mInitialize^[[0m pug-error@2.1.0
Test (deno on windows-latest)	UNKNOWN STEP	2026-05-18T13:37:52.2453125Z ^[[0m^[[32mInitialize^[[0m flatted@3.4.2
Test (deno on windows-latest)	UNKNOWN STEP	2026-05-18T13:37:53.0914667Z ^[[0m^[[32mInitialize^[[0m p-locate@4.1.0
Test (deno on windows-latest)	UNKNOWN STEP	2026-05-18T13:37:54.5137771Z ^[[0m^[[32mInitialize^[[0m end-of-stream@1.4.5
Test (deno on windows-latest)	UNKNOWN STEP	2026-05-18T13:38:05.1478756Z ^[[0m^[[32mInitialize^[[0m babel-walk@3.0.0-canary-5
Test (deno on windows-latest)	UNKNOWN STEP	2026-05-18T13:38:05.1948292Z ^[[0m^[[32mInitialize^[[0m pump@3.0.4
Test (deno on windows-latest)	UNKNOWN STEP	2026-05-18T13:38:05.1948937Z ^[[0m^[[32mInitialize^[[0m once@1.4.0
Test (deno on windows-latest)	UNKNOWN STEP	2026-05-18T13:38:05.2590485Z ^[[0m^[[32mInitialize^[[0m is-core-module@2.16.2
Test (deno on windows-latest)	UNKNOWN STEP	2026-05-18T13:38:05.2939003Z ^[[0m^[[32mInitialize^[[0m argparse@1.0.10
Test (deno on windows-latest)	UNKNOWN STEP	2026-05-18T13:38:05.3188772Z ^[[0m^[[32mInitialize^[[0m @humanfs/core@0.19.2
Test (deno on windows-latest)	UNKNOWN STEP	2026-05-18T13:38:05.3196332Z ^[[0m^[[32mInitialize^[[0m @humanfs/types@0.15.0
Test (deno on windows-latest)	UNKNOWN STEP	2026-05-18T13:38:05.4582515Z ^[[0m^[[32mInitialize^[[0m fastq@1.20.1
Test (deno on windows-latest)	UNKNOWN STEP	2026-05-18T13:38:05.4582934Z ^[[0m^[[32mInitialize^[[0m npm-run-path@4.0.1
Test (deno on windows-latest)	UNKNOWN STEP	2026-05-18T13:38:07.1182499Z ^[[0m^[[32mInitialize^[[0m call-bound@1.0.4
Test (deno on windows-latest)	UNKNOWN STEP	2026-05-18T13:38:07.1183123Z ^[[0m^[[32mInitialize^[[0m void-elements@3.1.0
Test (deno on windows-latest)	UNKNOWN STEP	2026-05-18T13:38:07.1185814Z ^[[0m^[[32mInitialize^[[0m p-try@2.2.0
Test (deno on windows-latest)	UNKNOWN STEP	2026-05-18T13:38:09.0280314Z ^[[0m^[[32mInitialize^[[0m p-limit@3.1.0
Test (deno on windows-latest)	UNKNOWN STEP	2026-05-18T13:38:10.1970115Z ^[[0m^[[32mInitialize^[[0m doctypes@1.1.0
Test (deno on windows-latest)	UNKNOWN STEP	2026-05-18T13:38:10.2200376Z ^[[0m^[[32mInitialize^[[0m with@7.0.2
Test (deno on windows-latest)	UNKNOWN STEP	2026-05-18T13:38:10.2200911Z ^[[0m^[[32mInitialize^[[0m get-stream@5.2.0
Test (deno on windows-latest)	UNKNOWN STEP	2026-05-18T13:38:10.2201452Z ^[[0m^[[32mInitialize^[[0m color-convert@2.0.1
Test (deno on windows-latest)	UNKNOWN STEP	2026-05-18T13:38:10.4359601Z ^[[0m^[[32mInitialize^[[0m get-intrinsic@1.3.0
Test (deno on windows-latest)	UNKNOWN STEP	2026-05-18T13:38:10.4533191Z ^[[0m^[[32mInitialize^[[0m supports-preserve-symlinks-flag@1.0.0
Test (deno on windows-latest)	UNKNOWN STEP	2026-05-18T13:38:10.4534287Z ^[[0m^[[32mInitialize^[[0m es-errors@1.3.0
Test (deno on windows-latest)	UNKNOWN STEP	2026-05-18T13:38:10.4534961Z ^[[0m^[[32mInitialize^[[0m wrappy@1.0.2
Test (deno on windows-latest)	UNKNOWN STEP	2026-05-18T13:38:11.4083552Z ^[[0m^[[32mInitialize^[[0m gopd@1.2.0
Test (deno on windows-latest)	UNKNOWN STEP	2026-05-18T13:38:11.4460213Z ^[[0m^[[32mInitialize^[[0m has-symbols@1.1.0
Test (deno on windows-latest)	UNKNOWN STEP	2026-05-18T13:38:11.4462857Z ^[[0m^[[32mInitialize^[[0m @types/sarif@2.1.7
Test (deno on windows-latest)	UNKNOWN STEP	2026-05-18T13:38:12.8075386Z ^[[0m^[[32mInitialize^[[0m onetime@5.1.2
Test (deno on windows-latest)	UNKNOWN STEP	2026-05-18T13:38:13.6021568Z ^[[0m^[[32mInitialize^[[0m human-signals@1.1.1
Test (deno on windows-latest)	UNKNOWN STEP	2026-05-18T13:38:13.6022117Z ^[[0m^[[32mInitialize^[[0m p-limit@2.3.0
Test (deno on windows-latest)	UNKNOWN STEP	2026-05-18T13:38:13.6207462Z ^[[0m^[[32mInitialize^[[0m @nodelib/fs.stat@2.0.5
Test (deno on windows-latest)	UNKNOWN STEP	2026-05-18T13:38:13.6706887Z ^[[0m^[[32mInitialize^[[0m has-tostringtag@1.0.2
Test (deno on windows-latest)	UNKNOWN STEP	2026-05-18T13:38:13.6740417Z ^[[0m^[[32mInitialize^[[0m promise@7.3.1
Test (deno on windows-latest)	UNKNOWN STEP	2026-05-18T13:38:13.6741258Z ^[[0m^[[32mInitialize^[[0m signal-exit@3.0.7
Test (deno on windows-latest)	UNKNOWN STEP	2026-05-18T13:38:13.6831771Z ^[[0m^[[32mInitialize^[[0m es-object-atoms@1.1.1
Test (deno on windows-latest)	UNKNOWN STEP	2026-05-18T13:38:13.6932334Z ^[[0m^[[32mInitialize^[[0m is-regex@1.2.1
Test (deno on windows-latest)	UNKNOWN STEP	2026-05-18T13:38:13.7073012Z ^[[0m^[[32mInitialize^[[0m to-regex-range@5.0.1
Test (deno on windows-latest)	UNKNOWN STEP	2026-05-18T13:38:13.7073668Z ^[[0m^[[32mInitialize^[[0m strip-final-newline@2.0.0
Test (deno on windows-latest)	UNKNOWN STEP	2026-05-18T13:38:14.5725238Z ^[[0m^[[32mInitialize^[[0m json-buffer@3.0.1
Test (deno on windows-latest)	UNKNOWN STEP	2026-05-18T13:38:15.5577849Z ^[[0m^[[32mInitialize^[[0m @babel/helper-validator-identifier@7.28.5
Test (deno on windows-latest)	UNKNOWN STEP	2026-05-18T13:38:15.5578573Z ^[[0m^[[32mInitialize^[[0m is-number@7.0.0
Test (deno on windows-latest)	UNKNOWN STEP	2026-05-18T13:38:16.7118889Z ^[[0m^[[32mInitialize^[[0m is-stream@2.0.1
Test (deno on windows-latest)	UNKNOWN STEP	2026-05-18T13:38:18.0729240Z ^[[0m^[[32mInitialize^[[0m hasown@2.0.3
Test (deno on windows-latest)	UNKNOWN STEP	2026-05-18T13:38:18.4106592Z ^[[0m^[[32mInitialize^[[0m yocto-queue@0.1.0
Test (deno on windows-latest)	UNKNOWN STEP	2026-05-18T13:38:19.3613883Z ^[[0m^[[32mInitialize^[[0m sprintf-js@1.0.3
Test (deno on windows-latest)	UNKNOWN STEP	2026-05-18T13:38:20.3726996Z ^[[0m^[[32mInitialize^[[0m reusify@1.1.0
Test (deno on windows-latest)	UNKNOWN STEP	2026-05-18T13:38:20.3727643Z ^[[0m^[[32mInitialize^[[0m asap@2.0.6
Test (deno on windows-latest)	UNKNOWN STEP	2026-05-18T13:38:20.5526632Z ^[[0m^[[32mInitialize^[[0m es-define-property@1.0.1
Test (deno on windows-latest)	UNKNOWN STEP	2026-05-18T13:38:20.5826112Z ^[[0m^[[32mInitialize^[[0m function-bind@1.1.2
Test (deno on windows-latest)	UNKNOWN STEP	2026-05-18T13:38:20.5958936Z ^[[0m^[[32mInitialize^[[0m @colors/colors@1.5.0
Test (deno on windows-latest)	UNKNOWN STEP	2026-05-18T13:38:20.5959625Z ^[[0m^[[32mInitialize^[[0m is-promise@2.2.2
Test (deno on windows-latest)	UNKNOWN STEP	2026-05-18T13:38:21.0009421Z ^[[0m^[[32mInitialize^[[0m acorn@7.4.1
Test (deno on windows-latest)	UNKNOWN STEP	2026-05-18T13:38:21.2287037Z ^[[0m^[[32mInitialize^[[0m path-parse@1.0.7
Test (deno on windows-latest)	UNKNOWN STEP	2026-05-18T13:38:23.5280414Z ^[[0m^[[32mInitialize^[[0m @babel/helper-string-parser@7.27.1
Test (deno on windows-latest)	UNKNOWN STEP	2026-05-18T13:38:23.5534654Z ^[[0m^[[32mInitialize^[[0m call-bind-apply-helpers@1.0.2
Test (deno on windows-latest)	UNKNOWN STEP	2026-05-18T13:38:23.5536068Z ^[[0m^[[32mInitialize^[[0m assert-never@1.4.0
Test (deno on windows-latest)	UNKNOWN STEP	2026-05-18T13:38:23.5540535Z ^[[0m^[[32mInitialize^[[0m mimic-fn@2.1.0
Test (deno on windows-latest)	UNKNOWN STEP	2026-05-18T13:38:24.7449210Z ^[[0m^[[32mInitialize^[[0m color-name@1.1.4
Test (deno on windows-latest)	UNKNOWN STEP	2026-05-18T13:38:24.8886184Z ^[[0m^[[32mInitialize^[[0m queue-microtask@1.2.3
Test (deno on windows-latest)	UNKNOWN STEP	2026-05-18T13:38:25.0706900Z ^[[0m^[[32mInitialize^[[0m math-intrinsics@1.1.0
Test (deno on windows-latest)	UNKNOWN STEP	2026-05-18T13:38:25.0932401Z ^[[0m^[[32mInitialize^[[0m run-parallel@1.2.0
Test (deno on windows-latest)	UNKNOWN STEP	2026-05-18T13:38:25.3242064Z ^[[0m^[[32mInitialize^[[0m get-proto@1.0.1
Test (deno on windows-latest)	UNKNOWN STEP	2026-05-18T13:38:25.4283999Z ^[[0m^[[32mInitialize^[[0m @babel/parser@7.29.3
Test (deno on windows-latest)	UNKNOWN STEP	2026-05-18T13:38:26.5087240Z ^[[0m^[[32mInitialize^[[0m dunder-proto@1.0.1
Test (deno on windows-latest)	UNKNOWN STEP	2026-05-18T13:38:26.5201680Z ^[[0m^[[32mInitialize^[[0m type-check@0.4.0
Test (deno on windows-latest)	UNKNOWN STEP	2026-05-18T13:38:30.0519277Z ^[[0m^[[32mInitialize^[[0m @nodelib/fs.scandir@2.1.5
Test (deno on windows-latest)	UNKNOWN STEP	2026-05-18T13:38:30.2543276Z ^[[0m^[[32mInitialize^[[0m @nodelib/fs.walk@1.2.8
Test (deno on windows-latest)	UNKNOWN STEP	2026-05-18T13:38:33.5637352Z ^[[0m^[[32mInitialize^[[0m @types/node@12.20.55
Test (deno on windows-latest)	UNKNOWN STEP	2026-05-18T13:38:34.1265146Z ^[[0m^[[32mInitialize^[[0m @babel/runtime@7.29.2
Test (deno on windows-latest)	UNKNOWN STEP	2026-05-18T13:38:39.5479371Z ^[[0m^[[32mInitialize^[[0m test-anywhere@0.9.1
Test (deno on windows-latest)	UNKNOWN STEP	2026-05-18T13:38:40.0366323Z ^[[0m^[[32mInitialize^[[0m resolve@1.22.12
Test (deno on windows-latest)	UNKNOWN STEP	2026-05-18T13:38:41.9284876Z ^[[0m^[[32mInitialize^[[0m eslint@10.4.0
Test (deno on windows-latest)	UNKNOWN STEP	2026-05-18T13:38:44.8405502Z ^[[0m^[[32mInitialize^[[0m @babel/types@7.29.0
Test (deno on windows-latest)	UNKNOWN STEP	2026-05-18T13:38:45.0159615Z ^[[0m^[[38;5;245mInstalled^[[0m 276 ^[[0m^[[38;5;245mpackages^[[0m ^[[0m^[[38;5;245min^[[0m 1m0s
Test (deno on windows-latest)	UNKNOWN STEP	2026-05-18T13:38:45.0160468Z ^[[0m^[[38;5;245mReused^[[0m 0 ^[[0m^[[38;5;245mpackages from cache^[[0m
Test (deno on windows-latest)	UNKNOWN STEP	2026-05-18T13:38:45.0161168Z ^[[0m^[[38;5;245mDownloaded^[[0m 0 ^[[0m^[[38;5;245mpackages from JSR^[[0m
Test (deno on windows-latest)	UNKNOWN STEP	2026-05-18T13:38:45.0161880Z ^[[0m^[[38;5;245mDownloaded^[[0m 276 ^[[0m^[[38;5;245mpackages from npm^[[0m
Test (deno on windows-latest)	UNKNOWN STEP	2026-05-18T13:38:45.0163355Z ^[[0m^[[32m++++++++++++++++++++++++++++++++++++++++++++++++++++++++++++++++++++++++++++++++++++++++++++++++++++++++++++++++++++++++++++++++++++++++++++++++++++++++++++++++++++++++++++++++++++++++++++++++++++++++++++++++++++++++++++++++++++++++++++++++++++++++++++++++++++++++++++++++++++^[[0m
Test (deno on windows-latest)	UNKNOWN STEP	2026-05-18T13:38:45.0165798Z
Test (deno on windows-latest)	UNKNOWN STEP	2026-05-18T13:38:45.0166035Z ^[[0m^[[36mDependencies:^[[0m
Test (deno on windows-latest)	UNKNOWN STEP	2026-05-18T13:38:45.0166616Z ^[[0m^[[32m+^[[0m ^[[0m^[[38;5;245mnpm:^[[0mlinks-notation ^[[0m^[[38;5;245m0.13.0^[[0m
Test (deno on windows-latest)	UNKNOWN STEP	2026-05-18T13:38:45.0167666Z ^[[0m^[[32m+^[[0m ^[[0m^[[38;5;245mnpm:^[[0mlino-arguments ^[[0m^[[38;5;245m0.3.0^[[0m
Test (deno on windows-latest)	UNKNOWN STEP	2026-05-18T13:38:45.0168439Z ^[[0m^[[32m+^[[0m ^[[0m^[[38;5;245mnpm:^[[0mlino-objects-codec ^[[0m^[[38;5;245m0.4.0^[[0m
Test (deno on windows-latest)	UNKNOWN STEP	2026-05-18T13:38:45.0168860Z
Test (deno on windows-latest)	UNKNOWN STEP	2026-05-18T13:38:45.0169051Z ^[[0m^[[36mDev dependencies:^[[0m
Test (deno on windows-latest)	UNKNOWN STEP	2026-05-18T13:38:45.0169608Z ^[[0m^[[32m+^[[0m ^[[0m^[[38;5;245mnpm:^[[0m@changesets/cli ^[[0m^[[38;5;245m2.31.0^[[0m
Test (deno on windows-latest)	UNKNOWN STEP	2026-05-18T13:38:45.0170292Z ^[[0m^[[32m+^[[0m ^[[0m^[[38;5;245mnpm:^[[0m@eslint/js ^[[0m^[[38;5;245m10.0.1^[[0m
Test (deno on windows-latest)	UNKNOWN STEP	2026-05-18T13:38:45.0170987Z ^[[0m^[[32m+^[[0m ^[[0m^[[38;5;245mnpm:^[[0meslint ^[[0m^[[38;5;245m10.4.0^[[0m
Test (deno on windows-latest)	UNKNOWN STEP	2026-05-18T13:38:45.0171946Z ^[[0m^[[32m+^[[0m ^[[0m^[[38;5;245mnpm:^[[0meslint-config-prettier ^[[0m^[[38;5;245m10.1.8^[[0m
Test (deno on windows-latest)	UNKNOWN STEP	2026-05-18T13:38:45.0172757Z ^[[0m^[[32m+^[[0m ^[[0m^[[38;5;245mnpm:^[[0meslint-plugin-prettier ^[[0m^[[38;5;245m5.5.5^[[0m
Test (deno on windows-latest)	UNKNOWN STEP	2026-05-18T13:38:45.0173482Z ^[[0m^[[32m+^[[0m ^[[0m^[[38;5;245mnpm:^[[0mjscpd ^[[0m^[[38;5;245m4.2.3^[[0m
Test (deno on windows-latest)	UNKNOWN STEP	2026-05-18T13:38:45.0174121Z ^[[0m^[[32m+^[[0m ^[[0m^[[38;5;245mnpm:^[[0mprettier ^[[0m^[[38;5;245m3.8.3^[[0m
Test (deno on windows-latest)	UNKNOWN STEP	2026-05-18T13:38:45.0174798Z ^[[0m^[[32m+^[[0m ^[[0m^[[38;5;245mnpm:^[[0mtest-anywhere ^[[0m^[[38;5;245m0.9.1^[[0m
Test (deno on windows-latest)	UNKNOWN STEP	2026-05-18T13:38:49.8013336Z ##[group]Run deno test --no-check --allow-read --allow-write --allow-env --allow-run
Test (deno on windows-latest)	UNKNOWN STEP	2026-05-18T13:38:49.8013954Z ^[[36;1mdeno test --no-check --allow-read --allow-write --allow-env --allow-run^[[0m
Test (deno on windows-latest)	UNKNOWN STEP	2026-05-18T13:38:49.8095853Z shell: C:\Program Files\PowerShell\7\pwsh.EXE -command ". '{0}'"
Test (deno on windows-latest)	UNKNOWN STEP	2026-05-18T13:38:49.8096355Z env:
Test (deno on windows-latest)	UNKNOWN STEP	2026-05-18T13:38:49.8096595Z   NODE_VERSION: 24.x
Test (deno on windows-latest)	UNKNOWN STEP	2026-05-18T13:38:49.8096892Z   NPM_CONFIG_PROVENANCE: true
Test (deno on windows-latest)	UNKNOWN STEP	2026-05-18T13:38:49.8097246Z ##[endgroup]
Test (deno on windows-latest)	UNKNOWN STEP	2026-05-18T13:38:51.7101496Z ^[[0m^[[38;5;245mrunning 5 tests from ./tests/cli.test.js^[[0m
Test (deno on windows-latest)	UNKNOWN STEP	2026-05-18T13:38:51.7660920Z convert i18next JSON to .lino ... ^[[0m^[[32mok^[[0m ^[[0m^[[38;5;245m(55ms)^[[0m
Test (deno on windows-latest)	UNKNOWN STEP	2026-05-18T13:38:51.7883234Z convert can bundle multiple locales into one .lino file ... ^[[0m^[[32mok^[[0m ^[[0m^[[38;5;245m(22ms)^[[0m
Test (deno on windows-latest)	UNKNOWN STEP	2026-05-18T13:38:51.7992698Z convert reads defaults from a JSON config file ... ^[[0m^[[32mok^[[0m ^[[0m^[[38;5;245m(10ms)^[[0m
Test (deno on windows-latest)	UNKNOWN STEP	2026-05-18T13:38:51.8095500Z check reports missing keys against a reference locale ... ^[[0m^[[32mok^[[0m ^[[0m^[[38;5;245m(9ms)^[[0m
Test (deno on windows-latest)	UNKNOWN STEP	2026-05-18T13:38:51.8194644Z t command translates a key with parameters ... ^[[0m^[[32mok^[[0m ^[[0m^[[38;5;245m(10ms)^[[0m
Test (deno on windows-latest)	UNKNOWN STEP	2026-05-18T13:38:51.8876249Z ^[[0m^[[38;5;245mrunning 7 tests from ./tests/converters.test.js^[[0m
Test (deno on windows-latest)	UNKNOWN STEP	2026-05-18T13:38:51.8883601Z fromI18next flattens nested keys with dot separator ... ^[[0m^[[32mok^[[0m ^[[0m^[[38;5;245m(0ms)^[[0m
Test (deno on windows-latest)	UNKNOWN STEP	2026-05-18T13:38:51.8887656Z fromI18next supports namespace shape with `ns:` prefix ... ^[[0m^[[32mok^[[0m ^[[0m^[[38;5;245m(0ms)^[[0m
Test (deno on windows-latest)	UNKNOWN STEP	2026-05-18T13:38:51.8891054Z fromI18next defaults to provided locale when input is a single catalogue ... ^[[0m^[[32mok^[[0m ^[[0m^[[38;5;245m(0ms)^[[0m
Test (deno on windows-latest)	UNKNOWN STEP	2026-05-18T13:38:51.8897057Z fromI18nJs rewrites %{var} into {{var}} ... ^[[0m^[[32mok^[[0m ^[[0m^[[38;5;245m(0ms)^[[0m
Test (deno on windows-latest)	UNKNOWN STEP	2026-05-18T13:38:51.8901315Z fromReactIntl handles plain ICU strings ... ^[[0m^[[32mok^[[0m ^[[0m^[[38;5;245m(0ms)^[[0m
Test (deno on windows-latest)	UNKNOWN STEP	2026-05-18T13:38:51.8904267Z fromReactIntl extracts defaultMessage ... ^[[0m^[[32mok^[[0m ^[[0m^[[38;5;245m(0ms)^[[0m
Test (deno on windows-latest)	UNKNOWN STEP	2026-05-18T13:38:51.8908285Z fromReactIntl decompiles compiled AST nodes ... ^[[0m^[[32mok^[[0m ^[[0m^[[38;5;245m(0ms)^[[0m
Test (deno on windows-latest)	UNKNOWN STEP	2026-05-18T13:38:51.9559279Z ^[[0m^[[38;5;245mrunning 21 tests from ./tests/i18n.test.js^[[0m
Test (deno on windows-latest)	UNKNOWN STEP	2026-05-18T13:38:51.9701279Z interpolate replaces {{var}} and {var} ... ^[[0m^[[32mok^[[0m ^[[0m^[[38;5;245m(14ms)^[[0m
Test (deno on windows-latest)	UNKNOWN STEP	2026-05-18T13:38:51.9706884Z pluralSuffix follows CLDR rules ... ^[[0m^[[32mok^[[0m ^[[0m^[[38;5;245m(0ms)^[[0m
Test (deno on windows-latest)	UNKNOWN STEP	2026-05-18T13:38:51.9727265Z parseLinoCatalog round-trips with formatLinoCatalog ... ^[[0m^[[32mok^[[0m ^[[0m^[[38;5;245m(1ms)^[[0m
Test (deno on windows-latest)	UNKNOWN STEP	2026-05-18T13:38:51.9733419Z parseLinoCatalog flattens nested groups and selector variants ... ^[[0m^[[32mok^[[0m ^[[0m^[[38;5;245m(0ms)^[[0m
Test (deno on windows-latest)	UNKNOWN STEP	2026-05-18T13:38:51.9738767Z parseLinoCatalog flattens Hive Mind style deep multiline catalogues ... ^[[0m^[[32mok^[[0m ^[[0m^[[38;5;245m(0ms)^[[0m
Test (deno on windows-latest)	UNKNOWN STEP	2026-05-18T13:38:51.9743973Z parseLinoCatalogs accepts bundled multi-locale files ... ^[[0m^[[32mok^[[0m ^[[0m^[[38;5;245m(0ms)^[[0m
Test (deno on windows-latest)	UNKNOWN STEP	2026-05-18T13:38:51.9748436Z parseLinoCatalog can expand compatibility aliases while loading ... ^[[0m^[[32mok^[[0m ^[[0m^[[38;5;245m(0ms)^[[0m
Test (deno on windows-latest)	UNKNOWN STEP	2026-05-18T13:38:51.9755100Z formatLinoCatalog emits nested catalogue syntax by default ... ^[[0m^[[32mok^[[0m ^[[0m^[[38;5;245m(0ms)^[[0m
Test (deno on windows-latest)	UNKNOWN STEP	2026-05-18T13:38:51.9759716Z formatLinoCatalog preserves scalar parent translations as labels ... ^[[0m^[[32mok^[[0m ^[[0m^[[38;5;245m(0ms)^[[0m
Test (deno on windows-latest)	UNKNOWN STEP	2026-05-18T13:38:51.9763259Z parseLinoCatalog aliases nested label children to their parent key ... ^[[0m^[[32mok^[[0m ^[[0m^[[38;5;245m(0ms)^[[0m
Test (deno on windows-latest)	UNKNOWN STEP	2026-05-18T13:38:51.9767254Z label aliases preserve selector suffix groups ... ^[[0m^[[32mok^[[0m ^[[0m^[[38;5;245m(0ms)^[[0m
Test (deno on windows-latest)	UNKNOWN STEP	2026-05-18T13:38:51.9775678Z createI18n resolves missing keys via fallback ... ^[[0m^[[32mok^[[0m ^[[0m^[[38;5;245m(0ms)^[[0m
Test (deno on windows-latest)	UNKNOWN STEP	2026-05-18T13:38:51.9802936Z createI18n applies CLDR plurals per locale ... ^[[0m^[[32mok^[[0m ^[[0m^[[38;5;245m(2ms)^[[0m
Test (deno on windows-latest)	UNKNOWN STEP	2026-05-18T13:38:51.9873699Z loadLocalesFromDirectory merges bundled and per-language files ... ^[[0m^[[32mok^[[0m ^[[0m^[[38;5;245m(6ms)^[[0m
Test (deno on windows-latest)	UNKNOWN STEP	2026-05-18T13:38:51.9987811Z createI18n.loadLocaleFile registers bundled locale files ... ^[[0m^[[32mok^[[0m ^[[0m^[[38;5;245m(10ms)^[[0m
Test (deno on windows-latest)	UNKNOWN STEP	2026-05-18T13:38:51.9990222Z createI18n falls back to onMissingKey when set ... ^[[0m^[[32mok^[[0m ^[[0m^[[38;5;245m(0ms)^[[0m
Test (deno on windows-latest)	UNKNOWN STEP	2026-05-18T13:38:51.9993516Z createI18n exposes context (gender) suffixes ... ^[[0m^[[32mok^[[0m ^[[0m^[[38;5;245m(0ms)^[[0m
Test (deno on windows-latest)	UNKNOWN STEP	2026-05-18T13:38:51.9995848Z createI18n exposes namespace-prefixed keys ... ^[[0m^[[32mok^[[0m ^[[0m^[[38;5;245m(0ms)^[[0m
Test (deno on windows-latest)	UNKNOWN STEP	2026-05-18T13:38:51.9999495Z expandCompatibilityAliases adds migration aliases without overwriting explicit keys ... ^[[0m^[[32mok^[[0m ^[[0m^[[38;5;245m(0ms)^[[0m
Test (deno on windows-latest)	UNKNOWN STEP	2026-05-18T13:38:52.0002716Z createI18n can expose underscore-tail migration aliases ... ^[[0m^[[32mok^[[0m ^[[0m^[[38;5;245m(0ms)^[[0m
Test (deno on windows-latest)	UNKNOWN STEP	2026-05-18T13:38:52.0005283Z createI18n resolves label aliases while explicit keys win ... ^[[0m^[[32mok^[[0m ^[[0m^[[38;5;245m(0ms)^[[0m
Test (deno on windows-latest)	UNKNOWN STEP	2026-05-18T13:38:52.0606925Z ^[[0m^[[38;5;245mrunning 1 test from ./tests/package-metadata.test.js^[[0m
Test (deno on windows-latest)	UNKNOWN STEP	2026-05-18T13:39:06.4875809Z npm package dry-run contains the publishable runtime surface ...
Test (deno on windows-latest)	UNKNOWN STEP	2026-05-18T13:39:06.4876821Z ^[[0m^[[38;5;245m------- post-test output -------^[[0m
Test (deno on windows-latest)	UNKNOWN STEP	2026-05-18T13:39:06.4878073Z (node:8184) [DEP0190] DeprecationWarning: Passing args to a child process with shell option true can lead to security vulnerabilities, as the arguments are not escaped, only concatenated.
Test (deno on windows-latest)	UNKNOWN STEP	2026-05-18T13:39:06.4879805Z ^[[0m^[[38;5;245m----- post-test output end -----^[[0m
Test (deno on windows-latest)	UNKNOWN STEP	2026-05-18T13:39:06.4880750Z npm package dry-run contains the publishable runtime surface ... ^[[0m^[[32mok^[[0m ^[[0m^[[38;5;245m(14s)^[[0m
Test (deno on windows-latest)	UNKNOWN STEP	2026-05-18T13:39:06.5537676Z ^[[0m^[[38;5;245mrunning 3 tests from ./tests/release-delivery.test.js^[[0m
Test (deno on windows-latest)	UNKNOWN STEP	2026-05-18T13:39:06.5637343Z delivery jobs keep running after optional release gates are skipped ... ^[[0m^[[32mok^[[0m ^[[0m^[[38;5;245m(9ms)^[[0m
Test (deno on windows-latest)	UNKNOWN STEP	2026-05-18T13:39:06.5642767Z root README advertises package, release, and CI/CD status badges ... ^[[0m^[[32mok^[[0m ^[[0m^[[38;5;245m(0ms)^[[0m
Test (deno on windows-latest)	UNKNOWN STEP	2026-05-18T13:39:06.5650500Z JavaScript GitHub release notes include package and CI/CD badges ... ^[[0m^[[32mok^[[0m ^[[0m^[[38;5;245m(0ms)^[[0m
Test (deno on windows-latest)	UNKNOWN STEP	2026-05-18T13:39:06.5694567Z
Test (deno on windows-latest)	UNKNOWN STEP	2026-05-18T13:39:06.5695216Z ^[[0m^[[32mok^[[0m | 37 passed | 0 failed ^[[0m^[[38;5;245m(14s)^[[0m
Test (deno on windows-latest)	UNKNOWN STEP	2026-05-18T13:39:06.5695613Z
Test (deno on windows-latest)	UNKNOWN STEP	2026-05-18T13:39:06.7406396Z Post job cleanup.
Test (deno on windows-latest)	UNKNOWN STEP	2026-05-18T13:39:06.9290361Z Caching is not enabled. Caching is skipped.
Test (deno on windows-latest)	UNKNOWN STEP	2026-05-18T13:39:06.9717203Z Post job cleanup.
Test (deno on windows-latest)	UNKNOWN STEP	2026-05-18T13:39:07.1669746Z [command]"C:\Program Files\Git\bin\git.exe" version
Test (deno on windows-latest)	UNKNOWN STEP	2026-05-18T13:39:07.1969390Z git version 2.54.0.windows.1
Test (deno on windows-latest)	UNKNOWN STEP	2026-05-18T13:39:07.2056622Z Temporarily overriding HOME='D:\a\_temp\32ca9042-944f-4562-92f8-c43b487ac390' before making global git config changes
Test (deno on windows-latest)	UNKNOWN STEP	2026-05-18T13:39:07.2057841Z Adding repository directory to the temporary git global config as a safe directory
Test (deno on windows-latest)	UNKNOWN STEP	2026-05-18T13:39:07.2069043Z [command]"C:\Program Files\Git\bin\git.exe" config --global --add safe.directory D:\a\lino-i18n\lino-i18n
Test (deno on windows-latest)	UNKNOWN STEP	2026-05-18T13:39:07.2489515Z Removing SSH command configuration
Test (deno on windows-latest)	UNKNOWN STEP	2026-05-18T13:39:07.2501832Z [command]"C:\Program Files\Git\bin\git.exe" config --local --name-only --get-regexp core\.sshCommand
Test (deno on windows-latest)	UNKNOWN STEP	2026-05-18T13:39:07.2935781Z [command]"C:\Program Files\Git\bin\git.exe" submodule foreach --recursive "sh -c \"git config --local --name-only --get-regexp 'core\.sshCommand' && git config --local --unset-all 'core.sshCommand' || :\""
Test (deno on windows-latest)	UNKNOWN STEP	2026-05-18T13:39:07.8282860Z Removing HTTP extra header
Test (deno on windows-latest)	UNKNOWN STEP	2026-05-18T13:39:07.8295132Z [command]"C:\Program Files\Git\bin\git.exe" config --local --name-only --get-regexp http\.https\:\/\/github\.com\/\.extraheader
Test (deno on windows-latest)	UNKNOWN STEP	2026-05-18T13:39:07.8607455Z [command]"C:\Program Files\Git\bin\git.exe" submodule foreach --recursive "sh -c \"git config --local --name-only --get-regexp 'http\.https\:\/\/github\.com\/\.extraheader' && git config --local --unset-all 'http.https://github.com/.extraheader' || :\""
Test (deno on windows-latest)	UNKNOWN STEP	2026-05-18T13:39:08.3845914Z Removing includeIf entries pointing to credentials config files
Test (deno on windows-latest)	UNKNOWN STEP	2026-05-18T13:39:08.3858528Z [command]"C:\Program Files\Git\bin\git.exe" config --local --name-only --get-regexp ^includeIf\.gitdir:
Test (deno on windows-latest)	UNKNOWN STEP	2026-05-18T13:39:08.4119523Z includeif.gitdir:D:/a/lino-i18n/lino-i18n/.git.path
Test (deno on windows-latest)	UNKNOWN STEP	2026-05-18T13:39:08.4120195Z includeif.gitdir:D:/a/lino-i18n/lino-i18n/.git/worktrees/*.path
Test (deno on windows-latest)	UNKNOWN STEP	2026-05-18T13:39:08.4120658Z includeif.gitdir:/github/workspace/.git.path
Test (deno on windows-latest)	UNKNOWN STEP	2026-05-18T13:39:08.4121028Z includeif.gitdir:/github/workspace/.git/worktrees/*.path
Test (deno on windows-latest)	UNKNOWN STEP	2026-05-18T13:39:08.4160525Z [command]"C:\Program Files\Git\bin\git.exe" config --local --get-all includeif.gitdir:D:/a/lino-i18n/lino-i18n/.git.path
Test (deno on windows-latest)	UNKNOWN STEP	2026-05-18T13:39:08.4416465Z D:\a\_temp\git-credentials-b47b5be1-80ec-4d8c-ac88-7ee2c06b32ae.config
Test (deno on windows-latest)	UNKNOWN STEP	2026-05-18T13:39:08.4460515Z [command]"C:\Program Files\Git\bin\git.exe" config --local --unset includeif.gitdir:D:/a/lino-i18n/lino-i18n/.git.path D:\a\_temp\git-credentials-b47b5be1-80ec-4d8c-ac88-7ee2c06b32ae.config
Test (deno on windows-latest)	UNKNOWN STEP	2026-05-18T13:39:08.4756631Z [command]"C:\Program Files\Git\bin\git.exe" config --local --get-all includeif.gitdir:D:/a/lino-i18n/lino-i18n/.git/worktrees/*.path
Test (deno on windows-latest)	UNKNOWN STEP	2026-05-18T13:39:08.5011188Z D:\a\_temp\git-credentials-b47b5be1-80ec-4d8c-ac88-7ee2c06b32ae.config
Test (deno on windows-latest)	UNKNOWN STEP	2026-05-18T13:39:08.5052850Z [command]"C:\Program Files\Git\bin\git.exe" config --local --unset includeif.gitdir:D:/a/lino-i18n/lino-i18n/.git/worktrees/*.path D:\a\_temp\git-credentials-b47b5be1-80ec-4d8c-ac88-7ee2c06b32ae.config
Test (deno on windows-latest)	UNKNOWN STEP	2026-05-18T13:39:08.5360541Z [command]"C:\Program Files\Git\bin\git.exe" config --local --get-all includeif.gitdir:/github/workspace/.git.path
Test (deno on windows-latest)	UNKNOWN STEP	2026-05-18T13:39:08.5631704Z /github/runner_temp/git-credentials-b47b5be1-80ec-4d8c-ac88-7ee2c06b32ae.config
Test (deno on windows-latest)	UNKNOWN STEP	2026-05-18T13:39:08.5673039Z [command]"C:\Program Files\Git\bin\git.exe" config --local --unset includeif.gitdir:/github/workspace/.git.path /github/runner_temp/git-credentials-b47b5be1-80ec-4d8c-ac88-7ee2c06b32ae.config
Test (deno on windows-latest)	UNKNOWN STEP	2026-05-18T13:39:08.5990058Z [command]"C:\Program Files\Git\bin\git.exe" config --local --get-all includeif.gitdir:/github/workspace/.git/worktrees/*.path
Test (deno on windows-latest)	UNKNOWN STEP	2026-05-18T13:39:08.6256013Z /github/runner_temp/git-credentials-b47b5be1-80ec-4d8c-ac88-7ee2c06b32ae.config
Test (deno on windows-latest)	UNKNOWN STEP	2026-05-18T13:39:08.6299009Z [command]"C:\Program Files\Git\bin\git.exe" config --local --unset includeif.gitdir:/github/workspace/.git/worktrees/*.path /github/runner_temp/git-credentials-b47b5be1-80ec-4d8c-ac88-7ee2c06b32ae.config
Test (deno on windows-latest)	UNKNOWN STEP	2026-05-18T13:39:08.6623380Z [command]"C:\Program Files\Git\bin\git.exe" submodule foreach --recursive "git config --local --show-origin --name-only --get-regexp remote.origin.url"
Test (deno on windows-latest)	UNKNOWN STEP	2026-05-18T13:39:09.1883508Z Removing credentials config 'D:\a\_temp\git-credentials-b47b5be1-80ec-4d8c-ac88-7ee2c06b32ae.config'
Test (deno on windows-latest)	UNKNOWN STEP	2026-05-18T13:39:09.2090902Z Cleaning up orphan processes
Test (node on windows-latest)	UNKNOWN STEP	﻿2026-05-18T13:37:22.2904635Z Current runner version: '2.334.0'
Test (node on windows-latest)	UNKNOWN STEP	2026-05-18T13:37:22.2943157Z ##[group]Runner Image Provisioner
Test (node on windows-latest)	UNKNOWN STEP	2026-05-18T13:37:22.2944380Z Hosted Compute Agent
Test (node on windows-latest)	UNKNOWN STEP	2026-05-18T13:37:22.2945156Z Version: 20260415.520
Test (node on windows-latest)	UNKNOWN STEP	2026-05-18T13:37:22.2946122Z Commit: af089020f5f67b61ccc91db6c07980876c02bf7b
Test (node on windows-latest)	UNKNOWN STEP	2026-05-18T13:37:22.2947158Z Build Date: 2026-04-15T18:07:08Z
Test (node on windows-latest)	UNKNOWN STEP	2026-05-18T13:37:22.2948182Z Worker ID: {02836b1e-8da0-4e99-811e-71cf6720609c}
Test (node on windows-latest)	UNKNOWN STEP	2026-05-18T13:37:22.2949243Z Azure Region: northcentralus
Test (node on windows-latest)	UNKNOWN STEP	2026-05-18T13:37:22.2950148Z ##[endgroup]
Test (node on windows-latest)	UNKNOWN STEP	2026-05-18T13:37:22.2952715Z ##[group]Operating System
Test (node on windows-latest)	UNKNOWN STEP	2026-05-18T13:37:22.2953606Z Microsoft Windows Server 2025
Test (node on windows-latest)	UNKNOWN STEP	2026-05-18T13:37:22.2954467Z 10.0.26100
Test (node on windows-latest)	UNKNOWN STEP	2026-05-18T13:37:22.2955090Z Datacenter
Test (node on windows-latest)	UNKNOWN STEP	2026-05-18T13:37:22.2955745Z ##[endgroup]
Test (node on windows-latest)	UNKNOWN STEP	2026-05-18T13:37:22.2956365Z ##[group]Runner Image
Test (node on windows-latest)	UNKNOWN STEP	2026-05-18T13:37:22.2957198Z Image: windows-2025-vs2026
Test (node on windows-latest)	UNKNOWN STEP	2026-05-18T13:37:22.2957946Z Version: 20260510.103.1
Test (node on windows-latest)	UNKNOWN STEP	2026-05-18T13:37:22.2960216Z Included Software: https://github.com/actions/runner-images/blob/win25-vs2026/20260510.103/images/windows/Windows2025-VS2026-Readme.md
Test (node on windows-latest)	UNKNOWN STEP	2026-05-18T13:37:22.2962724Z Image Release: https://github.com/actions/runner-images/releases/tag/win25-vs2026%2F20260510.103
Test (node on windows-latest)	UNKNOWN STEP	2026-05-18T13:37:22.2964196Z ##[endgroup]
Test (node on windows-latest)	UNKNOWN STEP	2026-05-18T13:37:22.2966122Z ##[group]GITHUB_TOKEN Permissions
Test (node on windows-latest)	UNKNOWN STEP	2026-05-18T13:37:22.2968640Z Contents: write
Test (node on windows-latest)	UNKNOWN STEP	2026-05-18T13:37:22.2969408Z Metadata: read
Test (node on windows-latest)	UNKNOWN STEP	2026-05-18T13:37:22.2970110Z Pages: write
Test (node on windows-latest)	UNKNOWN STEP	2026-05-18T13:37:22.2971133Z PullRequests: write
Test (node on windows-latest)	UNKNOWN STEP	2026-05-18T13:37:22.2971953Z ##[endgroup]
Test (node on windows-latest)	UNKNOWN STEP	2026-05-18T13:37:22.2974947Z Secret source: Actions
Test (node on windows-latest)	UNKNOWN STEP	2026-05-18T13:37:22.2975936Z Prepare workflow directory
Test (node on windows-latest)	UNKNOWN STEP	2026-05-18T13:37:22.3463812Z Prepare all required actions
Test (node on windows-latest)	UNKNOWN STEP	2026-05-18T13:37:22.3502769Z Getting action download info
Test (node on windows-latest)	UNKNOWN STEP	2026-05-18T13:37:22.7345683Z Download action repository 'actions/checkout@v6' (SHA:de0fac2e4500dabe0009e67214ff5f5447ce83dd)
Test (node on windows-latest)	UNKNOWN STEP	2026-05-18T13:37:22.8513718Z Download action repository 'actions/setup-node@v6' (SHA:48b55a011bda9f5d6aeb4c2d9c7362e8dae4041e)
Test (node on windows-latest)	UNKNOWN STEP	2026-05-18T13:37:22.9926873Z Download action repository 'oven-sh/setup-bun@v2' (SHA:0c5077e51419868618aeaa5fe8019c62421857d6)
Test (node on windows-latest)	UNKNOWN STEP	2026-05-18T13:37:23.3022387Z Download action repository 'denoland/setup-deno@v2' (SHA:667a34cdef165d8d2b2e98dde39547c9daac7282)
Test (node on windows-latest)	UNKNOWN STEP	2026-05-18T13:37:23.7839579Z Complete job name: Test (node on windows-latest)
Test (node on windows-latest)	UNKNOWN STEP	2026-05-18T13:37:23.9664378Z ##[group]Run actions/checkout@v6
Test (node on windows-latest)	UNKNOWN STEP	2026-05-18T13:37:23.9665917Z with:
Test (node on windows-latest)	UNKNOWN STEP	2026-05-18T13:37:23.9666904Z   fetch-depth: 0
Test (node on windows-latest)	UNKNOWN STEP	2026-05-18T13:37:23.9667588Z   repository: link-foundation/lino-i18n
Test (node on windows-latest)	UNKNOWN STEP	2026-05-18T13:37:23.9668754Z   token: ***
Test (node on windows-latest)	UNKNOWN STEP	2026-05-18T13:37:23.9669362Z   ssh-strict: true
Test (node on windows-latest)	UNKNOWN STEP	2026-05-18T13:37:23.9669971Z   ssh-user: git
Test (node on windows-latest)	UNKNOWN STEP	2026-05-18T13:37:23.9670614Z   persist-credentials: true
Test (node on windows-latest)	UNKNOWN STEP	2026-05-18T13:37:23.9671323Z   clean: true
Test (node on windows-latest)	UNKNOWN STEP	2026-05-18T13:37:23.9671957Z   sparse-checkout-cone-mode: true
Test (node on windows-latest)	UNKNOWN STEP	2026-05-18T13:37:23.9672727Z   fetch-tags: false
Test (node on windows-latest)	UNKNOWN STEP	2026-05-18T13:37:23.9673360Z   show-progress: true
Test (node on windows-latest)	UNKNOWN STEP	2026-05-18T13:37:23.9673988Z   lfs: false
Test (node on windows-latest)	UNKNOWN STEP	2026-05-18T13:37:23.9674577Z   submodules: false
Test (node on windows-latest)	UNKNOWN STEP	2026-05-18T13:37:23.9675245Z   set-safe-directory: true
Test (node on windows-latest)	UNKNOWN STEP	2026-05-18T13:37:23.9676271Z env:
Test (node on windows-latest)	UNKNOWN STEP	2026-05-18T13:37:23.9676832Z   NODE_VERSION: 24.x
Test (node on windows-latest)	UNKNOWN STEP	2026-05-18T13:37:23.9677500Z   NPM_CONFIG_PROVENANCE: true
Test (node on windows-latest)	UNKNOWN STEP	2026-05-18T13:37:23.9678221Z ##[endgroup]
Test (node on windows-latest)	UNKNOWN STEP	2026-05-18T13:37:24.1131786Z Syncing repository: link-foundation/lino-i18n
Test (node on windows-latest)	UNKNOWN STEP	2026-05-18T13:37:24.1134149Z ##[group]Getting Git version info
Test (node on windows-latest)	UNKNOWN STEP	2026-05-18T13:37:24.1135104Z Working directory is 'D:\a\lino-i18n\lino-i18n'
Test (node on windows-latest)	UNKNOWN STEP	2026-05-18T13:37:24.2003349Z [command]"C:\Program Files\Git\bin\git.exe" version
Test (node on windows-latest)	UNKNOWN STEP	2026-05-18T13:37:24.5723216Z git version 2.54.0.windows.1
Test (node on windows-latest)	UNKNOWN STEP	2026-05-18T13:37:24.5788001Z ##[endgroup]
Test (node on windows-latest)	UNKNOWN STEP	2026-05-18T13:37:24.5815115Z Temporarily overriding HOME='D:\a\_temp\4c5ca96d-d37d-4f49-b7e1-fde41b39b6b5' before making global git config changes
Test (node on windows-latest)	UNKNOWN STEP	2026-05-18T13:37:24.5825034Z Adding repository directory to the temporary git global config as a safe directory
Test (node on windows-latest)	UNKNOWN STEP	2026-05-18T13:37:24.5827398Z [command]"C:\Program Files\Git\bin\git.exe" config --global --add safe.directory D:\a\lino-i18n\lino-i18n
Test (node on windows-latest)	UNKNOWN STEP	2026-05-18T13:37:24.6465627Z Deleting the contents of 'D:\a\lino-i18n\lino-i18n'
Test (node on windows-latest)	UNKNOWN STEP	2026-05-18T13:37:24.6472867Z ##[group]Initializing the repository
Test (node on windows-latest)	UNKNOWN STEP	2026-05-18T13:37:24.6481543Z [command]"C:\Program Files\Git\bin\git.exe" init D:\a\lino-i18n\lino-i18n
Test (node on windows-latest)	UNKNOWN STEP	2026-05-18T13:37:24.7384158Z Initialized empty Git repository in D:/a/lino-i18n/lino-i18n/.git/
Test (node on windows-latest)	UNKNOWN STEP	2026-05-18T13:37:24.7435245Z [command]"C:\Program Files\Git\bin\git.exe" remote add origin https://github.com/link-foundation/lino-i18n
Test (node on windows-latest)	UNKNOWN STEP	2026-05-18T13:37:24.7929210Z ##[endgroup]
Test (node on windows-latest)	UNKNOWN STEP	2026-05-18T13:37:24.7930361Z ##[group]Disabling automatic garbage collection
Test (node on windows-latest)	UNKNOWN STEP	2026-05-18T13:37:24.7939095Z [command]"C:\Program Files\Git\bin\git.exe" config --local gc.auto 0
Test (node on windows-latest)	UNKNOWN STEP	2026-05-18T13:37:24.8265712Z ##[endgroup]
Test (node on windows-latest)	UNKNOWN STEP	2026-05-18T13:37:24.8267433Z ##[group]Setting up auth
Test (node on windows-latest)	UNKNOWN STEP	2026-05-18T13:37:24.8268737Z Removing SSH command configuration
Test (node on windows-latest)	UNKNOWN STEP	2026-05-18T13:37:24.8281325Z [command]"C:\Program Files\Git\bin\git.exe" config --local --name-only --get-regexp core\.sshCommand
Test (node on windows-latest)	UNKNOWN STEP	2026-05-18T13:37:24.8604125Z [command]"C:\Program Files\Git\bin\git.exe" submodule foreach --recursive "sh -c \"git config --local --name-only --get-regexp 'core\.sshCommand' && git config --local --unset-all 'core.sshCommand' || :\""
Test (node on windows-latest)	UNKNOWN STEP	2026-05-18T13:37:26.3944277Z Removing HTTP extra header
Test (node on windows-latest)	UNKNOWN STEP	2026-05-18T13:37:26.3955211Z [command]"C:\Program Files\Git\bin\git.exe" config --local --name-only --get-regexp http\.https\:\/\/github\.com\/\.extraheader
Test (node on windows-latest)	UNKNOWN STEP	2026-05-18T13:37:26.4265957Z [command]"C:\Program Files\Git\bin\git.exe" submodule foreach --recursive "sh -c \"git config --local --name-only --get-regexp 'http\.https\:\/\/github\.com\/\.extraheader' && git config --local --unset-all 'http.https://github.com/.extraheader' || :\""
Test (node on windows-latest)	UNKNOWN STEP	2026-05-18T13:37:26.9402677Z Removing includeIf entries pointing to credentials config files
Test (node on windows-latest)	UNKNOWN STEP	2026-05-18T13:37:26.9403371Z [command]"C:\Program Files\Git\bin\git.exe" config --local --name-only --get-regexp ^includeIf\.gitdir:
Test (node on windows-latest)	UNKNOWN STEP	2026-05-18T13:37:26.9699881Z [command]"C:\Program Files\Git\bin\git.exe" submodule foreach --recursive "git config --local --show-origin --name-only --get-regexp remote.origin.url"
Test (node on windows-latest)	UNKNOWN STEP	2026-05-18T13:37:27.4910085Z [command]"C:\Program Files\Git\bin\git.exe" config --file D:\a\_temp\git-credentials-d5f2cb9f-f59e-4d01-be70-5d50920245ef.config http.https://github.com/.extraheader "AUTHORIZATION: basic ***"
Test (node on windows-latest)	UNKNOWN STEP	2026-05-18T13:37:27.5214718Z [command]"C:\Program Files\Git\bin\git.exe" config --local includeIf.gitdir:D:/a/lino-i18n/lino-i18n/.git.path D:\a\_temp\git-credentials-d5f2cb9f-f59e-4d01-be70-5d50920245ef.config
Test (node on windows-latest)	UNKNOWN STEP	2026-05-18T13:37:27.5513345Z [command]"C:\Program Files\Git\bin\git.exe" config --local includeIf.gitdir:D:/a/lino-i18n/lino-i18n/.git/worktrees/*.path D:\a\_temp\git-credentials-d5f2cb9f-f59e-4d01-be70-5d50920245ef.config
Test (node on windows-latest)	UNKNOWN STEP	2026-05-18T13:37:27.5858349Z [command]"C:\Program Files\Git\bin\git.exe" config --local includeIf.gitdir:/github/workspace/.git.path /github/runner_temp/git-credentials-d5f2cb9f-f59e-4d01-be70-5d50920245ef.config
Test (node on windows-latest)	UNKNOWN STEP	2026-05-18T13:37:27.6159222Z [command]"C:\Program Files\Git\bin\git.exe" config --local includeIf.gitdir:/github/workspace/.git/worktrees/*.path /github/runner_temp/git-credentials-d5f2cb9f-f59e-4d01-be70-5d50920245ef.config
Test (node on windows-latest)	UNKNOWN STEP	2026-05-18T13:37:27.6442329Z ##[endgroup]
Test (node on windows-latest)	UNKNOWN STEP	2026-05-18T13:37:27.6442722Z ##[group]Fetching the repository
Test (node on windows-latest)	UNKNOWN STEP	2026-05-18T13:37:27.6457312Z [command]"C:\Program Files\Git\bin\git.exe" -c protocol.version=2 fetch --no-tags --prune --no-recurse-submodules origin +refs/heads/*:refs/remotes/origin/* +refs/tags/*:refs/tags/*
Test (node on windows-latest)	UNKNOWN STEP	2026-05-18T13:37:28.9961305Z From https://github.com/link-foundation/lino-i18n
Test (node on windows-latest)	UNKNOWN STEP	2026-05-18T13:37:28.9962124Z  * [new branch]      issue-1-76ffa2dc55cc  -> origin/issue-1-76ffa2dc55cc
Test (node on windows-latest)	UNKNOWN STEP	2026-05-18T13:37:28.9962839Z  * [new branch]      issue-10-6657adb31046 -> origin/issue-10-6657adb31046
Test (node on windows-latest)	UNKNOWN STEP	2026-05-18T13:37:28.9963484Z  * [new branch]      issue-11-b5c8ef3bbd84 -> origin/issue-11-b5c8ef3bbd84
Test (node on windows-latest)	UNKNOWN STEP	2026-05-18T13:37:28.9964087Z  * [new branch]      issue-12-3c4f596e0c67 -> origin/issue-12-3c4f596e0c67
Test (node on windows-latest)	UNKNOWN STEP	2026-05-18T13:37:28.9965858Z  * [new branch]      issue-3-b3eb0917c317  -> origin/issue-3-b3eb0917c317
Test (node on windows-latest)	UNKNOWN STEP	2026-05-18T13:37:28.9966513Z  * [new branch]      issue-5-169afc4a2006  -> origin/issue-5-169afc4a2006
Test (node on windows-latest)	UNKNOWN STEP	2026-05-18T13:37:28.9967120Z  * [new branch]      issue-5-35d32a59c464  -> origin/issue-5-35d32a59c464
Test (node on windows-latest)	UNKNOWN STEP	2026-05-18T13:37:28.9967875Z  * [new branch]      issue-8-ca918c4d7d4c  -> origin/issue-8-ca918c4d7d4c
Test (node on windows-latest)	UNKNOWN STEP	2026-05-18T13:37:28.9968472Z  * [new branch]      main                  -> origin/main
Test (node on windows-latest)	UNKNOWN STEP	2026-05-18T13:37:28.9968992Z  * [new tag]         js-v0.0.1             -> js-v0.0.1
Test (node on windows-latest)	UNKNOWN STEP	2026-05-18T13:37:28.9969495Z  * [new tag]         rust-v0.0.1           -> rust-v0.0.1
Test (node on windows-latest)	UNKNOWN STEP	2026-05-18T13:37:29.0483738Z [command]"C:\Program Files\Git\bin\git.exe" branch --list --remote origin/main
Test (node on windows-latest)	UNKNOWN STEP	2026-05-18T13:37:29.0834313Z   origin/main
Test (node on windows-latest)	UNKNOWN STEP	2026-05-18T13:37:29.0881862Z [command]"C:\Program Files\Git\bin\git.exe" rev-parse refs/remotes/origin/main
Test (node on windows-latest)	UNKNOWN STEP	2026-05-18T13:37:29.1190359Z 8910b98b665a650690c0d9e9188bbf6bec1e9d2c
Test (node on windows-latest)	UNKNOWN STEP	2026-05-18T13:37:29.1226928Z ##[endgroup]
Test (node on windows-latest)	UNKNOWN STEP	2026-05-18T13:37:29.1227316Z ##[group]Determining the checkout info
Test (node on windows-latest)	UNKNOWN STEP	2026-05-18T13:37:29.1228830Z ##[endgroup]
Test (node on windows-latest)	UNKNOWN STEP	2026-05-18T13:37:29.1239284Z [command]"C:\Program Files\Git\bin\git.exe" sparse-checkout disable
Test (node on windows-latest)	UNKNOWN STEP	2026-05-18T13:37:29.1624260Z [command]"C:\Program Files\Git\bin\git.exe" config --local --unset-all extensions.worktreeConfig
Test (node on windows-latest)	UNKNOWN STEP	2026-05-18T13:37:29.1916533Z ##[group]Checking out the ref
Test (node on windows-latest)	UNKNOWN STEP	2026-05-18T13:37:29.1927245Z [command]"C:\Program Files\Git\bin\git.exe" checkout --progress --force -B main refs/remotes/origin/main
Test (node on windows-latest)	UNKNOWN STEP	2026-05-18T13:37:29.3961319Z Switched to a new branch 'main'
Test (node on windows-latest)	UNKNOWN STEP	2026-05-18T13:37:29.4025128Z branch 'main' set up to track 'origin/main'.
Test (node on windows-latest)	UNKNOWN STEP	2026-05-18T13:37:29.4081387Z ##[endgroup]
Test (node on windows-latest)	UNKNOWN STEP	2026-05-18T13:37:29.4506195Z [command]"C:\Program Files\Git\bin\git.exe" log -1 --format=%H
Test (node on windows-latest)	UNKNOWN STEP	2026-05-18T13:37:29.4790437Z 8910b98b665a650690c0d9e9188bbf6bec1e9d2c
Test (node on windows-latest)	UNKNOWN STEP	2026-05-18T13:37:29.5295011Z ##[group]Run actions/setup-node@v6
Test (node on windows-latest)	UNKNOWN STEP	2026-05-18T13:37:29.5295311Z with:
Test (node on windows-latest)	UNKNOWN STEP	2026-05-18T13:37:29.5295495Z   node-version: 24.x
Test (node on windows-latest)	UNKNOWN STEP	2026-05-18T13:37:29.5295674Z   cache: npm
Test (node on windows-latest)	UNKNOWN STEP	2026-05-18T13:37:29.5295864Z   cache-dependency-path: js/package-lock.json
Test (node on windows-latest)	UNKNOWN STEP	2026-05-18T13:37:29.5296124Z   check-latest: false
Test (node on windows-latest)	UNKNOWN STEP	2026-05-18T13:37:29.5296466Z   token: ***
Test (node on windows-latest)	UNKNOWN STEP	2026-05-18T13:37:29.5296643Z   package-manager-cache: true
Test (node on windows-latest)	UNKNOWN STEP	2026-05-18T13:37:29.5296850Z env:
Test (node on windows-latest)	UNKNOWN STEP	2026-05-18T13:37:29.5296994Z   NODE_VERSION: 24.x
Test (node on windows-latest)	UNKNOWN STEP	2026-05-18T13:37:29.5297177Z   NPM_CONFIG_PROVENANCE: true
Test (node on windows-latest)	UNKNOWN STEP	2026-05-18T13:37:29.5297369Z ##[endgroup]
Test (node on windows-latest)	UNKNOWN STEP	2026-05-18T13:37:29.7416654Z Found in cache @ C:\hostedtoolcache\windows\node\24.15.0\x64
Test (node on windows-latest)	UNKNOWN STEP	2026-05-18T13:37:29.7423420Z ##[group]Environment details
Test (node on windows-latest)	UNKNOWN STEP	2026-05-18T13:37:34.7677273Z node: v24.15.0
Test (node on windows-latest)	UNKNOWN STEP	2026-05-18T13:37:34.7677692Z npm: 11.12.1
Test (node on windows-latest)	UNKNOWN STEP	2026-05-18T13:37:34.7677965Z yarn: 1.22.22
Test (node on windows-latest)	UNKNOWN STEP	2026-05-18T13:37:34.7678622Z ##[endgroup]
Test (node on windows-latest)	UNKNOWN STEP	2026-05-18T13:37:34.8314314Z [command]C:\Windows\system32\cmd.exe /D /S /C "C:\hostedtoolcache\windows\node\24.15.0\x64\npm.cmd config get cache"
Test (node on windows-latest)	UNKNOWN STEP	2026-05-18T13:37:35.3442211Z C:\npm\cache
Test (node on windows-latest)	UNKNOWN STEP	2026-05-18T13:37:35.6881474Z Cache hit for: node-cache-Windows-x64-npm-110482ee8a7cf7892a2cc83c8daf7f741a4fb344d70cc640c852132743f3f691
Test (node on windows-latest)	UNKNOWN STEP	2026-05-18T13:37:36.2210338Z Received 17233726 of 17233726 (100.0%), 40.0 MBs/sec
Test (node on windows-latest)	UNKNOWN STEP	2026-05-18T13:37:36.2210797Z Cache Size: ~16 MB (17233726 B)
Test (node on windows-latest)	UNKNOWN STEP	2026-05-18T13:37:36.2238859Z [command]"C:\Program Files\Git\usr\bin\tar.exe" -xf D:/a/_temp/bfb3867d-c05b-4620-b67b-2c8845e145d2/cache.tzst -P -C D:/a/lino-i18n/lino-i18n --force-local --use-compress-program "zstd -d"
Test (node on windows-latest)	UNKNOWN STEP	2026-05-18T13:37:37.1630116Z Cache restored successfully
Test (node on windows-latest)	UNKNOWN STEP	2026-05-18T13:37:37.1660384Z Cache restored from key: node-cache-Windows-x64-npm-110482ee8a7cf7892a2cc83c8daf7f741a4fb344d70cc640c852132743f3f691
Test (node on windows-latest)	UNKNOWN STEP	2026-05-18T13:37:37.1981254Z ##[group]Run npm ci || npm install
Test (node on windows-latest)	UNKNOWN STEP	2026-05-18T13:37:37.1981636Z ^[[36;1mnpm ci || npm install^[[0m
Test (node on windows-latest)	UNKNOWN STEP	2026-05-18T13:37:37.2721974Z shell: C:\Program Files\PowerShell\7\pwsh.EXE -command ". '{0}'"
Test (node on windows-latest)	UNKNOWN STEP	2026-05-18T13:37:37.2722297Z env:
Test (node on windows-latest)	UNKNOWN STEP	2026-05-18T13:37:37.2722472Z   NODE_VERSION: 24.x
Test (node on windows-latest)	UNKNOWN STEP	2026-05-18T13:37:37.2722912Z   NPM_CONFIG_PROVENANCE: true
Test (node on windows-latest)	UNKNOWN STEP	2026-05-18T13:37:37.2723120Z ##[endgroup]
Test (node on windows-latest)	UNKNOWN STEP	2026-05-18T13:37:47.3825574Z
Test (node on windows-latest)	UNKNOWN STEP	2026-05-18T13:37:47.3833289Z added 295 packages, and audited 296 packages in 4s
Test (node on windows-latest)	UNKNOWN STEP	2026-05-18T13:37:47.3833674Z
Test (node on windows-latest)	UNKNOWN STEP	2026-05-18T13:37:47.3833889Z 49 packages are looking for funding
Test (node on windows-latest)	UNKNOWN STEP	2026-05-18T13:37:47.3834229Z   run `npm fund` for details
Test (node on windows-latest)	UNKNOWN STEP	2026-05-18T13:37:47.3843172Z
Test (node on windows-latest)	UNKNOWN STEP	2026-05-18T13:37:47.3843578Z found 0 vulnerabilities
Test (node on windows-latest)	UNKNOWN STEP	2026-05-18T13:37:52.4409041Z ##[group]Run npm test
Test (node on windows-latest)	UNKNOWN STEP	2026-05-18T13:37:52.4409392Z ^[[36;1mnpm test^[[0m
Test (node on windows-latest)	UNKNOWN STEP	2026-05-18T13:37:52.4474217Z shell: C:\Program Files\PowerShell\7\pwsh.EXE -command ". '{0}'"
Test (node on windows-latest)	UNKNOWN STEP	2026-05-18T13:37:52.4474539Z env:
Test (node on windows-latest)	UNKNOWN STEP	2026-05-18T13:37:52.4474712Z   NODE_VERSION: 24.x
Test (node on windows-latest)	UNKNOWN STEP	2026-05-18T13:37:52.4474900Z   NPM_CONFIG_PROVENANCE: true
Test (node on windows-latest)	UNKNOWN STEP	2026-05-18T13:37:52.4475108Z ##[endgroup]
Test (node on windows-latest)	UNKNOWN STEP	2026-05-18T13:37:53.1477945Z
Test (node on windows-latest)	UNKNOWN STEP	2026-05-18T13:37:53.1478515Z > lino-i18n@0.1.0 test
Test (node on windows-latest)	UNKNOWN STEP	2026-05-18T13:37:53.1479162Z > node --test --test-timeout=30000 tests/*.test.js
Test (node on windows-latest)	UNKNOWN STEP	2026-05-18T13:37:53.1479576Z
Test (node on windows-latest)	UNKNOWN STEP	2026-05-18T13:37:53.4197596Z ✔ convert i18next JSON to .lino (19.7251ms)
Test (node on windows-latest)	UNKNOWN STEP	2026-05-18T13:37:53.4502023Z ✔ convert can bundle multiple locales into one .lino file (23.6558ms)
Test (node on windows-latest)	UNKNOWN STEP	2026-05-18T13:37:53.4502832Z ✔ convert reads defaults from a JSON config file (6.5244ms)
Test (node on windows-latest)	UNKNOWN STEP	2026-05-18T13:37:53.4546849Z ✔ check reports missing keys against a reference locale (6.6618ms)
Test (node on windows-latest)	UNKNOWN STEP	2026-05-18T13:37:53.4937381Z ✔ t command translates a key with parameters (39.4548ms)
Test (node on windows-latest)	UNKNOWN STEP	2026-05-18T13:37:53.5197381Z ✔ fromI18next flattens nested keys with dot separator (4.7436ms)
Test (node on windows-latest)	UNKNOWN STEP	2026-05-18T13:37:53.5204079Z ✔ fromI18next supports namespace shape with `ns:` prefix (0.3923ms)
Test (node on windows-latest)	UNKNOWN STEP	2026-05-18T13:37:53.5221466Z ✔ fromI18next defaults to provided locale when input is a single catalogue (0.2929ms)
Test (node on windows-latest)	UNKNOWN STEP	2026-05-18T13:37:53.5238901Z ✔ fromI18nJs rewrites %{var} into {{var}} (0.6818ms)
Test (node on windows-latest)	UNKNOWN STEP	2026-05-18T13:37:53.5253865Z ✔ fromReactIntl handles plain ICU strings (0.5218ms)
Test (node on windows-latest)	UNKNOWN STEP	2026-05-18T13:37:53.5257581Z ✔ fromReactIntl extracts defaultMessage (0.249ms)
Test (node on windows-latest)	UNKNOWN STEP	2026-05-18T13:37:53.5258777Z ✔ fromReactIntl decompiles compiled AST nodes (0.3641ms)
Test (node on windows-latest)	UNKNOWN STEP	2026-05-18T13:37:53.5259686Z ✔ interpolate replaces {{var}} and {var} (2.2018ms)
Test (node on windows-latest)	UNKNOWN STEP	2026-05-18T13:37:53.5261288Z ✔ pluralSuffix follows CLDR rules (78.7269ms)
Test (node on windows-latest)	UNKNOWN STEP	2026-05-18T13:37:53.5262169Z ✔ parseLinoCatalog round-trips with formatLinoCatalog (4.3172ms)
Test (node on windows-latest)	UNKNOWN STEP	2026-05-18T13:37:53.5263343Z ✔ parseLinoCatalog flattens nested groups and selector variants (0.7115ms)
Test (node on windows-latest)	UNKNOWN STEP	2026-05-18T13:37:53.5264897Z ✔ parseLinoCatalog flattens Hive Mind style deep multiline catalogues (0.4832ms)
Test (node on windows-latest)	UNKNOWN STEP	2026-05-18T13:37:53.5268647Z ✔ parseLinoCatalogs accepts bundled multi-locale files (0.4761ms)
Test (node on windows-latest)	UNKNOWN STEP	2026-05-18T13:37:53.5269646Z ✔ parseLinoCatalog can expand compatibility aliases while loading (0.4305ms)
Test (node on windows-latest)	UNKNOWN STEP	2026-05-18T13:37:53.5273282Z ✔ formatLinoCatalog emits nested catalogue syntax by default (0.8801ms)
Test (node on windows-latest)	UNKNOWN STEP	2026-05-18T13:37:53.5278728Z ✔ formatLinoCatalog preserves scalar parent translations as labels (0.4947ms)
Test (node on windows-latest)	UNKNOWN STEP	2026-05-18T13:37:53.5283409Z ✔ parseLinoCatalog aliases nested label children to their parent key (0.4417ms)
Test (node on windows-latest)	UNKNOWN STEP	2026-05-18T13:37:53.5289558Z ✔ label aliases preserve selector suffix groups (0.4179ms)
Test (node on windows-latest)	UNKNOWN STEP	2026-05-18T13:37:53.5307095Z ✔ createI18n resolves missing keys via fallback (0.8692ms)
Test (node on windows-latest)	UNKNOWN STEP	2026-05-18T13:37:53.5411005Z ✔ createI18n applies CLDR plurals per locale (32.0917ms)
Test (node on windows-latest)	UNKNOWN STEP	2026-05-18T13:37:53.5484110Z ✔ loadLocalesFromDirectory merges bundled and per-language files (8.0337ms)
Test (node on windows-latest)	UNKNOWN STEP	2026-05-18T13:37:53.5550865Z ✔ createI18n.loadLocaleFile registers bundled locale files (3.378ms)
Test (node on windows-latest)	UNKNOWN STEP	2026-05-18T13:37:53.5557932Z ✔ createI18n falls back to onMissingKey when set (0.2959ms)
Test (node on windows-latest)	UNKNOWN STEP	2026-05-18T13:37:53.5559466Z ✔ createI18n exposes context (gender) suffixes (0.2165ms)
Test (node on windows-latest)	UNKNOWN STEP	2026-05-18T13:37:53.5583731Z ✔ createI18n exposes namespace-prefixed keys (0.1798ms)
Test (node on windows-latest)	UNKNOWN STEP	2026-05-18T13:37:53.5590556Z ✔ expandCompatibilityAliases adds migration aliases without overwriting explicit keys (0.2162ms)
Test (node on windows-latest)	UNKNOWN STEP	2026-05-18T13:37:53.5594178Z ✔ createI18n can expose underscore-tail migration aliases (0.2334ms)
Test (node on windows-latest)	UNKNOWN STEP	2026-05-18T13:37:53.5597515Z ✔ createI18n resolves label aliases while explicit keys win (0.1405ms)
Test (node on windows-latest)	UNKNOWN STEP	2026-05-18T13:37:54.2944923Z (node:10112) [DEP0190] DeprecationWarning: Passing args to a child process with shell option true can lead to security vulnerabilities, as the arguments are not escaped, only concatenated.
Test (node on windows-latest)	UNKNOWN STEP	2026-05-18T13:37:54.2946577Z (Use `node --trace-deprecation ...` to show where the warning was created)
Test (node on windows-latest)	UNKNOWN STEP	2026-05-18T13:37:54.2957662Z ✔ npm package dry-run contains the publishable runtime surface (776.7665ms)
Test (node on windows-latest)	UNKNOWN STEP	2026-05-18T13:37:54.3094916Z ✔ delivery jobs keep running after optional release gates are skipped (3.5428ms)
Test (node on windows-latest)	UNKNOWN STEP	2026-05-18T13:37:54.3095929Z ✔ root README advertises package, release, and CI/CD status badges (0.5ms)
Test (node on windows-latest)	UNKNOWN STEP	2026-05-18T13:37:54.3096814Z ✔ JavaScript GitHub release notes include package and CI/CD badges (1.2593ms)
Test (node on windows-latest)	UNKNOWN STEP	2026-05-18T13:37:54.3097343Z ℹ tests 37
Test (node on windows-latest)	UNKNOWN STEP	2026-05-18T13:37:54.3097671Z ℹ suites 0
Test (node on windows-latest)	UNKNOWN STEP	2026-05-18T13:37:54.3097944Z ℹ pass 37
Test (node on windows-latest)	UNKNOWN STEP	2026-05-18T13:37:54.3098212Z ℹ fail 0
Test (node on windows-latest)	UNKNOWN STEP	2026-05-18T13:37:54.3098485Z ℹ cancelled 0
Test (node on windows-latest)	UNKNOWN STEP	2026-05-18T13:37:54.3098819Z ℹ skipped 0
Test (node on windows-latest)	UNKNOWN STEP	2026-05-18T13:37:54.3099118Z ℹ todo 0
Test (node on windows-latest)	UNKNOWN STEP	2026-05-18T13:37:54.3099452Z ℹ duration_ms 1038.0513
Test (node on windows-latest)	UNKNOWN STEP	2026-05-18T13:37:54.4312569Z Post job cleanup.
Test (node on windows-latest)	UNKNOWN STEP	2026-05-18T13:37:54.5882160Z Cache hit occurred on the primary key node-cache-Windows-x64-npm-110482ee8a7cf7892a2cc83c8daf7f741a4fb344d70cc640c852132743f3f691, not saving cache.
Test (node on windows-latest)	UNKNOWN STEP	2026-05-18T13:37:54.6179559Z Post job cleanup.
Test (node on windows-latest)	UNKNOWN STEP	2026-05-18T13:37:54.8462366Z [command]"C:\Program Files\Git\bin\git.exe" version
Test (node on windows-latest)	UNKNOWN STEP	2026-05-18T13:37:54.8822167Z git version 2.54.0.windows.1
Test (node on windows-latest)	UNKNOWN STEP	2026-05-18T13:37:54.8916400Z Temporarily overriding HOME='D:\a\_temp\353f675b-5553-48fd-b3a0-b162c611fe78' before making global git config changes
Test (node on windows-latest)	UNKNOWN STEP	2026-05-18T13:37:54.8918099Z Adding repository directory to the temporary git global config as a safe directory
Test (node on windows-latest)	UNKNOWN STEP	2026-05-18T13:37:54.8928686Z [command]"C:\Program Files\Git\bin\git.exe" config --global --add safe.directory D:\a\lino-i18n\lino-i18n
Test (node on windows-latest)	UNKNOWN STEP	2026-05-18T13:37:54.9378871Z Removing SSH command configuration
Test (node on windows-latest)	UNKNOWN STEP	2026-05-18T13:37:54.9397273Z [command]"C:\Program Files\Git\bin\git.exe" config --local --name-only --get-regexp core\.sshCommand
Test (node on windows-latest)	UNKNOWN STEP	2026-05-18T13:37:54.9810378Z [command]"C:\Program Files\Git\bin\git.exe" submodule foreach --recursive "sh -c \"git config --local --name-only --get-regexp 'core\.sshCommand' && git config --local --unset-all 'core.sshCommand' || :\""
Test (node on windows-latest)	UNKNOWN STEP	2026-05-18T13:37:55.5579582Z Removing HTTP extra header
Test (node on windows-latest)	UNKNOWN STEP	2026-05-18T13:37:55.5590988Z [command]"C:\Program Files\Git\bin\git.exe" config --local --name-only --get-regexp http\.https\:\/\/github\.com\/\.extraheader
Test (node on windows-latest)	UNKNOWN STEP	2026-05-18T13:37:55.5920116Z [command]"C:\Program Files\Git\bin\git.exe" submodule foreach --recursive "sh -c \"git config --local --name-only --get-regexp 'http\.https\:\/\/github\.com\/\.extraheader' && git config --local --unset-all 'http.https://github.com/.extraheader' || :\""
Test (node on windows-latest)	UNKNOWN STEP	2026-05-18T13:37:56.1539228Z Removing includeIf entries pointing to credentials config files
Test (node on windows-latest)	UNKNOWN STEP	2026-05-18T13:37:56.1555151Z [command]"C:\Program Files\Git\bin\git.exe" config --local --name-only --get-regexp ^includeIf\.gitdir:
Test (node on windows-latest)	UNKNOWN STEP	2026-05-18T13:37:56.1827651Z includeif.gitdir:D:/a/lino-i18n/lino-i18n/.git.path
Test (node on windows-latest)	UNKNOWN STEP	2026-05-18T13:37:56.1828590Z includeif.gitdir:D:/a/lino-i18n/lino-i18n/.git/worktrees/*.path
Test (node on windows-latest)	UNKNOWN STEP	2026-05-18T13:37:56.1829340Z includeif.gitdir:/github/workspace/.git.path
Test (node on windows-latest)	UNKNOWN STEP	2026-05-18T13:37:56.1829921Z includeif.gitdir:/github/workspace/.git/worktrees/*.path
Test (node on windows-latest)	UNKNOWN STEP	2026-05-18T13:37:56.1880426Z [command]"C:\Program Files\Git\bin\git.exe" config --local --get-all includeif.gitdir:D:/a/lino-i18n/lino-i18n/.git.path
Test (node on windows-latest)	UNKNOWN STEP	2026-05-18T13:37:56.2152454Z D:\a\_temp\git-credentials-d5f2cb9f-f59e-4d01-be70-5d50920245ef.config
Test (node on windows-latest)	UNKNOWN STEP	2026-05-18T13:37:56.2205383Z [command]"C:\Program Files\Git\bin\git.exe" config --local --unset includeif.gitdir:D:/a/lino-i18n/lino-i18n/.git.path D:\a\_temp\git-credentials-d5f2cb9f-f59e-4d01-be70-5d50920245ef.config
Test (node on windows-latest)	UNKNOWN STEP	2026-05-18T13:37:56.2525698Z [command]"C:\Program Files\Git\bin\git.exe" config --local --get-all includeif.gitdir:D:/a/lino-i18n/lino-i18n/.git/worktrees/*.path
Test (node on windows-latest)	UNKNOWN STEP	2026-05-18T13:37:56.2789631Z D:\a\_temp\git-credentials-d5f2cb9f-f59e-4d01-be70-5d50920245ef.config
Test (node on windows-latest)	UNKNOWN STEP	2026-05-18T13:37:56.2841969Z [command]"C:\Program Files\Git\bin\git.exe" config --local --unset includeif.gitdir:D:/a/lino-i18n/lino-i18n/.git/worktrees/*.path D:\a\_temp\git-credentials-d5f2cb9f-f59e-4d01-be70-5d50920245ef.config
Test (node on windows-latest)	UNKNOWN STEP	2026-05-18T13:37:56.3168687Z [command]"C:\Program Files\Git\bin\git.exe" config --local --get-all includeif.gitdir:/github/workspace/.git.path
Test (node on windows-latest)	UNKNOWN STEP	2026-05-18T13:37:56.3448416Z /github/runner_temp/git-credentials-d5f2cb9f-f59e-4d01-be70-5d50920245ef.config
Test (node on windows-latest)	UNKNOWN STEP	2026-05-18T13:37:56.3500287Z [command]"C:\Program Files\Git\bin\git.exe" config --local --unset includeif.gitdir:/github/workspace/.git.path /github/runner_temp/git-credentials-d5f2cb9f-f59e-4d01-be70-5d50920245ef.config
Test (node on windows-latest)	UNKNOWN STEP	2026-05-18T13:37:56.3832442Z [command]"C:\Program Files\Git\bin\git.exe" config --local --get-all includeif.gitdir:/github/workspace/.git/worktrees/*.path
Test (node on windows-latest)	UNKNOWN STEP	2026-05-18T13:37:56.4095229Z /github/runner_temp/git-credentials-d5f2cb9f-f59e-4d01-be70-5d50920245ef.config
Test (node on windows-latest)	UNKNOWN STEP	2026-05-18T13:37:56.4147074Z [command]"C:\Program Files\Git\bin\git.exe" config --local --unset includeif.gitdir:/github/workspace/.git/worktrees/*.path /github/runner_temp/git-credentials-d5f2cb9f-f59e-4d01-be70-5d50920245ef.config
Test (node on windows-latest)	UNKNOWN STEP	2026-05-18T13:37:56.4468652Z [command]"C:\Program Files\Git\bin\git.exe" submodule foreach --recursive "git config --local --show-origin --name-only --get-regexp remote.origin.url"
Test (node on windows-latest)	UNKNOWN STEP	2026-05-18T13:37:56.9542723Z Removing credentials config 'D:\a\_temp\git-credentials-d5f2cb9f-f59e-4d01-be70-5d50920245ef.config'
Test (node on windows-latest)	UNKNOWN STEP	2026-05-18T13:37:56.9751256Z Cleaning up orphan processes
Test (node on ubuntu-latest)	UNKNOWN STEP	﻿2026-05-18T13:37:23.4555286Z Current runner version: '2.334.0'
Test (node on ubuntu-latest)	UNKNOWN STEP	2026-05-18T13:37:23.4581234Z ##[group]Runner Image Provisioner
Test (node on ubuntu-latest)	UNKNOWN STEP	2026-05-18T13:37:23.4582122Z Hosted Compute Agent
Test (node on ubuntu-latest)	UNKNOWN STEP	2026-05-18T13:37:23.4582690Z Version: 20260213.493
Test (node on ubuntu-latest)	UNKNOWN STEP	2026-05-18T13:37:23.4583290Z Commit: 5c115507f6dd24b8de37d8bbe0bb4509d0cc0fa3
Test (node on ubuntu-latest)	UNKNOWN STEP	2026-05-18T13:37:23.4583995Z Build Date: 2026-02-13T00:28:41Z
Test (node on ubuntu-latest)	UNKNOWN STEP	2026-05-18T13:37:23.4584599Z Worker ID: {7a2508cb-6d05-482b-a3d0-fd0e8090e48e}
Test (node on ubuntu-latest)	UNKNOWN STEP	2026-05-18T13:37:23.4585336Z Azure Region: northcentralus
Test (node on ubuntu-latest)	UNKNOWN STEP	2026-05-18T13:37:23.4585890Z ##[endgroup]
Test (node on ubuntu-latest)	UNKNOWN STEP	2026-05-18T13:37:23.4588047Z ##[group]Operating System
Test (node on ubuntu-latest)	UNKNOWN STEP	2026-05-18T13:37:23.4588617Z Ubuntu
Test (node on ubuntu-latest)	UNKNOWN STEP	2026-05-18T13:37:23.4589192Z 24.04.4
Test (node on ubuntu-latest)	UNKNOWN STEP	2026-05-18T13:37:23.4589649Z LTS
Test (node on ubuntu-latest)	UNKNOWN STEP	2026-05-18T13:37:23.4590045Z ##[endgroup]
Test (node on ubuntu-latest)	UNKNOWN STEP	2026-05-18T13:37:23.4590628Z ##[group]Runner Image
Test (node on ubuntu-latest)	UNKNOWN STEP	2026-05-18T13:37:23.4591123Z Image: ubuntu-24.04
Test (node on ubuntu-latest)	UNKNOWN STEP	2026-05-18T13:37:23.4591603Z Version: 20260513.135.3
Test (node on ubuntu-latest)	UNKNOWN STEP	2026-05-18T13:37:23.4592819Z Included Software: https://github.com/actions/runner-images/blob/ubuntu24/20260513.135/images/ubuntu/Ubuntu2404-Readme.md
Test (node on ubuntu-latest)	UNKNOWN STEP	2026-05-18T13:37:23.4594390Z Image Release: https://github.com/actions/runner-images/releases/tag/ubuntu24%2F20260513.135
Test (node on ubuntu-latest)	UNKNOWN STEP	2026-05-18T13:37:23.4595307Z ##[endgroup]
Test (node on ubuntu-latest)	UNKNOWN STEP	2026-05-18T13:37:23.4596466Z ##[group]GITHUB_TOKEN Permissions
Test (node on ubuntu-latest)	UNKNOWN STEP	2026-05-18T13:37:23.4598886Z Contents: write
Test (node on ubuntu-latest)	UNKNOWN STEP	2026-05-18T13:37:23.4599413Z Metadata: read
Test (node on ubuntu-latest)	UNKNOWN STEP	2026-05-18T13:37:23.4599913Z Pages: write
Test (node on ubuntu-latest)	UNKNOWN STEP	2026-05-18T13:37:23.4600537Z PullRequests: write
Test (node on ubuntu-latest)	UNKNOWN STEP	2026-05-18T13:37:23.4601023Z ##[endgroup]
Test (node on ubuntu-latest)	UNKNOWN STEP	2026-05-18T13:37:23.4603264Z Secret source: Actions
Test (node on ubuntu-latest)	UNKNOWN STEP	2026-05-18T13:37:23.4603996Z Prepare workflow directory
Test (node on ubuntu-latest)	UNKNOWN STEP	2026-05-18T13:37:23.5183269Z Prepare all required actions
Test (node on ubuntu-latest)	UNKNOWN STEP	2026-05-18T13:37:23.5239825Z Getting action download info
Test (node on ubuntu-latest)	UNKNOWN STEP	2026-05-18T13:37:23.9298023Z Download action repository 'actions/checkout@v6' (SHA:de0fac2e4500dabe0009e67214ff5f5447ce83dd)
Test (node on ubuntu-latest)	UNKNOWN STEP	2026-05-18T13:37:24.0834874Z Download action repository 'actions/setup-node@v6' (SHA:48b55a011bda9f5d6aeb4c2d9c7362e8dae4041e)
Test (node on ubuntu-latest)	UNKNOWN STEP	2026-05-18T13:37:24.1717465Z Download action repository 'oven-sh/setup-bun@v2' (SHA:0c5077e51419868618aeaa5fe8019c62421857d6)
Test (node on ubuntu-latest)	UNKNOWN STEP	2026-05-18T13:37:24.5762674Z Download action repository 'denoland/setup-deno@v2' (SHA:667a34cdef165d8d2b2e98dde39547c9daac7282)
Test (node on ubuntu-latest)	UNKNOWN STEP	2026-05-18T13:37:25.0515122Z Complete job name: Test (node on ubuntu-latest)
Test (node on ubuntu-latest)	UNKNOWN STEP	2026-05-18T13:37:25.1450936Z ##[group]Run actions/checkout@v6
Test (node on ubuntu-latest)	UNKNOWN STEP	2026-05-18T13:37:25.1452260Z with:
Test (node on ubuntu-latest)	UNKNOWN STEP	2026-05-18T13:37:25.1452987Z   fetch-depth: 0
Test (node on ubuntu-latest)	UNKNOWN STEP	2026-05-18T13:37:25.1453830Z   repository: link-foundation/lino-i18n
Test (node on ubuntu-latest)	UNKNOWN STEP	2026-05-18T13:37:25.1455220Z   token: ***
Test (node on ubuntu-latest)	UNKNOWN STEP	2026-05-18T13:37:25.1455980Z   ssh-strict: true
Test (node on ubuntu-latest)	UNKNOWN STEP	2026-05-18T13:37:25.1456759Z   ssh-user: git
Test (node on ubuntu-latest)	UNKNOWN STEP	2026-05-18T13:37:25.1457834Z   persist-credentials: true
Test (node on ubuntu-latest)	UNKNOWN STEP	2026-05-18T13:37:25.1458745Z   clean: true
Test (node on ubuntu-latest)	UNKNOWN STEP	2026-05-18T13:37:25.1459552Z   sparse-checkout-cone-mode: true
Test (node on ubuntu-latest)	UNKNOWN STEP	2026-05-18T13:37:25.1460528Z   fetch-tags: false
Test (node on ubuntu-latest)	UNKNOWN STEP	2026-05-18T13:37:25.1461321Z   show-progress: true
Test (node on ubuntu-latest)	UNKNOWN STEP	2026-05-18T13:37:25.1462120Z   lfs: false
Test (node on ubuntu-latest)	UNKNOWN STEP	2026-05-18T13:37:25.1462850Z   submodules: false
Test (node on ubuntu-latest)	UNKNOWN STEP	2026-05-18T13:37:25.1463667Z   set-safe-directory: true
Test (node on ubuntu-latest)	UNKNOWN STEP	2026-05-18T13:37:25.1464949Z env:
Test (node on ubuntu-latest)	UNKNOWN STEP	2026-05-18T13:37:25.1465705Z   NODE_VERSION: 24.x
Test (node on ubuntu-latest)	UNKNOWN STEP	2026-05-18T13:37:25.1466537Z   NPM_CONFIG_PROVENANCE: true
Test (node on ubuntu-latest)	UNKNOWN STEP	2026-05-18T13:37:25.1467639Z ##[endgroup]
Test (node on ubuntu-latest)	UNKNOWN STEP	2026-05-18T13:37:25.2495918Z Syncing repository: link-foundation/lino-i18n
Test (node on ubuntu-latest)	UNKNOWN STEP	2026-05-18T13:37:25.2499497Z ##[group]Getting Git version info
Test (node on ubuntu-latest)	UNKNOWN STEP	2026-05-18T13:37:25.2500865Z Working directory is '/home/runner/work/lino-i18n/lino-i18n'
Test (node on ubuntu-latest)	UNKNOWN STEP	2026-05-18T13:37:25.2502956Z [command]/usr/bin/git version
Test (node on ubuntu-latest)	UNKNOWN STEP	2026-05-18T13:37:25.2538238Z git version 2.54.0
Test (node on ubuntu-latest)	UNKNOWN STEP	2026-05-18T13:37:25.2563844Z ##[endgroup]
Test (node on ubuntu-latest)	UNKNOWN STEP	2026-05-18T13:37:25.2581239Z Temporarily overriding HOME='/home/runner/work/_temp/dc9f207f-297a-4a5f-8b92-04194f1e31fe' before making global git config changes
Test (node on ubuntu-latest)	UNKNOWN STEP	2026-05-18T13:37:25.2585997Z Adding repository directory to the temporary git global config as a safe directory
Test (node on ubuntu-latest)	UNKNOWN STEP	2026-05-18T13:37:25.2590106Z [command]/usr/bin/git config --global --add safe.directory /home/runner/work/lino-i18n/lino-i18n
Test (node on ubuntu-latest)	UNKNOWN STEP	2026-05-18T13:37:25.2658631Z Deleting the contents of '/home/runner/work/lino-i18n/lino-i18n'
Test (node on ubuntu-latest)	UNKNOWN STEP	2026-05-18T13:37:25.2663135Z ##[group]Initializing the repository
Test (node on ubuntu-latest)	UNKNOWN STEP	2026-05-18T13:37:25.2668387Z [command]/usr/bin/git init /home/runner/work/lino-i18n/lino-i18n
Test (node on ubuntu-latest)	UNKNOWN STEP	2026-05-18T13:37:25.2771578Z hint: Using 'master' as the name for the initial branch. This default branch name
Test (node on ubuntu-latest)	UNKNOWN STEP	2026-05-18T13:37:25.2773902Z hint: will change to "main" in Git 3.0. To configure the initial branch name
Test (node on ubuntu-latest)	UNKNOWN STEP	2026-05-18T13:37:25.2777546Z hint: to use in all of your new repositories, which will suppress this warning,
Test (node on ubuntu-latest)	UNKNOWN STEP	2026-05-18T13:37:25.2779930Z hint: call:
Test (node on ubuntu-latest)	UNKNOWN STEP	2026-05-18T13:37:25.2780737Z hint:
Test (node on ubuntu-latest)	UNKNOWN STEP	2026-05-18T13:37:25.2781697Z hint: 	git config --global init.defaultBranch <name>
Test (node on ubuntu-latest)	UNKNOWN STEP	2026-05-18T13:37:25.2782855Z hint:
Test (node on ubuntu-latest)	UNKNOWN STEP	2026-05-18T13:37:25.2784453Z hint: Names commonly chosen instead of 'master' are 'main', 'trunk' and
Test (node on ubuntu-latest)	UNKNOWN STEP	2026-05-18T13:37:25.2786257Z hint: 'development'. The just-created branch can be renamed via this command:
Test (node on ubuntu-latest)	UNKNOWN STEP	2026-05-18T13:37:25.2788435Z hint:
Test (node on ubuntu-latest)	UNKNOWN STEP	2026-05-18T13:37:25.2789699Z hint: 	git branch -m <name>
Test (node on ubuntu-latest)	UNKNOWN STEP	2026-05-18T13:37:25.2790593Z hint:
Test (node on ubuntu-latest)	UNKNOWN STEP	2026-05-18T13:37:25.2791801Z hint: Disable this message with "git config set advice.defaultBranchName false"
Test (node on ubuntu-latest)	UNKNOWN STEP	2026-05-18T13:37:25.2793750Z Initialized empty Git repository in /home/runner/work/lino-i18n/lino-i18n/.git/
Test (node on ubuntu-latest)	UNKNOWN STEP	2026-05-18T13:37:25.2797585Z [command]/usr/bin/git remote add origin https://github.com/link-foundation/lino-i18n
Test (node on ubuntu-latest)	UNKNOWN STEP	2026-05-18T13:37:25.2835434Z ##[endgroup]
Test (node on ubuntu-latest)	UNKNOWN STEP	2026-05-18T13:37:25.2836813Z ##[group]Disabling automatic garbage collection
Test (node on ubuntu-latest)	UNKNOWN STEP	2026-05-18T13:37:25.2839863Z [command]/usr/bin/git config --local gc.auto 0
Test (node on ubuntu-latest)	UNKNOWN STEP	2026-05-18T13:37:25.2873339Z ##[endgroup]
Test (node on ubuntu-latest)	UNKNOWN STEP	2026-05-18T13:37:25.2874961Z ##[group]Setting up auth
Test (node on ubuntu-latest)	UNKNOWN STEP	2026-05-18T13:37:25.2875942Z Removing SSH command configuration
Test (node on ubuntu-latest)	UNKNOWN STEP	2026-05-18T13:37:25.2880607Z [command]/usr/bin/git config --local --name-only --get-regexp core\.sshCommand
Test (node on ubuntu-latest)	UNKNOWN STEP	2026-05-18T13:37:25.2916885Z [command]/usr/bin/git submodule foreach --recursive sh -c "git config --local --name-only --get-regexp 'core\.sshCommand' && git config --local --unset-all 'core.sshCommand' || :"
Test (node on ubuntu-latest)	UNKNOWN STEP	2026-05-18T13:37:25.3274064Z Removing HTTP extra header
Test (node on ubuntu-latest)	UNKNOWN STEP	2026-05-18T13:37:25.3281045Z [command]/usr/bin/git config --local --name-only --get-regexp http\.https\:\/\/github\.com\/\.extraheader
Test (node on ubuntu-latest)	UNKNOWN STEP	2026-05-18T13:37:25.3318545Z [command]/usr/bin/git submodule foreach --recursive sh -c "git config --local --name-only --get-regexp 'http\.https\:\/\/github\.com\/\.extraheader' && git config --local --unset-all 'http.https://github.com/.extraheader' || :"
Test (node on ubuntu-latest)	UNKNOWN STEP	2026-05-18T13:37:25.3537905Z Removing includeIf entries pointing to credentials config files
Test (node on ubuntu-latest)	UNKNOWN STEP	2026-05-18T13:37:25.3544209Z [command]/usr/bin/git config --local --name-only --get-regexp ^includeIf\.gitdir:
Test (node on ubuntu-latest)	UNKNOWN STEP	2026-05-18T13:37:25.3578819Z [command]/usr/bin/git submodule foreach --recursive git config --local --show-origin --name-only --get-regexp remote.origin.url
Test (node on ubuntu-latest)	UNKNOWN STEP	2026-05-18T13:37:25.3815084Z [command]/usr/bin/git config --file /home/runner/work/_temp/git-credentials-1ad44a35-2f08-4682-b041-eef354b9d404.config http.https://github.com/.extraheader AUTHORIZATION: basic ***
Test (node on ubuntu-latest)	UNKNOWN STEP	2026-05-18T13:37:25.3855321Z [command]/usr/bin/git config --local includeIf.gitdir:/home/runner/work/lino-i18n/lino-i18n/.git.path /home/runner/work/_temp/git-credentials-1ad44a35-2f08-4682-b041-eef354b9d404.config
Test (node on ubuntu-latest)	UNKNOWN STEP	2026-05-18T13:37:25.3888890Z [command]/usr/bin/git config --local includeIf.gitdir:/home/runner/work/lino-i18n/lino-i18n/.git/worktrees/*.path /home/runner/work/_temp/git-credentials-1ad44a35-2f08-4682-b041-eef354b9d404.config
Test (node on ubuntu-latest)	UNKNOWN STEP	2026-05-18T13:37:25.3926065Z [command]/usr/bin/git config --local includeIf.gitdir:/github/workspace/.git.path /github/runner_temp/git-credentials-1ad44a35-2f08-4682-b041-eef354b9d404.config
Test (node on ubuntu-latest)	UNKNOWN STEP	2026-05-18T13:37:25.3959962Z [command]/usr/bin/git config --local includeIf.gitdir:/github/workspace/.git/worktrees/*.path /github/runner_temp/git-credentials-1ad44a35-2f08-4682-b041-eef354b9d404.config
Test (node on ubuntu-latest)	UNKNOWN STEP	2026-05-18T13:37:25.3995269Z ##[endgroup]
Test (node on ubuntu-latest)	UNKNOWN STEP	2026-05-18T13:37:25.3997864Z ##[group]Fetching the repository
Test (node on ubuntu-latest)	UNKNOWN STEP	2026-05-18T13:37:25.4007810Z [command]/usr/bin/git -c protocol.version=2 fetch --no-tags --prune --no-recurse-submodules origin +refs/heads/*:refs/remotes/origin/* +refs/tags/*:refs/tags/*
Test (node on ubuntu-latest)	UNKNOWN STEP	2026-05-18T13:37:26.1808671Z From https://github.com/link-foundation/lino-i18n
Test (node on ubuntu-latest)	UNKNOWN STEP	2026-05-18T13:37:26.1812585Z  * [new branch]      issue-1-76ffa2dc55cc  -> origin/issue-1-76ffa2dc55cc
Test (node on ubuntu-latest)	UNKNOWN STEP	2026-05-18T13:37:26.1814300Z  * [new branch]      issue-10-6657adb31046 -> origin/issue-10-6657adb31046
Test (node on ubuntu-latest)	UNKNOWN STEP	2026-05-18T13:37:26.1815900Z  * [new branch]      issue-11-b5c8ef3bbd84 -> origin/issue-11-b5c8ef3bbd84
Test (node on ubuntu-latest)	UNKNOWN STEP	2026-05-18T13:37:26.1817851Z  * [new branch]      issue-12-3c4f596e0c67 -> origin/issue-12-3c4f596e0c67
Test (node on ubuntu-latest)	UNKNOWN STEP	2026-05-18T13:37:26.1819454Z  * [new branch]      issue-3-b3eb0917c317  -> origin/issue-3-b3eb0917c317
Test (node on ubuntu-latest)	UNKNOWN STEP	2026-05-18T13:37:26.1821016Z  * [new branch]      issue-5-169afc4a2006  -> origin/issue-5-169afc4a2006
Test (node on ubuntu-latest)	UNKNOWN STEP	2026-05-18T13:37:26.1822560Z  * [new branch]      issue-5-35d32a59c464  -> origin/issue-5-35d32a59c464
Test (node on ubuntu-latest)	UNKNOWN STEP	2026-05-18T13:37:26.1824268Z  * [new branch]      issue-8-ca918c4d7d4c  -> origin/issue-8-ca918c4d7d4c
Test (node on ubuntu-latest)	UNKNOWN STEP	2026-05-18T13:37:26.1825775Z  * [new branch]      main                  -> origin/main
Test (node on ubuntu-latest)	UNKNOWN STEP	2026-05-18T13:37:26.1827232Z  * [new tag]         js-v0.0.1             -> js-v0.0.1
Test (node on ubuntu-latest)	UNKNOWN STEP	2026-05-18T13:37:26.1828464Z  * [new tag]         rust-v0.0.1           -> rust-v0.0.1
Test (node on ubuntu-latest)	UNKNOWN STEP	2026-05-18T13:37:26.1855581Z [command]/usr/bin/git branch --list --remote origin/main
Test (node on ubuntu-latest)	UNKNOWN STEP	2026-05-18T13:37:26.1885171Z   origin/main
Test (node on ubuntu-latest)	UNKNOWN STEP	2026-05-18T13:37:26.1896363Z [command]/usr/bin/git rev-parse refs/remotes/origin/main
Test (node on ubuntu-latest)	UNKNOWN STEP	2026-05-18T13:37:26.1920471Z 8910b98b665a650690c0d9e9188bbf6bec1e9d2c
Test (node on ubuntu-latest)	UNKNOWN STEP	2026-05-18T13:37:26.1925608Z ##[endgroup]
Test (node on ubuntu-latest)	UNKNOWN STEP	2026-05-18T13:37:26.1927487Z ##[group]Determining the checkout info
Test (node on ubuntu-latest)	UNKNOWN STEP	2026-05-18T13:37:26.1929016Z ##[endgroup]
Test (node on ubuntu-latest)	UNKNOWN STEP	2026-05-18T13:37:26.1932076Z [command]/usr/bin/git sparse-checkout disable
Test (node on ubuntu-latest)	UNKNOWN STEP	2026-05-18T13:37:26.1980898Z [command]/usr/bin/git config --local --unset-all extensions.worktreeConfig
Test (node on ubuntu-latest)	UNKNOWN STEP	2026-05-18T13:37:26.2010171Z ##[group]Checking out the ref
Test (node on ubuntu-latest)	UNKNOWN STEP	2026-05-18T13:37:26.2014585Z [command]/usr/bin/git checkout --progress --force -B main refs/remotes/origin/main
Test (node on ubuntu-latest)	UNKNOWN STEP	2026-05-18T13:37:26.2569437Z Switched to a new branch 'main'
Test (node on ubuntu-latest)	UNKNOWN STEP	2026-05-18T13:37:26.2571494Z branch 'main' set up to track 'origin/main'.
Test (node on ubuntu-latest)	UNKNOWN STEP	2026-05-18T13:37:26.2580335Z ##[endgroup]
Test (node on ubuntu-latest)	UNKNOWN STEP	2026-05-18T13:37:26.2626884Z [command]/usr/bin/git log -1 --format=%H
Test (node on ubuntu-latest)	UNKNOWN STEP	2026-05-18T13:37:26.2653806Z 8910b98b665a650690c0d9e9188bbf6bec1e9d2c
Test (node on ubuntu-latest)	UNKNOWN STEP	2026-05-18T13:37:26.3085773Z ##[group]Run actions/setup-node@v6
Test (node on ubuntu-latest)	UNKNOWN STEP	2026-05-18T13:37:26.3086712Z with:
Test (node on ubuntu-latest)	UNKNOWN STEP	2026-05-18T13:37:26.3087629Z   node-version: 24.x
Test (node on ubuntu-latest)	UNKNOWN STEP	2026-05-18T13:37:26.3088364Z   cache: npm
Test (node on ubuntu-latest)	UNKNOWN STEP	2026-05-18T13:37:26.3089169Z   cache-dependency-path: js/package-lock.json
Test (node on ubuntu-latest)	UNKNOWN STEP	2026-05-18T13:37:26.3090199Z   check-latest: false
Test (node on ubuntu-latest)	UNKNOWN STEP	2026-05-18T13:37:26.3091234Z   token: ***
Test (node on ubuntu-latest)	UNKNOWN STEP	2026-05-18T13:37:26.3091972Z   package-manager-cache: true
Test (node on ubuntu-latest)	UNKNOWN STEP	2026-05-18T13:37:26.3092811Z env:
Test (node on ubuntu-latest)	UNKNOWN STEP	2026-05-18T13:37:26.3093452Z   NODE_VERSION: 24.x
Test (node on ubuntu-latest)	UNKNOWN STEP	2026-05-18T13:37:26.3094230Z   NPM_CONFIG_PROVENANCE: true
Test (node on ubuntu-latest)	UNKNOWN STEP	2026-05-18T13:37:26.3095069Z ##[endgroup]
Test (node on ubuntu-latest)	UNKNOWN STEP	2026-05-18T13:37:26.4742590Z Found in cache @ /opt/hostedtoolcache/node/24.15.0/x64
Test (node on ubuntu-latest)	UNKNOWN STEP	2026-05-18T13:37:26.4746019Z ##[group]Environment details
Test (node on ubuntu-latest)	UNKNOWN STEP	2026-05-18T13:37:26.8740940Z node: v24.15.0
Test (node on ubuntu-latest)	UNKNOWN STEP	2026-05-18T13:37:26.8741543Z npm: 11.12.1
Test (node on ubuntu-latest)	UNKNOWN STEP	2026-05-18T13:37:26.8741970Z yarn: 1.22.22
Test (node on ubuntu-latest)	UNKNOWN STEP	2026-05-18T13:37:26.8742892Z ##[endgroup]
Test (node on ubuntu-latest)	UNKNOWN STEP	2026-05-18T13:37:26.8764534Z [command]/opt/hostedtoolcache/node/24.15.0/x64/bin/npm config get cache
Test (node on ubuntu-latest)	UNKNOWN STEP	2026-05-18T13:37:27.0573057Z /home/runner/.npm
Test (node on ubuntu-latest)	UNKNOWN STEP	2026-05-18T13:37:27.1832749Z Cache hit for: node-cache-Linux-x64-npm-f5808b7053f8307b6f76624b32fb00f08c636293d1963c60dc6594d21979e698
Test (node on ubuntu-latest)	UNKNOWN STEP	2026-05-18T13:37:27.8647903Z Received 23884147 of 23884147 (100.0%), 40.4 MBs/sec
Test (node on ubuntu-latest)	UNKNOWN STEP	2026-05-18T13:37:27.8648706Z Cache Size: ~23 MB (23884147 B)
Test (node on ubuntu-latest)	UNKNOWN STEP	2026-05-18T13:37:27.8685049Z [command]/usr/bin/tar -xf /home/runner/work/_temp/2e6e5217-0349-43e2-849d-38de614f1579/cache.tzst -P -C /home/runner/work/lino-i18n/lino-i18n --use-compress-program unzstd
Test (node on ubuntu-latest)	UNKNOWN STEP	2026-05-18T13:37:28.1126314Z Cache restored successfully
Test (node on ubuntu-latest)	UNKNOWN STEP	2026-05-18T13:37:28.1142212Z Cache restored from key: node-cache-Linux-x64-npm-f5808b7053f8307b6f76624b32fb00f08c636293d1963c60dc6594d21979e698
Test (node on ubuntu-latest)	UNKNOWN STEP	2026-05-18T13:37:28.1319387Z ##[group]Run npm ci || npm install
Test (node on ubuntu-latest)	UNKNOWN STEP	2026-05-18T13:37:28.1319754Z ^[[36;1mnpm ci || npm install^[[0m
Test (node on ubuntu-latest)	UNKNOWN STEP	2026-05-18T13:37:28.1365776Z shell: /usr/bin/bash -e {0}
Test (node on ubuntu-latest)	UNKNOWN STEP	2026-05-18T13:37:28.1366057Z env:
Test (node on ubuntu-latest)	UNKNOWN STEP	2026-05-18T13:37:28.1366247Z   NODE_VERSION: 24.x
Test (node on ubuntu-latest)	UNKNOWN STEP	2026-05-18T13:37:28.1366475Z   NPM_CONFIG_PROVENANCE: true
Test (node on ubuntu-latest)	UNKNOWN STEP	2026-05-18T13:37:28.1366733Z ##[endgroup]
Test (node on ubuntu-latest)	UNKNOWN STEP	2026-05-18T13:37:31.6089894Z
Test (node on ubuntu-latest)	UNKNOWN STEP	2026-05-18T13:37:31.6100542Z added 295 packages, and audited 296 packages in 3s
Test (node on ubuntu-latest)	UNKNOWN STEP	2026-05-18T13:37:31.6101035Z
Test (node on ubuntu-latest)	UNKNOWN STEP	2026-05-18T13:37:31.6101347Z 49 packages are looking for funding
Test (node on ubuntu-latest)	UNKNOWN STEP	2026-05-18T13:37:31.6101732Z   run `npm fund` for details
Test (node on ubuntu-latest)	UNKNOWN STEP	2026-05-18T13:37:31.6103973Z
Test (node on ubuntu-latest)	UNKNOWN STEP	2026-05-18T13:37:31.6104244Z found 0 vulnerabilities
Test (node on ubuntu-latest)	UNKNOWN STEP	2026-05-18T13:37:31.6615381Z ##[group]Run npm test
Test (node on ubuntu-latest)	UNKNOWN STEP	2026-05-18T13:37:31.6615694Z ^[[36;1mnpm test^[[0m
Test (node on ubuntu-latest)	UNKNOWN STEP	2026-05-18T13:37:31.6650121Z shell: /usr/bin/bash -e {0}
Test (node on ubuntu-latest)	UNKNOWN STEP	2026-05-18T13:37:31.6650392Z env:
Test (node on ubuntu-latest)	UNKNOWN STEP	2026-05-18T13:37:31.6650593Z   NODE_VERSION: 24.x
Test (node on ubuntu-latest)	UNKNOWN STEP	2026-05-18T13:37:31.6650819Z   NPM_CONFIG_PROVENANCE: true
Test (node on ubuntu-latest)	UNKNOWN STEP	2026-05-18T13:37:31.6651073Z ##[endgroup]
Test (node on ubuntu-latest)	UNKNOWN STEP	2026-05-18T13:37:31.7920731Z
Test (node on ubuntu-latest)	UNKNOWN STEP	2026-05-18T13:37:31.7921452Z > lino-i18n@0.1.0 test
Test (node on ubuntu-latest)	UNKNOWN STEP	2026-05-18T13:37:31.7922278Z > node --test --test-timeout=30000 tests/*.test.js
Test (node on ubuntu-latest)	UNKNOWN STEP	2026-05-18T13:37:31.7922740Z
Test (node on ubuntu-latest)	UNKNOWN STEP	2026-05-18T13:37:31.9278519Z ✔ convert i18next JSON to .lino (18.786566ms)
Test (node on ubuntu-latest)	UNKNOWN STEP	2026-05-18T13:37:31.9533818Z ✔ convert can bundle multiple locales into one .lino file (26.978482ms)
Test (node on ubuntu-latest)	UNKNOWN STEP	2026-05-18T13:37:31.9582234Z ✔ convert reads defaults from a JSON config file (5.049964ms)
Test (node on ubuntu-latest)	UNKNOWN STEP	2026-05-18T13:37:31.9642522Z ✔ check reports missing keys against a reference locale (5.051577ms)
Test (node on ubuntu-latest)	UNKNOWN STEP	2026-05-18T13:37:31.9703171Z ✔ t command translates a key with parameters (5.762015ms)
Test (node on ubuntu-latest)	UNKNOWN STEP	2026-05-18T13:37:31.9846689Z ✔ fromI18next flattens nested keys with dot separator (2.705448ms)
Test (node on ubuntu-latest)	UNKNOWN STEP	2026-05-18T13:37:31.9855768Z ✔ fromI18next supports namespace shape with `ns:` prefix (0.345432ms)
Test (node on ubuntu-latest)	UNKNOWN STEP	2026-05-18T13:37:31.9861196Z ✔ fromI18next defaults to provided locale when input is a single catalogue (0.25967ms)
Test (node on ubuntu-latest)	UNKNOWN STEP	2026-05-18T13:37:31.9862855Z ✔ fromI18nJs rewrites %{var} into {{var}} (0.47154ms)
Test (node on ubuntu-latest)	UNKNOWN STEP	2026-05-18T13:37:31.9864363Z ✔ fromReactIntl handles plain ICU strings (0.499393ms)
Test (node on ubuntu-latest)	UNKNOWN STEP	2026-05-18T13:37:31.9865639Z ✔ fromReactIntl extracts defaultMessage (0.272885ms)
Test (node on ubuntu-latest)	UNKNOWN STEP	2026-05-18T13:37:31.9866992Z ✔ fromReactIntl decompiles compiled AST nodes (0.324523ms)
Test (node on ubuntu-latest)	UNKNOWN STEP	2026-05-18T13:37:31.9869594Z ✔ interpolate replaces {{var}} and {var} (2.424036ms)
Test (node on ubuntu-latest)	UNKNOWN STEP	2026-05-18T13:37:31.9870834Z ✔ pluralSuffix follows CLDR rules (5.92775ms)
Test (node on ubuntu-latest)	UNKNOWN STEP	2026-05-18T13:37:31.9872205Z ✔ parseLinoCatalog round-trips with formatLinoCatalog (2.705909ms)
Test (node on ubuntu-latest)	UNKNOWN STEP	2026-05-18T13:37:31.9873865Z ✔ parseLinoCatalog flattens nested groups and selector variants (2.039911ms)
Test (node on ubuntu-latest)	UNKNOWN STEP	2026-05-18T13:37:31.9875571Z ✔ parseLinoCatalog flattens Hive Mind style deep multiline catalogues (0.71026ms)
Test (node on ubuntu-latest)	UNKNOWN STEP	2026-05-18T13:37:31.9877378Z ✔ parseLinoCatalogs accepts bundled multi-locale files (0.438788ms)
Test (node on ubuntu-latest)	UNKNOWN STEP	2026-05-18T13:37:31.9878991Z ✔ parseLinoCatalog can expand compatibility aliases while loading (0.495946ms)
Test (node on ubuntu-latest)	UNKNOWN STEP	2026-05-18T13:37:31.9880511Z ✔ formatLinoCatalog emits nested catalogue syntax by default (0.923303ms)
Test (node on ubuntu-latest)	UNKNOWN STEP	2026-05-18T13:37:31.9882173Z ✔ formatLinoCatalog preserves scalar parent translations as labels (0.452033ms)
Test (node on ubuntu-latest)	UNKNOWN STEP	2026-05-18T13:37:31.9883868Z ✔ parseLinoCatalog aliases nested label children to their parent key (1.246423ms)
Test (node on ubuntu-latest)	UNKNOWN STEP	2026-05-18T13:37:31.9885454Z ✔ label aliases preserve selector suffix groups (0.389695ms)
Test (node on ubuntu-latest)	UNKNOWN STEP	2026-05-18T13:37:31.9886877Z ✔ createI18n resolves missing keys via fallback (0.761738ms)
Test (node on ubuntu-latest)	UNKNOWN STEP	2026-05-18T13:37:31.9888657Z ✔ createI18n applies CLDR plurals per locale (31.827157ms)
Test (node on ubuntu-latest)	UNKNOWN STEP	2026-05-18T13:37:31.9890268Z ✔ loadLocalesFromDirectory merges bundled and per-language files (6.375616ms)
Test (node on ubuntu-latest)	UNKNOWN STEP	2026-05-18T13:37:31.9891975Z ✔ createI18n.loadLocaleFile registers bundled locale files (2.557155ms)
Test (node on ubuntu-latest)	UNKNOWN STEP	2026-05-18T13:37:31.9893571Z ✔ createI18n falls back to onMissingKey when set (0.319554ms)
Test (node on ubuntu-latest)	UNKNOWN STEP	2026-05-18T13:37:31.9895038Z ✔ createI18n exposes context (gender) suffixes (0.305527ms)
Test (node on ubuntu-latest)	UNKNOWN STEP	2026-05-18T13:37:31.9896501Z ✔ createI18n exposes namespace-prefixed keys (0.145695ms)
Test (node on ubuntu-latest)	UNKNOWN STEP	2026-05-18T13:37:31.9898995Z ✔ expandCompatibilityAliases adds migration aliases without overwriting explicit keys (0.19073ms)
Test (node on ubuntu-latest)	UNKNOWN STEP	2026-05-18T13:37:31.9900827Z ✔ createI18n can expose underscore-tail migration aliases (0.268306ms)
Test (node on ubuntu-latest)	UNKNOWN STEP	2026-05-18T13:37:31.9902383Z ✔ createI18n resolves label aliases while explicit keys win (0.223051ms)
Test (node on ubuntu-latest)	UNKNOWN STEP	2026-05-18T13:37:32.4064896Z ✔ npm package dry-run contains the publishable runtime surface (415.203116ms)
Test (node on ubuntu-latest)	UNKNOWN STEP	2026-05-18T13:37:32.4164817Z ✔ delivery jobs keep running after optional release gates are skipped (2.030724ms)
Test (node on ubuntu-latest)	UNKNOWN STEP	2026-05-18T13:37:32.4166079Z ✔ root README advertises package, release, and CI/CD status badges (0.42371ms)
Test (node on ubuntu-latest)	UNKNOWN STEP	2026-05-18T13:37:32.4167923Z ✔ JavaScript GitHub release notes include package and CI/CD badges (1.20766ms)
Test (node on ubuntu-latest)	UNKNOWN STEP	2026-05-18T13:37:32.4168667Z ℹ tests 37
Test (node on ubuntu-latest)	UNKNOWN STEP	2026-05-18T13:37:32.4169020Z ℹ suites 0
Test (node on ubuntu-latest)	UNKNOWN STEP	2026-05-18T13:37:32.4169347Z ℹ pass 37
Test (node on ubuntu-latest)	UNKNOWN STEP	2026-05-18T13:37:32.4169683Z ℹ fail 0
Test (node on ubuntu-latest)	UNKNOWN STEP	2026-05-18T13:37:32.4170025Z ℹ cancelled 0
Test (node on ubuntu-latest)	UNKNOWN STEP	2026-05-18T13:37:32.4170405Z ℹ skipped 0
Test (node on ubuntu-latest)	UNKNOWN STEP	2026-05-18T13:37:32.4170767Z ℹ todo 0
Test (node on ubuntu-latest)	UNKNOWN STEP	2026-05-18T13:37:32.4171175Z ℹ duration_ms 580.854712
Test (node on ubuntu-latest)	UNKNOWN STEP	2026-05-18T13:37:32.4398754Z Post job cleanup.
Test (node on ubuntu-latest)	UNKNOWN STEP	2026-05-18T13:37:32.5574921Z Cache hit occurred on the primary key node-cache-Linux-x64-npm-f5808b7053f8307b6f76624b32fb00f08c636293d1963c60dc6594d21979e698, not saving cache.
Test (node on ubuntu-latest)	UNKNOWN STEP	2026-05-18T13:37:32.5714991Z Post job cleanup.
Test (node on ubuntu-latest)	UNKNOWN STEP	2026-05-18T13:37:32.6620720Z [command]/usr/bin/git version
Test (node on ubuntu-latest)	UNKNOWN STEP	2026-05-18T13:37:32.6659773Z git version 2.54.0
Test (node on ubuntu-latest)	UNKNOWN STEP	2026-05-18T13:37:32.6701602Z Temporarily overriding HOME='/home/runner/work/_temp/7fe03c86-cd2d-4c1c-a147-10760044d6db' before making global git config changes
Test (node on ubuntu-latest)	UNKNOWN STEP	2026-05-18T13:37:32.6703275Z Adding repository directory to the temporary git global config as a safe directory
Test (node on ubuntu-latest)	UNKNOWN STEP	2026-05-18T13:37:32.6707382Z [command]/usr/bin/git config --global --add safe.directory /home/runner/work/lino-i18n/lino-i18n
Test (node on ubuntu-latest)	UNKNOWN STEP	2026-05-18T13:37:32.6739603Z Removing SSH command configuration
Test (node on ubuntu-latest)	UNKNOWN STEP	2026-05-18T13:37:32.6746501Z [command]/usr/bin/git config --local --name-only --get-regexp core\.sshCommand
Test (node on ubuntu-latest)	UNKNOWN STEP	2026-05-18T13:37:32.6781660Z [command]/usr/bin/git submodule foreach --recursive sh -c "git config --local --name-only --get-regexp 'core\.sshCommand' && git config --local --unset-all 'core.sshCommand' || :"
Test (node on ubuntu-latest)	UNKNOWN STEP	2026-05-18T13:37:32.7009567Z Removing HTTP extra header
Test (node on ubuntu-latest)	UNKNOWN STEP	2026-05-18T13:37:32.7015158Z [command]/usr/bin/git config --local --name-only --get-regexp http\.https\:\/\/github\.com\/\.extraheader
Test (node on ubuntu-latest)	UNKNOWN STEP	2026-05-18T13:37:32.7051798Z [command]/usr/bin/git submodule foreach --recursive sh -c "git config --local --name-only --get-regexp 'http\.https\:\/\/github\.com\/\.extraheader' && git config --local --unset-all 'http.https://github.com/.extraheader' || :"
Test (node on ubuntu-latest)	UNKNOWN STEP	2026-05-18T13:37:32.7279884Z Removing includeIf entries pointing to credentials config files
Test (node on ubuntu-latest)	UNKNOWN STEP	2026-05-18T13:37:32.7288965Z [command]/usr/bin/git config --local --name-only --get-regexp ^includeIf\.gitdir:
Test (node on ubuntu-latest)	UNKNOWN STEP	2026-05-18T13:37:32.7318029Z includeif.gitdir:/home/runner/work/lino-i18n/lino-i18n/.git.path
Test (node on ubuntu-latest)	UNKNOWN STEP	2026-05-18T13:37:32.7319092Z includeif.gitdir:/home/runner/work/lino-i18n/lino-i18n/.git/worktrees/*.path
Test (node on ubuntu-latest)	UNKNOWN STEP	2026-05-18T13:37:32.7319678Z includeif.gitdir:/github/workspace/.git.path
Test (node on ubuntu-latest)	UNKNOWN STEP	2026-05-18T13:37:32.7320200Z includeif.gitdir:/github/workspace/.git/worktrees/*.path
Test (node on ubuntu-latest)	UNKNOWN STEP	2026-05-18T13:37:32.7328087Z [command]/usr/bin/git config --local --get-all includeif.gitdir:/home/runner/work/lino-i18n/lino-i18n/.git.path
Test (node on ubuntu-latest)	UNKNOWN STEP	2026-05-18T13:37:32.7351483Z /home/runner/work/_temp/git-credentials-1ad44a35-2f08-4682-b041-eef354b9d404.config
Test (node on ubuntu-latest)	UNKNOWN STEP	2026-05-18T13:37:32.7363447Z [command]/usr/bin/git config --local --unset includeif.gitdir:/home/runner/work/lino-i18n/lino-i18n/.git.path /home/runner/work/_temp/git-credentials-1ad44a35-2f08-4682-b041-eef354b9d404.config
Test (node on ubuntu-latest)	UNKNOWN STEP	2026-05-18T13:37:32.7404059Z [command]/usr/bin/git config --local --get-all includeif.gitdir:/home/runner/work/lino-i18n/lino-i18n/.git/worktrees/*.path
Test (node on ubuntu-latest)	UNKNOWN STEP	2026-05-18T13:37:32.7427623Z /home/runner/work/_temp/git-credentials-1ad44a35-2f08-4682-b041-eef354b9d404.config
Test (node on ubuntu-latest)	UNKNOWN STEP	2026-05-18T13:37:32.7438540Z [command]/usr/bin/git config --local --unset includeif.gitdir:/home/runner/work/lino-i18n/lino-i18n/.git/worktrees/*.path /home/runner/work/_temp/git-credentials-1ad44a35-2f08-4682-b041-eef354b9d404.config
Test (node on ubuntu-latest)	UNKNOWN STEP	2026-05-18T13:37:32.7471262Z [command]/usr/bin/git config --local --get-all includeif.gitdir:/github/workspace/.git.path
Test (node on ubuntu-latest)	UNKNOWN STEP	2026-05-18T13:37:32.7493781Z /github/runner_temp/git-credentials-1ad44a35-2f08-4682-b041-eef354b9d404.config
Test (node on ubuntu-latest)	UNKNOWN STEP	2026-05-18T13:37:32.7503544Z [command]/usr/bin/git config --local --unset includeif.gitdir:/github/workspace/.git.path /github/runner_temp/git-credentials-1ad44a35-2f08-4682-b041-eef354b9d404.config
Test (node on ubuntu-latest)	UNKNOWN STEP	2026-05-18T13:37:32.7558545Z [command]/usr/bin/git config --local --get-all includeif.gitdir:/github/workspace/.git/worktrees/*.path
Test (node on ubuntu-latest)	UNKNOWN STEP	2026-05-18T13:37:32.7561341Z /github/runner_temp/git-credentials-1ad44a35-2f08-4682-b041-eef354b9d404.config
Test (node on ubuntu-latest)	UNKNOWN STEP	2026-05-18T13:37:32.7572144Z [command]/usr/bin/git config --local --unset includeif.gitdir:/github/workspace/.git/worktrees/*.path /github/runner_temp/git-credentials-1ad44a35-2f08-4682-b041-eef354b9d404.config
Test (node on ubuntu-latest)	UNKNOWN STEP	2026-05-18T13:37:32.7606351Z [command]/usr/bin/git submodule foreach --recursive git config --local --show-origin --name-only --get-regexp remote.origin.url
Test (node on ubuntu-latest)	UNKNOWN STEP	2026-05-18T13:37:32.7855671Z Removing credentials config '/home/runner/work/_temp/git-credentials-1ad44a35-2f08-4682-b041-eef354b9d404.config'
Test (node on ubuntu-latest)	UNKNOWN STEP	2026-05-18T13:37:32.7998021Z Cleaning up orphan processes
Test (bun on ubuntu-latest)	UNKNOWN STEP	﻿2026-05-18T13:37:23.6852559Z Current runner version: '2.334.0'
Test (bun on ubuntu-latest)	UNKNOWN STEP	2026-05-18T13:37:23.6879639Z ##[group]Runner Image Provisioner
Test (bun on ubuntu-latest)	UNKNOWN STEP	2026-05-18T13:37:23.6880671Z Hosted Compute Agent
Test (bun on ubuntu-latest)	UNKNOWN STEP	2026-05-18T13:37:23.6881309Z Version: 20260213.493
Test (bun on ubuntu-latest)	UNKNOWN STEP	2026-05-18T13:37:23.6881946Z Commit: 5c115507f6dd24b8de37d8bbe0bb4509d0cc0fa3
Test (bun on ubuntu-latest)	UNKNOWN STEP	2026-05-18T13:37:23.6882813Z Build Date: 2026-02-13T00:28:41Z
Test (bun on ubuntu-latest)	UNKNOWN STEP	2026-05-18T13:37:23.6883546Z Worker ID: {2a3bea17-a9c6-42e8-8c29-3af53bf86f6b}
Test (bun on ubuntu-latest)	UNKNOWN STEP	2026-05-18T13:37:23.6884339Z Azure Region: westus
Test (bun on ubuntu-latest)	UNKNOWN STEP	2026-05-18T13:37:23.6884914Z ##[endgroup]
Test (bun on ubuntu-latest)	UNKNOWN STEP	2026-05-18T13:37:23.6886502Z ##[group]Operating System
Test (bun on ubuntu-latest)	UNKNOWN STEP	2026-05-18T13:37:23.6887127Z Ubuntu
Test (bun on ubuntu-latest)	UNKNOWN STEP	2026-05-18T13:37:23.6887653Z 24.04.4
Test (bun on ubuntu-latest)	UNKNOWN STEP	2026-05-18T13:37:23.6888274Z LTS
Test (bun on ubuntu-latest)	UNKNOWN STEP	2026-05-18T13:37:23.6888940Z ##[endgroup]
Test (bun on ubuntu-latest)	UNKNOWN STEP	2026-05-18T13:37:23.6889526Z ##[group]Runner Image
Test (bun on ubuntu-latest)	UNKNOWN STEP	2026-05-18T13:37:23.6890187Z Image: ubuntu-24.04
Test (bun on ubuntu-latest)	UNKNOWN STEP	2026-05-18T13:37:23.6890777Z Version: 20260513.135.3
Test (bun on ubuntu-latest)	UNKNOWN STEP	2026-05-18T13:37:23.6892229Z Included Software: https://github.com/actions/runner-images/blob/ubuntu24/20260513.135/images/ubuntu/Ubuntu2404-Readme.md
Test (bun on ubuntu-latest)	UNKNOWN STEP	2026-05-18T13:37:23.6893986Z Image Release: https://github.com/actions/runner-images/releases/tag/ubuntu24%2F20260513.135
Test (bun on ubuntu-latest)	UNKNOWN STEP	2026-05-18T13:37:23.6895089Z ##[endgroup]
Test (bun on ubuntu-latest)	UNKNOWN STEP	2026-05-18T13:37:23.6896657Z ##[group]GITHUB_TOKEN Permissions
Test (bun on ubuntu-latest)	UNKNOWN STEP	2026-05-18T13:37:23.6898923Z Contents: write
Test (bun on ubuntu-latest)	UNKNOWN STEP	2026-05-18T13:37:23.6899573Z Metadata: read
Test (bun on ubuntu-latest)	UNKNOWN STEP	2026-05-18T13:37:23.6900176Z Pages: write
Test (bun on ubuntu-latest)	UNKNOWN STEP	2026-05-18T13:37:23.6900751Z PullRequests: write
Test (bun on ubuntu-latest)	UNKNOWN STEP	2026-05-18T13:37:23.6901442Z ##[endgroup]
Test (bun on ubuntu-latest)	UNKNOWN STEP	2026-05-18T13:37:23.6903729Z Secret source: Actions
Test (bun on ubuntu-latest)	UNKNOWN STEP	2026-05-18T13:37:23.6904460Z Prepare workflow directory
Test (bun on ubuntu-latest)	UNKNOWN STEP	2026-05-18T13:37:23.8944822Z Prepare all required actions
Test (bun on ubuntu-latest)	UNKNOWN STEP	2026-05-18T13:37:23.8990469Z Getting action download info
Test (bun on ubuntu-latest)	UNKNOWN STEP	2026-05-18T13:37:24.4134797Z Download action repository 'actions/checkout@v6' (SHA:de0fac2e4500dabe0009e67214ff5f5447ce83dd)
Test (bun on ubuntu-latest)	UNKNOWN STEP	2026-05-18T13:37:25.1851378Z Download action repository 'actions/setup-node@v6' (SHA:48b55a011bda9f5d6aeb4c2d9c7362e8dae4041e)
Test (bun on ubuntu-latest)	UNKNOWN STEP	2026-05-18T13:37:25.6383784Z Download action repository 'oven-sh/setup-bun@v2' (SHA:0c5077e51419868618aeaa5fe8019c62421857d6)
Test (bun on ubuntu-latest)	UNKNOWN STEP	2026-05-18T13:37:26.4923753Z Download action repository 'denoland/setup-deno@v2' (SHA:667a34cdef165d8d2b2e98dde39547c9daac7282)
Test (bun on ubuntu-latest)	UNKNOWN STEP	2026-05-18T13:37:27.0262011Z Complete job name: Test (bun on ubuntu-latest)
Test (bun on ubuntu-latest)	UNKNOWN STEP	2026-05-18T13:37:27.0793509Z ##[group]Run actions/checkout@v6
Test (bun on ubuntu-latest)	UNKNOWN STEP	2026-05-18T13:37:27.0793909Z with:
Test (bun on ubuntu-latest)	UNKNOWN STEP	2026-05-18T13:37:27.0794064Z   fetch-depth: 0
Test (bun on ubuntu-latest)	UNKNOWN STEP	2026-05-18T13:37:27.0794235Z   repository: link-foundation/lino-i18n
Test (bun on ubuntu-latest)	UNKNOWN STEP	2026-05-18T13:37:27.0794589Z   token: ***
Test (bun on ubuntu-latest)	UNKNOWN STEP	2026-05-18T13:37:27.0794750Z   ssh-strict: true
Test (bun on ubuntu-latest)	UNKNOWN STEP	2026-05-18T13:37:27.0794901Z   ssh-user: git
Test (bun on ubuntu-latest)	UNKNOWN STEP	2026-05-18T13:37:27.0795062Z   persist-credentials: true
Test (bun on ubuntu-latest)	UNKNOWN STEP	2026-05-18T13:37:27.0795234Z   clean: true
Test (bun on ubuntu-latest)	UNKNOWN STEP	2026-05-18T13:37:27.0795399Z   sparse-checkout-cone-mode: true
Test (bun on ubuntu-latest)	UNKNOWN STEP	2026-05-18T13:37:27.0795587Z   fetch-tags: false
Test (bun on ubuntu-latest)	UNKNOWN STEP	2026-05-18T13:37:27.0795753Z   show-progress: true
Test (bun on ubuntu-latest)	UNKNOWN STEP	2026-05-18T13:37:27.0795908Z   lfs: false
Test (bun on ubuntu-latest)	UNKNOWN STEP	2026-05-18T13:37:27.0796051Z   submodules: false
Test (bun on ubuntu-latest)	UNKNOWN STEP	2026-05-18T13:37:27.0796203Z   set-safe-directory: true
Test (bun on ubuntu-latest)	UNKNOWN STEP	2026-05-18T13:37:27.0796487Z env:
Test (bun on ubuntu-latest)	UNKNOWN STEP	2026-05-18T13:37:27.0796642Z   NODE_VERSION: 24.x
Test (bun on ubuntu-latest)	UNKNOWN STEP	2026-05-18T13:37:27.0796805Z   NPM_CONFIG_PROVENANCE: true
Test (bun on ubuntu-latest)	UNKNOWN STEP	2026-05-18T13:37:27.0796986Z ##[endgroup]
Test (bun on ubuntu-latest)	UNKNOWN STEP	2026-05-18T13:37:27.1580691Z Syncing repository: link-foundation/lino-i18n
Test (bun on ubuntu-latest)	UNKNOWN STEP	2026-05-18T13:37:27.1581782Z ##[group]Getting Git version info
Test (bun on ubuntu-latest)	UNKNOWN STEP	2026-05-18T13:37:27.1582068Z Working directory is '/home/runner/work/lino-i18n/lino-i18n'
Test (bun on ubuntu-latest)	UNKNOWN STEP	2026-05-18T13:37:27.1582519Z [command]/usr/bin/git version
Test (bun on ubuntu-latest)	UNKNOWN STEP	2026-05-18T13:37:27.1620999Z git version 2.54.0
Test (bun on ubuntu-latest)	UNKNOWN STEP	2026-05-18T13:37:27.1637777Z ##[endgroup]
Test (bun on ubuntu-latest)	UNKNOWN STEP	2026-05-18T13:37:27.1649565Z Temporarily overriding HOME='/home/runner/work/_temp/488ab910-ec98-4e6f-b3fc-030fda18ba45' before making global git config changes
Test (bun on ubuntu-latest)	UNKNOWN STEP	2026-05-18T13:37:27.1650600Z Adding repository directory to the temporary git global config as a safe directory
Test (bun on ubuntu-latest)	UNKNOWN STEP	2026-05-18T13:37:27.1654304Z [command]/usr/bin/git config --global --add safe.directory /home/runner/work/lino-i18n/lino-i18n
Test (bun on ubuntu-latest)	UNKNOWN STEP	2026-05-18T13:37:27.1682512Z Deleting the contents of '/home/runner/work/lino-i18n/lino-i18n'
Test (bun on ubuntu-latest)	UNKNOWN STEP	2026-05-18T13:37:27.1685328Z ##[group]Initializing the repository
Test (bun on ubuntu-latest)	UNKNOWN STEP	2026-05-18T13:37:27.1689096Z [command]/usr/bin/git init /home/runner/work/lino-i18n/lino-i18n
Test (bun on ubuntu-latest)	UNKNOWN STEP	2026-05-18T13:37:27.1889276Z hint: Using 'master' as the name for the initial branch. This default branch name
Test (bun on ubuntu-latest)	UNKNOWN STEP	2026-05-18T13:37:27.1889937Z hint: will change to "main" in Git 3.0. To configure the initial branch name
Test (bun on ubuntu-latest)	UNKNOWN STEP	2026-05-18T13:37:27.1890764Z hint: to use in all of your new repositories, which will suppress this warning,
Test (bun on ubuntu-latest)	UNKNOWN STEP	2026-05-18T13:37:27.1891174Z hint: call:
Test (bun on ubuntu-latest)	UNKNOWN STEP	2026-05-18T13:37:27.1891379Z hint:
Test (bun on ubuntu-latest)	UNKNOWN STEP	2026-05-18T13:37:27.1891724Z hint: 	git config --global init.defaultBranch <name>
Test (bun on ubuntu-latest)	UNKNOWN STEP	2026-05-18T13:37:27.1892072Z hint:
Test (bun on ubuntu-latest)	UNKNOWN STEP	2026-05-18T13:37:27.1892408Z hint: Names commonly chosen instead of 'master' are 'main', 'trunk' and
Test (bun on ubuntu-latest)	UNKNOWN STEP	2026-05-18T13:37:27.1892973Z hint: 'development'. The just-created branch can be renamed via this command:
Test (bun on ubuntu-latest)	UNKNOWN STEP	2026-05-18T13:37:27.1893408Z hint:
Test (bun on ubuntu-latest)	UNKNOWN STEP	2026-05-18T13:37:27.1893587Z hint: 	git branch -m <name>
Test (bun on ubuntu-latest)	UNKNOWN STEP	2026-05-18T13:37:27.1893756Z hint:
Test (bun on ubuntu-latest)	UNKNOWN STEP	2026-05-18T13:37:27.1894011Z hint: Disable this message with "git config set advice.defaultBranchName false"
Test (bun on ubuntu-latest)	UNKNOWN STEP	2026-05-18T13:37:27.1894425Z Initialized empty Git repository in /home/runner/work/lino-i18n/lino-i18n/.git/
Test (bun on ubuntu-latest)	UNKNOWN STEP	2026-05-18T13:37:27.1897230Z [command]/usr/bin/git remote add origin https://github.com/link-foundation/lino-i18n
Test (bun on ubuntu-latest)	UNKNOWN STEP	2026-05-18T13:37:27.2181453Z ##[endgroup]
Test (bun on ubuntu-latest)	UNKNOWN STEP	2026-05-18T13:37:27.2181917Z ##[group]Disabling automatic garbage collection
Test (bun on ubuntu-latest)	UNKNOWN STEP	2026-05-18T13:37:27.2184603Z [command]/usr/bin/git config --local gc.auto 0
Test (bun on ubuntu-latest)	UNKNOWN STEP	2026-05-18T13:37:27.2482831Z ##[endgroup]
Test (bun on ubuntu-latest)	UNKNOWN STEP	2026-05-18T13:37:27.2483143Z ##[group]Setting up auth
Test (bun on ubuntu-latest)	UNKNOWN STEP	2026-05-18T13:37:27.2483498Z Removing SSH command configuration
Test (bun on ubuntu-latest)	UNKNOWN STEP	2026-05-18T13:37:27.2488663Z [command]/usr/bin/git config --local --name-only --get-regexp core\.sshCommand
Test (bun on ubuntu-latest)	UNKNOWN STEP	2026-05-18T13:37:27.2515249Z [command]/usr/bin/git submodule foreach --recursive sh -c "git config --local --name-only --get-regexp 'core\.sshCommand' && git config --local --unset-all 'core.sshCommand' || :"
Test (bun on ubuntu-latest)	UNKNOWN STEP	2026-05-18T13:37:27.3052917Z Removing HTTP extra header
Test (bun on ubuntu-latest)	UNKNOWN STEP	2026-05-18T13:37:27.3057293Z [command]/usr/bin/git config --local --name-only --get-regexp http\.https\:\/\/github\.com\/\.extraheader
Test (bun on ubuntu-latest)	UNKNOWN STEP	2026-05-18T13:37:27.3083718Z [command]/usr/bin/git submodule foreach --recursive sh -c "git config --local --name-only --get-regexp 'http\.https\:\/\/github\.com\/\.extraheader' && git config --local --unset-all 'http.https://github.com/.extraheader' || :"
Test (bun on ubuntu-latest)	UNKNOWN STEP	2026-05-18T13:37:27.3263404Z Removing includeIf entries pointing to credentials config files
Test (bun on ubuntu-latest)	UNKNOWN STEP	2026-05-18T13:37:27.3268645Z [command]/usr/bin/git config --local --name-only --get-regexp ^includeIf\.gitdir:
Test (bun on ubuntu-latest)	UNKNOWN STEP	2026-05-18T13:37:27.3300532Z [command]/usr/bin/git submodule foreach --recursive git config --local --show-origin --name-only --get-regexp remote.origin.url
Test (bun on ubuntu-latest)	UNKNOWN STEP	2026-05-18T13:37:27.3486651Z [command]/usr/bin/git config --file /home/runner/work/_temp/git-credentials-ffce7868-11ee-45e6-b403-ad9de5252977.config http.https://github.com/.extraheader AUTHORIZATION: basic ***
Test (bun on ubuntu-latest)	UNKNOWN STEP	2026-05-18T13:37:27.3574742Z [command]/usr/bin/git config --local includeIf.gitdir:/home/runner/work/lino-i18n/lino-i18n/.git.path /home/runner/work/_temp/git-credentials-ffce7868-11ee-45e6-b403-ad9de5252977.config
Test (bun on ubuntu-latest)	UNKNOWN STEP	2026-05-18T13:37:27.3678115Z [command]/usr/bin/git config --local includeIf.gitdir:/home/runner/work/lino-i18n/lino-i18n/.git/worktrees/*.path /home/runner/work/_temp/git-credentials-ffce7868-11ee-45e6-b403-ad9de5252977.config
Test (bun on ubuntu-latest)	UNKNOWN STEP	2026-05-18T13:37:27.3752990Z [command]/usr/bin/git config --local includeIf.gitdir:/github/workspace/.git.path /github/runner_temp/git-credentials-ffce7868-11ee-45e6-b403-ad9de5252977.config
Test (bun on ubuntu-latest)	UNKNOWN STEP	2026-05-18T13:37:27.4282546Z [command]/usr/bin/git config --local includeIf.gitdir:/github/workspace/.git/worktrees/*.path /github/runner_temp/git-credentials-ffce7868-11ee-45e6-b403-ad9de5252977.config
Test (bun on ubuntu-latest)	UNKNOWN STEP	2026-05-18T13:37:27.4478981Z ##[endgroup]
Test (bun on ubuntu-latest)	UNKNOWN STEP	2026-05-18T13:37:27.4479455Z ##[group]Fetching the repository
Test (bun on ubuntu-latest)	UNKNOWN STEP	2026-05-18T13:37:27.4487918Z [command]/usr/bin/git -c protocol.version=2 fetch --no-tags --prune --no-recurse-submodules origin +refs/heads/*:refs/remotes/origin/* +refs/tags/*:refs/tags/*
Test (bun on ubuntu-latest)	UNKNOWN STEP	2026-05-18T13:37:28.3785122Z From https://github.com/link-foundation/lino-i18n
Test (bun on ubuntu-latest)	UNKNOWN STEP	2026-05-18T13:37:28.3786150Z  * [new branch]      issue-1-76ffa2dc55cc  -> origin/issue-1-76ffa2dc55cc
Test (bun on ubuntu-latest)	UNKNOWN STEP	2026-05-18T13:37:28.3787031Z  * [new branch]      issue-10-6657adb31046 -> origin/issue-10-6657adb31046
Test (bun on ubuntu-latest)	UNKNOWN STEP	2026-05-18T13:37:28.3787952Z  * [new branch]      issue-11-b5c8ef3bbd84 -> origin/issue-11-b5c8ef3bbd84
Test (bun on ubuntu-latest)	UNKNOWN STEP	2026-05-18T13:37:28.3788747Z  * [new branch]      issue-12-3c4f596e0c67 -> origin/issue-12-3c4f596e0c67
Test (bun on ubuntu-latest)	UNKNOWN STEP	2026-05-18T13:37:28.3789314Z  * [new branch]      issue-3-b3eb0917c317  -> origin/issue-3-b3eb0917c317
Test (bun on ubuntu-latest)	UNKNOWN STEP	2026-05-18T13:37:28.3789850Z  * [new branch]      issue-5-169afc4a2006  -> origin/issue-5-169afc4a2006
Test (bun on ubuntu-latest)	UNKNOWN STEP	2026-05-18T13:37:28.3790412Z  * [new branch]      issue-5-35d32a59c464  -> origin/issue-5-35d32a59c464
Test (bun on ubuntu-latest)	UNKNOWN STEP	2026-05-18T13:37:28.3790972Z  * [new branch]      issue-8-ca918c4d7d4c  -> origin/issue-8-ca918c4d7d4c
Test (bun on ubuntu-latest)	UNKNOWN STEP	2026-05-18T13:37:28.3791452Z  * [new branch]      main                  -> origin/main
Test (bun on ubuntu-latest)	UNKNOWN STEP	2026-05-18T13:37:28.3791898Z  * [new tag]         js-v0.0.1             -> js-v0.0.1
Test (bun on ubuntu-latest)	UNKNOWN STEP	2026-05-18T13:37:28.3792290Z  * [new tag]         rust-v0.0.1           -> rust-v0.0.1
Test (bun on ubuntu-latest)	UNKNOWN STEP	2026-05-18T13:37:28.3815450Z [command]/usr/bin/git branch --list --remote origin/main
Test (bun on ubuntu-latest)	UNKNOWN STEP	2026-05-18T13:37:28.3836361Z   origin/main
Test (bun on ubuntu-latest)	UNKNOWN STEP	2026-05-18T13:37:28.3844663Z [command]/usr/bin/git rev-parse refs/remotes/origin/main
Test (bun on ubuntu-latest)	UNKNOWN STEP	2026-05-18T13:37:28.3862158Z 8910b98b665a650690c0d9e9188bbf6bec1e9d2c
Test (bun on ubuntu-latest)	UNKNOWN STEP	2026-05-18T13:37:28.3865643Z ##[endgroup]
Test (bun on ubuntu-latest)	UNKNOWN STEP	2026-05-18T13:37:28.3866060Z ##[group]Determining the checkout info
Test (bun on ubuntu-latest)	UNKNOWN STEP	2026-05-18T13:37:28.3866609Z ##[endgroup]
Test (bun on ubuntu-latest)	UNKNOWN STEP	2026-05-18T13:37:28.3871136Z [command]/usr/bin/git sparse-checkout disable
Test (bun on ubuntu-latest)	UNKNOWN STEP	2026-05-18T13:37:28.3902319Z [command]/usr/bin/git config --local --unset-all extensions.worktreeConfig
Test (bun on ubuntu-latest)	UNKNOWN STEP	2026-05-18T13:37:28.3924993Z ##[group]Checking out the ref
Test (bun on ubuntu-latest)	UNKNOWN STEP	2026-05-18T13:37:28.3928055Z [command]/usr/bin/git checkout --progress --force -B main refs/remotes/origin/main
Test (bun on ubuntu-latest)	UNKNOWN STEP	2026-05-18T13:37:28.4365910Z Switched to a new branch 'main'
Test (bun on ubuntu-latest)	UNKNOWN STEP	2026-05-18T13:37:28.4366472Z branch 'main' set up to track 'origin/main'.
Test (bun on ubuntu-latest)	UNKNOWN STEP	2026-05-18T13:37:28.4373535Z ##[endgroup]
Test (bun on ubuntu-latest)	UNKNOWN STEP	2026-05-18T13:37:28.4409571Z [command]/usr/bin/git log -1 --format=%H
Test (bun on ubuntu-latest)	UNKNOWN STEP	2026-05-18T13:37:28.4429658Z 8910b98b665a650690c0d9e9188bbf6bec1e9d2c
Test (bun on ubuntu-latest)	UNKNOWN STEP	2026-05-18T13:37:28.4699396Z ##[group]Run oven-sh/setup-bun@v2
Test (bun on ubuntu-latest)	UNKNOWN STEP	2026-05-18T13:37:28.4699611Z with:
Test (bun on ubuntu-latest)	UNKNOWN STEP	2026-05-18T13:37:28.4699754Z   bun-version: latest
Test (bun on ubuntu-latest)	UNKNOWN STEP	2026-05-18T13:37:28.4699917Z   no-cache: false
Test (bun on ubuntu-latest)	UNKNOWN STEP	2026-05-18T13:37:28.4700153Z   token: ***
Test (bun on ubuntu-latest)	UNKNOWN STEP	2026-05-18T13:37:28.4700287Z env:
Test (bun on ubuntu-latest)	UNKNOWN STEP	2026-05-18T13:37:28.4700421Z   NODE_VERSION: 24.x
Test (bun on ubuntu-latest)	UNKNOWN STEP	2026-05-18T13:37:28.4700592Z   NPM_CONFIG_PROVENANCE: true
Test (bun on ubuntu-latest)	UNKNOWN STEP	2026-05-18T13:37:28.4700772Z ##[endgroup]
Test (bun on ubuntu-latest)	UNKNOWN STEP	2026-05-18T13:37:29.0785193Z Downloading a new version of Bun: https://github.com/oven-sh/bun/releases/download/bun-v1.3.14/bun-linux-x64.zip
Test (bun on ubuntu-latest)	UNKNOWN STEP	2026-05-18T13:37:29.3115798Z [command]/usr/bin/unzip -o -q /home/runner/work/_temp/7fbcd0a2-97ca-4a69-8130-fee99036f2ea.zip
Test (bun on ubuntu-latest)	UNKNOWN STEP	2026-05-18T13:37:29.9019823Z [command]/home/runner/.bun/bin/bun --revision
Test (bun on ubuntu-latest)	UNKNOWN STEP	2026-05-18T13:37:29.9052589Z 1.3.14+0d9b296af
Test (bun on ubuntu-latest)	UNKNOWN STEP	2026-05-18T13:37:29.9169797Z ##[group]Run bun install
Test (bun on ubuntu-latest)	UNKNOWN STEP	2026-05-18T13:37:29.9170053Z ^[[36;1mbun install^[[0m
Test (bun on ubuntu-latest)	UNKNOWN STEP	2026-05-18T13:37:29.9203052Z shell: /usr/bin/bash -e {0}
Test (bun on ubuntu-latest)	UNKNOWN STEP	2026-05-18T13:37:29.9203265Z env:
Test (bun on ubuntu-latest)	UNKNOWN STEP	2026-05-18T13:37:29.9203406Z   NODE_VERSION: 24.x
Test (bun on ubuntu-latest)	UNKNOWN STEP	2026-05-18T13:37:29.9203580Z   NPM_CONFIG_PROVENANCE: true
Test (bun on ubuntu-latest)	UNKNOWN STEP	2026-05-18T13:37:29.9203769Z ##[endgroup]
Test (bun on ubuntu-latest)	UNKNOWN STEP	2026-05-18T13:37:29.9287615Z bun install v1.3.14 (0d9b296a)
Test (bun on ubuntu-latest)	UNKNOWN STEP	2026-05-18T13:37:29.9312976Z [2.28ms] migrated lockfile from package-lock.json
Test (bun on ubuntu-latest)	UNKNOWN STEP	2026-05-18T13:37:30.3633985Z Saved lockfile
Test (bun on ubuntu-latest)	UNKNOWN STEP	2026-05-18T13:37:30.3634215Z
Test (bun on ubuntu-latest)	UNKNOWN STEP	2026-05-18T13:37:30.3634343Z + links-notation@0.13.0
Test (bun on ubuntu-latest)	UNKNOWN STEP	2026-05-18T13:37:30.3634619Z + lino-arguments@0.3.0
Test (bun on ubuntu-latest)	UNKNOWN STEP	2026-05-18T13:37:30.3634873Z + lino-objects-codec@0.4.0
Test (bun on ubuntu-latest)	UNKNOWN STEP	2026-05-18T13:37:30.3635111Z + @changesets/cli@2.31.0
Test (bun on ubuntu-latest)	UNKNOWN STEP	2026-05-18T13:37:30.3635351Z + @eslint/js@10.0.1
Test (bun on ubuntu-latest)	UNKNOWN STEP	2026-05-18T13:37:30.3635549Z + eslint@10.4.0
Test (bun on ubuntu-latest)	UNKNOWN STEP	2026-05-18T13:37:30.3635785Z + eslint-config-prettier@10.1.8
Test (bun on ubuntu-latest)	UNKNOWN STEP	2026-05-18T13:37:30.3636078Z + eslint-plugin-prettier@5.5.5
Test (bun on ubuntu-latest)	UNKNOWN STEP	2026-05-18T13:37:30.3636682Z + jscpd@4.2.2
Test (bun on ubuntu-latest)	UNKNOWN STEP	2026-05-18T13:37:30.3636879Z + prettier@3.8.3
Test (bun on ubuntu-latest)	UNKNOWN STEP	2026-05-18T13:37:30.3637098Z + test-anywhere@0.9.1
Test (bun on ubuntu-latest)	UNKNOWN STEP	2026-05-18T13:37:30.3637240Z
Test (bun on ubuntu-latest)	UNKNOWN STEP	2026-05-18T13:37:30.3637340Z 295 packages installed [435.00ms]
Test (bun on ubuntu-latest)	UNKNOWN STEP	2026-05-18T13:37:30.3702822Z ##[group]Run bun test --timeout 30000
Test (bun on ubuntu-latest)	UNKNOWN STEP	2026-05-18T13:37:30.3703109Z ^[[36;1mbun test --timeout 30000^[[0m
Test (bun on ubuntu-latest)	UNKNOWN STEP	2026-05-18T13:37:30.3732080Z shell: /usr/bin/bash -e {0}
Test (bun on ubuntu-latest)	UNKNOWN STEP	2026-05-18T13:37:30.3732278Z env:
Test (bun on ubuntu-latest)	UNKNOWN STEP	2026-05-18T13:37:30.3732468Z   NODE_VERSION: 24.x
Test (bun on ubuntu-latest)	UNKNOWN STEP	2026-05-18T13:37:30.3732640Z   NPM_CONFIG_PROVENANCE: true
Test (bun on ubuntu-latest)	UNKNOWN STEP	2026-05-18T13:37:30.3732827Z ##[endgroup]
Test (bun on ubuntu-latest)	UNKNOWN STEP	2026-05-18T13:37:30.3788156Z bun test v1.3.14 (0d9b296a)
Test (bun on ubuntu-latest)	UNKNOWN STEP	2026-05-18T13:37:30.3856743Z
Test (bun on ubuntu-latest)	UNKNOWN STEP	2026-05-18T13:37:30.3857232Z ##[group]tests/converters.test.js:
Test (bun on ubuntu-latest)	UNKNOWN STEP	2026-05-18T13:37:30.4028996Z (pass) fromI18next flattens nested keys with dot separator [0.40ms]
Test (bun on ubuntu-latest)	UNKNOWN STEP	2026-05-18T13:37:30.4029514Z (pass) fromI18next supports namespace shape with `ns:` prefix [0.08ms]
Test (bun on ubuntu-latest)	UNKNOWN STEP	2026-05-18T13:37:30.4030194Z (pass) fromI18next defaults to provided locale when input is a single catalogue [0.05ms]
Test (bun on ubuntu-latest)	UNKNOWN STEP	2026-05-18T13:37:30.4032086Z (pass) fromI18nJs rewrites %{var} into {{var}} [0.22ms]
Test (bun on ubuntu-latest)	UNKNOWN STEP	2026-05-18T13:37:30.4034114Z (pass) fromReactIntl handles plain ICU strings [0.16ms]
Test (bun on ubuntu-latest)	UNKNOWN STEP	2026-05-18T13:37:30.4034697Z (pass) fromReactIntl extracts defaultMessage [0.04ms]
Test (bun on ubuntu-latest)	UNKNOWN STEP	2026-05-18T13:37:30.4035259Z (pass) fromReactIntl decompiles compiled AST nodes [0.10ms]
Test (bun on ubuntu-latest)	UNKNOWN STEP	2026-05-18T13:37:30.4035558Z
Test (bun on ubuntu-latest)	UNKNOWN STEP	2026-05-18T13:37:30.4035950Z ##[endgroup]
Test (bun on ubuntu-latest)	UNKNOWN STEP	2026-05-18T13:37:30.4036099Z
Test (bun on ubuntu-latest)	UNKNOWN STEP	2026-05-18T13:37:30.4036388Z ##[group]tests/i18n.test.js:
Test (bun on ubuntu-latest)	UNKNOWN STEP	2026-05-18T13:37:30.4054848Z (pass) interpolate replaces {{var}} and {var} [0.31ms]
Test (bun on ubuntu-latest)	UNKNOWN STEP	2026-05-18T13:37:30.4068480Z (pass) pluralSuffix follows CLDR rules [1.32ms]
Test (bun on ubuntu-latest)	UNKNOWN STEP	2026-05-18T13:37:30.4080253Z (pass) parseLinoCatalog round-trips with formatLinoCatalog [1.18ms]
Test (bun on ubuntu-latest)	UNKNOWN STEP	2026-05-18T13:37:30.4083222Z (pass) parseLinoCatalog flattens nested groups and selector variants [0.30ms]
Test (bun on ubuntu-latest)	UNKNOWN STEP	2026-05-18T13:37:30.4086212Z (pass) parseLinoCatalog flattens Hive Mind style deep multiline catalogues [0.28ms]
Test (bun on ubuntu-latest)	UNKNOWN STEP	2026-05-18T13:37:30.4087009Z (pass) parseLinoCatalogs accepts bundled multi-locale files [0.10ms]
Test (bun on ubuntu-latest)	UNKNOWN STEP	2026-05-18T13:37:30.4089317Z (pass) parseLinoCatalog can expand compatibility aliases while loading [0.22ms]
Test (bun on ubuntu-latest)	UNKNOWN STEP	2026-05-18T13:37:30.4093286Z (pass) formatLinoCatalog emits nested catalogue syntax by default [0.39ms]
Test (bun on ubuntu-latest)	UNKNOWN STEP	2026-05-18T13:37:30.4095632Z (pass) formatLinoCatalog preserves scalar parent translations as labels [0.21ms]
Test (bun on ubuntu-latest)	UNKNOWN STEP	2026-05-18T13:37:30.4096517Z (pass) parseLinoCatalog aliases nested label children to their parent key [0.11ms]
Test (bun on ubuntu-latest)	UNKNOWN STEP	2026-05-18T13:37:30.4098282Z (pass) label aliases preserve selector suffix groups [0.18ms]
Test (bun on ubuntu-latest)	UNKNOWN STEP	2026-05-18T13:37:30.4103248Z (pass) createI18n resolves missing keys via fallback [0.45ms]
Test (bun on ubuntu-latest)	UNKNOWN STEP	2026-05-18T13:37:30.4121490Z (pass) createI18n applies CLDR plurals per locale [1.76ms]
Test (bun on ubuntu-latest)	UNKNOWN STEP	2026-05-18T13:37:30.4130720Z (pass) loadLocalesFromDirectory merges bundled and per-language files [0.96ms]
Test (bun on ubuntu-latest)	UNKNOWN STEP	2026-05-18T13:37:30.4138018Z (pass) createI18n.loadLocaleFile registers bundled locale files [0.73ms]
Test (bun on ubuntu-latest)	UNKNOWN STEP	2026-05-18T13:37:30.4139022Z (pass) createI18n falls back to onMissingKey when set [0.13ms]
Test (bun on ubuntu-latest)	UNKNOWN STEP	2026-05-18T13:37:30.4140037Z (pass) createI18n exposes context (gender) suffixes [0.10ms]
Test (bun on ubuntu-latest)	UNKNOWN STEP	2026-05-18T13:37:30.4140837Z (pass) createI18n exposes namespace-prefixed keys [0.07ms]
Test (bun on ubuntu-latest)	UNKNOWN STEP	2026-05-18T13:37:30.4141763Z (pass) expandCompatibilityAliases adds migration aliases without overwriting explicit keys [0.07ms]
Test (bun on ubuntu-latest)	UNKNOWN STEP	2026-05-18T13:37:30.4142870Z (pass) createI18n can expose underscore-tail migration aliases [0.12ms]
Test (bun on ubuntu-latest)	UNKNOWN STEP	2026-05-18T13:37:30.4144139Z (pass) createI18n resolves label aliases while explicit keys win [0.09ms]
Test (bun on ubuntu-latest)	UNKNOWN STEP	2026-05-18T13:37:30.4144477Z
Test (bun on ubuntu-latest)	UNKNOWN STEP	2026-05-18T13:37:30.4144904Z ##[endgroup]
Test (bun on ubuntu-latest)	UNKNOWN STEP	2026-05-18T13:37:30.4145024Z
Test (bun on ubuntu-latest)	UNKNOWN STEP	2026-05-18T13:37:30.4145318Z ##[group]tests/release-delivery.test.js:
Test (bun on ubuntu-latest)	UNKNOWN STEP	2026-05-18T13:37:30.4176993Z (pass) delivery jobs keep running after optional release gates are skipped [0.75ms]
Test (bun on ubuntu-latest)	UNKNOWN STEP	2026-05-18T13:37:30.4178206Z (pass) root README advertises package, release, and CI/CD status badges [0.17ms]
Test (bun on ubuntu-latest)	UNKNOWN STEP	2026-05-18T13:37:30.4182439Z (pass) JavaScript GitHub release notes include package and CI/CD badges [0.38ms]
Test (bun on ubuntu-latest)	UNKNOWN STEP	2026-05-18T13:37:30.4182898Z
Test (bun on ubuntu-latest)	UNKNOWN STEP	2026-05-18T13:37:30.4183239Z ##[endgroup]
Test (bun on ubuntu-latest)	UNKNOWN STEP	2026-05-18T13:37:30.4183380Z
Test (bun on ubuntu-latest)	UNKNOWN STEP	2026-05-18T13:37:30.4183905Z ##[group]tests/package-metadata.test.js:
Test (bun on ubuntu-latest)	UNKNOWN STEP	2026-05-18T13:37:31.2252623Z (pass) npm package dry-run contains the publishable runtime surface [806.27ms]
Test (bun on ubuntu-latest)	UNKNOWN STEP	2026-05-18T13:37:31.2253254Z
Test (bun on ubuntu-latest)	UNKNOWN STEP	2026-05-18T13:37:31.2254432Z ##[endgroup]
Test (bun on ubuntu-latest)	UNKNOWN STEP	2026-05-18T13:37:31.2254711Z
Test (bun on ubuntu-latest)	UNKNOWN STEP	2026-05-18T13:37:31.2255113Z ##[group]tests/cli.test.js:
Test (bun on ubuntu-latest)	UNKNOWN STEP	2026-05-18T13:37:31.2297415Z (pass) convert i18next JSON to .lino [2.31ms]
Test (bun on ubuntu-latest)	UNKNOWN STEP	2026-05-18T13:37:31.2310166Z (pass) convert can bundle multiple locales into one .lino file [1.28ms]
Test (bun on ubuntu-latest)	UNKNOWN STEP	2026-05-18T13:37:31.2319419Z (pass) convert reads defaults from a JSON config file [0.93ms]
Test (bun on ubuntu-latest)	UNKNOWN STEP	2026-05-18T13:37:31.2329701Z (pass) check reports missing keys against a reference locale [1.02ms]
Test (bun on ubuntu-latest)	UNKNOWN STEP	2026-05-18T13:37:31.2339854Z (pass) t command translates a key with parameters [1.01ms]
Test (bun on ubuntu-latest)	UNKNOWN STEP	2026-05-18T13:37:31.2340191Z
Test (bun on ubuntu-latest)	UNKNOWN STEP	2026-05-18T13:37:31.2340578Z ##[endgroup]
Test (bun on ubuntu-latest)	UNKNOWN STEP	2026-05-18T13:37:31.2340701Z
Test (bun on ubuntu-latest)	UNKNOWN STEP	2026-05-18T13:37:31.2340789Z  37 pass
Test (bun on ubuntu-latest)	UNKNOWN STEP	2026-05-18T13:37:31.2340966Z  0 fail
Test (bun on ubuntu-latest)	UNKNOWN STEP	2026-05-18T13:37:31.2341183Z Ran 37 tests across 5 files. [855.00ms]
Test (bun on ubuntu-latest)	UNKNOWN STEP	2026-05-18T13:37:31.2420554Z Post job cleanup.
Test (bun on ubuntu-latest)	UNKNOWN STEP	2026-05-18T13:37:31.3776344Z Post job cleanup.
Test (bun on ubuntu-latest)	UNKNOWN STEP	2026-05-18T13:37:31.4456421Z [command]/usr/bin/git version
Test (bun on ubuntu-latest)	UNKNOWN STEP	2026-05-18T13:37:31.4487322Z git version 2.54.0
Test (bun on ubuntu-latest)	UNKNOWN STEP	2026-05-18T13:37:31.4517186Z Temporarily overriding HOME='/home/runner/work/_temp/d89e25cb-51e3-4860-b8e3-41a90d101d63' before making global git config changes
Test (bun on ubuntu-latest)	UNKNOWN STEP	2026-05-18T13:37:31.4518135Z Adding repository directory to the temporary git global config as a safe directory
Test (bun on ubuntu-latest)	UNKNOWN STEP	2026-05-18T13:37:31.4521922Z [command]/usr/bin/git config --global --add safe.directory /home/runner/work/lino-i18n/lino-i18n
Test (bun on ubuntu-latest)	UNKNOWN STEP	2026-05-18T13:37:31.4547692Z Removing SSH command configuration
Test (bun on ubuntu-latest)	UNKNOWN STEP	2026-05-18T13:37:31.4552736Z [command]/usr/bin/git config --local --name-only --get-regexp core\.sshCommand
Test (bun on ubuntu-latest)	UNKNOWN STEP	2026-05-18T13:37:31.4580466Z [command]/usr/bin/git submodule foreach --recursive sh -c "git config --local --name-only --get-regexp 'core\.sshCommand' && git config --local --unset-all 'core.sshCommand' || :"
Test (bun on ubuntu-latest)	UNKNOWN STEP	2026-05-18T13:37:31.4801369Z Removing HTTP extra header
Test (bun on ubuntu-latest)	UNKNOWN STEP	2026-05-18T13:37:31.4805506Z [command]/usr/bin/git config --local --name-only --get-regexp http\.https\:\/\/github\.com\/\.extraheader
Test (bun on ubuntu-latest)	UNKNOWN STEP	2026-05-18T13:37:31.4833855Z [command]/usr/bin/git submodule foreach --recursive sh -c "git config --local --name-only --get-regexp 'http\.https\:\/\/github\.com\/\.extraheader' && git config --local --unset-all 'http.https://github.com/.extraheader' || :"
Test (bun on ubuntu-latest)	UNKNOWN STEP	2026-05-18T13:37:31.5017043Z Removing includeIf entries pointing to credentials config files
Test (bun on ubuntu-latest)	UNKNOWN STEP	2026-05-18T13:37:31.5022236Z [command]/usr/bin/git config --local --name-only --get-regexp ^includeIf\.gitdir:
Test (bun on ubuntu-latest)	UNKNOWN STEP	2026-05-18T13:37:31.5041331Z includeif.gitdir:/home/runner/work/lino-i18n/lino-i18n/.git.path
Test (bun on ubuntu-latest)	UNKNOWN STEP	2026-05-18T13:37:31.5041876Z includeif.gitdir:/home/runner/work/lino-i18n/lino-i18n/.git/worktrees/*.path
Test (bun on ubuntu-latest)	UNKNOWN STEP	2026-05-18T13:37:31.5042208Z includeif.gitdir:/github/workspace/.git.path
Test (bun on ubuntu-latest)	UNKNOWN STEP	2026-05-18T13:37:31.5042477Z includeif.gitdir:/github/workspace/.git/worktrees/*.path
Test (bun on ubuntu-latest)	UNKNOWN STEP	2026-05-18T13:37:31.5048166Z [command]/usr/bin/git config --local --get-all includeif.gitdir:/home/runner/work/lino-i18n/lino-i18n/.git.path
Test (bun on ubuntu-latest)	UNKNOWN STEP	2026-05-18T13:37:31.5065701Z /home/runner/work/_temp/git-credentials-ffce7868-11ee-45e6-b403-ad9de5252977.config
Test (bun on ubuntu-latest)	UNKNOWN STEP	2026-05-18T13:37:31.5074291Z [command]/usr/bin/git config --local --unset includeif.gitdir:/home/runner/work/lino-i18n/lino-i18n/.git.path /home/runner/work/_temp/git-credentials-ffce7868-11ee-45e6-b403-ad9de5252977.config
Test (bun on ubuntu-latest)	UNKNOWN STEP	2026-05-18T13:37:31.5103469Z [command]/usr/bin/git config --local --get-all includeif.gitdir:/home/runner/work/lino-i18n/lino-i18n/.git/worktrees/*.path
Test (bun on ubuntu-latest)	UNKNOWN STEP	2026-05-18T13:37:31.5121988Z /home/runner/work/_temp/git-credentials-ffce7868-11ee-45e6-b403-ad9de5252977.config
Test (bun on ubuntu-latest)	UNKNOWN STEP	2026-05-18T13:37:31.5129227Z [command]/usr/bin/git config --local --unset includeif.gitdir:/home/runner/work/lino-i18n/lino-i18n/.git/worktrees/*.path /home/runner/work/_temp/git-credentials-ffce7868-11ee-45e6-b403-ad9de5252977.config
Test (bun on ubuntu-latest)	UNKNOWN STEP	2026-05-18T13:37:31.5154218Z [command]/usr/bin/git config --local --get-all includeif.gitdir:/github/workspace/.git.path
Test (bun on ubuntu-latest)	UNKNOWN STEP	2026-05-18T13:37:31.5171350Z /github/runner_temp/git-credentials-ffce7868-11ee-45e6-b403-ad9de5252977.config
Test (bun on ubuntu-latest)	UNKNOWN STEP	2026-05-18T13:37:31.5177280Z [command]/usr/bin/git config --local --unset includeif.gitdir:/github/workspace/.git.path /github/runner_temp/git-credentials-ffce7868-11ee-45e6-b403-ad9de5252977.config
Test (bun on ubuntu-latest)	UNKNOWN STEP	2026-05-18T13:37:31.5201940Z [command]/usr/bin/git config --local --get-all includeif.gitdir:/github/workspace/.git/worktrees/*.path
Test (bun on ubuntu-latest)	UNKNOWN STEP	2026-05-18T13:37:31.5218822Z /github/runner_temp/git-credentials-ffce7868-11ee-45e6-b403-ad9de5252977.config
Test (bun on ubuntu-latest)	UNKNOWN STEP	2026-05-18T13:37:31.5225604Z [command]/usr/bin/git config --local --unset includeif.gitdir:/github/workspace/.git/worktrees/*.path /github/runner_temp/git-credentials-ffce7868-11ee-45e6-b403-ad9de5252977.config
Test (bun on ubuntu-latest)	UNKNOWN STEP	2026-05-18T13:37:31.5251198Z [command]/usr/bin/git submodule foreach --recursive git config --local --show-origin --name-only --get-regexp remote.origin.url
Test (bun on ubuntu-latest)	UNKNOWN STEP	2026-05-18T13:37:31.5434922Z Removing credentials config '/home/runner/work/_temp/git-credentials-ffce7868-11ee-45e6-b403-ad9de5252977.config'
Test (bun on ubuntu-latest)	UNKNOWN STEP	2026-05-18T13:37:31.5552456Z Cleaning up orphan processes
Test (deno on macos-latest)	UNKNOWN STEP	﻿2026-05-18T13:37:23.9854620Z Current runner version: '2.334.0'
Test (deno on macos-latest)	UNKNOWN STEP	2026-05-18T13:37:23.9872960Z ##[group]Runner Image Provisioner
Test (deno on macos-latest)	UNKNOWN STEP	2026-05-18T13:37:23.9873440Z Hosted Compute Agent
Test (deno on macos-latest)	UNKNOWN STEP	2026-05-18T13:37:23.9873770Z Version: 20260422.526
Test (deno on macos-latest)	UNKNOWN STEP	2026-05-18T13:37:23.9874140Z Commit: e1a9e573f4d0838b3a7c1b07401aeb29ed3635a9
Test (deno on macos-latest)	UNKNOWN STEP	2026-05-18T13:37:23.9874570Z Build Date: 2026-04-22T09:31:31Z
Test (deno on macos-latest)	UNKNOWN STEP	2026-05-18T13:37:23.9874950Z Worker ID: {7816ee99-4dd3-4582-a772-42242396a38a}
Test (deno on macos-latest)	UNKNOWN STEP	2026-05-18T13:37:23.9875360Z Azure Region: westus
Test (deno on macos-latest)	UNKNOWN STEP	2026-05-18T13:37:23.9875690Z ##[endgroup]
Test (deno on macos-latest)	UNKNOWN STEP	2026-05-18T13:37:23.9876500Z ##[group]Operating System
Test (deno on macos-latest)	UNKNOWN STEP	2026-05-18T13:37:23.9876840Z macOS
Test (deno on macos-latest)	UNKNOWN STEP	2026-05-18T13:37:23.9877110Z 15.7.4
Test (deno on macos-latest)	UNKNOWN STEP	2026-05-18T13:37:23.9877380Z 24G517
Test (deno on macos-latest)	UNKNOWN STEP	2026-05-18T13:37:23.9877650Z ##[endgroup]
Test (deno on macos-latest)	UNKNOWN STEP	2026-05-18T13:37:23.9877940Z ##[group]Runner Image
Test (deno on macos-latest)	UNKNOWN STEP	2026-05-18T13:37:23.9878260Z Image: macos-15-arm64
Test (deno on macos-latest)	UNKNOWN STEP	2026-05-18T13:37:23.9878570Z Version: 20260427.0018.1
Test (deno on macos-latest)	UNKNOWN STEP	2026-05-18T13:37:23.9879320Z Included Software: https://github.com/actions/runner-images/blob/macos-15-arm64/20260427.0018/images/macos/macos-15-arm64-Readme.md
Test (deno on macos-latest)	UNKNOWN STEP	2026-05-18T13:37:23.9880270Z Image Release: https://github.com/actions/runner-images/releases/tag/macos-15-arm64%2F20260427.0018
Test (deno on macos-latest)	UNKNOWN STEP	2026-05-18T13:37:23.9880850Z ##[endgroup]
Test (deno on macos-latest)	UNKNOWN STEP	2026-05-18T13:37:23.9881610Z ##[group]GITHUB_TOKEN Permissions
Test (deno on macos-latest)	UNKNOWN STEP	2026-05-18T13:37:23.9882580Z Contents: write
Test (deno on macos-latest)	UNKNOWN STEP	2026-05-18T13:37:23.9882910Z Metadata: read
Test (deno on macos-latest)	UNKNOWN STEP	2026-05-18T13:37:23.9883200Z Pages: write
Test (deno on macos-latest)	UNKNOWN STEP	2026-05-18T13:37:23.9883510Z PullRequests: write
Test (deno on macos-latest)	UNKNOWN STEP	2026-05-18T13:37:23.9883830Z ##[endgroup]
Test (deno on macos-latest)	UNKNOWN STEP	2026-05-18T13:37:23.9885120Z Secret source: Actions
Test (deno on macos-latest)	UNKNOWN STEP	2026-05-18T13:37:23.9885510Z Prepare workflow directory
Test (deno on macos-latest)	UNKNOWN STEP	2026-05-18T13:37:24.0399540Z Prepare all required actions
Test (deno on macos-latest)	UNKNOWN STEP	2026-05-18T13:37:24.0427060Z Getting action download info
Test (deno on macos-latest)	UNKNOWN STEP	2026-05-18T13:37:24.5089370Z Download action repository 'actions/checkout@v6' (SHA:de0fac2e4500dabe0009e67214ff5f5447ce83dd)
Test (deno on macos-latest)	UNKNOWN STEP	2026-05-18T13:37:24.8569110Z Download action repository 'actions/setup-node@v6' (SHA:48b55a011bda9f5d6aeb4c2d9c7362e8dae4041e)
Test (deno on macos-latest)	UNKNOWN STEP	2026-05-18T13:37:24.9648120Z Download action repository 'oven-sh/setup-bun@v2' (SHA:0c5077e51419868618aeaa5fe8019c62421857d6)
Test (deno on macos-latest)	UNKNOWN STEP	2026-05-18T13:37:25.6828470Z Download action repository 'denoland/setup-deno@v2' (SHA:667a34cdef165d8d2b2e98dde39547c9daac7282)
Test (deno on macos-latest)	UNKNOWN STEP	2026-05-18T13:37:26.5411080Z Complete job name: Test (deno on macos-latest)
Test (deno on macos-latest)	UNKNOWN STEP	2026-05-18T13:37:26.6051570Z ##[group]Run actions/checkout@v6
Test (deno on macos-latest)	UNKNOWN STEP	2026-05-18T13:37:26.6052870Z with:
Test (deno on macos-latest)	UNKNOWN STEP	2026-05-18T13:37:26.6053360Z   fetch-depth: 0
Test (deno on macos-latest)	UNKNOWN STEP	2026-05-18T13:37:26.6053920Z   repository: link-foundation/lino-i18n
Test (deno on macos-latest)	UNKNOWN STEP	2026-05-18T13:37:26.6054860Z   token: ***
Test (deno on macos-latest)	UNKNOWN STEP	2026-05-18T13:37:26.6055370Z   ssh-strict: true
Test (deno on macos-latest)	UNKNOWN STEP	2026-05-18T13:37:26.6095520Z   ssh-user: git
Test (deno on macos-latest)	UNKNOWN STEP	2026-05-18T13:37:26.6096120Z   persist-credentials: true
Test (deno on macos-latest)	UNKNOWN STEP	2026-05-18T13:37:26.6096720Z   clean: true
Test (deno on macos-latest)	UNKNOWN STEP	2026-05-18T13:37:26.6097260Z   sparse-checkout-cone-mode: true
Test (deno on macos-latest)	UNKNOWN STEP	2026-05-18T13:37:26.6097920Z   fetch-tags: false
Test (deno on macos-latest)	UNKNOWN STEP	2026-05-18T13:37:26.6098450Z   show-progress: true
Test (deno on macos-latest)	UNKNOWN STEP	2026-05-18T13:37:26.6098970Z   lfs: false
Test (deno on macos-latest)	UNKNOWN STEP	2026-05-18T13:37:26.6099460Z   submodules: false
Test (deno on macos-latest)	UNKNOWN STEP	2026-05-18T13:37:26.6100000Z   set-safe-directory: true
Test (deno on macos-latest)	UNKNOWN STEP	2026-05-18T13:37:26.6101450Z env:
Test (deno on macos-latest)	UNKNOWN STEP	2026-05-18T13:37:26.6101930Z   NODE_VERSION: 24.x
Test (deno on macos-latest)	UNKNOWN STEP	2026-05-18T13:37:26.6102480Z   NPM_CONFIG_PROVENANCE: true
Test (deno on macos-latest)	UNKNOWN STEP	2026-05-18T13:37:26.6103070Z ##[endgroup]
Test (deno on macos-latest)	UNKNOWN STEP	2026-05-18T13:37:27.1349290Z Syncing repository: link-foundation/lino-i18n
Test (deno on macos-latest)	UNKNOWN STEP	2026-05-18T13:37:27.1351650Z ##[group]Getting Git version info
Test (deno on macos-latest)	UNKNOWN STEP	2026-05-18T13:37:27.1352500Z Working directory is '/Users/runner/work/lino-i18n/lino-i18n'
Test (deno on macos-latest)	UNKNOWN STEP	2026-05-18T13:37:27.1353810Z [command]/opt/homebrew/bin/git version
Test (deno on macos-latest)	UNKNOWN STEP	2026-05-18T13:37:27.1985780Z git version 2.54.0
Test (deno on macos-latest)	UNKNOWN STEP	2026-05-18T13:37:27.2013230Z ##[endgroup]
Test (deno on macos-latest)	UNKNOWN STEP	2026-05-18T13:37:27.2021140Z Copying '/Users/runner/.gitconfig' to '/Users/runner/work/_temp/9d1b7744-987e-43a2-83a7-05b9505063a0/.gitconfig'
Test (deno on macos-latest)	UNKNOWN STEP	2026-05-18T13:37:27.2041880Z Temporarily overriding HOME='/Users/runner/work/_temp/9d1b7744-987e-43a2-83a7-05b9505063a0' before making global git config changes
Test (deno on macos-latest)	UNKNOWN STEP	2026-05-18T13:37:27.2050850Z Adding repository directory to the temporary git global config as a safe directory
Test (deno on macos-latest)	UNKNOWN STEP	2026-05-18T13:37:27.2055450Z [command]/opt/homebrew/bin/git config --global --add safe.directory /Users/runner/work/lino-i18n/lino-i18n
Test (deno on macos-latest)	UNKNOWN STEP	2026-05-18T13:37:27.2245830Z Deleting the contents of '/Users/runner/work/lino-i18n/lino-i18n'
Test (deno on macos-latest)	UNKNOWN STEP	2026-05-18T13:37:27.2252640Z ##[group]Initializing the repository
Test (deno on macos-latest)	UNKNOWN STEP	2026-05-18T13:37:27.2256100Z [command]/opt/homebrew/bin/git init /Users/runner/work/lino-i18n/lino-i18n
Test (deno on macos-latest)	UNKNOWN STEP	2026-05-18T13:37:27.2749310Z hint: Using 'master' as the name for the initial branch. This default branch name
Test (deno on macos-latest)	UNKNOWN STEP	2026-05-18T13:37:27.2753400Z hint: will change to "main" in Git 3.0. To configure the initial branch name
Test (deno on macos-latest)	UNKNOWN STEP	2026-05-18T13:37:27.2756980Z hint: to use in all of your new repositories, which will suppress this warning,
Test (deno on macos-latest)	UNKNOWN STEP	2026-05-18T13:37:27.2759610Z hint: call:
Test (deno on macos-latest)	UNKNOWN STEP	2026-05-18T13:37:27.2761590Z hint:
Test (deno on macos-latest)	UNKNOWN STEP	2026-05-18T13:37:27.2763500Z hint: 	git config --global init.defaultBranch <name>
Test (deno on macos-latest)	UNKNOWN STEP	2026-05-18T13:37:27.2766490Z hint:
Test (deno on macos-latest)	UNKNOWN STEP	2026-05-18T13:37:27.2768590Z hint: Names commonly chosen instead of 'master' are 'main', 'trunk' and
Test (deno on macos-latest)	UNKNOWN STEP	2026-05-18T13:37:27.2769820Z hint: 'development'. The just-created branch can be renamed via this command:
Test (deno on macos-latest)	UNKNOWN STEP	2026-05-18T13:37:27.2771610Z hint:
Test (deno on macos-latest)	UNKNOWN STEP	2026-05-18T13:37:27.2772890Z hint: 	git branch -m <name>
Test (deno on macos-latest)	UNKNOWN STEP	2026-05-18T13:37:27.2774570Z hint:
Test (deno on macos-latest)	UNKNOWN STEP	2026-05-18T13:37:27.2776550Z hint: Disable this message with "git config set advice.defaultBranchName false"
Test (deno on macos-latest)	UNKNOWN STEP	2026-05-18T13:37:27.2780360Z Initialized empty Git repository in /Users/runner/work/lino-i18n/lino-i18n/.git/
Test (deno on macos-latest)	UNKNOWN STEP	2026-05-18T13:37:27.2790190Z [command]/opt/homebrew/bin/git remote add origin https://github.com/link-foundation/lino-i18n
Test (deno on macos-latest)	UNKNOWN STEP	2026-05-18T13:37:27.2841940Z ##[endgroup]
Test (deno on macos-latest)	UNKNOWN STEP	2026-05-18T13:37:27.2843560Z ##[group]Disabling automatic garbage collection
Test (deno on macos-latest)	UNKNOWN STEP	2026-05-18T13:37:27.2844980Z [command]/opt/homebrew/bin/git config --local gc.auto 0
Test (deno on macos-latest)	UNKNOWN STEP	2026-05-18T13:37:27.2996750Z ##[endgroup]
Test (deno on macos-latest)	UNKNOWN STEP	2026-05-18T13:37:27.2999310Z ##[group]Setting up auth
Test (deno on macos-latest)	UNKNOWN STEP	2026-05-18T13:37:27.3001740Z Removing SSH command configuration
Test (deno on macos-latest)	UNKNOWN STEP	2026-05-18T13:37:27.3007760Z [command]/opt/homebrew/bin/git config --local --name-only --get-regexp core\.sshCommand
Test (deno on macos-latest)	UNKNOWN STEP	2026-05-18T13:37:27.3129650Z [command]/opt/homebrew/bin/git submodule foreach --recursive sh -c "git config --local --name-only --get-regexp 'core\.sshCommand' && git config --local --unset-all 'core.sshCommand' || :"
Test (deno on macos-latest)	UNKNOWN STEP	2026-05-18T13:37:27.4770620Z Removing HTTP extra header
Test (deno on macos-latest)	UNKNOWN STEP	2026-05-18T13:37:27.4812320Z [command]/opt/homebrew/bin/git config --local --name-only --get-regexp http\.https\:\/\/github\.com\/\.extraheader
Test (deno on macos-latest)	UNKNOWN STEP	2026-05-18T13:37:27.4892980Z [command]/opt/homebrew/bin/git submodule foreach --recursive sh -c "git config --local --name-only --get-regexp 'http\.https\:\/\/github\.com\/\.extraheader' && git config --local --unset-all 'http.https://github.com/.extraheader' || :"
Test (deno on macos-latest)	UNKNOWN STEP	2026-05-18T13:37:27.6037420Z Removing includeIf entries pointing to credentials config files
Test (deno on macos-latest)	UNKNOWN STEP	2026-05-18T13:37:27.6129240Z [command]/opt/homebrew/bin/git config --local --name-only --get-regexp ^includeIf\.gitdir:
Test (deno on macos-latest)	UNKNOWN STEP	2026-05-18T13:37:27.6181280Z [command]/opt/homebrew/bin/git submodule foreach --recursive git config --local --show-origin --name-only --get-regexp remote.origin.url
Test (deno on macos-latest)	UNKNOWN STEP	2026-05-18T13:37:27.7371390Z [command]/opt/homebrew/bin/git config --file /Users/runner/work/_temp/git-credentials-bda16612-7734-4d17-a075-e02adfb182b7.config http.https://github.com/.extraheader AUTHORIZATION: basic ***
Test (deno on macos-latest)	UNKNOWN STEP	2026-05-18T13:37:27.7433750Z [command]/opt/homebrew/bin/git config --local includeIf.gitdir:/Users/runner/work/lino-i18n/lino-i18n/.git.path /Users/runner/work/_temp/git-credentials-bda16612-7734-4d17-a075-e02adfb182b7.config
Test (deno on macos-latest)	UNKNOWN STEP	2026-05-18T13:37:27.7514050Z [command]/opt/homebrew/bin/git config --local includeIf.gitdir:/Users/runner/work/lino-i18n/lino-i18n/.git/worktrees/*.path /Users/runner/work/_temp/git-credentials-bda16612-7734-4d17-a075-e02adfb182b7.config
Test (deno on macos-latest)	UNKNOWN STEP	2026-05-18T13:37:27.7604330Z [command]/opt/homebrew/bin/git config --local includeIf.gitdir:/github/workspace/.git.path /github/runner_temp/git-credentials-bda16612-7734-4d17-a075-e02adfb182b7.config
Test (deno on macos-latest)	UNKNOWN STEP	2026-05-18T13:37:27.7702450Z [command]/opt/homebrew/bin/git config --local includeIf.gitdir:/github/workspace/.git/worktrees/*.path /github/runner_temp/git-credentials-bda16612-7734-4d17-a075-e02adfb182b7.config
Test (deno on macos-latest)	UNKNOWN STEP	2026-05-18T13:37:27.7932210Z ##[endgroup]
Test (deno on macos-latest)	UNKNOWN STEP	2026-05-18T13:37:27.7975910Z ##[group]Fetching the repository
Test (deno on macos-latest)	UNKNOWN STEP	2026-05-18T13:37:27.7986320Z [command]/opt/homebrew/bin/git -c protocol.version=2 fetch --no-tags --prune --no-recurse-submodules origin +refs/heads/*:refs/remotes/origin/* +refs/tags/*:refs/tags/*
Test (deno on macos-latest)	UNKNOWN STEP	2026-05-18T13:37:29.1539140Z From https://github.com/link-foundation/lino-i18n
Test (deno on macos-latest)	UNKNOWN STEP	2026-05-18T13:37:29.1544350Z  * [new branch]      issue-1-76ffa2dc55cc  -> origin/issue-1-76ffa2dc55cc
Test (deno on macos-latest)	UNKNOWN STEP	2026-05-18T13:37:29.1549080Z  * [new branch]      issue-10-6657adb31046 -> origin/issue-10-6657adb31046
Test (deno on macos-latest)	UNKNOWN STEP	2026-05-18T13:37:29.1549620Z  * [new branch]      issue-11-b5c8ef3bbd84 -> origin/issue-11-b5c8ef3bbd84
Test (deno on macos-latest)	UNKNOWN STEP	2026-05-18T13:37:29.1550290Z  * [new branch]      issue-12-3c4f596e0c67 -> origin/issue-12-3c4f596e0c67
Test (deno on macos-latest)	UNKNOWN STEP	2026-05-18T13:37:29.1550860Z  * [new branch]      issue-3-b3eb0917c317  -> origin/issue-3-b3eb0917c317
Test (deno on macos-latest)	UNKNOWN STEP	2026-05-18T13:37:29.1551350Z  * [new branch]      issue-5-169afc4a2006  -> origin/issue-5-169afc4a2006
Test (deno on macos-latest)	UNKNOWN STEP	2026-05-18T13:37:29.1552020Z  * [new branch]      issue-5-35d32a59c464  -> origin/issue-5-35d32a59c464
Test (deno on macos-latest)	UNKNOWN STEP	2026-05-18T13:37:29.1553110Z  * [new branch]      issue-8-ca918c4d7d4c  -> origin/issue-8-ca918c4d7d4c
Test (deno on macos-latest)	UNKNOWN STEP	2026-05-18T13:37:29.1553640Z  * [new branch]      main                  -> origin/main
Test (deno on macos-latest)	UNKNOWN STEP	2026-05-18T13:37:29.1553970Z  * [new tag]         js-v0.0.1             -> js-v0.0.1
Test (deno on macos-latest)	UNKNOWN STEP	2026-05-18T13:37:29.1554280Z  * [new tag]         rust-v0.0.1           -> rust-v0.0.1
Test (deno on macos-latest)	UNKNOWN STEP	2026-05-18T13:37:29.1663560Z [command]/opt/homebrew/bin/git branch --list --remote origin/main
Test (deno on macos-latest)	UNKNOWN STEP	2026-05-18T13:37:29.1758040Z   origin/main
Test (deno on macos-latest)	UNKNOWN STEP	2026-05-18T13:37:29.1761220Z [command]/opt/homebrew/bin/git rev-parse refs/remotes/origin/main
Test (deno on macos-latest)	UNKNOWN STEP	2026-05-18T13:37:29.1817840Z 8910b98b665a650690c0d9e9188bbf6bec1e9d2c
Test (deno on macos-latest)	UNKNOWN STEP	2026-05-18T13:37:29.1820330Z ##[endgroup]
Test (deno on macos-latest)	UNKNOWN STEP	2026-05-18T13:37:29.1820730Z ##[group]Determining the checkout info
Test (deno on macos-latest)	UNKNOWN STEP	2026-05-18T13:37:29.1821150Z ##[endgroup]
Test (deno on macos-latest)	UNKNOWN STEP	2026-05-18T13:37:29.1824790Z [command]/opt/homebrew/bin/git sparse-checkout disable
Test (deno on macos-latest)	UNKNOWN STEP	2026-05-18T13:37:29.1901810Z [command]/opt/homebrew/bin/git config --local --unset-all extensions.worktreeConfig
Test (deno on macos-latest)	UNKNOWN STEP	2026-05-18T13:37:29.1967450Z ##[group]Checking out the ref
Test (deno on macos-latest)	UNKNOWN STEP	2026-05-18T13:37:29.1973870Z [command]/opt/homebrew/bin/git checkout --progress --force -B main refs/remotes/origin/main
Test (deno on macos-latest)	UNKNOWN STEP	2026-05-18T13:37:29.2999390Z Switched to a new branch 'main'
Test (deno on macos-latest)	UNKNOWN STEP	2026-05-18T13:37:29.3003170Z branch 'main' set up to track 'origin/main'.
Test (deno on macos-latest)	UNKNOWN STEP	2026-05-18T13:37:29.3007750Z ##[endgroup]
Test (deno on macos-latest)	UNKNOWN STEP	2026-05-18T13:37:29.3115900Z [command]/opt/homebrew/bin/git log -1 --format=%H
Test (deno on macos-latest)	UNKNOWN STEP	2026-05-18T13:37:29.3180920Z 8910b98b665a650690c0d9e9188bbf6bec1e9d2c
Test (deno on macos-latest)	UNKNOWN STEP	2026-05-18T13:37:29.3488320Z ##[group]Run denoland/setup-deno@v2
Test (deno on macos-latest)	UNKNOWN STEP	2026-05-18T13:37:29.3488570Z with:
Test (deno on macos-latest)	UNKNOWN STEP	2026-05-18T13:37:29.3488730Z   deno-version: v2.x
Test (deno on macos-latest)	UNKNOWN STEP	2026-05-18T13:37:29.3488930Z   deno-binary-name: deno
Test (deno on macos-latest)	UNKNOWN STEP	2026-05-18T13:37:29.3489090Z   cache: false
Test (deno on macos-latest)	UNKNOWN STEP	2026-05-18T13:37:29.3489260Z env:
Test (deno on macos-latest)	UNKNOWN STEP	2026-05-18T13:37:29.3489370Z   NODE_VERSION: 24.x
Test (deno on macos-latest)	UNKNOWN STEP	2026-05-18T13:37:29.3489560Z   NPM_CONFIG_PROVENANCE: true
Test (deno on macos-latest)	UNKNOWN STEP	2026-05-18T13:37:29.3489760Z ##[endgroup]
Test (deno on macos-latest)	UNKNOWN STEP	2026-05-18T13:37:29.6818340Z Going to install stable version 2.7.14.
Test (deno on macos-latest)	UNKNOWN STEP	2026-05-18T13:37:29.6879060Z Downloading Deno from https://github.com/denoland/deno/releases/download/v2.7.14/deno-aarch64-apple-darwin.zip.
Test (deno on macos-latest)	UNKNOWN STEP	2026-05-18T13:37:30.4072830Z [command]/usr/bin/unzip -o -q /Users/runner/work/_temp/8ebefbb3-76e5-4201-a3d1-bc8dcb99642b
Test (deno on macos-latest)	UNKNOWN STEP	2026-05-18T13:37:31.4530550Z Cached Deno to /Users/runner/hostedtoolcache/deno/2.7.14/arm64.
Test (deno on macos-latest)	UNKNOWN STEP	2026-05-18T13:37:31.4641290Z Installation complete.
Test (deno on macos-latest)	UNKNOWN STEP	2026-05-18T13:37:31.4722560Z ##[group]Run deno install
Test (deno on macos-latest)	UNKNOWN STEP	2026-05-18T13:37:31.4722820Z ^[[36;1mdeno install^[[0m
Test (deno on macos-latest)	UNKNOWN STEP	2026-05-18T13:37:31.4771320Z shell: /bin/bash -e {0}
Test (deno on macos-latest)	UNKNOWN STEP	2026-05-18T13:37:31.4771530Z env:
Test (deno on macos-latest)	UNKNOWN STEP	2026-05-18T13:37:31.4771750Z   NODE_VERSION: 24.x
Test (deno on macos-latest)	UNKNOWN STEP	2026-05-18T13:37:31.4771910Z   NPM_CONFIG_PROVENANCE: true
Test (deno on macos-latest)	UNKNOWN STEP	2026-05-18T13:37:31.4772090Z ##[endgroup]
Test (deno on macos-latest)	UNKNOWN STEP	2026-05-18T13:37:31.6270960Z ^[[0m^[[32mDownload^[[0m https://registry.npmjs.org/@changesets%2fcli
Test (deno on macos-latest)	UNKNOWN STEP	2026-05-18T13:37:31.6278270Z ^[[0m^[[32mDownload^[[0m https://registry.npmjs.org/@eslint%2fjs
Test (deno on macos-latest)	UNKNOWN STEP	2026-05-18T13:37:31.6281380Z ^[[0m^[[32mDownload^[[0m https://registry.npmjs.org/eslint
Test (deno on macos-latest)	UNKNOWN STEP	2026-05-18T13:37:31.6284300Z ^[[0m^[[32mDownload^[[0m https://registry.npmjs.org/eslint-config-prettier
Test (deno on macos-latest)	UNKNOWN STEP	2026-05-18T13:37:31.6284760Z ^[[0m^[[32mDownload^[[0m https://registry.npmjs.org/eslint-plugin-prettier
Test (deno on macos-latest)	UNKNOWN STEP	2026-05-18T13:37:31.6285170Z ^[[0m^[[32mDownload^[[0m https://registry.npmjs.org/jscpd
Test (deno on macos-latest)	UNKNOWN STEP	2026-05-18T13:37:31.6285660Z ^[[0m^[[32mDownload^[[0m https://registry.npmjs.org/links-notation
Test (deno on macos-latest)	UNKNOWN STEP	2026-05-18T13:37:31.6286240Z ^[[0m^[[32mDownload^[[0m https://registry.npmjs.org/lino-arguments
Test (deno on macos-latest)	UNKNOWN STEP	2026-05-18T13:37:31.6286640Z ^[[0m^[[32mDownload^[[0m https://registry.npmjs.org/lino-objects-codec
Test (deno on macos-latest)	UNKNOWN STEP	2026-05-18T13:37:31.6287000Z ^[[0m^[[32mDownload^[[0m https://registry.npmjs.org/prettier
Test (deno on macos-latest)	UNKNOWN STEP	2026-05-18T13:37:31.6287330Z ^[[0m^[[32mDownload^[[0m https://registry.npmjs.org/test-anywhere
Test (deno on macos-latest)	UNKNOWN STEP	2026-05-18T13:37:31.8946330Z ^[[0m^[[32mDownload^[[0m https://registry.npmjs.org/@changesets%2fapply-release-plan
Test (deno on macos-latest)	UNKNOWN STEP	2026-05-18T13:37:31.8946940Z ^[[0m^[[32mDownload^[[0m https://registry.npmjs.org/@changesets%2fassemble-release-plan
Test (deno on macos-latest)	UNKNOWN STEP	2026-05-18T13:37:31.8980120Z ^[[0m^[[32mDownload^[[0m https://registry.npmjs.org/@changesets%2fchangelog-git
Test (deno on macos-latest)	UNKNOWN STEP	2026-05-18T13:37:31.8980630Z ^[[0m^[[32mDownload^[[0m https://registry.npmjs.org/@changesets%2fconfig
Test (deno on macos-latest)	UNKNOWN STEP	2026-05-18T13:37:31.8982570Z ^[[0m^[[32mDownload^[[0m https://registry.npmjs.org/@changesets%2ferrors
Test (deno on macos-latest)	UNKNOWN STEP	2026-05-18T13:37:31.8983270Z ^[[0m^[[32mDownload^[[0m https://registry.npmjs.org/@changesets%2fget-dependents-graph
Test (deno on macos-latest)	UNKNOWN STEP	2026-05-18T13:37:31.8984020Z ^[[0m^[[32mDownload^[[0m https://registry.npmjs.org/@changesets%2fget-release-plan
Test (deno on macos-latest)	UNKNOWN STEP	2026-05-18T13:37:31.8984530Z ^[[0m^[[32mDownload^[[0m https://registry.npmjs.org/@changesets%2fgit
Test (deno on macos-latest)	UNKNOWN STEP	2026-05-18T13:37:31.8984960Z ^[[0m^[[32mDownload^[[0m https://registry.npmjs.org/@changesets%2flogger
Test (deno on macos-latest)	UNKNOWN STEP	2026-05-18T13:37:31.8985490Z ^[[0m^[[32mDownload^[[0m https://registry.npmjs.org/@changesets%2fpre
Test (deno on macos-latest)	UNKNOWN STEP	2026-05-18T13:37:31.8985930Z ^[[0m^[[32mDownload^[[0m https://registry.npmjs.org/@changesets%2fread
Test (deno on macos-latest)	UNKNOWN STEP	2026-05-18T13:37:31.8986370Z ^[[0m^[[32mDownload^[[0m https://registry.npmjs.org/@changesets%2fshould-skip-package
Test (deno on macos-latest)	UNKNOWN STEP	2026-05-18T13:37:31.8986850Z ^[[0m^[[32mDownload^[[0m https://registry.npmjs.org/@changesets%2ftypes
Test (deno on macos-latest)	UNKNOWN STEP	2026-05-18T13:37:31.8987280Z ^[[0m^[[32mDownload^[[0m https://registry.npmjs.org/@changesets%2fwrite
Test (deno on macos-latest)	UNKNOWN STEP	2026-05-18T13:37:31.8987730Z ^[[0m^[[32mDownload^[[0m https://registry.npmjs.org/@inquirer%2fexternal-editor
Test (deno on macos-latest)	UNKNOWN STEP	2026-05-18T13:37:31.8988200Z ^[[0m^[[32mDownload^[[0m https://registry.npmjs.org/@manypkg%2fget-packages
Test (deno on macos-latest)	UNKNOWN STEP	2026-05-18T13:37:31.8988630Z ^[[0m^[[32mDownload^[[0m https://registry.npmjs.org/ansi-colors
Test (deno on macos-latest)	UNKNOWN STEP	2026-05-18T13:37:31.8989030Z ^[[0m^[[32mDownload^[[0m https://registry.npmjs.org/enquirer
Test (deno on macos-latest)	UNKNOWN STEP	2026-05-18T13:37:31.8989390Z ^[[0m^[[32mDownload^[[0m https://registry.npmjs.org/fs-extra
Test (deno on macos-latest)	UNKNOWN STEP	2026-05-18T13:37:31.8989740Z ^[[0m^[[32mDownload^[[0m https://registry.npmjs.org/mri
Test (deno on macos-latest)	UNKNOWN STEP	2026-05-18T13:37:31.8990970Z ^[[0m^[[32mDownload^[[0m https://registry.npmjs.org/package-manager-detector
Test (deno on macos-latest)	UNKNOWN STEP	2026-05-18T13:37:31.8992180Z ^[[0m^[[32mDownload^[[0m https://registry.npmjs.org/picocolors
Test (deno on macos-latest)	UNKNOWN STEP	2026-05-18T13:37:31.8992700Z ^[[0m^[[32mDownload^[[0m https://registry.npmjs.org/resolve-from
Test (deno on macos-latest)	UNKNOWN STEP	2026-05-18T13:37:31.8993090Z ^[[0m^[[32mDownload^[[0m https://registry.npmjs.org/semver
Test (deno on macos-latest)	UNKNOWN STEP	2026-05-18T13:37:31.8993440Z ^[[0m^[[32mDownload^[[0m https://registry.npmjs.org/spawndamnit
Test (deno on macos-latest)	UNKNOWN STEP	2026-05-18T13:37:31.8993760Z ^[[0m^[[32mDownload^[[0m https://registry.npmjs.org/term-size
Test (deno on macos-latest)	UNKNOWN STEP	2026-05-18T13:37:31.8994200Z ^[[0m^[[32mDownload^[[0m https://registry.npmjs.org/@eslint-community%2feslint-utils
Test (deno on macos-latest)	UNKNOWN STEP	2026-05-18T13:37:31.8995300Z ^[[0m^[[32mDownload^[[0m https://registry.npmjs.org/@eslint-community%2fregexpp
Test (deno on macos-latest)	UNKNOWN STEP	2026-05-18T13:37:31.8995730Z ^[[0m^[[32mDownload^[[0m https://registry.npmjs.org/@eslint%2fconfig-array
Test (deno on macos-latest)	UNKNOWN STEP	2026-05-18T13:37:31.8996120Z ^[[0m^[[32mDownload^[[0m https://registry.npmjs.org/@eslint%2fconfig-helpers
Test (deno on macos-latest)	UNKNOWN STEP	2026-05-18T13:37:31.8996490Z ^[[0m^[[32mDownload^[[0m https://registry.npmjs.org/@eslint%2fcore
Test (deno on macos-latest)	UNKNOWN STEP	2026-05-18T13:37:31.8996910Z ^[[0m^[[32mDownload^[[0m https://registry.npmjs.org/@eslint%2fplugin-kit
Test (deno on macos-latest)	UNKNOWN STEP	2026-05-18T13:37:31.8997410Z ^[[0m^[[32mDownload^[[0m https://registry.npmjs.org/@humanfs%2fnode
Test (deno on macos-latest)	UNKNOWN STEP	2026-05-18T13:37:31.8998060Z ^[[0m^[[32mDownload^[[0m https://registry.npmjs.org/@humanwhocodes%2fmodule-importer
Test (deno on macos-latest)	UNKNOWN STEP	2026-05-18T13:37:31.8998520Z ^[[0m^[[32mDownload^[[0m https://registry.npmjs.org/@humanwhocodes%2fretry
Test (deno on macos-latest)	UNKNOWN STEP	2026-05-18T13:37:31.8998970Z ^[[0m^[[32mDownload^[[0m https://registry.npmjs.org/@types%2festree
Test (deno on macos-latest)	UNKNOWN STEP	2026-05-18T13:37:31.8999300Z ^[[0m^[[32mDownload^[[0m https://registry.npmjs.org/ajv
Test (deno on macos-latest)	UNKNOWN STEP	2026-05-18T13:37:31.8999670Z ^[[0m^[[32mDownload^[[0m https://registry.npmjs.org/cross-spawn
Test (deno on macos-latest)	UNKNOWN STEP	2026-05-18T13:37:31.9000050Z ^[[0m^[[32mDownload^[[0m https://registry.npmjs.org/debug
Test (deno on macos-latest)	UNKNOWN STEP	2026-05-18T13:37:31.9000430Z ^[[0m^[[32mDownload^[[0m https://registry.npmjs.org/escape-string-regexp
Test (deno on macos-latest)	UNKNOWN STEP	2026-05-18T13:37:31.9000830Z ^[[0m^[[32mDownload^[[0m https://registry.npmjs.org/eslint-scope
Test (deno on macos-latest)	UNKNOWN STEP	2026-05-18T13:37:31.9001230Z ^[[0m^[[32mDownload^[[0m https://registry.npmjs.org/eslint-visitor-keys
Test (deno on macos-latest)	UNKNOWN STEP	2026-05-18T13:37:31.9001610Z ^[[0m^[[32mDownload^[[0m https://registry.npmjs.org/espree
Test (deno on macos-latest)	UNKNOWN STEP	2026-05-18T13:37:31.9001970Z ^[[0m^[[32mDownload^[[0m https://registry.npmjs.org/esquery
Test (deno on macos-latest)	UNKNOWN STEP	2026-05-18T13:37:31.9002300Z ^[[0m^[[32mDownload^[[0m https://registry.npmjs.org/esutils
Test (deno on macos-latest)	UNKNOWN STEP	2026-05-18T13:37:31.9002670Z ^[[0m^[[32mDownload^[[0m https://registry.npmjs.org/fast-deep-equal
Test (deno on macos-latest)	UNKNOWN STEP	2026-05-18T13:37:31.9003060Z ^[[0m^[[32mDownload^[[0m https://registry.npmjs.org/file-entry-cache
Test (deno on macos-latest)	UNKNOWN STEP	2026-05-18T13:37:31.9003430Z ^[[0m^[[32mDownload^[[0m https://registry.npmjs.org/find-up
Test (deno on macos-latest)	UNKNOWN STEP	2026-05-18T13:37:31.9003780Z ^[[0m^[[32mDownload^[[0m https://registry.npmjs.org/glob-parent
Test (deno on macos-latest)	UNKNOWN STEP	2026-05-18T13:37:31.9004130Z ^[[0m^[[32mDownload^[[0m https://registry.npmjs.org/ignore
Test (deno on macos-latest)	UNKNOWN STEP	2026-05-18T13:37:31.9004500Z ^[[0m^[[32mDownload^[[0m https://registry.npmjs.org/imurmurhash
Test (deno on macos-latest)	UNKNOWN STEP	2026-05-18T13:37:31.9004830Z ^[[0m^[[32mDownload^[[0m https://registry.npmjs.org/is-glob
Test (deno on macos-latest)	UNKNOWN STEP	2026-05-18T13:37:31.9005140Z ^[[0m^[[32mDownload^[[0m https://registry.npmjs.org/jiti
Test (deno on macos-latest)	UNKNOWN STEP	2026-05-18T13:37:31.9005520Z ^[[0m^[[32mDownload^[[0m https://registry.npmjs.org/json-stable-stringify-without-jsonify
Test (deno on macos-latest)	UNKNOWN STEP	2026-05-18T13:37:31.9005970Z ^[[0m^[[32mDownload^[[0m https://registry.npmjs.org/minimatch
Test (deno on macos-latest)	UNKNOWN STEP	2026-05-18T13:37:31.9006360Z ^[[0m^[[32mDownload^[[0m https://registry.npmjs.org/natural-compare
Test (deno on macos-latest)	UNKNOWN STEP	2026-05-18T13:37:31.9006770Z ^[[0m^[[32mDownload^[[0m https://registry.npmjs.org/optionator
Test (deno on macos-latest)	UNKNOWN STEP	2026-05-18T13:37:31.9007200Z ^[[0m^[[32mDownload^[[0m https://registry.npmjs.org/@types%2feslint
Test (deno on macos-latest)	UNKNOWN STEP	2026-05-18T13:37:31.9007590Z ^[[0m^[[32mDownload^[[0m https://registry.npmjs.org/prettier-linter-helpers
Test (deno on macos-latest)	UNKNOWN STEP	2026-05-18T13:37:31.9008020Z ^[[0m^[[32mDownload^[[0m https://registry.npmjs.org/synckit
Test (deno on macos-latest)	UNKNOWN STEP	2026-05-18T13:37:31.9008360Z ^[[0m^[[32mDownload^[[0m https://registry.npmjs.org/@jscpd%2fbadge-reporter
Test (deno on macos-latest)	UNKNOWN STEP	2026-05-18T13:37:31.9008700Z ^[[0m^[[32mDownload^[[0m https://registry.npmjs.org/@jscpd%2fcore
Test (deno on macos-latest)	UNKNOWN STEP	2026-05-18T13:37:31.9009040Z ^[[0m^[[32mDownload^[[0m https://registry.npmjs.org/@jscpd%2ffinder
Test (deno on macos-latest)	UNKNOWN STEP	2026-05-18T13:37:31.9009410Z ^[[0m^[[32mDownload^[[0m https://registry.npmjs.org/@jscpd%2fhtml-reporter
Test (deno on macos-latest)	UNKNOWN STEP	2026-05-18T13:37:31.9009860Z ^[[0m^[[32mDownload^[[0m https://registry.npmjs.org/@jscpd%2ftokenizer
Test (deno on macos-latest)	UNKNOWN STEP	2026-05-18T13:37:31.9010390Z ^[[0m^[[32mDownload^[[0m https://registry.npmjs.org/colors
Test (deno on macos-latest)	UNKNOWN STEP	2026-05-18T13:37:31.9010740Z ^[[0m^[[32mDownload^[[0m https://registry.npmjs.org/commander
Test (deno on macos-latest)	UNKNOWN STEP	2026-05-18T13:37:31.9011110Z ^[[0m^[[32mDownload^[[0m https://registry.npmjs.org/jscpd-sarif-reporter
Test (deno on macos-latest)	UNKNOWN STEP	2026-05-18T13:37:31.9011530Z ^[[0m^[[32mDownload^[[0m https://registry.npmjs.org/@dotenvx%2fdotenvx
Test (deno on macos-latest)	UNKNOWN STEP	2026-05-18T13:37:31.9011930Z ^[[0m^[[32mDownload^[[0m https://registry.npmjs.org/getenv
Test (deno on macos-latest)	UNKNOWN STEP	2026-05-18T13:37:31.9012270Z ^[[0m^[[32mDownload^[[0m https://registry.npmjs.org/lino-env
Test (deno on macos-latest)	UNKNOWN STEP	2026-05-18T13:37:31.9012810Z ^[[0m^[[32mDownload^[[0m https://registry.npmjs.org/yargs
Test (deno on macos-latest)	UNKNOWN STEP	2026-05-18T13:37:32.0157220Z ^[[0m^[[32mDownload^[[0m https://registry.npmjs.org/@changesets%2fget-version-range-type
Test (deno on macos-latest)	UNKNOWN STEP	2026-05-18T13:37:32.0158020Z ^[[0m^[[32mDownload^[[0m https://registry.npmjs.org/detect-indent
Test (deno on macos-latest)	UNKNOWN STEP	2026-05-18T13:37:32.0159210Z ^[[0m^[[32mDownload^[[0m https://registry.npmjs.org/lodash.startcase
Test (deno on macos-latest)	UNKNOWN STEP	2026-05-18T13:37:32.0160350Z ^[[0m^[[32mDownload^[[0m https://registry.npmjs.org/outdent
Test (deno on macos-latest)	UNKNOWN STEP	2026-05-18T13:37:32.0161210Z ^[[0m^[[32mDownload^[[0m https://registry.npmjs.org/micromatch
Test (deno on macos-latest)	UNKNOWN STEP	2026-05-18T13:37:32.0162220Z ^[[0m^[[32mDownload^[[0m https://registry.npmjs.org/extendable-error
Test (deno on macos-latest)	UNKNOWN STEP	2026-05-18T13:37:32.0162790Z ^[[0m^[[32mDownload^[[0m https://registry.npmjs.org/is-subdir
Test (deno on macos-latest)	UNKNOWN STEP	2026-05-18T13:37:32.0163400Z ^[[0m^[[32mDownload^[[0m https://registry.npmjs.org/@changesets%2fparse
Test (deno on macos-latest)	UNKNOWN STEP	2026-05-18T13:37:32.0163870Z ^[[0m^[[32mDownload^[[0m https://registry.npmjs.org/p-filter
Test (deno on macos-latest)	UNKNOWN STEP	2026-05-18T13:37:32.0164320Z ^[[0m^[[32mDownload^[[0m https://registry.npmjs.org/human-id
Test (deno on macos-latest)	UNKNOWN STEP	2026-05-18T13:37:32.0164750Z ^[[0m^[[32mDownload^[[0m https://registry.npmjs.org/@types%2fnode
Test (deno on macos-latest)	UNKNOWN STEP	2026-05-18T13:37:32.0165280Z ^[[0m^[[32mDownload^[[0m https://registry.npmjs.org/chardet
Test (deno on macos-latest)	UNKNOWN STEP	2026-05-18T13:37:32.0165830Z ^[[0m^[[32mDownload^[[0m https://registry.npmjs.org/iconv-lite
Test (deno on macos-latest)	UNKNOWN STEP	2026-05-18T13:37:32.0166280Z ^[[0m^[[32mDownload^[[0m https://registry.npmjs.org/@babel%2fruntime
Test (deno on macos-latest)	UNKNOWN STEP	2026-05-18T13:37:32.0166720Z ^[[0m^[[32mDownload^[[0m https://registry.npmjs.org/@manypkg%2ffind-root
Test (deno on macos-latest)	UNKNOWN STEP	2026-05-18T13:37:32.0167470Z ^[[0m^[[32mDownload^[[0m https://registry.npmjs.org/globby
Test (deno on macos-latest)	UNKNOWN STEP	2026-05-18T13:37:32.0167910Z ^[[0m^[[32mDownload^[[0m https://registry.npmjs.org/read-yaml-file
Test (deno on macos-latest)	UNKNOWN STEP	2026-05-18T13:37:32.0168350Z ^[[0m^[[32mDownload^[[0m https://registry.npmjs.org/strip-ansi
Test (deno on macos-latest)	UNKNOWN STEP	2026-05-18T13:37:32.0168880Z ^[[0m^[[32mDownload^[[0m https://registry.npmjs.org/graceful-fs
Test (deno on macos-latest)	UNKNOWN STEP	2026-05-18T13:37:32.0169670Z ^[[0m^[[32mDownload^[[0m https://registry.npmjs.org/jsonfile
Test (deno on macos-latest)	UNKNOWN STEP	2026-05-18T13:37:32.0171160Z ^[[0m^[[32mDownload^[[0m https://registry.npmjs.org/universalify
Test (deno on macos-latest)	UNKNOWN STEP	2026-05-18T13:37:32.0171580Z ^[[0m^[[32mDownload^[[0m https://registry.npmjs.org/quansync
Test (deno on macos-latest)	UNKNOWN STEP	2026-05-18T13:37:32.0171960Z ^[[0m^[[32mDownload^[[0m https://registry.npmjs.org/signal-exit
Test (deno on macos-latest)	UNKNOWN STEP	2026-05-18T13:37:32.0172350Z ^[[0m^[[32mDownload^[[0m https://registry.npmjs.org/@eslint%2fobject-schema
Test (deno on macos-latest)	UNKNOWN STEP	2026-05-18T13:37:32.0175440Z ^[[0m^[[32mDownload^[[0m https://registry.npmjs.org/@types%2fjson-schema
Test (deno on macos-latest)	UNKNOWN STEP	2026-05-18T13:37:32.0176810Z ^[[0m^[[32mDownload^[[0m https://registry.npmjs.org/levn
Test (deno on macos-latest)	UNKNOWN STEP	2026-05-18T13:37:32.0177790Z ^[[0m^[[32mDownload^[[0m https://registry.npmjs.org/@humanfs%2fcore
Test (deno on macos-latest)	UNKNOWN STEP	2026-05-18T13:37:32.0178940Z ^[[0m^[[32mDownload^[[0m https://registry.npmjs.org/@humanfs%2ftypes
Test (deno on macos-latest)	UNKNOWN STEP	2026-05-18T13:37:32.0180070Z ^[[0m^[[32mDownload^[[0m https://registry.npmjs.org/fast-json-stable-stringify
Test (deno on macos-latest)	UNKNOWN STEP	2026-05-18T13:37:32.0180580Z ^[[0m^[[32mDownload^[[0m https://registry.npmjs.org/json-schema-traverse
Test (deno on macos-latest)	UNKNOWN STEP	2026-05-18T13:37:32.0181050Z ^[[0m^[[32mDownload^[[0m https://registry.npmjs.org/uri-js
Test (deno on macos-latest)	UNKNOWN STEP	2026-05-18T13:37:32.0181470Z ^[[0m^[[32mDownload^[[0m https://registry.npmjs.org/path-key
Test (deno on macos-latest)	UNKNOWN STEP	2026-05-18T13:37:32.0182050Z ^[[0m^[[32mDownload^[[0m https://registry.npmjs.org/shebang-command
Test (deno on macos-latest)	UNKNOWN STEP	2026-05-18T13:37:32.0182510Z ^[[0m^[[32mDownload^[[0m https://registry.npmjs.org/which
Test (deno on macos-latest)	UNKNOWN STEP	2026-05-18T13:37:32.0182870Z ^[[0m^[[32mDownload^[[0m https://registry.npmjs.org/ms
Test (deno on macos-latest)	UNKNOWN STEP	2026-05-18T13:37:32.0183380Z ^[[0m^[[32mDownload^[[0m https://registry.npmjs.org/@types%2fesrecurse
Test (deno on macos-latest)	UNKNOWN STEP	2026-05-18T13:37:32.0183830Z ^[[0m^[[32mDownload^[[0m https://registry.npmjs.org/esrecurse
Test (deno on macos-latest)	UNKNOWN STEP	2026-05-18T13:37:32.0184340Z ^[[0m^[[32mDownload^[[0m https://registry.npmjs.org/estraverse
Test (deno on macos-latest)	UNKNOWN STEP	2026-05-18T13:37:32.0184910Z ^[[0m^[[32mDownload^[[0m https://registry.npmjs.org/acorn
Test (deno on macos-latest)	UNKNOWN STEP	2026-05-18T13:37:32.0185390Z ^[[0m^[[32mDownload^[[0m https://registry.npmjs.org/acorn-jsx
Test (deno on macos-latest)	UNKNOWN STEP	2026-05-18T13:37:32.0185770Z ^[[0m^[[32mDownload^[[0m https://registry.npmjs.org/flat-cache
Test (deno on macos-latest)	UNKNOWN STEP	2026-05-18T13:37:32.0186270Z ^[[0m^[[32mDownload^[[0m https://registry.npmjs.org/locate-path
Test (deno on macos-latest)	UNKNOWN STEP	2026-05-18T13:37:32.0186660Z ^[[0m^[[32mDownload^[[0m https://registry.npmjs.org/path-exists
Test (deno on macos-latest)	UNKNOWN STEP	2026-05-18T13:37:32.0187010Z ^[[0m^[[32mDownload^[[0m https://registry.npmjs.org/is-extglob
Test (deno on macos-latest)	UNKNOWN STEP	2026-05-18T13:37:32.0187860Z ^[[0m^[[32mDownload^[[0m https://registry.npmjs.org/brace-expansion
Test (deno on macos-latest)	UNKNOWN STEP	2026-05-18T13:37:32.0188280Z ^[[0m^[[32mDownload^[[0m https://registry.npmjs.org/deep-is
Test (deno on macos-latest)	UNKNOWN STEP	2026-05-18T13:37:32.0188660Z ^[[0m^[[32mDownload^[[0m https://registry.npmjs.org/fast-levenshtein
Test (deno on macos-latest)	UNKNOWN STEP	2026-05-18T13:37:32.0189020Z ^[[0m^[[32mDownload^[[0m https://registry.npmjs.org/prelude-ls
Test (deno on macos-latest)	UNKNOWN STEP	2026-05-18T13:37:32.0189340Z ^[[0m^[[32mDownload^[[0m https://registry.npmjs.org/type-check
Test (deno on macos-latest)	UNKNOWN STEP	2026-05-18T13:37:32.0189750Z ^[[0m^[[32mDownload^[[0m https://registry.npmjs.org/word-wrap
Test (deno on macos-latest)	UNKNOWN STEP	2026-05-18T13:37:32.0190340Z ^[[0m^[[32mDownload^[[0m https://registry.npmjs.org/fast-diff
Test (deno on macos-latest)	UNKNOWN STEP	2026-05-18T13:37:32.0190690Z ^[[0m^[[32mDownload^[[0m https://registry.npmjs.org/@pkgr%2fcore
Test (deno on macos-latest)	UNKNOWN STEP	2026-05-18T13:37:32.0191040Z ^[[0m^[[32mDownload^[[0m https://registry.npmjs.org/badgen
Test (deno on macos-latest)	UNKNOWN STEP	2026-05-18T13:37:32.0191490Z ^[[0m^[[32mDownload^[[0m https://registry.npmjs.org/eventemitter3
Test (deno on macos-latest)	UNKNOWN STEP	2026-05-18T13:37:32.0191880Z ^[[0m^[[32mDownload^[[0m https://registry.npmjs.org/blamer
Test (deno on macos-latest)	UNKNOWN STEP	2026-05-18T13:37:32.0192210Z ^[[0m^[[32mDownload^[[0m https://registry.npmjs.org/bytes
Test (deno on macos-latest)	UNKNOWN STEP	2026-05-18T13:37:32.0192520Z ^[[0m^[[32mDownload^[[0m https://registry.npmjs.org/cli-table3
Test (deno on macos-latest)	UNKNOWN STEP	2026-05-18T13:37:32.0192830Z ^[[0m^[[32mDownload^[[0m https://registry.npmjs.org/fast-glob
Test (deno on macos-latest)	UNKNOWN STEP	2026-05-18T13:37:32.0193160Z ^[[0m^[[32mDownload^[[0m https://registry.npmjs.org/markdown-table
Test (deno on macos-latest)	UNKNOWN STEP	2026-05-18T13:37:32.0193510Z ^[[0m^[[32mDownload^[[0m https://registry.npmjs.org/pug
Test (deno on macos-latest)	UNKNOWN STEP	2026-05-18T13:37:32.0193830Z ^[[0m^[[32mDownload^[[0m https://registry.npmjs.org/spark-md5
Test (deno on macos-latest)	UNKNOWN STEP	2026-05-18T13:37:32.0194180Z ^[[0m^[[32mDownload^[[0m https://registry.npmjs.org/node-sarif-builder
Test (deno on macos-latest)	UNKNOWN STEP	2026-05-18T13:37:32.0194510Z ^[[0m^[[32mDownload^[[0m https://registry.npmjs.org/cliui
Test (deno on macos-latest)	UNKNOWN STEP	2026-05-18T13:37:32.0194820Z ^[[0m^[[32mDownload^[[0m https://registry.npmjs.org/escalade
Test (deno on macos-latest)	UNKNOWN STEP	2026-05-18T13:37:32.0195210Z ^[[0m^[[32mDownload^[[0m https://registry.npmjs.org/get-caller-file
Test (deno on macos-latest)	UNKNOWN STEP	2026-05-18T13:37:32.0195610Z ^[[0m^[[32mDownload^[[0m https://registry.npmjs.org/require-directory
Test (deno on macos-latest)	UNKNOWN STEP	2026-05-18T13:37:32.0196040Z ^[[0m^[[32mDownload^[[0m https://registry.npmjs.org/string-width
Test (deno on macos-latest)	UNKNOWN STEP	2026-05-18T13:37:32.0196490Z ^[[0m^[[32mDownload^[[0m https://registry.npmjs.org/y18n
Test (deno on macos-latest)	UNKNOWN STEP	2026-05-18T13:37:32.0196820Z ^[[0m^[[32mDownload^[[0m https://registry.npmjs.org/yargs-parser
Test (deno on macos-latest)	UNKNOWN STEP	2026-05-18T13:37:32.0815780Z ^[[0m^[[32mDownload^[[0m https://registry.npmjs.org/braces
Test (deno on macos-latest)	UNKNOWN STEP	2026-05-18T13:37:32.0816440Z ^[[0m^[[32mDownload^[[0m https://registry.npmjs.org/picomatch
Test (deno on macos-latest)	UNKNOWN STEP	2026-05-18T13:37:32.0832570Z ^[[0m^[[32mDownload^[[0m https://registry.npmjs.org/better-path-resolve
Test (deno on macos-latest)	UNKNOWN STEP	2026-05-18T13:37:32.0910900Z ^[[0m^[[32mDownload^[[0m https://registry.npmjs.org/js-yaml
Test (deno on macos-latest)	UNKNOWN STEP	2026-05-18T13:37:32.0911420Z ^[[0m^[[32mDownload^[[0m https://registry.npmjs.org/p-map
Test (deno on macos-latest)	UNKNOWN STEP	2026-05-18T13:37:32.1865620Z ^[[0m^[[32mDownload^[[0m https://registry.npmjs.org/safer-buffer
Test (deno on macos-latest)	UNKNOWN STEP	2026-05-18T13:37:32.1866260Z ^[[0m^[[32mDownload^[[0m https://registry.npmjs.org/array-union
Test (deno on macos-latest)	UNKNOWN STEP	2026-05-18T13:37:32.1866720Z ^[[0m^[[32mDownload^[[0m https://registry.npmjs.org/dir-glob
Test (deno on macos-latest)	UNKNOWN STEP	2026-05-18T13:37:32.1867190Z ^[[0m^[[32mDownload^[[0m https://registry.npmjs.org/merge2
Test (deno on macos-latest)	UNKNOWN STEP	2026-05-18T13:37:32.1867570Z ^[[0m^[[32mDownload^[[0m https://registry.npmjs.org/slash
Test (deno on macos-latest)	UNKNOWN STEP	2026-05-18T13:37:32.1868050Z ^[[0m^[[32mDownload^[[0m https://registry.npmjs.org/pify
Test (deno on macos-latest)	UNKNOWN STEP	2026-05-18T13:37:32.1868480Z ^[[0m^[[32mDownload^[[0m https://registry.npmjs.org/strip-bom
Test (deno on macos-latest)	UNKNOWN STEP	2026-05-18T13:37:32.1868960Z ^[[0m^[[32mDownload^[[0m https://registry.npmjs.org/ansi-regex
Test (deno on macos-latest)	UNKNOWN STEP	2026-05-18T13:37:32.1869370Z ^[[0m^[[32mDownload^[[0m https://registry.npmjs.org/punycode
Test (deno on macos-latest)	UNKNOWN STEP	2026-05-18T13:37:32.1869810Z ^[[0m^[[32mDownload^[[0m https://registry.npmjs.org/shebang-regex
Test (deno on macos-latest)	UNKNOWN STEP	2026-05-18T13:37:32.1870240Z ^[[0m^[[32mDownload^[[0m https://registry.npmjs.org/isexe
Test (deno on macos-latest)	UNKNOWN STEP	2026-05-18T13:37:32.1870690Z ^[[0m^[[32mDownload^[[0m https://registry.npmjs.org/flatted
Test (deno on macos-latest)	UNKNOWN STEP	2026-05-18T13:37:32.1871120Z ^[[0m^[[32mDownload^[[0m https://registry.npmjs.org/keyv
Test (deno on macos-latest)	UNKNOWN STEP	2026-05-18T13:37:32.1871460Z ^[[0m^[[32mDownload^[[0m https://registry.npmjs.org/p-locate
Test (deno on macos-latest)	UNKNOWN STEP	2026-05-18T13:37:32.1871830Z ^[[0m^[[32mDownload^[[0m https://registry.npmjs.org/balanced-match
Test (deno on macos-latest)	UNKNOWN STEP	2026-05-18T13:37:32.1872210Z ^[[0m^[[32mDownload^[[0m https://registry.npmjs.org/execa
Test (deno on macos-latest)	UNKNOWN STEP	2026-05-18T13:37:32.1872960Z ^[[0m^[[32mDownload^[[0m https://registry.npmjs.org/@colors%2fcolors
Test (deno on macos-latest)	UNKNOWN STEP	2026-05-18T13:37:32.1873470Z ^[[0m^[[32mDownload^[[0m https://registry.npmjs.org/@nodelib%2ffs.stat
Test (deno on macos-latest)	UNKNOWN STEP	2026-05-18T13:37:32.1873910Z ^[[0m^[[32mDownload^[[0m https://registry.npmjs.org/@nodelib%2ffs.walk
Test (deno on macos-latest)	UNKNOWN STEP	2026-05-18T13:37:32.1874310Z ^[[0m^[[32mDownload^[[0m https://registry.npmjs.org/repeat-string
Test (deno on macos-latest)	UNKNOWN STEP	2026-05-18T13:37:32.1874750Z ^[[0m^[[32mDownload^[[0m https://registry.npmjs.org/pug-code-gen
Test (deno on macos-latest)	UNKNOWN STEP	2026-05-18T13:37:32.1875220Z ^[[0m^[[32mDownload^[[0m https://registry.npmjs.org/pug-filters
Test (deno on macos-latest)	UNKNOWN STEP	2026-05-18T13:37:32.1876340Z ^[[0m^[[32mDownload^[[0m https://registry.npmjs.org/pug-lexer
Test (deno on macos-latest)	UNKNOWN STEP	2026-05-18T13:37:32.1876790Z ^[[0m^[[32mDownload^[[0m https://registry.npmjs.org/pug-linker
Test (deno on macos-latest)	UNKNOWN STEP	2026-05-18T13:37:32.1877220Z ^[[0m^[[32mDownload^[[0m https://registry.npmjs.org/pug-load
Test (deno on macos-latest)	UNKNOWN STEP	2026-05-18T13:37:32.1877650Z ^[[0m^[[32mDownload^[[0m https://registry.npmjs.org/pug-parser
Test (deno on macos-latest)	UNKNOWN STEP	2026-05-18T13:37:32.1878070Z ^[[0m^[[32mDownload^[[0m https://registry.npmjs.org/pug-runtime
Test (deno on macos-latest)	UNKNOWN STEP	2026-05-18T13:37:32.1878540Z ^[[0m^[[32mDownload^[[0m https://registry.npmjs.org/pug-strip-comments
Test (deno on macos-latest)	UNKNOWN STEP	2026-05-18T13:37:32.1879010Z ^[[0m^[[32mDownload^[[0m https://registry.npmjs.org/@types%2fsarif
Test (deno on macos-latest)	UNKNOWN STEP	2026-05-18T13:37:32.1879480Z ^[[0m^[[32mDownload^[[0m https://registry.npmjs.org/wrap-ansi
Test (deno on macos-latest)	UNKNOWN STEP	2026-05-18T13:37:32.1879840Z ^[[0m^[[32mDownload^[[0m https://registry.npmjs.org/emoji-regex
Test (deno on macos-latest)	UNKNOWN STEP	2026-05-18T13:37:32.1880220Z ^[[0m^[[32mDownload^[[0m https://registry.npmjs.org/is-fullwidth-code-point
Test (deno on macos-latest)	UNKNOWN STEP	2026-05-18T13:37:32.1880590Z ^[[0m^[[32mDownload^[[0m https://registry.npmjs.org/fill-range
Test (deno on macos-latest)	UNKNOWN STEP	2026-05-18T13:37:32.1881010Z ^[[0m^[[32mDownload^[[0m https://registry.npmjs.org/is-windows
Test (deno on macos-latest)	UNKNOWN STEP	2026-05-18T13:37:32.1881360Z ^[[0m^[[32mDownload^[[0m https://registry.npmjs.org/argparse
Test (deno on macos-latest)	UNKNOWN STEP	2026-05-18T13:37:32.2923690Z ^[[0m^[[32mDownload^[[0m https://registry.npmjs.org/path-type
Test (deno on macos-latest)	UNKNOWN STEP	2026-05-18T13:37:32.2928810Z ^[[0m^[[32mDownload^[[0m https://registry.npmjs.org/esprima
Test (deno on macos-latest)	UNKNOWN STEP	2026-05-18T13:37:32.2929540Z ^[[0m^[[32mDownload^[[0m https://registry.npmjs.org/json-buffer
Test (deno on macos-latest)	UNKNOWN STEP	2026-05-18T13:37:32.2930080Z ^[[0m^[[32mDownload^[[0m https://registry.npmjs.org/p-limit
Test (deno on macos-latest)	UNKNOWN STEP	2026-05-18T13:37:32.2930730Z ^[[0m^[[32mDownload^[[0m https://registry.npmjs.org/get-stream
Test (deno on macos-latest)	UNKNOWN STEP	2026-05-18T13:37:32.2931340Z ^[[0m^[[32mDownload^[[0m https://registry.npmjs.org/human-signals
Test (deno on macos-latest)	UNKNOWN STEP	2026-05-18T13:37:32.2931770Z ^[[0m^[[32mDownload^[[0m https://registry.npmjs.org/is-stream
Test (deno on macos-latest)	UNKNOWN STEP	2026-05-18T13:37:32.2932170Z ^[[0m^[[32mDownload^[[0m https://registry.npmjs.org/merge-stream
Test (deno on macos-latest)	UNKNOWN STEP	2026-05-18T13:37:32.2932830Z ^[[0m^[[32mDownload^[[0m https://registry.npmjs.org/npm-run-path
Test (deno on macos-latest)	UNKNOWN STEP	2026-05-18T13:37:32.2933280Z ^[[0m^[[32mDownload^[[0m https://registry.npmjs.org/onetime
Test (deno on macos-latest)	UNKNOWN STEP	2026-05-18T13:37:32.2933710Z ^[[0m^[[32mDownload^[[0m https://registry.npmjs.org/strip-final-newline
Test (deno on macos-latest)	UNKNOWN STEP	2026-05-18T13:37:32.2934150Z ^[[0m^[[32mDownload^[[0m https://registry.npmjs.org/@nodelib%2ffs.scandir
Test (deno on macos-latest)	UNKNOWN STEP	2026-05-18T13:37:32.2934690Z ^[[0m^[[32mDownload^[[0m https://registry.npmjs.org/fastq
Test (deno on macos-latest)	UNKNOWN STEP	2026-05-18T13:37:32.2935070Z ^[[0m^[[32mDownload^[[0m https://registry.npmjs.org/constantinople
Test (deno on macos-latest)	UNKNOWN STEP	2026-05-18T13:37:32.2935460Z ^[[0m^[[32mDownload^[[0m https://registry.npmjs.org/doctypes
Test (deno on macos-latest)	UNKNOWN STEP	2026-05-18T13:37:32.2935870Z ^[[0m^[[32mDownload^[[0m https://registry.npmjs.org/js-stringify
Test (deno on macos-latest)	UNKNOWN STEP	2026-05-18T13:37:32.2936250Z ^[[0m^[[32mDownload^[[0m https://registry.npmjs.org/pug-attrs
Test (deno on macos-latest)	UNKNOWN STEP	2026-05-18T13:37:32.2936610Z ^[[0m^[[32mDownload^[[0m https://registry.npmjs.org/pug-error
Test (deno on macos-latest)	UNKNOWN STEP	2026-05-18T13:37:32.2937000Z ^[[0m^[[32mDownload^[[0m https://registry.npmjs.org/void-elements
Test (deno on macos-latest)	UNKNOWN STEP	2026-05-18T13:37:32.2938050Z ^[[0m^[[32mDownload^[[0m https://registry.npmjs.org/with
Test (deno on macos-latest)	UNKNOWN STEP	2026-05-18T13:37:32.2938490Z ^[[0m^[[32mDownload^[[0m https://registry.npmjs.org/jstransformer
Test (deno on macos-latest)	UNKNOWN STEP	2026-05-18T13:37:32.2938890Z ^[[0m^[[32mDownload^[[0m https://registry.npmjs.org/pug-walk
Test (deno on macos-latest)	UNKNOWN STEP	2026-05-18T13:37:32.2939250Z ^[[0m^[[32mDownload^[[0m https://registry.npmjs.org/resolve
Test (deno on macos-latest)	UNKNOWN STEP	2026-05-18T13:37:32.2939650Z ^[[0m^[[32mDownload^[[0m https://registry.npmjs.org/character-parser
Test (deno on macos-latest)	UNKNOWN STEP	2026-05-18T13:37:32.2940140Z ^[[0m^[[32mDownload^[[0m https://registry.npmjs.org/is-expression
Test (deno on macos-latest)	UNKNOWN STEP	2026-05-18T13:37:32.2940560Z ^[[0m^[[32mDownload^[[0m https://registry.npmjs.org/object-assign
Test (deno on macos-latest)	UNKNOWN STEP	2026-05-18T13:37:32.2940930Z ^[[0m^[[32mDownload^[[0m https://registry.npmjs.org/token-stream
Test (deno on macos-latest)	UNKNOWN STEP	2026-05-18T13:37:32.2979590Z ^[[0m^[[32mDownload^[[0m https://registry.npmjs.org/ansi-styles
Test (deno on macos-latest)	UNKNOWN STEP	2026-05-18T13:37:32.2980040Z ^[[0m^[[32mDownload^[[0m https://registry.npmjs.org/to-regex-range
Test (deno on macos-latest)	UNKNOWN STEP	2026-05-18T13:37:32.3222830Z ^[[0m^[[32mDownload^[[0m https://registry.npmjs.org/sprintf-js
Test (deno on macos-latest)	UNKNOWN STEP	2026-05-18T13:37:32.3224920Z ^[[0m^[[32mDownload^[[0m https://registry.npmjs.org/yocto-queue
Test (deno on macos-latest)	UNKNOWN STEP	2026-05-18T13:37:32.3363220Z ^[[0m^[[32mDownload^[[0m https://registry.npmjs.org/pump
Test (deno on macos-latest)	UNKNOWN STEP	2026-05-18T13:37:32.3364080Z ^[[0m^[[32mDownload^[[0m https://registry.npmjs.org/mimic-fn
Test (deno on macos-latest)	UNKNOWN STEP	2026-05-18T13:37:32.3550710Z ^[[0m^[[32mDownload^[[0m https://registry.npmjs.org/run-parallel
Test (deno on macos-latest)	UNKNOWN STEP	2026-05-18T13:37:32.3551420Z ^[[0m^[[32mDownload^[[0m https://registry.npmjs.org/reusify
Test (deno on macos-latest)	UNKNOWN STEP	2026-05-18T13:37:32.3551880Z ^[[0m^[[32mDownload^[[0m https://registry.npmjs.org/@babel%2fparser
Test (deno on macos-latest)	UNKNOWN STEP	2026-05-18T13:37:32.3552340Z ^[[0m^[[32mDownload^[[0m https://registry.npmjs.org/@babel%2ftypes
Test (deno on macos-latest)	UNKNOWN STEP	2026-05-18T13:37:32.3552720Z ^[[0m^[[32mDownload^[[0m https://registry.npmjs.org/assert-never
Test (deno on macos-latest)	UNKNOWN STEP	2026-05-18T13:37:32.3553270Z ^[[0m^[[32mDownload^[[0m https://registry.npmjs.org/babel-walk
Test (deno on macos-latest)	UNKNOWN STEP	2026-05-18T13:37:32.3555020Z ^[[0m^[[32mDownload^[[0m https://registry.npmjs.org/is-promise
Test (deno on macos-latest)	UNKNOWN STEP	2026-05-18T13:37:32.3556510Z ^[[0m^[[32mDownload^[[0m https://registry.npmjs.org/promise
Test (deno on macos-latest)	UNKNOWN STEP	2026-05-18T13:37:32.3557580Z ^[[0m^[[32mDownload^[[0m https://registry.npmjs.org/es-errors
Test (deno on macos-latest)	UNKNOWN STEP	2026-05-18T13:37:32.3558650Z ^[[0m^[[32mDownload^[[0m https://registry.npmjs.org/is-core-module
Test (deno on macos-latest)	UNKNOWN STEP	2026-05-18T13:37:32.3559800Z ^[[0m^[[32mDownload^[[0m https://registry.npmjs.org/path-parse
Test (deno on macos-latest)	UNKNOWN STEP	2026-05-18T13:37:32.3561000Z ^[[0m^[[32mDownload^[[0m https://registry.npmjs.org/supports-preserve-symlinks-flag
Test (deno on macos-latest)	UNKNOWN STEP	2026-05-18T13:37:32.3562190Z ^[[0m^[[32mDownload^[[0m https://registry.npmjs.org/is-regex
Test (deno on macos-latest)	UNKNOWN STEP	2026-05-18T13:37:32.3563230Z ^[[0m^[[32mDownload^[[0m https://registry.npmjs.org/color-convert
Test (deno on macos-latest)	UNKNOWN STEP	2026-05-18T13:37:32.3564200Z ^[[0m^[[32mDownload^[[0m https://registry.npmjs.org/is-number
Test (deno on macos-latest)	UNKNOWN STEP	2026-05-18T13:37:32.3599720Z ^[[0m^[[32mDownload^[[0m https://registry.npmjs.org/end-of-stream
Test (deno on macos-latest)	UNKNOWN STEP	2026-05-18T13:37:32.3600760Z ^[[0m^[[32mDownload^[[0m https://registry.npmjs.org/once
Test (deno on macos-latest)	UNKNOWN STEP	2026-05-18T13:37:32.3827100Z ^[[0m^[[32mDownload^[[0m https://registry.npmjs.org/queue-microtask
Test (deno on macos-latest)	UNKNOWN STEP	2026-05-18T13:37:32.4095510Z ^[[0m^[[32mDownload^[[0m https://registry.npmjs.org/@babel%2fhelper-string-parser
Test (deno on macos-latest)	UNKNOWN STEP	2026-05-18T13:37:32.4096830Z ^[[0m^[[32mDownload^[[0m https://registry.npmjs.org/@babel%2fhelper-validator-identifier
Test (deno on macos-latest)	UNKNOWN STEP	2026-05-18T13:37:32.4097990Z ^[[0m^[[32mDownload^[[0m https://registry.npmjs.org/asap
Test (deno on macos-latest)	UNKNOWN STEP	2026-05-18T13:37:32.4098800Z ^[[0m^[[32mDownload^[[0m https://registry.npmjs.org/hasown
Test (deno on macos-latest)	UNKNOWN STEP	2026-05-18T13:37:32.4099680Z ^[[0m^[[32mDownload^[[0m https://registry.npmjs.org/call-bound
Test (deno on macos-latest)	UNKNOWN STEP	2026-05-18T13:37:32.4100480Z ^[[0m^[[32mDownload^[[0m https://registry.npmjs.org/gopd
Test (deno on macos-latest)	UNKNOWN STEP	2026-05-18T13:37:32.4101550Z ^[[0m^[[32mDownload^[[0m https://registry.npmjs.org/has-tostringtag
Test (deno on macos-latest)	UNKNOWN STEP	2026-05-18T13:37:32.4102430Z ^[[0m^[[32mDownload^[[0m https://registry.npmjs.org/color-name
Test (deno on macos-latest)	UNKNOWN STEP	2026-05-18T13:37:32.4103250Z ^[[0m^[[32mDownload^[[0m https://registry.npmjs.org/p-try
Test (deno on macos-latest)	UNKNOWN STEP	2026-05-18T13:37:32.4104500Z ^[[0m^[[32mDownload^[[0m https://registry.npmjs.org/wrappy
Test (deno on macos-latest)	UNKNOWN STEP	2026-05-18T13:37:32.4490010Z ^[[0m^[[32mDownload^[[0m https://registry.npmjs.org/function-bind
Test (deno on macos-latest)	UNKNOWN STEP	2026-05-18T13:37:32.4490610Z ^[[0m^[[32mDownload^[[0m https://registry.npmjs.org/call-bind-apply-helpers
Test (deno on macos-latest)	UNKNOWN STEP	2026-05-18T13:37:32.4491050Z ^[[0m^[[32mDownload^[[0m https://registry.npmjs.org/get-intrinsic
Test (deno on macos-latest)	UNKNOWN STEP	2026-05-18T13:37:32.4491390Z ^[[0m^[[32mDownload^[[0m https://registry.npmjs.org/has-symbols
Test (deno on macos-latest)	UNKNOWN STEP	2026-05-18T13:37:32.4883640Z ^[[0m^[[32mDownload^[[0m https://registry.npmjs.org/es-define-property
Test (deno on macos-latest)	UNKNOWN STEP	2026-05-18T13:37:32.4885050Z ^[[0m^[[32mDownload^[[0m https://registry.npmjs.org/es-object-atoms
Test (deno on macos-latest)	UNKNOWN STEP	2026-05-18T13:37:32.4886000Z ^[[0m^[[32mDownload^[[0m https://registry.npmjs.org/get-proto
Test (deno on macos-latest)	UNKNOWN STEP	2026-05-18T13:37:32.4886940Z ^[[0m^[[32mDownload^[[0m https://registry.npmjs.org/math-intrinsics
Test (deno on macos-latest)	UNKNOWN STEP	2026-05-18T13:37:32.5197860Z ^[[0m^[[32mDownload^[[0m https://registry.npmjs.org/dunder-proto
Test (deno on macos-latest)	UNKNOWN STEP	2026-05-18T13:37:32.5578460Z ^[[0m^[[32mDownload^[[0m https://registry.npmjs.org/eslint/-/eslint-10.4.0.tgz
Test (deno on macos-latest)	UNKNOWN STEP	2026-05-18T13:37:32.5581900Z ^[[0m^[[32mDownload^[[0m https://registry.npmjs.org/jscpd/-/jscpd-4.2.3.tgz
Test (deno on macos-latest)	UNKNOWN STEP	2026-05-18T13:37:32.5583490Z ^[[0m^[[32mDownload^[[0m https://registry.npmjs.org/links-notation/-/links-notation-0.13.0.tgz
Test (deno on macos-latest)	UNKNOWN STEP	2026-05-18T13:37:32.5585580Z ^[[0m^[[32mDownload^[[0m https://registry.npmjs.org/lino-objects-codec/-/lino-objects-codec-0.4.0.tgz
Test (deno on macos-latest)	UNKNOWN STEP	2026-05-18T13:37:32.5587950Z ^[[0m^[[32mDownload^[[0m https://registry.npmjs.org/test-anywhere/-/test-anywhere-0.9.1.tgz
Test (deno on macos-latest)	UNKNOWN STEP	2026-05-18T13:37:32.5588930Z ^[[0m^[[32mDownload^[[0m https://registry.npmjs.org/@changesets/cli/-/cli-2.31.0.tgz
Test (deno on macos-latest)	UNKNOWN STEP	2026-05-18T13:37:32.5593840Z ^[[0m^[[32mDownload^[[0m https://registry.npmjs.org/@eslint/js/-/js-10.0.1.tgz
Test (deno on macos-latest)	UNKNOWN STEP	2026-05-18T13:37:32.5594420Z ^[[0m^[[32mDownload^[[0m https://registry.npmjs.org/eslint-config-prettier/-/eslint-config-prettier-10.1.8.tgz
Test (deno on macos-latest)	UNKNOWN STEP	2026-05-18T13:37:32.5595140Z ^[[0m^[[32mDownload^[[0m https://registry.npmjs.org/eslint-plugin-prettier/-/eslint-plugin-prettier-5.5.5.tgz
Test (deno on macos-latest)	UNKNOWN STEP	2026-05-18T13:37:32.5595830Z ^[[0m^[[32mDownload^[[0m https://registry.npmjs.org/lino-arguments/-/lino-arguments-0.3.0.tgz
Test (deno on macos-latest)	UNKNOWN STEP	2026-05-18T13:37:32.5596330Z ^[[0m^[[32mDownload^[[0m https://registry.npmjs.org/prettier/-/prettier-3.8.3.tgz
Test (deno on macos-latest)	UNKNOWN STEP	2026-05-18T13:37:32.5596800Z ^[[0m^[[32mDownload^[[0m https://registry.npmjs.org/ajv/-/ajv-6.15.0.tgz
Test (deno on macos-latest)	UNKNOWN STEP	2026-05-18T13:37:32.5597290Z ^[[0m^[[32mDownload^[[0m https://registry.npmjs.org/glob-parent/-/glob-parent-6.0.2.tgz
Test (deno on macos-latest)	UNKNOWN STEP	2026-05-18T13:37:32.5597830Z ^[[0m^[[32mDownload^[[0m https://registry.npmjs.org/esutils/-/esutils-2.0.3.tgz
Test (deno on macos-latest)	UNKNOWN STEP	2026-05-18T13:37:32.5598260Z ^[[0m^[[32mDownload^[[0m https://registry.npmjs.org/imurmurhash/-/imurmurhash-0.1.4.tgz
Test (deno on macos-latest)	UNKNOWN STEP	2026-05-18T13:37:32.5598710Z ^[[0m^[[32mDownload^[[0m https://registry.npmjs.org/@humanfs/node/-/node-0.16.8.tgz
Test (deno on macos-latest)	UNKNOWN STEP	2026-05-18T13:37:32.5599160Z ^[[0m^[[32mDownload^[[0m https://registry.npmjs.org/cross-spawn/-/cross-spawn-7.0.6.tgz
Test (deno on macos-latest)	UNKNOWN STEP	2026-05-18T13:37:32.5599590Z ^[[0m^[[32mDownload^[[0m https://registry.npmjs.org/ignore/-/ignore-5.3.2.tgz
Test (deno on macos-latest)	UNKNOWN STEP	2026-05-18T13:37:32.5619930Z ^[[0m^[[32mDownload^[[0m https://registry.npmjs.org/minimatch/-/minimatch-10.2.5.tgz
Test (deno on macos-latest)	UNKNOWN STEP	2026-05-18T13:37:32.5620530Z ^[[0m^[[32mDownload^[[0m https://registry.npmjs.org/file-entry-cache/-/file-entry-cache-8.0.0.tgz
Test (deno on macos-latest)	UNKNOWN STEP	2026-05-18T13:37:32.5621080Z ^[[0m^[[32mDownload^[[0m https://registry.npmjs.org/@types/estree/-/estree-1.0.9.tgz
Test (deno on macos-latest)	UNKNOWN STEP	2026-05-18T13:37:32.5621580Z ^[[0m^[[32mDownload^[[0m https://registry.npmjs.org/eslint-visitor-keys/-/eslint-visitor-keys-5.0.1.tgz
Test (deno on macos-latest)	UNKNOWN STEP	2026-05-18T13:37:32.5622160Z ^[[0m^[[32mDownload^[[0m https://registry.npmjs.org/@eslint/plugin-kit/-/plugin-kit-0.7.1.tgz
Test (deno on macos-latest)	UNKNOWN STEP	2026-05-18T13:37:32.5622620Z ^[[0m^[[32mDownload^[[0m https://registry.npmjs.org/optionator/-/optionator-0.9.4.tgz
Test (deno on macos-latest)	UNKNOWN STEP	2026-05-18T13:37:32.5623140Z ^[[0m^[[32mDownload^[[0m https://registry.npmjs.org/@eslint-community/eslint-utils/-/eslint-utils-4.9.1.tgz
Test (deno on macos-latest)	UNKNOWN STEP	2026-05-18T13:37:32.5623640Z ^[[0m^[[32mDownload^[[0m https://registry.npmjs.org/eslint-scope/-/eslint-scope-9.1.2.tgz
Test (deno on macos-latest)	UNKNOWN STEP	2026-05-18T13:37:32.5624170Z ^[[0m^[[32mDownload^[[0m https://registry.npmjs.org/@humanwhocodes/module-importer/-/module-importer-1.0.1.tgz
Test (deno on macos-latest)	UNKNOWN STEP	2026-05-18T13:37:32.5624750Z ^[[0m^[[32mDownload^[[0m https://registry.npmjs.org/escape-string-regexp/-/escape-string-regexp-4.0.0.tgz
Test (deno on macos-latest)	UNKNOWN STEP	2026-05-18T13:37:32.5625230Z ^[[0m^[[32mDownload^[[0m https://registry.npmjs.org/esquery/-/esquery-1.7.0.tgz
Test (deno on macos-latest)	UNKNOWN STEP	2026-05-18T13:37:32.5625690Z ^[[0m^[[32mDownload^[[0m https://registry.npmjs.org/@eslint-community/regexpp/-/regexpp-4.12.2.tgz
Test (deno on macos-latest)	UNKNOWN STEP	2026-05-18T13:37:32.5626170Z ^[[0m^[[32mDownload^[[0m https://registry.npmjs.org/find-up/-/find-up-5.0.0.tgz
Test (deno on macos-latest)	UNKNOWN STEP	2026-05-18T13:37:32.5626630Z ^[[0m^[[32mDownload^[[0m https://registry.npmjs.org/@eslint/config-array/-/config-array-0.23.5.tgz
Test (deno on macos-latest)	UNKNOWN STEP	2026-05-18T13:37:32.5627320Z ^[[0m^[[32mDownload^[[0m https://registry.npmjs.org/json-stable-stringify-without-jsonify/-/json-stable-stringify-without-jsonify-1.0.1.tgz
Test (deno on macos-latest)	UNKNOWN STEP	2026-05-18T13:37:32.5628010Z ^[[0m^[[32mDownload^[[0m https://registry.npmjs.org/@eslint/config-helpers/-/config-helpers-0.6.0.tgz
Test (deno on macos-latest)	UNKNOWN STEP	2026-05-18T13:37:32.5628550Z ^[[0m^[[32mDownload^[[0m https://registry.npmjs.org/fast-deep-equal/-/fast-deep-equal-3.1.3.tgz
Test (deno on macos-latest)	UNKNOWN STEP	2026-05-18T13:37:32.5629040Z ^[[0m^[[32mDownload^[[0m https://registry.npmjs.org/@humanwhocodes/retry/-/retry-0.4.3.tgz
Test (deno on macos-latest)	UNKNOWN STEP	2026-05-18T13:37:32.5630420Z ^[[0m^[[32mDownload^[[0m https://registry.npmjs.org/natural-compare/-/natural-compare-1.4.0.tgz
Test (deno on macos-latest)	UNKNOWN STEP	2026-05-18T13:37:32.5630910Z ^[[0m^[[32mDownload^[[0m https://registry.npmjs.org/@eslint/core/-/core-1.2.1.tgz
Test (deno on macos-latest)	UNKNOWN STEP	2026-05-18T13:37:32.5631330Z ^[[0m^[[32mDownload^[[0m https://registry.npmjs.org/is-glob/-/is-glob-4.0.3.tgz
Test (deno on macos-latest)	UNKNOWN STEP	2026-05-18T13:37:32.5631730Z ^[[0m^[[32mDownload^[[0m https://registry.npmjs.org/debug/-/debug-4.4.3.tgz
Test (deno on macos-latest)	UNKNOWN STEP	2026-05-18T13:37:32.5633450Z ^[[0m^[[32mDownload^[[0m https://registry.npmjs.org/espree/-/espree-11.2.0.tgz
Test (deno on macos-latest)	UNKNOWN STEP	2026-05-18T13:37:32.5634270Z ^[[0m^[[32mDownload^[[0m https://registry.npmjs.org/@jscpd/tokenizer/-/tokenizer-4.2.3.tgz
Test (deno on macos-latest)	UNKNOWN STEP	2026-05-18T13:37:32.5634710Z ^[[0m^[[32mDownload^[[0m https://registry.npmjs.org/colors/-/colors-1.4.0.tgz
Test (deno on macos-latest)	UNKNOWN STEP	2026-05-18T13:37:32.5635120Z ^[[0m^[[32mDownload^[[0m https://registry.npmjs.org/commander/-/commander-5.1.0.tgz
Test (deno on macos-latest)	UNKNOWN STEP	2026-05-18T13:37:32.5635540Z ^[[0m^[[32mDownload^[[0m https://registry.npmjs.org/@jscpd/core/-/core-4.2.3.tgz
Test (deno on macos-latest)	UNKNOWN STEP	2026-05-18T13:37:32.5636020Z ^[[0m^[[32mDownload^[[0m https://registry.npmjs.org/@jscpd/badge-reporter/-/badge-reporter-4.2.3.tgz
Test (deno on macos-latest)	UNKNOWN STEP	2026-05-18T13:37:32.5636540Z ^[[0m^[[32mDownload^[[0m https://registry.npmjs.org/@jscpd/html-reporter/-/html-reporter-4.2.3.tgz
Test (deno on macos-latest)	UNKNOWN STEP	2026-05-18T13:37:32.5637020Z ^[[0m^[[32mDownload^[[0m https://registry.npmjs.org/@jscpd/finder/-/finder-4.2.3.tgz
Test (deno on macos-latest)	UNKNOWN STEP	2026-05-18T13:37:32.5637540Z ^[[0m^[[32mDownload^[[0m https://registry.npmjs.org/jscpd-sarif-reporter/-/jscpd-sarif-reporter-4.2.3.tgz
Test (deno on macos-latest)	UNKNOWN STEP	2026-05-18T13:37:32.5638050Z ^[[0m^[[32mDownload^[[0m https://registry.npmjs.org/fs-extra/-/fs-extra-11.3.5.tgz
Test (deno on macos-latest)	UNKNOWN STEP	2026-05-18T13:37:32.5638530Z ^[[0m^[[32mDownload^[[0m https://registry.npmjs.org/links-notation/-/links-notation-0.11.2.tgz
Test (deno on macos-latest)	UNKNOWN STEP	2026-05-18T13:37:32.5639000Z ^[[0m^[[32mDownload^[[0m https://registry.npmjs.org/picocolors/-/picocolors-1.1.1.tgz
Test (deno on macos-latest)	UNKNOWN STEP	2026-05-18T13:37:32.5639520Z ^[[0m^[[32mDownload^[[0m https://registry.npmjs.org/@changesets/get-release-plan/-/get-release-plan-4.0.16.tgz
Test (deno on macos-latest)	UNKNOWN STEP	2026-05-18T13:37:32.5640090Z ^[[0m^[[32mDownload^[[0m https://registry.npmjs.org/@changesets/changelog-git/-/changelog-git-0.2.1.tgz
Test (deno on macos-latest)	UNKNOWN STEP	2026-05-18T13:37:32.5640560Z ^[[0m^[[32mDownload^[[0m https://registry.npmjs.org/enquirer/-/enquirer-2.4.1.tgz
Test (deno on macos-latest)	UNKNOWN STEP	2026-05-18T13:37:32.5640990Z ^[[0m^[[32mDownload^[[0m https://registry.npmjs.org/mri/-/mri-1.2.0.tgz
Test (deno on macos-latest)	UNKNOWN STEP	2026-05-18T13:37:32.5641550Z ^[[0m^[[32mDownload^[[0m https://registry.npmjs.org/package-manager-detector/-/package-manager-detector-0.2.11.tgz
Test (deno on macos-latest)	UNKNOWN STEP	2026-05-18T13:37:32.5642100Z ^[[0m^[[32mDownload^[[0m https://registry.npmjs.org/term-size/-/term-size-2.2.1.tgz
Test (deno on macos-latest)	UNKNOWN STEP	2026-05-18T13:37:32.5642540Z ^[[0m^[[32mDownload^[[0m https://registry.npmjs.org/@changesets/pre/-/pre-2.0.2.tgz
Test (deno on macos-latest)	UNKNOWN STEP	2026-05-18T13:37:32.5642980Z ^[[0m^[[32mDownload^[[0m https://registry.npmjs.org/@changesets/read/-/read-0.6.7.tgz
Test (deno on macos-latest)	UNKNOWN STEP	2026-05-18T13:37:32.5643420Z ^[[0m^[[32mDownload^[[0m https://registry.npmjs.org/@changesets/types/-/types-6.1.0.tgz
Test (deno on macos-latest)	UNKNOWN STEP	2026-05-18T13:37:32.5643850Z ^[[0m^[[32mDownload^[[0m https://registry.npmjs.org/@changesets/write/-/write-0.4.0.tgz
Test (deno on macos-latest)	UNKNOWN STEP	2026-05-18T13:37:32.5644360Z ^[[0m^[[32mDownload^[[0m https://registry.npmjs.org/@inquirer/external-editor/-/external-editor-1.0.3.tgz
Test (deno on macos-latest)	UNKNOWN STEP	2026-05-18T13:37:32.5644940Z ^[[0m^[[32mDownload^[[0m https://registry.npmjs.org/@changesets/apply-release-plan/-/apply-release-plan-7.1.1.tgz
Test (deno on macos-latest)	UNKNOWN STEP	2026-05-18T13:37:32.5645500Z ^[[0m^[[32mDownload^[[0m https://registry.npmjs.org/@changesets/errors/-/errors-0.2.0.tgz
Test (deno on macos-latest)	UNKNOWN STEP	2026-05-18T13:37:32.5646040Z ^[[0m^[[32mDownload^[[0m https://registry.npmjs.org/@changesets/should-skip-package/-/should-skip-package-0.1.2.tgz
Test (deno on macos-latest)	UNKNOWN STEP	2026-05-18T13:37:32.5646550Z ^[[0m^[[32mDownload^[[0m https://registry.npmjs.org/fs-extra/-/fs-extra-7.0.1.tgz
Test (deno on macos-latest)	UNKNOWN STEP	2026-05-18T13:37:32.5646960Z ^[[0m^[[32mDownload^[[0m https://registry.npmjs.org/@changesets/git/-/git-3.0.4.tgz
Test (deno on macos-latest)	UNKNOWN STEP	2026-05-18T13:37:32.5647390Z ^[[0m^[[32mDownload^[[0m https://registry.npmjs.org/resolve-from/-/resolve-from-5.0.0.tgz
Test (deno on macos-latest)	UNKNOWN STEP	2026-05-18T13:37:32.5647970Z ^[[0m^[[32mDownload^[[0m https://registry.npmjs.org/@changesets/config/-/config-3.1.4.tgz
Test (deno on macos-latest)	UNKNOWN STEP	2026-05-18T13:37:32.5648430Z ^[[0m^[[32mDownload^[[0m https://registry.npmjs.org/spawndamnit/-/spawndamnit-3.0.1.tgz
Test (deno on macos-latest)	UNKNOWN STEP	2026-05-18T13:37:32.5649190Z ^[[0m^[[32mDownload^[[0m https://registry.npmjs.org/@changesets/assemble-release-plan/-/assemble-release-plan-6.0.10.tgz
Test (deno on macos-latest)	UNKNOWN STEP	2026-05-18T13:37:32.5649760Z ^[[0m^[[32mDownload^[[0m https://registry.npmjs.org/ansi-colors/-/ansi-colors-4.1.3.tgz
Test (deno on macos-latest)	UNKNOWN STEP	2026-05-18T13:37:32.5650180Z ^[[0m^[[32mDownload^[[0m https://registry.npmjs.org/semver/-/semver-7.8.0.tgz
Test (deno on macos-latest)	UNKNOWN STEP	2026-05-18T13:37:32.5650690Z ^[[0m^[[32mDownload^[[0m https://registry.npmjs.org/@changesets/get-dependents-graph/-/get-dependents-graph-2.1.4.tgz
Test (deno on macos-latest)	UNKNOWN STEP	2026-05-18T13:37:32.5651380Z ^[[0m^[[32mDownload^[[0m https://registry.npmjs.org/@changesets/logger/-/logger-0.1.1.tgz
Test (deno on macos-latest)	UNKNOWN STEP	2026-05-18T13:37:32.5651860Z ^[[0m^[[32mDownload^[[0m https://registry.npmjs.org/@manypkg/get-packages/-/get-packages-1.1.3.tgz
Test (deno on macos-latest)	UNKNOWN STEP	2026-05-18T13:37:32.5652320Z ^[[0m^[[32mDownload^[[0m https://registry.npmjs.org/synckit/-/synckit-0.11.12.tgz
Test (deno on macos-latest)	UNKNOWN STEP	2026-05-18T13:37:32.5652840Z ^[[0m^[[32mDownload^[[0m https://registry.npmjs.org/prettier-linter-helpers/-/prettier-linter-helpers-1.0.1.tgz
Test (deno on macos-latest)	UNKNOWN STEP	2026-05-18T13:37:32.5653340Z ^[[0m^[[32mDownload^[[0m https://registry.npmjs.org/getenv/-/getenv-2.0.0.tgz
Test (deno on macos-latest)	UNKNOWN STEP	2026-05-18T13:37:32.5653740Z ^[[0m^[[32mDownload^[[0m https://registry.npmjs.org/lino-env/-/lino-env-0.2.8.tgz
Test (deno on macos-latest)	UNKNOWN STEP	2026-05-18T13:37:32.5654150Z ^[[0m^[[32mDownload^[[0m https://registry.npmjs.org/yargs/-/yargs-17.7.2.tgz
Test (deno on macos-latest)	UNKNOWN STEP	2026-05-18T13:37:32.5654650Z ^[[0m^[[32mDownload^[[0m https://registry.npmjs.org/json-schema-traverse/-/json-schema-traverse-0.4.1.tgz
Test (deno on macos-latest)	UNKNOWN STEP	2026-05-18T13:37:32.5655260Z ^[[0m^[[32mDownload^[[0m https://registry.npmjs.org/fast-json-stable-stringify/-/fast-json-stable-stringify-2.1.0.tgz
Test (deno on macos-latest)	UNKNOWN STEP	2026-05-18T13:37:32.5655830Z ^[[0m^[[32mDownload^[[0m https://registry.npmjs.org/uri-js/-/uri-js-4.4.1.tgz
Test (deno on macos-latest)	UNKNOWN STEP	2026-05-18T13:37:32.5656860Z ^[[0m^[[32mDownload^[[0m https://registry.npmjs.org/@humanfs/core/-/core-0.19.2.tgz
Test (deno on macos-latest)	UNKNOWN STEP	2026-05-18T13:37:32.5657390Z ^[[0m^[[32mDownload^[[0m https://registry.npmjs.org/@humanfs/types/-/types-0.15.0.tgz
Test (deno on macos-latest)	UNKNOWN STEP	2026-05-18T13:37:32.5657850Z ^[[0m^[[32mDownload^[[0m https://registry.npmjs.org/which/-/which-2.0.2.tgz
Test (deno on macos-latest)	UNKNOWN STEP	2026-05-18T13:37:32.5658300Z ^[[0m^[[32mDownload^[[0m https://registry.npmjs.org/path-key/-/path-key-3.1.1.tgz
Test (deno on macos-latest)	UNKNOWN STEP	2026-05-18T13:37:32.5658770Z ^[[0m^[[32mDownload^[[0m https://registry.npmjs.org/shebang-command/-/shebang-command-2.0.0.tgz
Test (deno on macos-latest)	UNKNOWN STEP	2026-05-18T13:37:32.5659320Z ^[[0m^[[32mDownload^[[0m https://registry.npmjs.org/brace-expansion/-/brace-expansion-5.0.6.tgz
Test (deno on macos-latest)	UNKNOWN STEP	2026-05-18T13:37:32.5659900Z ^[[0m^[[32mDownload^[[0m https://registry.npmjs.org/flat-cache/-/flat-cache-4.0.1.tgz
Test (deno on macos-latest)	UNKNOWN STEP	2026-05-18T13:37:32.5660380Z ^[[0m^[[32mDownload^[[0m https://registry.npmjs.org/levn/-/levn-0.4.1.tgz
Test (deno on macos-latest)	UNKNOWN STEP	2026-05-18T13:37:32.5660860Z ^[[0m^[[32mDownload^[[0m https://registry.npmjs.org/prelude-ls/-/prelude-ls-1.2.1.tgz
Test (deno on macos-latest)	UNKNOWN STEP	2026-05-18T13:37:32.5661390Z ^[[0m^[[32mDownload^[[0m https://registry.npmjs.org/type-check/-/type-check-0.4.0.tgz
Test (deno on macos-latest)	UNKNOWN STEP	2026-05-18T13:37:32.5661890Z ^[[0m^[[32mDownload^[[0m https://registry.npmjs.org/word-wrap/-/word-wrap-1.2.5.tgz
Test (deno on macos-latest)	UNKNOWN STEP	2026-05-18T13:37:32.5662440Z ^[[0m^[[32mDownload^[[0m https://registry.npmjs.org/fast-levenshtein/-/fast-levenshtein-2.0.6.tgz
Test (deno on macos-latest)	UNKNOWN STEP	2026-05-18T13:37:32.5662950Z ^[[0m^[[32mDownload^[[0m https://registry.npmjs.org/deep-is/-/deep-is-0.1.4.tgz
Test (deno on macos-latest)	UNKNOWN STEP	2026-05-18T13:37:32.5663500Z ^[[0m^[[32mDownload^[[0m https://registry.npmjs.org/eslint-visitor-keys/-/eslint-visitor-keys-3.4.3.tgz
Test (deno on macos-latest)	UNKNOWN STEP	2026-05-18T13:37:32.5664070Z ^[[0m^[[32mDownload^[[0m https://registry.npmjs.org/@types/esrecurse/-/esrecurse-4.3.1.tgz
Test (deno on macos-latest)	UNKNOWN STEP	2026-05-18T13:37:32.5664610Z ^[[0m^[[32mDownload^[[0m https://registry.npmjs.org/estraverse/-/estraverse-5.3.0.tgz
Test (deno on macos-latest)	UNKNOWN STEP	2026-05-18T13:37:32.5665120Z ^[[0m^[[32mDownload^[[0m https://registry.npmjs.org/esrecurse/-/esrecurse-4.3.0.tgz
Test (deno on macos-latest)	UNKNOWN STEP	2026-05-18T13:37:32.5665630Z ^[[0m^[[32mDownload^[[0m https://registry.npmjs.org/locate-path/-/locate-path-6.0.0.tgz
Test (deno on macos-latest)	UNKNOWN STEP	2026-05-18T13:37:32.5666160Z ^[[0m^[[32mDownload^[[0m https://registry.npmjs.org/path-exists/-/path-exists-4.0.0.tgz
Test (deno on macos-latest)	UNKNOWN STEP	2026-05-18T13:37:32.5666720Z ^[[0m^[[32mDownload^[[0m https://registry.npmjs.org/@eslint/object-schema/-/object-schema-3.0.5.tgz
Test (deno on macos-latest)	UNKNOWN STEP	2026-05-18T13:37:32.5667270Z ^[[0m^[[32mDownload^[[0m https://registry.npmjs.org/@types/json-schema/-/json-schema-7.0.15.tgz
Test (deno on macos-latest)	UNKNOWN STEP	2026-05-18T13:37:32.5668120Z ^[[0m^[[32mDownload^[[0m https://registry.npmjs.org/is-extglob/-/is-extglob-2.1.1.tgz
Test (deno on macos-latest)	UNKNOWN STEP	2026-05-18T13:37:32.5668560Z ^[[0m^[[32mDownload^[[0m https://registry.npmjs.org/ms/-/ms-2.1.3.tgz
Test (deno on macos-latest)	UNKNOWN STEP	2026-05-18T13:37:32.5668930Z ^[[0m^[[32mDownload^[[0m https://registry.npmjs.org/acorn/-/acorn-8.16.0.tgz
Test (deno on macos-latest)	UNKNOWN STEP	2026-05-18T13:37:32.5669340Z ^[[0m^[[32mDownload^[[0m https://registry.npmjs.org/acorn-jsx/-/acorn-jsx-5.3.2.tgz
Test (deno on macos-latest)	UNKNOWN STEP	2026-05-18T13:37:32.5669850Z ^[[0m^[[32mDownload^[[0m https://registry.npmjs.org/spark-md5/-/spark-md5-3.0.2.tgz
Test (deno on macos-latest)	UNKNOWN STEP	2026-05-18T13:37:32.5670570Z ^[[0m^[[32mDownload^[[0m https://registry.npmjs.org/eventemitter3/-/eventemitter3-5.0.4.tgz
Test (deno on macos-latest)	UNKNOWN STEP	2026-05-18T13:37:32.5671090Z ^[[0m^[[32mDownload^[[0m https://registry.npmjs.org/badgen/-/badgen-3.3.2.tgz
Test (deno on macos-latest)	UNKNOWN STEP	2026-05-18T13:37:32.5672110Z ^[[0m^[[32mDownload^[[0m https://registry.npmjs.org/pug/-/pug-3.0.4.tgz
Test (deno on macos-latest)	UNKNOWN STEP	2026-05-18T13:37:32.5675100Z ^[[0m^[[32mDownload^[[0m https://registry.npmjs.org/markdown-table/-/markdown-table-2.0.0.tgz
Test (deno on macos-latest)	UNKNOWN STEP	2026-05-18T13:37:32.5677250Z ^[[0m^[[32mDownload^[[0m https://registry.npmjs.org/bytes/-/bytes-3.1.2.tgz
Test (deno on macos-latest)	UNKNOWN STEP	2026-05-18T13:37:32.5678440Z ^[[0m^[[32mDownload^[[0m https://registry.npmjs.org/fast-glob/-/fast-glob-3.3.3.tgz
Test (deno on macos-latest)	UNKNOWN STEP	2026-05-18T13:37:32.5679600Z ^[[0m^[[32mDownload^[[0m https://registry.npmjs.org/blamer/-/blamer-1.0.7.tgz
Test (deno on macos-latest)	UNKNOWN STEP	2026-05-18T13:37:32.5680060Z ^[[0m^[[32mDownload^[[0m https://registry.npmjs.org/cli-table3/-/cli-table3-0.6.5.tgz
Test (deno on macos-latest)	UNKNOWN STEP	2026-05-18T13:37:32.5680610Z ^[[0m^[[32mDownload^[[0m https://registry.npmjs.org/node-sarif-builder/-/node-sarif-builder-3.4.0.tgz
Test (deno on macos-latest)	UNKNOWN STEP	2026-05-18T13:37:32.5681110Z ^[[0m^[[32mDownload^[[0m https://registry.npmjs.org/jsonfile/-/jsonfile-6.2.1.tgz
Test (deno on macos-latest)	UNKNOWN STEP	2026-05-18T13:37:32.5681580Z ^[[0m^[[32mDownload^[[0m https://registry.npmjs.org/graceful-fs/-/graceful-fs-4.2.11.tgz
Test (deno on macos-latest)	UNKNOWN STEP	2026-05-18T13:37:32.5682060Z ^[[0m^[[32mDownload^[[0m https://registry.npmjs.org/universalify/-/universalify-2.0.1.tgz
Test (deno on macos-latest)	UNKNOWN STEP	2026-05-18T13:37:32.5682560Z ^[[0m^[[32mDownload^[[0m https://registry.npmjs.org/strip-ansi/-/strip-ansi-6.0.1.tgz
Test (deno on macos-latest)	UNKNOWN STEP	2026-05-18T13:37:32.5683010Z ^[[0m^[[32mDownload^[[0m https://registry.npmjs.org/quansync/-/quansync-0.2.11.tgz
Test (deno on macos-latest)	UNKNOWN STEP	2026-05-18T13:37:32.5683710Z ^[[0m^[[32mDownload^[[0m https://registry.npmjs.org/@changesets/parse/-/parse-0.4.3.tgz
Test (deno on macos-latest)	UNKNOWN STEP	2026-05-18T13:37:32.5684150Z ^[[0m^[[32mDownload^[[0m https://registry.npmjs.org/p-filter/-/p-filter-2.1.0.tgz
Test (deno on macos-latest)	UNKNOWN STEP	2026-05-18T13:37:32.5684630Z ^[[0m^[[32mDownload^[[0m https://registry.npmjs.org/human-id/-/human-id-4.1.3.tgz
Test (deno on macos-latest)	UNKNOWN STEP	2026-05-18T13:37:32.5685100Z ^[[0m^[[32mDownload^[[0m https://registry.npmjs.org/prettier/-/prettier-2.8.8.tgz
Test (deno on macos-latest)	UNKNOWN STEP	2026-05-18T13:37:32.5685610Z ^[[0m^[[32mDownload^[[0m https://registry.npmjs.org/iconv-lite/-/iconv-lite-0.7.2.tgz
Test (deno on macos-latest)	UNKNOWN STEP	2026-05-18T13:37:32.5686140Z ^[[0m^[[32mDownload^[[0m https://registry.npmjs.org/chardet/-/chardet-2.1.1.tgz
Test (deno on macos-latest)	UNKNOWN STEP	2026-05-18T13:37:32.5686770Z ^[[0m^[[32mDownload^[[0m https://registry.npmjs.org/@changesets/get-version-range-type/-/get-version-range-type-0.4.0.tgz
Test (deno on macos-latest)	UNKNOWN STEP	2026-05-18T13:37:32.5687470Z ^[[0m^[[32mDownload^[[0m https://registry.npmjs.org/detect-indent/-/detect-indent-6.1.0.tgz
Test (deno on macos-latest)	UNKNOWN STEP	2026-05-18T13:37:32.5688060Z ^[[0m^[[32mDownload^[[0m https://registry.npmjs.org/lodash.startcase/-/lodash.startcase-4.4.0.tgz
Test (deno on macos-latest)	UNKNOWN STEP	2026-05-18T13:37:32.5688580Z ^[[0m^[[32mDownload^[[0m https://registry.npmjs.org/outdent/-/outdent-0.5.0.tgz
Test (deno on macos-latest)	UNKNOWN STEP	2026-05-18T13:37:32.5689080Z ^[[0m^[[32mDownload^[[0m https://registry.npmjs.org/extendable-error/-/extendable-error-0.1.7.tgz
Test (deno on macos-latest)	UNKNOWN STEP	2026-05-18T13:37:32.5689620Z ^[[0m^[[32mDownload^[[0m https://registry.npmjs.org/jsonfile/-/jsonfile-4.0.0.tgz
Test (deno on macos-latest)	UNKNOWN STEP	2026-05-18T13:37:32.5690100Z ^[[0m^[[32mDownload^[[0m https://registry.npmjs.org/universalify/-/universalify-0.1.2.tgz
Test (deno on macos-latest)	UNKNOWN STEP	2026-05-18T13:37:32.5690860Z ^[[0m^[[32mDownload^[[0m https://registry.npmjs.org/is-subdir/-/is-subdir-1.2.0.tgz
Test (deno on macos-latest)	UNKNOWN STEP	2026-05-18T13:37:32.5748270Z ^[[0m^[[32mDownload^[[0m https://registry.npmjs.org/micromatch/-/micromatch-4.0.8.tgz
Test (deno on macos-latest)	UNKNOWN STEP	2026-05-18T13:37:32.5751410Z ^[[0m^[[32mDownload^[[0m https://registry.npmjs.org/signal-exit/-/signal-exit-4.1.0.tgz
Test (deno on macos-latest)	UNKNOWN STEP	2026-05-18T13:37:32.5752110Z ^[[0m^[[32mDownload^[[0m https://registry.npmjs.org/@manypkg/find-root/-/find-root-1.1.0.tgz
Test (deno on macos-latest)	UNKNOWN STEP	2026-05-18T13:37:32.5753210Z ^[[0m^[[32mDownload^[[0m https://registry.npmjs.org/read-yaml-file/-/read-yaml-file-1.1.0.tgz
Test (deno on macos-latest)	UNKNOWN STEP	2026-05-18T13:37:32.5753750Z ^[[0m^[[32mDownload^[[0m https://registry.npmjs.org/fs-extra/-/fs-extra-8.1.0.tgz
Test (deno on macos-latest)	UNKNOWN STEP	2026-05-18T13:37:32.5754180Z ^[[0m^[[32mDownload^[[0m https://registry.npmjs.org/globby/-/globby-11.1.0.tgz
Test (deno on macos-latest)	UNKNOWN STEP	2026-05-18T13:37:32.5754630Z ^[[0m^[[32mDownload^[[0m https://registry.npmjs.org/@changesets/types/-/types-4.1.0.tgz
Test (deno on macos-latest)	UNKNOWN STEP	2026-05-18T13:37:32.5755120Z ^[[0m^[[32mDownload^[[0m https://registry.npmjs.org/@babel/runtime/-/runtime-7.29.2.tgz
Test (deno on macos-latest)	UNKNOWN STEP	2026-05-18T13:37:32.5760320Z ^[[0m^[[32mDownload^[[0m https://registry.npmjs.org/@pkgr/core/-/core-0.2.9.tgz
Test (deno on macos-latest)	UNKNOWN STEP	2026-05-18T13:37:32.5761860Z ^[[0m^[[32mDownload^[[0m https://registry.npmjs.org/fast-diff/-/fast-diff-1.3.0.tgz
Test (deno on macos-latest)	UNKNOWN STEP	2026-05-18T13:37:32.5763610Z ^[[0m^[[32mDownload^[[0m https://registry.npmjs.org/require-directory/-/require-directory-2.1.1.tgz
Test (deno on macos-latest)	UNKNOWN STEP	2026-05-18T13:37:32.5765150Z ^[[0m^[[32mDownload^[[0m https://registry.npmjs.org/string-width/-/string-width-4.2.3.tgz
Test (deno on macos-latest)	UNKNOWN STEP	2026-05-18T13:37:32.5766370Z ^[[0m^[[32mDownload^[[0m https://registry.npmjs.org/y18n/-/y18n-5.0.8.tgz
Test (deno on macos-latest)	UNKNOWN STEP	2026-05-18T13:37:32.5768030Z ^[[0m^[[32mDownload^[[0m https://registry.npmjs.org/yargs-parser/-/yargs-parser-21.1.1.tgz
Test (deno on macos-latest)	UNKNOWN STEP	2026-05-18T13:37:32.5775230Z ^[[0m^[[32mDownload^[[0m https://registry.npmjs.org/get-caller-file/-/get-caller-file-2.0.5.tgz
Test (deno on macos-latest)	UNKNOWN STEP	2026-05-18T13:37:32.5775830Z ^[[0m^[[32mDownload^[[0m https://registry.npmjs.org/cliui/-/cliui-8.0.1.tgz
Test (deno on macos-latest)	UNKNOWN STEP	2026-05-18T13:37:32.5776330Z ^[[0m^[[32mDownload^[[0m https://registry.npmjs.org/escalade/-/escalade-3.2.0.tgz
Test (deno on macos-latest)	UNKNOWN STEP	2026-05-18T13:37:32.5776820Z ^[[0m^[[32mDownload^[[0m https://registry.npmjs.org/punycode/-/punycode-2.3.1.tgz
Test (deno on macos-latest)	UNKNOWN STEP	2026-05-18T13:37:32.5777300Z ^[[0m^[[32mDownload^[[0m https://registry.npmjs.org/isexe/-/isexe-2.0.0.tgz
Test (deno on macos-latest)	UNKNOWN STEP	2026-05-18T13:37:32.5777750Z ^[[0m^[[32mDownload^[[0m https://registry.npmjs.org/shebang-regex/-/shebang-regex-3.0.0.tgz
Test (deno on macos-latest)	UNKNOWN STEP	2026-05-18T13:37:32.5778280Z ^[[0m^[[32mDownload^[[0m https://registry.npmjs.org/balanced-match/-/balanced-match-4.0.4.tgz
Test (deno on macos-latest)	UNKNOWN STEP	2026-05-18T13:37:32.5778760Z ^[[0m^[[32mDownload^[[0m https://registry.npmjs.org/flatted/-/flatted-3.4.2.tgz
Test (deno on macos-latest)	UNKNOWN STEP	2026-05-18T13:37:32.5780980Z ^[[0m^[[32mDownload^[[0m https://registry.npmjs.org/keyv/-/keyv-4.5.4.tgz
Test (deno on macos-latest)	UNKNOWN STEP	2026-05-18T13:37:32.5781450Z ^[[0m^[[32mDownload^[[0m https://registry.npmjs.org/p-locate/-/p-locate-5.0.0.tgz
Test (deno on macos-latest)	UNKNOWN STEP	2026-05-18T13:37:32.5781920Z ^[[0m^[[32mDownload^[[0m https://registry.npmjs.org/pug-filters/-/pug-filters-4.0.0.tgz
Test (deno on macos-latest)	UNKNOWN STEP	2026-05-18T13:37:32.5782390Z ^[[0m^[[32mDownload^[[0m https://registry.npmjs.org/pug-runtime/-/pug-runtime-3.0.1.tgz
Test (deno on macos-latest)	UNKNOWN STEP	2026-05-18T13:37:32.5782870Z ^[[0m^[[32mDownload^[[0m https://registry.npmjs.org/pug-load/-/pug-load-3.0.0.tgz
Test (deno on macos-latest)	UNKNOWN STEP	2026-05-18T13:37:32.5783480Z ^[[0m^[[32mDownload^[[0m https://registry.npmjs.org/pug-strip-comments/-/pug-strip-comments-2.0.0.tgz
Test (deno on macos-latest)	UNKNOWN STEP	2026-05-18T13:37:32.5784060Z ^[[0m^[[32mDownload^[[0m https://registry.npmjs.org/pug-code-gen/-/pug-code-gen-3.0.4.tgz
Test (deno on macos-latest)	UNKNOWN STEP	2026-05-18T13:37:32.5784570Z ^[[0m^[[32mDownload^[[0m https://registry.npmjs.org/pug-parser/-/pug-parser-6.0.0.tgz
Test (deno on macos-latest)	UNKNOWN STEP	2026-05-18T13:37:32.5785070Z ^[[0m^[[32mDownload^[[0m https://registry.npmjs.org/pug-lexer/-/pug-lexer-5.0.1.tgz
Test (deno on macos-latest)	UNKNOWN STEP	2026-05-18T13:37:32.5785520Z ^[[0m^[[32mDownload^[[0m https://registry.npmjs.org/pug-linker/-/pug-linker-4.0.0.tgz
Test (deno on macos-latest)	UNKNOWN STEP	2026-05-18T13:37:32.5785990Z ^[[0m^[[32mDownload^[[0m https://registry.npmjs.org/repeat-string/-/repeat-string-1.6.1.tgz
Test (deno on macos-latest)	UNKNOWN STEP	2026-05-18T13:37:32.5786480Z ^[[0m^[[32mDownload^[[0m https://registry.npmjs.org/@nodelib/fs.walk/-/fs.walk-1.2.8.tgz
Test (deno on macos-latest)	UNKNOWN STEP	2026-05-18T13:37:32.5786950Z ^[[0m^[[32mDownload^[[0m https://registry.npmjs.org/glob-parent/-/glob-parent-5.1.2.tgz
Test (deno on macos-latest)	UNKNOWN STEP	2026-05-18T13:37:32.5787420Z ^[[0m^[[32mDownload^[[0m https://registry.npmjs.org/merge2/-/merge2-1.4.1.tgz
Test (deno on macos-latest)	UNKNOWN STEP	2026-05-18T13:37:32.5787880Z ^[[0m^[[32mDownload^[[0m https://registry.npmjs.org/@nodelib/fs.stat/-/fs.stat-2.0.5.tgz
Test (deno on macos-latest)	UNKNOWN STEP	2026-05-18T13:37:32.5788400Z ^[[0m^[[32mDownload^[[0m https://registry.npmjs.org/execa/-/execa-4.1.0.tgz
Test (deno on macos-latest)	UNKNOWN STEP	2026-05-18T13:37:32.5788850Z ^[[0m^[[32mDownload^[[0m https://registry.npmjs.org/@colors/colors/-/colors-1.5.0.tgz
Test (deno on macos-latest)	UNKNOWN STEP	2026-05-18T13:37:32.5789280Z ^[[0m^[[32mDownload^[[0m https://registry.npmjs.org/@types/sarif/-/sarif-2.1.7.tgz
Test (deno on macos-latest)	UNKNOWN STEP	2026-05-18T13:37:32.5790110Z ^[[0m^[[32mDownload^[[0m https://registry.npmjs.org/ansi-regex/-/ansi-regex-5.0.1.tgz
Test (deno on macos-latest)	UNKNOWN STEP	2026-05-18T13:37:32.5790630Z ^[[0m^[[32mDownload^[[0m https://registry.npmjs.org/js-yaml/-/js-yaml-4.1.1.tgz
Test (deno on macos-latest)	UNKNOWN STEP	2026-05-18T13:37:32.5791110Z ^[[0m^[[32mDownload^[[0m https://registry.npmjs.org/p-map/-/p-map-2.1.0.tgz
Test (deno on macos-latest)	UNKNOWN STEP	2026-05-18T13:37:32.5791620Z ^[[0m^[[32mDownload^[[0m https://registry.npmjs.org/safer-buffer/-/safer-buffer-2.1.2.tgz
Test (deno on macos-latest)	UNKNOWN STEP	2026-05-18T13:37:32.5792170Z ^[[0m^[[32mDownload^[[0m https://registry.npmjs.org/better-path-resolve/-/better-path-resolve-1.0.0.tgz
Test (deno on macos-latest)	UNKNOWN STEP	2026-05-18T13:37:32.5792900Z ^[[0m^[[32mDownload^[[0m https://registry.npmjs.org/picomatch/-/picomatch-2.3.2.tgz
Test (deno on macos-latest)	UNKNOWN STEP	2026-05-18T13:37:32.5793300Z ^[[0m^[[32mDownload^[[0m https://registry.npmjs.org/braces/-/braces-3.0.3.tgz
Test (deno on macos-latest)	UNKNOWN STEP	2026-05-18T13:37:32.5793700Z ^[[0m^[[32mDownload^[[0m https://registry.npmjs.org/@types/node/-/node-12.20.55.tgz
Test (deno on macos-latest)	UNKNOWN STEP	2026-05-18T13:37:32.5794110Z ^[[0m^[[32mDownload^[[0m https://registry.npmjs.org/find-up/-/find-up-4.1.0.tgz
Test (deno on macos-latest)	UNKNOWN STEP	2026-05-18T13:37:32.5794520Z ^[[0m^[[32mDownload^[[0m https://registry.npmjs.org/strip-bom/-/strip-bom-3.0.0.tgz
Test (deno on macos-latest)	UNKNOWN STEP	2026-05-18T13:37:32.5794920Z ^[[0m^[[32mDownload^[[0m https://registry.npmjs.org/pify/-/pify-4.0.1.tgz
Test (deno on macos-latest)	UNKNOWN STEP	2026-05-18T13:37:32.5795310Z ^[[0m^[[32mDownload^[[0m https://registry.npmjs.org/js-yaml/-/js-yaml-3.14.2.tgz
Test (deno on macos-latest)	UNKNOWN STEP	2026-05-18T13:37:32.5795690Z ^[[0m^[[32mDownload^[[0m https://registry.npmjs.org/slash/-/slash-3.0.0.tgz
Test (deno on macos-latest)	UNKNOWN STEP	2026-05-18T13:37:32.5796110Z ^[[0m^[[32mDownload^[[0m https://registry.npmjs.org/array-union/-/array-union-2.1.0.tgz
Test (deno on macos-latest)	UNKNOWN STEP	2026-05-18T13:37:32.5796530Z ^[[0m^[[32mDownload^[[0m https://registry.npmjs.org/dir-glob/-/dir-glob-3.0.1.tgz
Test (deno on macos-latest)	UNKNOWN STEP	2026-05-18T13:37:32.5796970Z ^[[0m^[[32mDownload^[[0m https://registry.npmjs.org/emoji-regex/-/emoji-regex-8.0.0.tgz
Test (deno on macos-latest)	UNKNOWN STEP	2026-05-18T13:37:32.5797510Z ^[[0m^[[32mDownload^[[0m https://registry.npmjs.org/is-fullwidth-code-point/-/is-fullwidth-code-point-3.0.0.tgz
Test (deno on macos-latest)	UNKNOWN STEP	2026-05-18T13:37:32.5798020Z ^[[0m^[[32mDownload^[[0m https://registry.npmjs.org/wrap-ansi/-/wrap-ansi-7.0.0.tgz
Test (deno on macos-latest)	UNKNOWN STEP	2026-05-18T13:37:32.5798460Z ^[[0m^[[32mDownload^[[0m https://registry.npmjs.org/json-buffer/-/json-buffer-3.0.1.tgz
Test (deno on macos-latest)	UNKNOWN STEP	2026-05-18T13:37:32.5798880Z ^[[0m^[[32mDownload^[[0m https://registry.npmjs.org/p-limit/-/p-limit-3.1.0.tgz
Test (deno on macos-latest)	UNKNOWN STEP	2026-05-18T13:37:32.5799290Z ^[[0m^[[32mDownload^[[0m https://registry.npmjs.org/resolve/-/resolve-1.22.12.tgz
Test (deno on macos-latest)	UNKNOWN STEP	2026-05-18T13:37:32.5801160Z ^[[0m^[[32mDownload^[[0m https://registry.npmjs.org/constantinople/-/constantinople-4.0.1.tgz
Test (deno on macos-latest)	UNKNOWN STEP	2026-05-18T13:37:32.5802470Z ^[[0m^[[32mDownload^[[0m https://registry.npmjs.org/pug-error/-/pug-error-2.1.0.tgz
Test (deno on macos-latest)	UNKNOWN STEP	2026-05-18T13:37:32.5804000Z ^[[0m^[[32mDownload^[[0m https://registry.npmjs.org/pug-walk/-/pug-walk-2.0.0.tgz
Test (deno on macos-latest)	UNKNOWN STEP	2026-05-18T13:37:32.5805210Z ^[[0m^[[32mDownload^[[0m https://registry.npmjs.org/jstransformer/-/jstransformer-1.0.0.tgz
Test (deno on macos-latest)	UNKNOWN STEP	2026-05-18T13:37:32.5806480Z ^[[0m^[[32mDownload^[[0m https://registry.npmjs.org/object-assign/-/object-assign-4.1.1.tgz
Test (deno on macos-latest)	UNKNOWN STEP	2026-05-18T13:37:32.5807610Z ^[[0m^[[32mDownload^[[0m https://registry.npmjs.org/with/-/with-7.0.2.tgz
Test (deno on macos-latest)	UNKNOWN STEP	2026-05-18T13:37:32.5808710Z ^[[0m^[[32mDownload^[[0m https://registry.npmjs.org/js-stringify/-/js-stringify-1.0.2.tgz
Test (deno on macos-latest)	UNKNOWN STEP	2026-05-18T13:37:32.5809900Z ^[[0m^[[32mDownload^[[0m https://registry.npmjs.org/pug-attrs/-/pug-attrs-3.0.0.tgz
Test (deno on macos-latest)	UNKNOWN STEP	2026-05-18T13:37:32.5811210Z ^[[0m^[[32mDownload^[[0m https://registry.npmjs.org/doctypes/-/doctypes-1.1.0.tgz
Test (deno on macos-latest)	UNKNOWN STEP	2026-05-18T13:37:32.5811830Z ^[[0m^[[32mDownload^[[0m https://registry.npmjs.org/void-elements/-/void-elements-3.1.0.tgz
Test (deno on macos-latest)	UNKNOWN STEP	2026-05-18T13:37:32.5812320Z ^[[0m^[[32mDownload^[[0m https://registry.npmjs.org/token-stream/-/token-stream-1.0.0.tgz
Test (deno on macos-latest)	UNKNOWN STEP	2026-05-18T13:37:32.5812820Z ^[[0m^[[32mDownload^[[0m https://registry.npmjs.org/character-parser/-/character-parser-2.2.0.tgz
Test (deno on macos-latest)	UNKNOWN STEP	2026-05-18T13:37:32.5813340Z ^[[0m^[[32mDownload^[[0m https://registry.npmjs.org/is-expression/-/is-expression-4.0.0.tgz
Test (deno on macos-latest)	UNKNOWN STEP	2026-05-18T13:37:32.5813810Z ^[[0m^[[32mDownload^[[0m https://registry.npmjs.org/fastq/-/fastq-1.20.1.tgz
Test (deno on macos-latest)	UNKNOWN STEP	2026-05-18T13:37:32.5814260Z ^[[0m^[[32mDownload^[[0m https://registry.npmjs.org/@nodelib/fs.scandir/-/fs.scandir-2.1.5.tgz
Test (deno on macos-latest)	UNKNOWN STEP	2026-05-18T13:37:32.5815070Z ^[[0m^[[32mDownload^[[0m https://registry.npmjs.org/merge-stream/-/merge-stream-2.0.0.tgz
Test (deno on macos-latest)	UNKNOWN STEP	2026-05-18T13:37:32.5815550Z ^[[0m^[[32mDownload^[[0m https://registry.npmjs.org/is-stream/-/is-stream-2.0.1.tgz
Test (deno on macos-latest)	UNKNOWN STEP	2026-05-18T13:37:32.5815990Z ^[[0m^[[32mDownload^[[0m https://registry.npmjs.org/human-signals/-/human-signals-1.1.1.tgz
Test (deno on macos-latest)	UNKNOWN STEP	2026-05-18T13:37:32.5816440Z ^[[0m^[[32mDownload^[[0m https://registry.npmjs.org/onetime/-/onetime-5.1.2.tgz
Test (deno on macos-latest)	UNKNOWN STEP	2026-05-18T13:37:32.5816860Z ^[[0m^[[32mDownload^[[0m https://registry.npmjs.org/get-stream/-/get-stream-5.2.0.tgz
Test (deno on macos-latest)	UNKNOWN STEP	2026-05-18T13:37:32.5817470Z ^[[0m^[[32mDownload^[[0m https://registry.npmjs.org/npm-run-path/-/npm-run-path-4.0.1.tgz
Test (deno on macos-latest)	UNKNOWN STEP	2026-05-18T13:37:32.5817990Z ^[[0m^[[32mDownload^[[0m https://registry.npmjs.org/strip-final-newline/-/strip-final-newline-2.0.0.tgz
Test (deno on macos-latest)	UNKNOWN STEP	2026-05-18T13:37:32.5818500Z ^[[0m^[[32mDownload^[[0m https://registry.npmjs.org/signal-exit/-/signal-exit-3.0.7.tgz
Test (deno on macos-latest)	UNKNOWN STEP	2026-05-18T13:37:32.5818940Z ^[[0m^[[32mDownload^[[0m https://registry.npmjs.org/argparse/-/argparse-2.0.1.tgz
Test (deno on macos-latest)	UNKNOWN STEP	2026-05-18T13:37:32.5819360Z ^[[0m^[[32mDownload^[[0m https://registry.npmjs.org/is-windows/-/is-windows-1.0.2.tgz
Test (deno on macos-latest)	UNKNOWN STEP	2026-05-18T13:37:32.5819800Z ^[[0m^[[32mDownload^[[0m https://registry.npmjs.org/fill-range/-/fill-range-7.1.1.tgz
Test (deno on macos-latest)	UNKNOWN STEP	2026-05-18T13:37:32.5820280Z ^[[0m^[[32mDownload^[[0m https://registry.npmjs.org/locate-path/-/locate-path-5.0.0.tgz
Test (deno on macos-latest)	UNKNOWN STEP	2026-05-18T13:37:32.5820750Z ^[[0m^[[32mDownload^[[0m https://registry.npmjs.org/argparse/-/argparse-1.0.10.tgz
Test (deno on macos-latest)	UNKNOWN STEP	2026-05-18T13:37:32.5821160Z ^[[0m^[[32mDownload^[[0m https://registry.npmjs.org/esprima/-/esprima-4.0.1.tgz
Test (deno on macos-latest)	UNKNOWN STEP	2026-05-18T13:37:32.5821710Z ^[[0m^[[32mDownload^[[0m https://registry.npmjs.org/path-type/-/path-type-4.0.0.tgz
Test (deno on macos-latest)	UNKNOWN STEP	2026-05-18T13:37:32.5822160Z ^[[0m^[[32mDownload^[[0m https://registry.npmjs.org/ansi-styles/-/ansi-styles-4.3.0.tgz
Test (deno on macos-latest)	UNKNOWN STEP	2026-05-18T13:37:32.5822610Z ^[[0m^[[32mDownload^[[0m https://registry.npmjs.org/yocto-queue/-/yocto-queue-0.1.0.tgz
Test (deno on macos-latest)	UNKNOWN STEP	2026-05-18T13:37:32.5823050Z ^[[0m^[[32mDownload^[[0m https://registry.npmjs.org/es-errors/-/es-errors-1.3.0.tgz
Test (deno on macos-latest)	UNKNOWN STEP	2026-05-18T13:37:32.5823480Z ^[[0m^[[32mDownload^[[0m https://registry.npmjs.org/path-parse/-/path-parse-1.0.7.tgz
Test (deno on macos-latest)	UNKNOWN STEP	2026-05-18T13:37:32.5823950Z ^[[0m^[[32mDownload^[[0m https://registry.npmjs.org/is-core-module/-/is-core-module-2.16.2.tgz
Test (deno on macos-latest)	UNKNOWN STEP	2026-05-18T13:37:32.5824580Z ^[[0m^[[32mDownload^[[0m https://registry.npmjs.org/supports-preserve-symlinks-flag/-/supports-preserve-symlinks-flag-1.0.0.tgz
Test (deno on macos-latest)	UNKNOWN STEP	2026-05-18T13:37:32.5825170Z ^[[0m^[[32mDownload^[[0m https://registry.npmjs.org/@babel/parser/-/parser-7.29.3.tgz
Test (deno on macos-latest)	UNKNOWN STEP	2026-05-18T13:37:32.5825600Z ^[[0m^[[32mDownload^[[0m https://registry.npmjs.org/@babel/types/-/types-7.29.0.tgz
Test (deno on macos-latest)	UNKNOWN STEP	2026-05-18T13:37:32.5826030Z ^[[0m^[[32mDownload^[[0m https://registry.npmjs.org/is-promise/-/is-promise-2.2.2.tgz
Test (deno on macos-latest)	UNKNOWN STEP	2026-05-18T13:37:32.5826440Z ^[[0m^[[32mDownload^[[0m https://registry.npmjs.org/promise/-/promise-7.3.1.tgz
Test (deno on macos-latest)	UNKNOWN STEP	2026-05-18T13:37:32.5826890Z ^[[0m^[[32mDownload^[[0m https://registry.npmjs.org/babel-walk/-/babel-walk-3.0.0-canary-5.tgz
Test (deno on macos-latest)	UNKNOWN STEP	2026-05-18T13:37:32.5827370Z ^[[0m^[[32mDownload^[[0m https://registry.npmjs.org/assert-never/-/assert-never-1.4.0.tgz
Test (deno on macos-latest)	UNKNOWN STEP	2026-05-18T13:37:32.5827810Z ^[[0m^[[32mDownload^[[0m https://registry.npmjs.org/is-regex/-/is-regex-1.2.1.tgz
Test (deno on macos-latest)	UNKNOWN STEP	2026-05-18T13:37:32.5828210Z ^[[0m^[[32mDownload^[[0m https://registry.npmjs.org/acorn/-/acorn-7.4.1.tgz
Test (deno on macos-latest)	UNKNOWN STEP	2026-05-18T13:37:32.5828590Z ^[[0m^[[32mDownload^[[0m https://registry.npmjs.org/reusify/-/reusify-1.1.0.tgz
Test (deno on macos-latest)	UNKNOWN STEP	2026-05-18T13:37:32.5829030Z ^[[0m^[[32mDownload^[[0m https://registry.npmjs.org/run-parallel/-/run-parallel-1.2.0.tgz
Test (deno on macos-latest)	UNKNOWN STEP	2026-05-18T13:37:32.5829470Z ^[[0m^[[32mDownload^[[0m https://registry.npmjs.org/mimic-fn/-/mimic-fn-2.1.0.tgz
Test (deno on macos-latest)	UNKNOWN STEP	2026-05-18T13:37:32.5829880Z ^[[0m^[[32mDownload^[[0m https://registry.npmjs.org/pump/-/pump-3.0.4.tgz
Test (deno on macos-latest)	UNKNOWN STEP	2026-05-18T13:37:32.5830300Z ^[[0m^[[32mDownload^[[0m https://registry.npmjs.org/to-regex-range/-/to-regex-range-5.0.1.tgz
Test (deno on macos-latest)	UNKNOWN STEP	2026-05-18T13:37:32.5830750Z ^[[0m^[[32mDownload^[[0m https://registry.npmjs.org/p-locate/-/p-locate-4.1.0.tgz
Test (deno on macos-latest)	UNKNOWN STEP	2026-05-18T13:37:32.5831170Z ^[[0m^[[32mDownload^[[0m https://registry.npmjs.org/sprintf-js/-/sprintf-js-1.0.3.tgz
Test (deno on macos-latest)	UNKNOWN STEP	2026-05-18T13:37:32.5831640Z ^[[0m^[[32mDownload^[[0m https://registry.npmjs.org/color-convert/-/color-convert-2.0.1.tgz
Test (deno on macos-latest)	UNKNOWN STEP	2026-05-18T13:37:32.5832440Z ^[[0m^[[32mDownload^[[0m https://registry.npmjs.org/hasown/-/hasown-2.0.3.tgz
Test (deno on macos-latest)	UNKNOWN STEP	2026-05-18T13:37:32.5833000Z ^[[0m^[[32mDownload^[[0m https://registry.npmjs.org/@babel/helper-string-parser/-/helper-string-parser-7.27.1.tgz
Test (deno on macos-latest)	UNKNOWN STEP	2026-05-18T13:37:32.5833660Z ^[[0m^[[32mDownload^[[0m https://registry.npmjs.org/@babel/helper-validator-identifier/-/helper-validator-identifier-7.28.5.tgz
Test (deno on macos-latest)	UNKNOWN STEP	2026-05-18T13:37:32.5834200Z ^[[0m^[[32mDownload^[[0m https://registry.npmjs.org/asap/-/asap-2.0.6.tgz
Test (deno on macos-latest)	UNKNOWN STEP	2026-05-18T13:37:32.5835030Z ^[[0m^[[32mDownload^[[0m https://registry.npmjs.org/call-bound/-/call-bound-1.0.4.tgz
Test (deno on macos-latest)	UNKNOWN STEP	2026-05-18T13:37:32.5835500Z ^[[0m^[[32mDownload^[[0m https://registry.npmjs.org/has-tostringtag/-/has-tostringtag-1.0.2.tgz
Test (deno on macos-latest)	UNKNOWN STEP	2026-05-18T13:37:32.5835930Z ^[[0m^[[32mDownload^[[0m https://registry.npmjs.org/gopd/-/gopd-1.2.0.tgz
Test (deno on macos-latest)	UNKNOWN STEP	2026-05-18T13:37:32.5836360Z ^[[0m^[[32mDownload^[[0m https://registry.npmjs.org/queue-microtask/-/queue-microtask-1.2.3.tgz
Test (deno on macos-latest)	UNKNOWN STEP	2026-05-18T13:37:32.5836840Z ^[[0m^[[32mDownload^[[0m https://registry.npmjs.org/end-of-stream/-/end-of-stream-1.4.5.tgz
Test (deno on macos-latest)	UNKNOWN STEP	2026-05-18T13:37:32.5837290Z ^[[0m^[[32mDownload^[[0m https://registry.npmjs.org/once/-/once-1.4.0.tgz
Test (deno on macos-latest)	UNKNOWN STEP	2026-05-18T13:37:32.5837680Z ^[[0m^[[32mDownload^[[0m https://registry.npmjs.org/is-number/-/is-number-7.0.0.tgz
Test (deno on macos-latest)	UNKNOWN STEP	2026-05-18T13:37:32.5838100Z ^[[0m^[[32mDownload^[[0m https://registry.npmjs.org/p-limit/-/p-limit-2.3.0.tgz
Test (deno on macos-latest)	UNKNOWN STEP	2026-05-18T13:37:32.5838520Z ^[[0m^[[32mDownload^[[0m https://registry.npmjs.org/color-name/-/color-name-1.1.4.tgz
Test (deno on macos-latest)	UNKNOWN STEP	2026-05-18T13:37:32.5838990Z ^[[0m^[[32mDownload^[[0m https://registry.npmjs.org/function-bind/-/function-bind-1.1.2.tgz
Test (deno on macos-latest)	UNKNOWN STEP	2026-05-18T13:37:32.5839470Z ^[[0m^[[32mDownload^[[0m https://registry.npmjs.org/get-intrinsic/-/get-intrinsic-1.3.0.tgz
Test (deno on macos-latest)	UNKNOWN STEP	2026-05-18T13:37:32.5840040Z ^[[0m^[[32mDownload^[[0m https://registry.npmjs.org/call-bind-apply-helpers/-/call-bind-apply-helpers-1.0.2.tgz
Test (deno on macos-latest)	UNKNOWN STEP	2026-05-18T13:37:32.5840570Z ^[[0m^[[32mDownload^[[0m https://registry.npmjs.org/has-symbols/-/has-symbols-1.1.0.tgz
Test (deno on macos-latest)	UNKNOWN STEP	2026-05-18T13:37:32.5841010Z ^[[0m^[[32mDownload^[[0m https://registry.npmjs.org/wrappy/-/wrappy-1.0.2.tgz
Test (deno on macos-latest)	UNKNOWN STEP	2026-05-18T13:37:32.5841400Z ^[[0m^[[32mDownload^[[0m https://registry.npmjs.org/p-try/-/p-try-2.2.0.tgz
Test (deno on macos-latest)	UNKNOWN STEP	2026-05-18T13:37:32.5841960Z ^[[0m^[[32mDownload^[[0m https://registry.npmjs.org/math-intrinsics/-/math-intrinsics-1.1.0.tgz
Test (deno on macos-latest)	UNKNOWN STEP	2026-05-18T13:37:32.5842620Z ^[[0m^[[32mDownload^[[0m https://registry.npmjs.org/es-define-property/-/es-define-property-1.0.1.tgz
Test (deno on macos-latest)	UNKNOWN STEP	2026-05-18T13:37:32.5843160Z ^[[0m^[[32mDownload^[[0m https://registry.npmjs.org/es-object-atoms/-/es-object-atoms-1.1.1.tgz
Test (deno on macos-latest)	UNKNOWN STEP	2026-05-18T13:37:32.5843650Z ^[[0m^[[32mDownload^[[0m https://registry.npmjs.org/get-proto/-/get-proto-1.0.1.tgz
Test (deno on macos-latest)	UNKNOWN STEP	2026-05-18T13:37:32.5844100Z ^[[0m^[[32mDownload^[[0m https://registry.npmjs.org/dunder-proto/-/dunder-proto-1.0.1.tgz
Test (deno on macos-latest)	UNKNOWN STEP	2026-05-18T13:37:32.6632320Z ^[[0m^[[32mInitialize^[[0m jscpd@4.2.3
Test (deno on macos-latest)	UNKNOWN STEP	2026-05-18T13:37:32.6639120Z ^[[0m^[[32mInitialize^[[0m links-notation@0.13.0
Test (deno on macos-latest)	UNKNOWN STEP	2026-05-18T13:37:32.6747260Z ^[[0m^[[32mInitialize^[[0m lino-objects-codec@0.4.0
Test (deno on macos-latest)	UNKNOWN STEP	2026-05-18T13:37:32.8150470Z ^[[0m^[[32mInitialize^[[0m @changesets/cli@2.31.0
Test (deno on macos-latest)	UNKNOWN STEP	2026-05-18T13:37:32.8226780Z ^[[0m^[[32mInitialize^[[0m @eslint/js@10.0.1
Test (deno on macos-latest)	UNKNOWN STEP	2026-05-18T13:37:32.8250540Z ^[[0m^[[32mInitialize^[[0m eslint-config-prettier@10.1.8
Test (deno on macos-latest)	UNKNOWN STEP	2026-05-18T13:37:32.8250980Z ^[[0m^[[32mInitialize^[[0m eslint-plugin-prettier@5.5.5
Test (deno on macos-latest)	UNKNOWN STEP	2026-05-18T13:37:32.8251300Z ^[[0m^[[32mInitialize^[[0m glob-parent@6.0.2
Test (deno on macos-latest)	UNKNOWN STEP	2026-05-18T13:37:32.8251570Z ^[[0m^[[32mInitialize^[[0m imurmurhash@0.1.4
Test (deno on macos-latest)	UNKNOWN STEP	2026-05-18T13:37:32.8251840Z ^[[0m^[[32mInitialize^[[0m @humanfs/node@0.16.8
Test (deno on macos-latest)	UNKNOWN STEP	2026-05-18T13:37:32.8252140Z ^[[0m^[[32mInitialize^[[0m ignore@5.3.2
Test (deno on macos-latest)	UNKNOWN STEP	2026-05-18T13:37:32.8252440Z ^[[0m^[[32mInitialize^[[0m cross-spawn@7.0.6
Test (deno on macos-latest)	UNKNOWN STEP	2026-05-18T13:37:32.8252700Z ^[[0m^[[32mInitialize^[[0m esutils@2.0.3
Test (deno on macos-latest)	UNKNOWN STEP	2026-05-18T13:37:32.8421190Z ^[[0m^[[32mInitialize^[[0m file-entry-cache@8.0.0
Test (deno on macos-latest)	UNKNOWN STEP	2026-05-18T13:37:32.8421540Z ^[[0m^[[32mInitialize^[[0m @types/estree@1.0.9
Test (deno on macos-latest)	UNKNOWN STEP	2026-05-18T13:37:32.8421780Z ^[[0m^[[32mInitialize^[[0m lino-arguments@0.3.0
Test (deno on macos-latest)	UNKNOWN STEP	2026-05-18T13:37:32.8472990Z ^[[0m^[[32mInitialize^[[0m eslint-visitor-keys@5.0.1
Test (deno on macos-latest)	UNKNOWN STEP	2026-05-18T13:37:32.8473980Z ^[[0m^[[32mInitialize^[[0m @eslint/plugin-kit@0.7.1
Test (deno on macos-latest)	UNKNOWN STEP	2026-05-18T13:37:32.8474320Z ^[[0m^[[32mInitialize^[[0m optionator@0.9.4
Test (deno on macos-latest)	UNKNOWN STEP	2026-05-18T13:37:32.8474710Z ^[[0m^[[32mInitialize^[[0m @eslint-community/eslint-utils@4.9.1
Test (deno on macos-latest)	UNKNOWN STEP	2026-05-18T13:37:32.8519120Z ^[[0m^[[32mInitialize^[[0m escape-string-regexp@4.0.0
Test (deno on macos-latest)	UNKNOWN STEP	2026-05-18T13:37:32.8574620Z ^[[0m^[[32mInitialize^[[0m eslint-scope@9.1.2
Test (deno on macos-latest)	UNKNOWN STEP	2026-05-18T13:37:32.8641440Z ^[[0m^[[32mInitialize^[[0m spawndamnit@3.0.1
Test (deno on macos-latest)	UNKNOWN STEP	2026-05-18T13:37:32.8677640Z ^[[0m^[[32mInitialize^[[0m @eslint/config-array@0.23.5
Test (deno on macos-latest)	UNKNOWN STEP	2026-05-18T13:37:32.8718730Z ^[[0m^[[32mInitialize^[[0m semver@7.8.0
Test (deno on macos-latest)	UNKNOWN STEP	2026-05-18T13:37:32.8937460Z ^[[0m^[[32mInitialize^[[0m find-up@5.0.0
Test (deno on macos-latest)	UNKNOWN STEP	2026-05-18T13:37:32.8987220Z ^[[0m^[[32mInitialize^[[0m minimatch@10.2.5
Test (deno on macos-latest)	UNKNOWN STEP	2026-05-18T13:37:32.9011650Z ^[[0m^[[32mInitialize^[[0m @jscpd/badge-reporter@4.2.3
Test (deno on macos-latest)	UNKNOWN STEP	2026-05-18T13:37:32.9012130Z ^[[0m^[[32mInitialize^[[0m esquery@1.7.0
Test (deno on macos-latest)	UNKNOWN STEP	2026-05-18T13:37:32.9448090Z ^[[0m^[[32mInitialize^[[0m fast-deep-equal@3.1.3
Test (deno on macos-latest)	UNKNOWN STEP	2026-05-18T13:37:32.9553440Z ^[[0m^[[32mInitialize^[[0m json-stable-stringify-without-jsonify@1.0.1
Test (deno on macos-latest)	UNKNOWN STEP	2026-05-18T13:37:32.9658400Z ^[[0m^[[32mInitialize^[[0m natural-compare@1.4.0
Test (deno on macos-latest)	UNKNOWN STEP	2026-05-18T13:37:32.9765020Z ^[[0m^[[32mInitialize^[[0m is-glob@4.0.3
Test (deno on macos-latest)	UNKNOWN STEP	2026-05-18T13:37:32.9849130Z ^[[0m^[[32mInitialize^[[0m debug@4.4.3
Test (deno on macos-latest)	UNKNOWN STEP	2026-05-18T13:37:32.9859870Z ^[[0m^[[32mInitialize^[[0m espree@11.2.0
Test (deno on macos-latest)	UNKNOWN STEP	2026-05-18T13:37:32.9972420Z ^[[0m^[[32mInitialize^[[0m commander@5.1.0
Test (deno on macos-latest)	UNKNOWN STEP	2026-05-18T13:37:33.0074590Z ^[[0m^[[32mInitialize^[[0m colors@1.4.0
Test (deno on macos-latest)	UNKNOWN STEP	2026-05-18T13:37:33.0087090Z ^[[0m^[[32mInitialize^[[0m jscpd-sarif-reporter@4.2.3
Test (deno on macos-latest)	UNKNOWN STEP	2026-05-18T13:37:33.0087840Z ^[[0m^[[32mInitialize^[[0m fs-extra@11.3.5
Test (deno on macos-latest)	UNKNOWN STEP	2026-05-18T13:37:33.0154840Z ^[[0m^[[32mInitialize^[[0m getenv@2.0.0
Test (deno on macos-latest)	UNKNOWN STEP	2026-05-18T13:37:33.0155800Z ^[[0m^[[32mInitialize^[[0m picocolors@1.1.1
Test (deno on macos-latest)	UNKNOWN STEP	2026-05-18T13:37:33.0172300Z ^[[0m^[[32mInitialize^[[0m links-notation@0.11.2
Test (deno on macos-latest)	UNKNOWN STEP	2026-05-18T13:37:33.0202990Z ^[[0m^[[32mInitialize^[[0m enquirer@2.4.1
Test (deno on macos-latest)	UNKNOWN STEP	2026-05-18T13:37:33.0204290Z ^[[0m^[[32mInitialize^[[0m mri@1.2.0
Test (deno on macos-latest)	UNKNOWN STEP	2026-05-18T13:37:33.0206860Z ^[[0m^[[32mInitialize^[[0m yargs@17.7.2
Test (deno on macos-latest)	UNKNOWN STEP	2026-05-18T13:37:33.0207180Z ^[[0m^[[32mInitialize^[[0m term-size@2.2.1
Test (deno on macos-latest)	UNKNOWN STEP	2026-05-18T13:37:33.0208390Z ^[[0m^[[32mInitialize^[[0m @eslint/core@1.2.1
Test (deno on macos-latest)	UNKNOWN STEP	2026-05-18T13:37:33.0208700Z ^[[0m^[[32mInitialize^[[0m fs-extra@7.0.1
Test (deno on macos-latest)	UNKNOWN STEP	2026-05-18T13:37:33.0210200Z ^[[0m^[[32mInitialize^[[0m resolve-from@5.0.0
Test (deno on macos-latest)	UNKNOWN STEP	2026-05-18T13:37:33.0211440Z ^[[0m^[[32mInitialize^[[0m @changesets/types@6.1.0
Test (deno on macos-latest)	UNKNOWN STEP	2026-05-18T13:37:33.0212250Z ^[[0m^[[32mInitialize^[[0m @eslint/config-helpers@0.6.0
Test (deno on macos-latest)	UNKNOWN STEP	2026-05-18T13:37:33.0217140Z ^[[0m^[[32mInitialize^[[0m @jscpd/core@4.2.3
Test (deno on macos-latest)	UNKNOWN STEP	2026-05-18T13:37:33.0345330Z ^[[0m^[[32mInitialize^[[0m @humanwhocodes/retry@0.4.3
Test (deno on macos-latest)	UNKNOWN STEP	2026-05-18T13:37:33.0447690Z ^[[0m^[[32mInitialize^[[0m @eslint-community/regexpp@4.12.2
Test (deno on macos-latest)	UNKNOWN STEP	2026-05-18T13:37:33.0605390Z ^[[0m^[[32mInitialize^[[0m @changesets/get-release-plan@4.0.16
Test (deno on macos-latest)	UNKNOWN STEP	2026-05-18T13:37:33.0621760Z ^[[0m^[[32mInitialize^[[0m synckit@0.11.12
Test (deno on macos-latest)	UNKNOWN STEP	2026-05-18T13:37:33.0635690Z ^[[0m^[[32mInitialize^[[0m ansi-colors@4.1.3
Test (deno on macos-latest)	UNKNOWN STEP	2026-05-18T13:37:33.0659990Z ^[[0m^[[32mInitialize^[[0m prettier-linter-helpers@1.0.1
Test (deno on macos-latest)	UNKNOWN STEP	2026-05-18T13:37:33.0694350Z ^[[0m^[[32mInitialize^[[0m fast-levenshtein@2.0.6
Test (deno on macos-latest)	UNKNOWN STEP	2026-05-18T13:37:33.0694950Z ^[[0m^[[32mInitialize^[[0m lino-env@0.2.8
Test (deno on macos-latest)	UNKNOWN STEP	2026-05-18T13:37:33.0716200Z ^[[0m^[[32mInitialize^[[0m shebang-command@2.0.0
Test (deno on macos-latest)	UNKNOWN STEP	2026-05-18T13:37:33.0767220Z ^[[0m^[[32mInitialize^[[0m word-wrap@1.2.5
Test (deno on macos-latest)	UNKNOWN STEP	2026-05-18T13:37:33.0769240Z ^[[0m^[[32mInitialize^[[0m prelude-ls@1.2.1
Test (deno on macos-latest)	UNKNOWN STEP	2026-05-18T13:37:33.0769700Z ^[[0m^[[32mInitialize^[[0m eslint-visitor-keys@3.4.3
Test (deno on macos-latest)	UNKNOWN STEP	2026-05-18T13:37:33.0856960Z ^[[0m^[[32mInitialize^[[0m brace-expansion@5.0.6
Test (deno on macos-latest)	UNKNOWN STEP	2026-05-18T13:37:33.0874600Z ^[[0m^[[32mInitialize^[[0m ajv@6.15.0
Test (deno on macos-latest)	UNKNOWN STEP	2026-05-18T13:37:33.0929030Z ^[[0m^[[32mInitialize^[[0m type-check@0.4.0
Test (deno on macos-latest)	UNKNOWN STEP	2026-05-18T13:37:33.0941650Z ^[[0m^[[32mInitialize^[[0m json-schema-traverse@0.4.1
Test (deno on macos-latest)	UNKNOWN STEP	2026-05-18T13:37:33.1015260Z ^[[0m^[[32mInitialize^[[0m package-manager-detector@0.2.11
Test (deno on macos-latest)	UNKNOWN STEP	2026-05-18T13:37:33.1015820Z ^[[0m^[[32mInitialize^[[0m @inquirer/external-editor@1.0.3
Test (deno on macos-latest)	UNKNOWN STEP	2026-05-18T13:37:33.1093980Z ^[[0m^[[32mInitialize^[[0m deep-is@0.1.4
Test (deno on macos-latest)	UNKNOWN STEP	2026-05-18T13:37:33.1100870Z ^[[0m^[[32mInitialize^[[0m @jscpd/html-reporter@4.2.3
Test (deno on macos-latest)	UNKNOWN STEP	2026-05-18T13:37:33.1101210Z ^[[0m^[[32mInitialize^[[0m eslint@10.4.0
Test (deno on macos-latest)	UNKNOWN STEP	2026-05-18T13:37:33.1149740Z ^[[0m^[[32mInitialize^[[0m uri-js@4.4.1
Test (deno on macos-latest)	UNKNOWN STEP	2026-05-18T13:37:33.1184830Z ^[[0m^[[32mInitialize^[[0m which@2.0.2
Test (deno on macos-latest)	UNKNOWN STEP	2026-05-18T13:37:33.1185160Z ^[[0m^[[32mInitialize^[[0m path-key@3.1.1
Test (deno on macos-latest)	UNKNOWN STEP	2026-05-18T13:37:33.1222800Z ^[[0m^[[32mInitialize^[[0m @changesets/git@3.0.4
Test (deno on macos-latest)	UNKNOWN STEP	2026-05-18T13:37:33.1282950Z ^[[0m^[[32mInitialize^[[0m @changesets/changelog-git@0.2.1
Test (deno on macos-latest)	UNKNOWN STEP	2026-05-18T13:37:33.1338960Z ^[[0m^[[32mInitialize^[[0m @changesets/write@0.4.0
Test (deno on macos-latest)	UNKNOWN STEP	2026-05-18T13:37:33.1350780Z ^[[0m^[[32mInitialize^[[0m @changesets/assemble-release-plan@6.0.10
Test (deno on macos-latest)	UNKNOWN STEP	2026-05-18T13:37:33.1354590Z ^[[0m^[[32mInitialize^[[0m @changesets/should-skip-package@0.1.2
Test (deno on macos-latest)	UNKNOWN STEP	2026-05-18T13:37:33.1356320Z ^[[0m^[[32mInitialize^[[0m @changesets/errors@0.2.0
Test (deno on macos-latest)	UNKNOWN STEP	2026-05-18T13:37:33.1411130Z ^[[0m^[[32mInitialize^[[0m estraverse@5.3.0
Test (deno on macos-latest)	UNKNOWN STEP	2026-05-18T13:37:33.1413330Z ^[[0m^[[32mInitialize^[[0m @changesets/read@0.6.7
Test (deno on macos-latest)	UNKNOWN STEP	2026-05-18T13:37:33.1414880Z ^[[0m^[[32mInitialize^[[0m flat-cache@4.0.1
Test (deno on macos-latest)	UNKNOWN STEP	2026-05-18T13:37:33.1415130Z ^[[0m^[[32mInitialize^[[0m esrecurse@4.3.0
Test (deno on macos-latest)	UNKNOWN STEP	2026-05-18T13:37:33.1415410Z ^[[0m^[[32mInitialize^[[0m @changesets/pre@2.0.2
Test (deno on macos-latest)	UNKNOWN STEP	2026-05-18T13:37:33.1415710Z ^[[0m^[[32mInitialize^[[0m @humanwhocodes/module-importer@1.0.1
Test (deno on macos-latest)	UNKNOWN STEP	2026-05-18T13:37:33.1416000Z ^[[0m^[[32mInitialize^[[0m @jscpd/finder@4.2.3
Test (deno on macos-latest)	UNKNOWN STEP	2026-05-18T13:37:33.1420870Z ^[[0m^[[32mInitialize^[[0m fast-json-stable-stringify@2.1.0
Test (deno on macos-latest)	UNKNOWN STEP	2026-05-18T13:37:33.1421250Z ^[[0m^[[32mInitialize^[[0m @humanfs/core@0.19.2
Test (deno on macos-latest)	UNKNOWN STEP	2026-05-18T13:37:33.1421510Z ^[[0m^[[32mInitialize^[[0m levn@0.4.1
Test (deno on macos-latest)	UNKNOWN STEP	2026-05-18T13:37:33.1421730Z ^[[0m^[[32mInitialize^[[0m locate-path@6.0.0
Test (deno on macos-latest)	UNKNOWN STEP	2026-05-18T13:37:33.1422000Z ^[[0m^[[32mInitialize^[[0m @changesets/config@3.1.4
Test (deno on macos-latest)	UNKNOWN STEP	2026-05-18T13:37:33.1458990Z ^[[0m^[[32mInitialize^[[0m @manypkg/get-packages@1.1.3
Test (deno on macos-latest)	UNKNOWN STEP	2026-05-18T13:37:33.1481080Z ^[[0m^[[32mInitialize^[[0m @humanfs/types@0.15.0
Test (deno on macos-latest)	UNKNOWN STEP	2026-05-18T13:37:33.1513050Z ^[[0m^[[32mInitialize^[[0m @jscpd/tokenizer@4.2.3
Test (deno on macos-latest)	UNKNOWN STEP	2026-05-18T13:37:33.1517820Z ^[[0m^[[32mInitialize^[[0m @changesets/apply-release-plan@7.1.1
Test (deno on macos-latest)	UNKNOWN STEP	2026-05-18T13:37:33.1519610Z ^[[0m^[[32mInitialize^[[0m bytes@3.1.2
Test (deno on macos-latest)	UNKNOWN STEP	2026-05-18T13:37:33.1607370Z ^[[0m^[[32mInitialize^[[0m is-extglob@2.1.1
Test (deno on macos-latest)	UNKNOWN STEP	2026-05-18T13:37:33.1668100Z ^[[0m^[[32mInitialize^[[0m acorn-jsx@5.3.2
Test (deno on macos-latest)	UNKNOWN STEP	2026-05-18T13:37:33.1681260Z ^[[0m^[[32mInitialize^[[0m ms@2.1.3
Test (deno on macos-latest)	UNKNOWN STEP	2026-05-18T13:37:33.1689770Z ^[[0m^[[32mInitialize^[[0m @changesets/get-dependents-graph@2.1.4
Test (deno on macos-latest)	UNKNOWN STEP	2026-05-18T13:37:33.1706800Z ^[[0m^[[32mInitialize^[[0m @types/esrecurse@4.3.1
Test (deno on macos-latest)	UNKNOWN STEP	2026-05-18T13:37:33.1715630Z ^[[0m^[[32mInitialize^[[0m path-exists@4.0.0
Test (deno on macos-latest)	UNKNOWN STEP	2026-05-18T13:37:33.1781420Z ^[[0m^[[32mInitialize^[[0m spark-md5@3.0.2
Test (deno on macos-latest)	UNKNOWN STEP	2026-05-18T13:37:33.1787360Z ^[[0m^[[32mInitialize^[[0m @changesets/logger@0.1.1
Test (deno on macos-latest)	UNKNOWN STEP	2026-05-18T13:37:33.1798850Z ^[[0m^[[32mInitialize^[[0m eventemitter3@5.0.4
Test (deno on macos-latest)	UNKNOWN STEP	2026-05-18T13:37:33.1799210Z ^[[0m^[[32mInitialize^[[0m jsonfile@6.2.1
Test (deno on macos-latest)	UNKNOWN STEP	2026-05-18T13:37:33.1854250Z ^[[0m^[[32mInitialize^[[0m markdown-table@2.0.0
Test (deno on macos-latest)	UNKNOWN STEP	2026-05-18T13:37:33.1865080Z ^[[0m^[[32mInitialize^[[0m strip-ansi@6.0.1
Test (deno on macos-latest)	UNKNOWN STEP	2026-05-18T13:37:33.1867310Z ^[[0m^[[32mInitialize^[[0m universalify@2.0.1
Test (deno on macos-latest)	UNKNOWN STEP	2026-05-18T13:37:33.1870500Z ^[[0m^[[32mInitialize^[[0m badgen@3.3.2
Test (deno on macos-latest)	UNKNOWN STEP	2026-05-18T13:37:33.1873190Z ^[[0m^[[32mInitialize^[[0m fast-glob@3.3.3
Test (deno on macos-latest)	UNKNOWN STEP	2026-05-18T13:37:33.1894970Z ^[[0m^[[32mInitialize^[[0m node-sarif-builder@3.4.0
Test (deno on macos-latest)	UNKNOWN STEP	2026-05-18T13:37:33.1928160Z ^[[0m^[[32mInitialize^[[0m blamer@1.0.7
Test (deno on macos-latest)	UNKNOWN STEP	2026-05-18T13:37:33.1990250Z ^[[0m^[[32mInitialize^[[0m pug@3.0.4
Test (deno on macos-latest)	UNKNOWN STEP	2026-05-18T13:37:33.1999040Z ^[[0m^[[32mInitialize^[[0m p-filter@2.1.0
Test (deno on macos-latest)	UNKNOWN STEP	2026-05-18T13:37:33.2017110Z ^[[0m^[[32mInitialize^[[0m graceful-fs@4.2.11
Test (deno on macos-latest)	UNKNOWN STEP	2026-05-18T13:37:33.2020650Z ^[[0m^[[32mInitialize^[[0m @types/json-schema@7.0.15
Test (deno on macos-latest)	UNKNOWN STEP	2026-05-18T13:37:33.2053900Z ^[[0m^[[32mInitialize^[[0m quansync@0.2.11
Test (deno on macos-latest)	UNKNOWN STEP	2026-05-18T13:37:33.2080940Z ^[[0m^[[32mInitialize^[[0m human-id@4.1.3
Test (deno on macos-latest)	UNKNOWN STEP	2026-05-18T13:37:33.2098550Z ^[[0m^[[32mInitialize^[[0m acorn@8.16.0
Test (deno on macos-latest)	UNKNOWN STEP	2026-05-18T13:37:33.2100110Z ^[[0m^[[32mInitialize^[[0m cli-table3@0.6.5
Test (deno on macos-latest)	UNKNOWN STEP	2026-05-18T13:37:33.2137340Z ^[[0m^[[32mInitialize^[[0m @eslint/object-schema@3.0.5
Test (deno on macos-latest)	UNKNOWN STEP	2026-05-18T13:37:33.2153730Z ^[[0m^[[32mInitialize^[[0m @changesets/parse@0.4.3
Test (deno on macos-latest)	UNKNOWN STEP	2026-05-18T13:37:33.2163460Z ^[[0m^[[32mInitialize^[[0m read-yaml-file@1.1.0
Test (deno on macos-latest)	UNKNOWN STEP	2026-05-18T13:37:33.2205620Z ^[[0m^[[32mInitialize^[[0m fast-diff@1.3.0
Test (deno on macos-latest)	UNKNOWN STEP	2026-05-18T13:37:33.2212420Z ^[[0m^[[32mInitialize^[[0m outdent@0.5.0
Test (deno on macos-latest)	UNKNOWN STEP	2026-05-18T13:37:33.2221080Z ^[[0m^[[32mInitialize^[[0m chardet@2.1.1
Test (deno on macos-latest)	UNKNOWN STEP	2026-05-18T13:37:33.2235370Z ^[[0m^[[32mInitialize^[[0m y18n@5.0.8
Test (deno on macos-latest)	UNKNOWN STEP	2026-05-18T13:37:33.2240710Z ^[[0m^[[32mInitialize^[[0m micromatch@4.0.8
Test (deno on macos-latest)	UNKNOWN STEP	2026-05-18T13:37:33.2252370Z ^[[0m^[[32mInitialize^[[0m lodash.startcase@4.4.0
Test (deno on macos-latest)	UNKNOWN STEP	2026-05-18T13:37:33.2256810Z ^[[0m^[[32mInitialize^[[0m get-caller-file@2.0.5
Test (deno on macos-latest)	UNKNOWN STEP	2026-05-18T13:37:33.2263600Z ^[[0m^[[32mInitialize^[[0m iconv-lite@0.7.2
Test (deno on macos-latest)	UNKNOWN STEP	2026-05-18T13:37:33.2269800Z ^[[0m^[[32mInitialize^[[0m is-subdir@1.2.0
Test (deno on macos-latest)	UNKNOWN STEP	2026-05-18T13:37:33.2272390Z ^[[0m^[[32mInitialize^[[0m fs-extra@8.1.0
Test (deno on macos-latest)	UNKNOWN STEP	2026-05-18T13:37:33.2337700Z ^[[0m^[[32mInitialize^[[0m extendable-error@0.1.7
Test (deno on macos-latest)	UNKNOWN STEP	2026-05-18T13:37:33.2362280Z ^[[0m^[[32mInitialize^[[0m shebang-regex@3.0.0
Test (deno on macos-latest)	UNKNOWN STEP	2026-05-18T13:37:33.2362690Z ^[[0m^[[32mInitialize^[[0m punycode@2.3.1
Test (deno on macos-latest)	UNKNOWN STEP	2026-05-18T13:37:33.2378480Z ^[[0m^[[32mInitialize^[[0m pug-load@3.0.0
Test (deno on macos-latest)	UNKNOWN STEP	2026-05-18T13:37:33.2398410Z ^[[0m^[[32mInitialize^[[0m string-width@4.2.3
Test (deno on macos-latest)	UNKNOWN STEP	2026-05-18T13:37:33.2406140Z ^[[0m^[[32mInitialize^[[0m universalify@0.1.2
Test (deno on macos-latest)	UNKNOWN STEP	2026-05-18T13:37:33.2416610Z ^[[0m^[[32mInitialize^[[0m pug-filters@4.0.0
Test (deno on macos-latest)	UNKNOWN STEP	2026-05-18T13:37:33.2448260Z ^[[0m^[[32mInitialize^[[0m pug-lexer@5.0.1
Test (deno on macos-latest)	UNKNOWN STEP	2026-05-18T13:37:33.2448630Z ^[[0m^[[32mInitialize^[[0m globby@11.1.0
Test (deno on macos-latest)	UNKNOWN STEP	2026-05-18T13:37:33.2534380Z ^[[0m^[[32mInitialize^[[0m detect-indent@6.1.0
Test (deno on macos-latest)	UNKNOWN STEP	2026-05-18T13:37:33.2541480Z ^[[0m^[[32mInitialize^[[0m jsonfile@4.0.0
Test (deno on macos-latest)	UNKNOWN STEP	2026-05-18T13:37:33.2598250Z ^[[0m^[[32mInitialize^[[0m flatted@3.4.2
Test (deno on macos-latest)	UNKNOWN STEP	2026-05-18T13:37:33.2613190Z ^[[0m^[[32mInitialize^[[0m isexe@2.0.0
Test (deno on macos-latest)	UNKNOWN STEP	2026-05-18T13:37:33.2621640Z ^[[0m^[[32mInitialize^[[0m pug-runtime@3.0.1
Test (deno on macos-latest)	UNKNOWN STEP	2026-05-18T13:37:33.2626270Z ^[[0m^[[32mInitialize^[[0m p-locate@5.0.0
Test (deno on macos-latest)	UNKNOWN STEP	2026-05-18T13:37:33.2626520Z ^[[0m^[[32mInitialize^[[0m balanced-match@4.0.4
Test (deno on macos-latest)	UNKNOWN STEP	2026-05-18T13:37:33.2626770Z ^[[0m^[[32mInitialize^[[0m cliui@8.0.1
Test (deno on macos-latest)	UNKNOWN STEP	2026-05-18T13:37:33.2627220Z ^[[0m^[[32mInitialize^[[0m require-directory@2.1.1
Test (deno on macos-latest)	UNKNOWN STEP	2026-05-18T13:37:33.2631010Z ^[[0m^[[32mInitialize^[[0m yargs-parser@21.1.1
Test (deno on macos-latest)	UNKNOWN STEP	2026-05-18T13:37:33.2653760Z ^[[0m^[[32mInitialize^[[0m escalade@3.2.0
Test (deno on macos-latest)	UNKNOWN STEP	2026-05-18T13:37:33.2694160Z ^[[0m^[[32mInitialize^[[0m keyv@4.5.4
Test (deno on macos-latest)	UNKNOWN STEP	2026-05-18T13:37:33.2704120Z ^[[0m^[[32mInitialize^[[0m glob-parent@5.1.2
Test (deno on macos-latest)	UNKNOWN STEP	2026-05-18T13:37:33.2704580Z ^[[0m^[[32mInitialize^[[0m signal-exit@4.1.0
Test (deno on macos-latest)	UNKNOWN STEP	2026-05-18T13:37:33.2704820Z ^[[0m^[[32mInitialize^[[0m pug-parser@6.0.0
Test (deno on macos-latest)	UNKNOWN STEP	2026-05-18T13:37:33.2705080Z ^[[0m^[[32mInitialize^[[0m pug-strip-comments@2.0.0
Test (deno on macos-latest)	UNKNOWN STEP	2026-05-18T13:37:33.2705400Z ^[[0m^[[32mInitialize^[[0m @changesets/get-version-range-type@0.4.0
Test (deno on macos-latest)	UNKNOWN STEP	2026-05-18T13:37:33.2705700Z ^[[0m^[[32mInitialize^[[0m @manypkg/find-root@1.1.0
Test (deno on macos-latest)	UNKNOWN STEP	2026-05-18T13:37:33.2705970Z ^[[0m^[[32mInitialize^[[0m execa@4.1.0
Test (deno on macos-latest)	UNKNOWN STEP	2026-05-18T13:37:33.2706190Z ^[[0m^[[32mInitialize^[[0m pug-linker@4.0.0
Test (deno on macos-latest)	UNKNOWN STEP	2026-05-18T13:37:33.2706450Z ^[[0m^[[32mInitialize^[[0m find-up@4.1.0
Test (deno on macos-latest)	UNKNOWN STEP	2026-05-18T13:37:33.2708300Z ^[[0m^[[32mInitialize^[[0m merge2@1.4.1
Test (deno on macos-latest)	UNKNOWN STEP	2026-05-18T13:37:33.2708690Z ^[[0m^[[32mInitialize^[[0m p-map@2.1.0
Test (deno on macos-latest)	UNKNOWN STEP	2026-05-18T13:37:33.2708920Z ^[[0m^[[32mInitialize^[[0m emoji-regex@8.0.0
Test (deno on macos-latest)	UNKNOWN STEP	2026-05-18T13:37:33.2709140Z ^[[0m^[[32mInitialize^[[0m slash@3.0.0
Test (deno on macos-latest)	UNKNOWN STEP	2026-05-18T13:37:33.2709350Z ^[[0m^[[32mInitialize^[[0m p-limit@3.1.0
Test (deno on macos-latest)	UNKNOWN STEP	2026-05-18T13:37:33.2711550Z ^[[0m^[[32mInitialize^[[0m object-assign@4.1.1
Test (deno on macos-latest)	UNKNOWN STEP	2026-05-18T13:37:33.2711780Z ^[[0m^[[32mInitialize^[[0m braces@3.0.3
Test (deno on macos-latest)	UNKNOWN STEP	2026-05-18T13:37:33.2712150Z ^[[0m^[[32mInitialize^[[0m ansi-regex@5.0.1
Test (deno on macos-latest)	UNKNOWN STEP	2026-05-18T13:37:33.2753050Z ^[[0m^[[32mInitialize^[[0m json-buffer@3.0.1
Test (deno on macos-latest)	UNKNOWN STEP	2026-05-18T13:37:33.2753520Z ^[[0m^[[32mInitialize^[[0m picomatch@2.3.2
Test (deno on macos-latest)	UNKNOWN STEP	2026-05-18T13:37:33.2756450Z ^[[0m^[[32mInitialize^[[0m @changesets/types@4.1.0
Test (deno on macos-latest)	UNKNOWN STEP	2026-05-18T13:37:33.2759110Z ^[[0m^[[32mInitialize^[[0m is-fullwidth-code-point@3.0.0
Test (deno on macos-latest)	UNKNOWN STEP	2026-05-18T13:37:33.2759570Z ^[[0m^[[32mInitialize^[[0m repeat-string@1.6.1
Test (deno on macos-latest)	UNKNOWN STEP	2026-05-18T13:37:33.3329570Z ^[[0m^[[32mInitialize^[[0m pug-error@2.1.0
Test (deno on macos-latest)	UNKNOWN STEP	2026-05-18T13:37:33.3363150Z ^[[0m^[[32mInitialize^[[0m better-path-resolve@1.0.0
Test (deno on macos-latest)	UNKNOWN STEP	2026-05-18T13:37:33.3363610Z ^[[0m^[[32mInitialize^[[0m @pkgr/core@0.2.9
Test (deno on macos-latest)	UNKNOWN STEP	2026-05-18T13:37:33.3395140Z ^[[0m^[[32mInitialize^[[0m js-yaml@4.1.1
Test (deno on macos-latest)	UNKNOWN STEP	2026-05-18T13:37:33.3433700Z ^[[0m^[[32mInitialize^[[0m doctypes@1.1.0
Test (deno on macos-latest)	UNKNOWN STEP	2026-05-18T13:37:33.3451150Z ^[[0m^[[32mInitialize^[[0m array-union@2.1.0
Test (deno on macos-latest)	UNKNOWN STEP	2026-05-18T13:37:33.3473230Z ^[[0m^[[32mInitialize^[[0m wrap-ansi@7.0.0
Test (deno on macos-latest)	UNKNOWN STEP	2026-05-18T13:37:33.3540280Z ^[[0m^[[32mInitialize^[[0m pug-code-gen@3.0.4
Test (deno on macos-latest)	UNKNOWN STEP	2026-05-18T13:37:33.3555280Z ^[[0m^[[32mInitialize^[[0m js-yaml@3.14.2
Test (deno on macos-latest)	UNKNOWN STEP	2026-05-18T13:37:33.3573900Z ^[[0m^[[32mInitialize^[[0m fastq@1.20.1
Test (deno on macos-latest)	UNKNOWN STEP	2026-05-18T13:37:33.3585670Z ^[[0m^[[32mInitialize^[[0m safer-buffer@2.1.2
Test (deno on macos-latest)	UNKNOWN STEP	2026-05-18T13:37:33.3630530Z ^[[0m^[[32mInitialize^[[0m strip-bom@3.0.0
Test (deno on macos-latest)	UNKNOWN STEP	2026-05-18T13:37:33.3657280Z ^[[0m^[[32mInitialize^[[0m is-stream@2.0.1
Test (deno on macos-latest)	UNKNOWN STEP	2026-05-18T13:37:33.3660890Z ^[[0m^[[32mInitialize^[[0m npm-run-path@4.0.1
Test (deno on macos-latest)	UNKNOWN STEP	2026-05-18T13:37:33.3764200Z ^[[0m^[[32mInitialize^[[0m pify@4.0.1
Test (deno on macos-latest)	UNKNOWN STEP	2026-05-18T13:37:33.3776460Z ^[[0m^[[32mInitialize^[[0m resolve@1.22.12
Test (deno on macos-latest)	UNKNOWN STEP	2026-05-18T13:37:33.3791550Z ^[[0m^[[32mInitialize^[[0m @babel/runtime@7.29.2
Test (deno on macos-latest)	UNKNOWN STEP	2026-05-18T13:37:33.3799840Z ^[[0m^[[32mInitialize^[[0m strip-final-newline@2.0.0
Test (deno on macos-latest)	UNKNOWN STEP	2026-05-18T13:37:33.3800870Z ^[[0m^[[32mInitialize^[[0m character-parser@2.2.0
Test (deno on macos-latest)	UNKNOWN STEP	2026-05-18T13:37:33.3805750Z ^[[0m^[[32mInitialize^[[0m jstransformer@1.0.0
Test (deno on macos-latest)	UNKNOWN STEP	2026-05-18T13:37:33.3806400Z ^[[0m^[[32mInitialize^[[0m pug-attrs@3.0.0
Test (deno on macos-latest)	UNKNOWN STEP	2026-05-18T13:37:33.3807060Z ^[[0m^[[32mInitialize^[[0m argparse@2.0.1
Test (deno on macos-latest)	UNKNOWN STEP	2026-05-18T13:37:33.3807680Z ^[[0m^[[32mInitialize^[[0m constantinople@4.0.1
Test (deno on macos-latest)	UNKNOWN STEP	2026-05-18T13:37:33.3844240Z ^[[0m^[[32mInitialize^[[0m get-stream@5.2.0
Test (deno on macos-latest)	UNKNOWN STEP	2026-05-18T13:37:33.3889810Z ^[[0m^[[32mInitialize^[[0m dir-glob@3.0.1
Test (deno on macos-latest)	UNKNOWN STEP	2026-05-18T13:37:33.3965760Z ^[[0m^[[32mInitialize^[[0m void-elements@3.1.0
Test (deno on macos-latest)	UNKNOWN STEP	2026-05-18T13:37:33.3989930Z ^[[0m^[[32mInitialize^[[0m token-stream@1.0.0
Test (deno on macos-latest)	UNKNOWN STEP	2026-05-18T13:37:33.4032410Z ^[[0m^[[32mInitialize^[[0m signal-exit@3.0.7
Test (deno on macos-latest)	UNKNOWN STEP	2026-05-18T13:37:33.4033050Z ^[[0m^[[32mInitialize^[[0m merge-stream@2.0.0
Test (deno on macos-latest)	UNKNOWN STEP	2026-05-18T13:37:33.4033360Z ^[[0m^[[32mInitialize^[[0m human-signals@1.1.1
Test (deno on macos-latest)	UNKNOWN STEP	2026-05-18T13:37:33.4039150Z ^[[0m^[[32mInitialize^[[0m is-expression@4.0.0
Test (deno on macos-latest)	UNKNOWN STEP	2026-05-18T13:37:33.4041980Z ^[[0m^[[32mInitialize^[[0m with@7.0.2
Test (deno on macos-latest)	UNKNOWN STEP	2026-05-18T13:37:33.4042830Z ^[[0m^[[32mInitialize^[[0m js-stringify@1.0.2
Test (deno on macos-latest)	UNKNOWN STEP	2026-05-18T13:37:33.4043140Z ^[[0m^[[32mInitialize^[[0m pug-walk@2.0.0
Test (deno on macos-latest)	UNKNOWN STEP	2026-05-18T13:37:33.4043370Z ^[[0m^[[32mInitialize^[[0m onetime@5.1.2
Test (deno on macos-latest)	UNKNOWN STEP	2026-05-18T13:37:33.4043620Z ^[[0m^[[32mInitialize^[[0m @nodelib/fs.stat@2.0.5
Test (deno on macos-latest)	UNKNOWN STEP	2026-05-18T13:37:33.4043870Z ^[[0m^[[32mInitialize^[[0m @types/sarif@2.1.7
Test (deno on macos-latest)	UNKNOWN STEP	2026-05-18T13:37:33.4080190Z ^[[0m^[[32mInitialize^[[0m fill-range@7.1.1
Test (deno on macos-latest)	UNKNOWN STEP	2026-05-18T13:37:33.4124510Z ^[[0m^[[32mInitialize^[[0m @colors/colors@1.5.0
Test (deno on macos-latest)	UNKNOWN STEP	2026-05-18T13:37:33.4225030Z ^[[0m^[[32mInitialize^[[0m is-windows@1.0.2
Test (deno on macos-latest)	UNKNOWN STEP	2026-05-18T13:37:33.4234090Z ^[[0m^[[32mInitialize^[[0m @nodelib/fs.walk@1.2.8
Test (deno on macos-latest)	UNKNOWN STEP	2026-05-18T13:37:33.4235290Z ^[[0m^[[32mInitialize^[[0m locate-path@5.0.0
Test (deno on macos-latest)	UNKNOWN STEP	2026-05-18T13:37:33.4257050Z ^[[0m^[[32mInitialize^[[0m @types/node@12.20.55
Test (deno on macos-latest)	UNKNOWN STEP	2026-05-18T13:37:33.4396160Z ^[[0m^[[32mInitialize^[[0m supports-preserve-symlinks-flag@1.0.0
Test (deno on macos-latest)	UNKNOWN STEP	2026-05-18T13:37:33.4505020Z ^[[0m^[[32mInitialize^[[0m @nodelib/fs.scandir@2.1.5
Test (deno on macos-latest)	UNKNOWN STEP	2026-05-18T13:37:33.4575590Z ^[[0m^[[32mInitialize^[[0m path-type@4.0.0
Test (deno on macos-latest)	UNKNOWN STEP	2026-05-18T13:37:33.4579380Z ^[[0m^[[32mInitialize^[[0m path-parse@1.0.7
Test (deno on macos-latest)	UNKNOWN STEP	2026-05-18T13:37:33.4582800Z ^[[0m^[[32mInitialize^[[0m is-core-module@2.16.2
Test (deno on macos-latest)	UNKNOWN STEP	2026-05-18T13:37:33.4629130Z ^[[0m^[[32mInitialize^[[0m ansi-styles@4.3.0
Test (deno on macos-latest)	UNKNOWN STEP	2026-05-18T13:37:33.4648790Z ^[[0m^[[32mInitialize^[[0m argparse@1.0.10
Test (deno on macos-latest)	UNKNOWN STEP	2026-05-18T13:37:33.4658880Z ^[[0m^[[32mInitialize^[[0m prettier@2.8.8
Test (deno on macos-latest)	UNKNOWN STEP	2026-05-18T13:37:33.4661790Z ^[[0m^[[32mInitialize^[[0m run-parallel@1.2.0
Test (deno on macos-latest)	UNKNOWN STEP	2026-05-18T13:37:33.4716730Z ^[[0m^[[32mInitialize^[[0m esprima@4.0.1
Test (deno on macos-latest)	UNKNOWN STEP	2026-05-18T13:37:33.4780100Z ^[[0m^[[32mInitialize^[[0m es-errors@1.3.0
Test (deno on macos-latest)	UNKNOWN STEP	2026-05-18T13:37:33.4781320Z ^[[0m^[[32mInitialize^[[0m acorn@7.4.1
Test (deno on macos-latest)	UNKNOWN STEP	2026-05-18T13:37:33.4787280Z ^[[0m^[[32mInitialize^[[0m color-convert@2.0.1
Test (deno on macos-latest)	UNKNOWN STEP	2026-05-18T13:37:33.4789510Z ^[[0m^[[32mInitialize^[[0m p-locate@4.1.0
Test (deno on macos-latest)	UNKNOWN STEP	2026-05-18T13:37:33.4803410Z ^[[0m^[[32mInitialize^[[0m to-regex-range@5.0.1
Test (deno on macos-latest)	UNKNOWN STEP	2026-05-18T13:37:33.4803890Z ^[[0m^[[32mInitialize^[[0m babel-walk@3.0.0-canary-5
Test (deno on macos-latest)	UNKNOWN STEP	2026-05-18T13:37:33.4825310Z ^[[0m^[[32mInitialize^[[0m yocto-queue@0.1.0
Test (deno on macos-latest)	UNKNOWN STEP	2026-05-18T13:37:33.4890600Z ^[[0m^[[32mInitialize^[[0m end-of-stream@1.4.5
Test (deno on macos-latest)	UNKNOWN STEP	2026-05-18T13:37:33.4967210Z ^[[0m^[[32mInitialize^[[0m mimic-fn@2.1.0
Test (deno on macos-latest)	UNKNOWN STEP	2026-05-18T13:37:33.4967880Z ^[[0m^[[32mInitialize^[[0m promise@7.3.1
Test (deno on macos-latest)	UNKNOWN STEP	2026-05-18T13:37:33.4968180Z ^[[0m^[[32mInitialize^[[0m assert-never@1.4.0
Test (deno on macos-latest)	UNKNOWN STEP	2026-05-18T13:37:33.4968810Z ^[[0m^[[32mInitialize^[[0m is-regex@1.2.1
Test (deno on macos-latest)	UNKNOWN STEP	2026-05-18T13:37:33.4970050Z ^[[0m^[[32mInitialize^[[0m hasown@2.0.3
Test (deno on macos-latest)	UNKNOWN STEP	2026-05-18T13:37:33.4970270Z ^[[0m^[[32mInitialize^[[0m reusify@1.1.0
Test (deno on macos-latest)	UNKNOWN STEP	2026-05-18T13:37:33.4970710Z ^[[0m^[[32mInitialize^[[0m once@1.4.0
Test (deno on macos-latest)	UNKNOWN STEP	2026-05-18T13:37:33.4970940Z ^[[0m^[[32mInitialize^[[0m is-promise@2.2.2
Test (deno on macos-latest)	UNKNOWN STEP	2026-05-18T13:37:33.4971160Z ^[[0m^[[32mInitialize^[[0m color-name@1.1.4
Test (deno on macos-latest)	UNKNOWN STEP	2026-05-18T13:37:33.4973700Z ^[[0m^[[32mInitialize^[[0m gopd@1.2.0
Test (deno on macos-latest)	UNKNOWN STEP	2026-05-18T13:37:33.4974520Z ^[[0m^[[32mInitialize^[[0m sprintf-js@1.0.3
Test (deno on macos-latest)	UNKNOWN STEP	2026-05-18T13:37:33.4975540Z ^[[0m^[[32mInitialize^[[0m asap@2.0.6
Test (deno on macos-latest)	UNKNOWN STEP	2026-05-18T13:37:33.4976050Z ^[[0m^[[32mInitialize^[[0m get-intrinsic@1.3.0
Test (deno on macos-latest)	UNKNOWN STEP	2026-05-18T13:37:33.4976290Z ^[[0m^[[32mInitialize^[[0m p-limit@2.3.0
Test (deno on macos-latest)	UNKNOWN STEP	2026-05-18T13:37:33.4976510Z ^[[0m^[[32mInitialize^[[0m is-number@7.0.0
Test (deno on macos-latest)	UNKNOWN STEP	2026-05-18T13:37:33.4977230Z ^[[0m^[[32mInitialize^[[0m call-bind-apply-helpers@1.0.2
Test (deno on macos-latest)	UNKNOWN STEP	2026-05-18T13:37:33.4977520Z ^[[0m^[[32mInitialize^[[0m wrappy@1.0.2
Test (deno on macos-latest)	UNKNOWN STEP	2026-05-18T13:37:33.4977750Z ^[[0m^[[32mInitialize^[[0m @babel/parser@7.29.3
Test (deno on macos-latest)	UNKNOWN STEP	2026-05-18T13:37:33.4978140Z ^[[0m^[[32mInitialize^[[0m queue-microtask@1.2.3
Test (deno on macos-latest)	UNKNOWN STEP	2026-05-18T13:37:33.4978560Z ^[[0m^[[32mInitialize^[[0m call-bound@1.0.4
Test (deno on macos-latest)	UNKNOWN STEP	2026-05-18T13:37:33.4978780Z ^[[0m^[[32mInitialize^[[0m p-try@2.2.0
Test (deno on macos-latest)	UNKNOWN STEP	2026-05-18T13:37:33.4979270Z ^[[0m^[[32mInitialize^[[0m es-define-property@1.0.1
Test (deno on macos-latest)	UNKNOWN STEP	2026-05-18T13:37:33.4998880Z ^[[0m^[[32mInitialize^[[0m function-bind@1.1.2
Test (deno on macos-latest)	UNKNOWN STEP	2026-05-18T13:37:33.5007730Z ^[[0m^[[32mInitialize^[[0m pump@3.0.4
Test (deno on macos-latest)	UNKNOWN STEP	2026-05-18T13:37:33.5019140Z ^[[0m^[[32mInitialize^[[0m dunder-proto@1.0.1
Test (deno on macos-latest)	UNKNOWN STEP	2026-05-18T13:37:33.5051340Z ^[[0m^[[32mInitialize^[[0m es-object-atoms@1.1.1
Test (deno on macos-latest)	UNKNOWN STEP	2026-05-18T13:37:33.5127440Z ^[[0m^[[32mInitialize^[[0m @babel/helper-string-parser@7.27.1
Test (deno on macos-latest)	UNKNOWN STEP	2026-05-18T13:37:33.5138620Z ^[[0m^[[32mInitialize^[[0m @babel/helper-validator-identifier@7.28.5
Test (deno on macos-latest)	UNKNOWN STEP	2026-05-18T13:37:33.5153170Z ^[[0m^[[32mInitialize^[[0m math-intrinsics@1.1.0
Test (deno on macos-latest)	UNKNOWN STEP	2026-05-18T13:37:33.5153460Z ^[[0m^[[32mInitialize^[[0m has-symbols@1.1.0
Test (deno on macos-latest)	UNKNOWN STEP	2026-05-18T13:37:33.5192810Z ^[[0m^[[32mInitialize^[[0m has-tostringtag@1.0.2
Test (deno on macos-latest)	UNKNOWN STEP	2026-05-18T13:37:33.5228870Z ^[[0m^[[32mInitialize^[[0m get-proto@1.0.1
Test (deno on macos-latest)	UNKNOWN STEP	2026-05-18T13:37:33.5558970Z ^[[0m^[[32mInitialize^[[0m prettier@3.8.3
Test (deno on macos-latest)	UNKNOWN STEP	2026-05-18T13:37:33.5646670Z ^[[0m^[[32mInitialize^[[0m @babel/types@7.29.0
Test (deno on macos-latest)	UNKNOWN STEP	2026-05-18T13:37:33.5748680Z ^[[0m^[[32mInitialize^[[0m test-anywhere@0.9.1
Test (deno on macos-latest)	UNKNOWN STEP	2026-05-18T13:37:33.6302860Z ^[[0m^[[38;5;245mInstalled^[[0m 276 ^[[0m^[[38;5;245mpackages^[[0m ^[[0m^[[38;5;245min^[[0m 2006ms
Test (deno on macos-latest)	UNKNOWN STEP	2026-05-18T13:37:33.6304360Z ^[[0m^[[38;5;245mReused^[[0m 0 ^[[0m^[[38;5;245mpackages from cache^[[0m
Test (deno on macos-latest)	UNKNOWN STEP	2026-05-18T13:37:33.6306190Z ^[[0m^[[38;5;245mDownloaded^[[0m 0 ^[[0m^[[38;5;245mpackages from JSR^[[0m
Test (deno on macos-latest)	UNKNOWN STEP	2026-05-18T13:37:33.6310290Z ^[[0m^[[38;5;245mDownloaded^[[0m 276 ^[[0m^[[38;5;245mpackages from npm^[[0m
Test (deno on macos-latest)	UNKNOWN STEP	2026-05-18T13:37:33.6316460Z ^[[0m^[[32m++++++++++++++++++++++++++++++++++++++++++++++++++++++++++++++++++++++++++++++++++++++++++++++++++++++++++++++++++++++++++++++++++++++++++++++++++++++++++++++++++++++++++++++++++++++++++++++++++++++++++++++++++++++++++++++++++++++++++++++++++++++++++++++++++++++++++++++++++++^[[0m
Test (deno on macos-latest)	UNKNOWN STEP	2026-05-18T13:37:33.6317130Z
Test (deno on macos-latest)	UNKNOWN STEP	2026-05-18T13:37:33.6317340Z ^[[0m^[[36mDependencies:^[[0m
Test (deno on macos-latest)	UNKNOWN STEP	2026-05-18T13:37:33.6317670Z ^[[0m^[[32m+^[[0m ^[[0m^[[38;5;245mnpm:^[[0mlinks-notation ^[[0m^[[38;5;245m0.13.0^[[0m
Test (deno on macos-latest)	UNKNOWN STEP	2026-05-18T13:37:33.6318050Z ^[[0m^[[32m+^[[0m ^[[0m^[[38;5;245mnpm:^[[0mlino-arguments ^[[0m^[[38;5;245m0.3.0^[[0m
Test (deno on macos-latest)	UNKNOWN STEP	2026-05-18T13:37:33.6318570Z ^[[0m^[[32m+^[[0m ^[[0m^[[38;5;245mnpm:^[[0mlino-objects-codec ^[[0m^[[38;5;245m0.4.0^[[0m
Test (deno on macos-latest)	UNKNOWN STEP	2026-05-18T13:37:33.6318780Z
Test (deno on macos-latest)	UNKNOWN STEP	2026-05-18T13:37:33.6318880Z ^[[0m^[[36mDev dependencies:^[[0m
Test (deno on macos-latest)	UNKNOWN STEP	2026-05-18T13:37:33.6319220Z ^[[0m^[[32m+^[[0m ^[[0m^[[38;5;245mnpm:^[[0m@changesets/cli ^[[0m^[[38;5;245m2.31.0^[[0m
Test (deno on macos-latest)	UNKNOWN STEP	2026-05-18T13:37:33.6319620Z ^[[0m^[[32m+^[[0m ^[[0m^[[38;5;245mnpm:^[[0m@eslint/js ^[[0m^[[38;5;245m10.0.1^[[0m
Test (deno on macos-latest)	UNKNOWN STEP	2026-05-18T13:37:33.6319980Z ^[[0m^[[32m+^[[0m ^[[0m^[[38;5;245mnpm:^[[0meslint ^[[0m^[[38;5;245m10.4.0^[[0m
Test (deno on macos-latest)	UNKNOWN STEP	2026-05-18T13:37:33.6320390Z ^[[0m^[[32m+^[[0m ^[[0m^[[38;5;245mnpm:^[[0meslint-config-prettier ^[[0m^[[38;5;245m10.1.8^[[0m
Test (deno on macos-latest)	UNKNOWN STEP	2026-05-18T13:37:33.6320900Z ^[[0m^[[32m+^[[0m ^[[0m^[[38;5;245mnpm:^[[0meslint-plugin-prettier ^[[0m^[[38;5;245m5.5.5^[[0m
Test (deno on macos-latest)	UNKNOWN STEP	2026-05-18T13:37:33.6321510Z ^[[0m^[[32m+^[[0m ^[[0m^[[38;5;245mnpm:^[[0mjscpd ^[[0m^[[38;5;245m4.2.3^[[0m
Test (deno on macos-latest)	UNKNOWN STEP	2026-05-18T13:37:33.6321870Z ^[[0m^[[32m+^[[0m ^[[0m^[[38;5;245mnpm:^[[0mprettier ^[[0m^[[38;5;245m3.8.3^[[0m
Test (deno on macos-latest)	UNKNOWN STEP	2026-05-18T13:37:33.6322330Z ^[[0m^[[32m+^[[0m ^[[0m^[[38;5;245mnpm:^[[0mtest-anywhere ^[[0m^[[38;5;245m0.9.1^[[0m
Test (deno on macos-latest)	UNKNOWN STEP	2026-05-18T13:37:33.6444540Z ##[group]Run deno test --no-check --allow-read --allow-write --allow-env --allow-run
Test (deno on macos-latest)	UNKNOWN STEP	2026-05-18T13:37:33.6445020Z ^[[36;1mdeno test --no-check --allow-read --allow-write --allow-env --allow-run^[[0m
Test (deno on macos-latest)	UNKNOWN STEP	2026-05-18T13:37:33.6497210Z shell: /bin/bash -e {0}
Test (deno on macos-latest)	UNKNOWN STEP	2026-05-18T13:37:33.6497660Z env:
Test (deno on macos-latest)	UNKNOWN STEP	2026-05-18T13:37:33.6498070Z   NODE_VERSION: 24.x
Test (deno on macos-latest)	UNKNOWN STEP	2026-05-18T13:37:33.6498480Z   NPM_CONFIG_PROVENANCE: true
Test (deno on macos-latest)	UNKNOWN STEP	2026-05-18T13:37:33.6498910Z ##[endgroup]
Test (deno on macos-latest)	UNKNOWN STEP	2026-05-18T13:37:33.7934860Z ^[[0m^[[38;5;245mrunning 5 tests from ./tests/cli.test.js^[[0m
Test (deno on macos-latest)	UNKNOWN STEP	2026-05-18T13:37:33.8070540Z convert i18next JSON to .lino ... ^[[0m^[[32mok^[[0m ^[[0m^[[38;5;245m(13ms)^[[0m
Test (deno on macos-latest)	UNKNOWN STEP	2026-05-18T13:37:33.8303030Z convert can bundle multiple locales into one .lino file ... ^[[0m^[[32mok^[[0m ^[[0m^[[38;5;245m(22ms)^[[0m
Test (deno on macos-latest)	UNKNOWN STEP	2026-05-18T13:37:33.8375520Z convert reads defaults from a JSON config file ... ^[[0m^[[32mok^[[0m ^[[0m^[[38;5;245m(4ms)^[[0m
Test (deno on macos-latest)	UNKNOWN STEP	2026-05-18T13:37:33.8407560Z check reports missing keys against a reference locale ... ^[[0m^[[32mok^[[0m ^[[0m^[[38;5;245m(5ms)^[[0m
Test (deno on macos-latest)	UNKNOWN STEP	2026-05-18T13:37:33.8443750Z t command translates a key with parameters ... ^[[0m^[[32mok^[[0m ^[[0m^[[38;5;245m(3ms)^[[0m
Test (deno on macos-latest)	UNKNOWN STEP	2026-05-18T13:37:33.8788300Z ^[[0m^[[38;5;245mrunning 7 tests from ./tests/converters.test.js^[[0m
Test (deno on macos-latest)	UNKNOWN STEP	2026-05-18T13:37:33.8798400Z fromI18next flattens nested keys with dot separator ... ^[[0m^[[32mok^[[0m ^[[0m^[[38;5;245m(0ms)^[[0m
Test (deno on macos-latest)	UNKNOWN STEP	2026-05-18T13:37:33.8803130Z fromI18next supports namespace shape with `ns:` prefix ... ^[[0m^[[32mok^[[0m ^[[0m^[[38;5;245m(0ms)^[[0m
Test (deno on macos-latest)	UNKNOWN STEP	2026-05-18T13:37:33.8804400Z fromI18next defaults to provided locale when input is a single catalogue ... ^[[0m^[[32mok^[[0m ^[[0m^[[38;5;245m(0ms)^[[0m
Test (deno on macos-latest)	UNKNOWN STEP	2026-05-18T13:37:33.8806920Z fromI18nJs rewrites %{var} into {{var}} ... ^[[0m^[[32mok^[[0m ^[[0m^[[38;5;245m(0ms)^[[0m
Test (deno on macos-latest)	UNKNOWN STEP	2026-05-18T13:37:33.8808260Z fromReactIntl handles plain ICU strings ... ^[[0m^[[32mok^[[0m ^[[0m^[[38;5;245m(0ms)^[[0m
Test (deno on macos-latest)	UNKNOWN STEP	2026-05-18T13:37:33.8809130Z fromReactIntl extracts defaultMessage ... ^[[0m^[[32mok^[[0m ^[[0m^[[38;5;245m(0ms)^[[0m
Test (deno on macos-latest)	UNKNOWN STEP	2026-05-18T13:37:33.8810570Z fromReactIntl decompiles compiled AST nodes ... ^[[0m^[[32mok^[[0m ^[[0m^[[38;5;245m(0ms)^[[0m
Test (deno on macos-latest)	UNKNOWN STEP	2026-05-18T13:37:33.9190030Z ^[[0m^[[38;5;245mrunning 21 tests from ./tests/i18n.test.js^[[0m
Test (deno on macos-latest)	UNKNOWN STEP	2026-05-18T13:37:33.9272900Z interpolate replaces {{var}} and {var} ... ^[[0m^[[32mok^[[0m ^[[0m^[[38;5;245m(8ms)^[[0m
Test (deno on macos-latest)	UNKNOWN STEP	2026-05-18T13:37:33.9275170Z pluralSuffix follows CLDR rules ... ^[[0m^[[32mok^[[0m ^[[0m^[[38;5;245m(0ms)^[[0m
Test (deno on macos-latest)	UNKNOWN STEP	2026-05-18T13:37:33.9284490Z parseLinoCatalog round-trips with formatLinoCatalog ... ^[[0m^[[32mok^[[0m ^[[0m^[[38;5;245m(0ms)^[[0m
Test (deno on macos-latest)	UNKNOWN STEP	2026-05-18T13:37:33.9289830Z parseLinoCatalog flattens nested groups and selector variants ... ^[[0m^[[32mok^[[0m ^[[0m^[[38;5;245m(0ms)^[[0m
Test (deno on macos-latest)	UNKNOWN STEP	2026-05-18T13:37:33.9291170Z parseLinoCatalog flattens Hive Mind style deep multiline catalogues ... ^[[0m^[[32mok^[[0m ^[[0m^[[38;5;245m(0ms)^[[0m
Test (deno on macos-latest)	UNKNOWN STEP	2026-05-18T13:37:33.9293990Z parseLinoCatalogs accepts bundled multi-locale files ... ^[[0m^[[32mok^[[0m ^[[0m^[[38;5;245m(0ms)^[[0m
Test (deno on macos-latest)	UNKNOWN STEP	2026-05-18T13:37:33.9296360Z parseLinoCatalog can expand compatibility aliases while loading ... ^[[0m^[[32mok^[[0m ^[[0m^[[38;5;245m(0ms)^[[0m
Test (deno on macos-latest)	UNKNOWN STEP	2026-05-18T13:37:33.9299930Z formatLinoCatalog emits nested catalogue syntax by default ... ^[[0m^[[32mok^[[0m ^[[0m^[[38;5;245m(0ms)^[[0m
Test (deno on macos-latest)	UNKNOWN STEP	2026-05-18T13:37:33.9301600Z formatLinoCatalog preserves scalar parent translations as labels ... ^[[0m^[[32mok^[[0m ^[[0m^[[38;5;245m(0ms)^[[0m
Test (deno on macos-latest)	UNKNOWN STEP	2026-05-18T13:37:33.9302620Z parseLinoCatalog aliases nested label children to their parent key ... ^[[0m^[[32mok^[[0m ^[[0m^[[38;5;245m(0ms)^[[0m
Test (deno on macos-latest)	UNKNOWN STEP	2026-05-18T13:37:33.9303800Z label aliases preserve selector suffix groups ... ^[[0m^[[32mok^[[0m ^[[0m^[[38;5;245m(0ms)^[[0m
Test (deno on macos-latest)	UNKNOWN STEP	2026-05-18T13:37:33.9307490Z createI18n resolves missing keys via fallback ... ^[[0m^[[32mok^[[0m ^[[0m^[[38;5;245m(0ms)^[[0m
Test (deno on macos-latest)	UNKNOWN STEP	2026-05-18T13:37:33.9319610Z createI18n applies CLDR plurals per locale ... ^[[0m^[[32mok^[[0m ^[[0m^[[38;5;245m(1ms)^[[0m
Test (deno on macos-latest)	UNKNOWN STEP	2026-05-18T13:37:33.9333390Z loadLocalesFromDirectory merges bundled and per-language files ... ^[[0m^[[32mok^[[0m ^[[0m^[[38;5;245m(1ms)^[[0m
Test (deno on macos-latest)	UNKNOWN STEP	2026-05-18T13:37:33.9343160Z createI18n.loadLocaleFile registers bundled locale files ... ^[[0m^[[32mok^[[0m ^[[0m^[[38;5;245m(0ms)^[[0m
Test (deno on macos-latest)	UNKNOWN STEP	2026-05-18T13:37:33.9344220Z createI18n falls back to onMissingKey when set ... ^[[0m^[[32mok^[[0m ^[[0m^[[38;5;245m(0ms)^[[0m
Test (deno on macos-latest)	UNKNOWN STEP	2026-05-18T13:37:33.9345330Z createI18n exposes context (gender) suffixes ... ^[[0m^[[32mok^[[0m ^[[0m^[[38;5;245m(0ms)^[[0m
Test (deno on macos-latest)	UNKNOWN STEP	2026-05-18T13:37:33.9346420Z createI18n exposes namespace-prefixed keys ... ^[[0m^[[32mok^[[0m ^[[0m^[[38;5;245m(0ms)^[[0m
Test (deno on macos-latest)	UNKNOWN STEP	2026-05-18T13:37:33.9347620Z expandCompatibilityAliases adds migration aliases without overwriting explicit keys ... ^[[0m^[[32mok^[[0m ^[[0m^[[38;5;245m(0ms)^[[0m
Test (deno on macos-latest)	UNKNOWN STEP	2026-05-18T13:37:33.9348710Z createI18n can expose underscore-tail migration aliases ... ^[[0m^[[32mok^[[0m ^[[0m^[[38;5;245m(0ms)^[[0m
Test (deno on macos-latest)	UNKNOWN STEP	2026-05-18T13:37:33.9349300Z createI18n resolves label aliases while explicit keys win ... ^[[0m^[[32mok^[[0m ^[[0m^[[38;5;245m(0ms)^[[0m
Test (deno on macos-latest)	UNKNOWN STEP	2026-05-18T13:37:33.9761770Z ^[[0m^[[38;5;245mrunning 1 test from ./tests/package-metadata.test.js^[[0m
Test (deno on macos-latest)	UNKNOWN STEP	2026-05-18T13:37:36.1019920Z npm package dry-run contains the publishable runtime surface ... ^[[0m^[[32mok^[[0m ^[[0m^[[38;5;245m(2s)^[[0m
Test (deno on macos-latest)	UNKNOWN STEP	2026-05-18T13:37:36.1967370Z ^[[0m^[[38;5;245mrunning 3 tests from ./tests/release-delivery.test.js^[[0m
Test (deno on macos-latest)	UNKNOWN STEP	2026-05-18T13:37:36.2069640Z delivery jobs keep running after optional release gates are skipped ... ^[[0m^[[32mok^[[0m ^[[0m^[[38;5;245m(2ms)^[[0m
Test (deno on macos-latest)	UNKNOWN STEP	2026-05-18T13:37:36.2077850Z root README advertises package, release, and CI/CD status badges ... ^[[0m^[[32mok^[[0m ^[[0m^[[38;5;245m(0ms)^[[0m
Test (deno on macos-latest)	UNKNOWN STEP	2026-05-18T13:37:36.2083830Z JavaScript GitHub release notes include package and CI/CD badges ... ^[[0m^[[32mok^[[0m ^[[0m^[[38;5;245m(0ms)^[[0m
Test (deno on macos-latest)	UNKNOWN STEP	2026-05-18T13:37:36.2101310Z
Test (deno on macos-latest)	UNKNOWN STEP	2026-05-18T13:37:36.2101960Z ^[[0m^[[32mok^[[0m | 37 passed | 0 failed ^[[0m^[[38;5;245m(2s)^[[0m
Test (deno on macos-latest)	UNKNOWN STEP	2026-05-18T13:37:36.2107120Z
Test (deno on macos-latest)	UNKNOWN STEP	2026-05-18T13:37:36.2537350Z Post job cleanup.
Test (deno on macos-latest)	UNKNOWN STEP	2026-05-18T13:37:36.4225970Z Caching is not enabled. Caching is skipped.
Test (deno on macos-latest)	UNKNOWN STEP	2026-05-18T13:37:36.4416800Z Post job cleanup.
Test (deno on macos-latest)	UNKNOWN STEP	2026-05-18T13:37:36.5298130Z [command]/opt/homebrew/bin/git version
Test (deno on macos-latest)	UNKNOWN STEP	2026-05-18T13:37:36.5380500Z git version 2.54.0
Test (deno on macos-latest)	UNKNOWN STEP	2026-05-18T13:37:36.5446730Z Copying '/Users/runner/.gitconfig' to '/Users/runner/work/_temp/143aba4e-c591-46b7-9c91-f6ff88b1a4e7/.gitconfig'
Test (deno on macos-latest)	UNKNOWN STEP	2026-05-18T13:37:36.5447540Z Temporarily overriding HOME='/Users/runner/work/_temp/143aba4e-c591-46b7-9c91-f6ff88b1a4e7' before making global git config changes
Test (deno on macos-latest)	UNKNOWN STEP	2026-05-18T13:37:36.5448320Z Adding repository directory to the temporary git global config as a safe directory
Test (deno on macos-latest)	UNKNOWN STEP	2026-05-18T13:37:36.5448940Z [command]/opt/homebrew/bin/git config --global --add safe.directory /Users/runner/work/lino-i18n/lino-i18n
Test (deno on macos-latest)	UNKNOWN STEP	2026-05-18T13:37:36.5524470Z Removing SSH command configuration
Test (deno on macos-latest)	UNKNOWN STEP	2026-05-18T13:37:36.5531340Z [command]/opt/homebrew/bin/git config --local --name-only --get-regexp core\.sshCommand
Test (deno on macos-latest)	UNKNOWN STEP	2026-05-18T13:37:36.5627850Z [command]/opt/homebrew/bin/git submodule foreach --recursive sh -c "git config --local --name-only --get-regexp 'core\.sshCommand' && git config --local --unset-all 'core.sshCommand' || :"
Test (deno on macos-latest)	UNKNOWN STEP	2026-05-18T13:37:36.6843780Z Removing HTTP extra header
Test (deno on macos-latest)	UNKNOWN STEP	2026-05-18T13:37:36.6849740Z [command]/opt/homebrew/bin/git config --local --name-only --get-regexp http\.https\:\/\/github\.com\/\.extraheader
Test (deno on macos-latest)	UNKNOWN STEP	2026-05-18T13:37:36.6958340Z [command]/opt/homebrew/bin/git submodule foreach --recursive sh -c "git config --local --name-only --get-regexp 'http\.https\:\/\/github\.com\/\.extraheader' && git config --local --unset-all 'http.https://github.com/.extraheader' || :"
Test (deno on macos-latest)	UNKNOWN STEP	2026-05-18T13:37:36.8304470Z Removing includeIf entries pointing to credentials config files
Test (deno on macos-latest)	UNKNOWN STEP	2026-05-18T13:37:36.8406220Z [command]/opt/homebrew/bin/git config --local --name-only --get-regexp ^includeIf\.gitdir:
Test (deno on macos-latest)	UNKNOWN STEP	2026-05-18T13:37:36.8473850Z includeif.gitdir:/Users/runner/work/lino-i18n/lino-i18n/.git.path
Test (deno on macos-latest)	UNKNOWN STEP	2026-05-18T13:37:36.8475570Z includeif.gitdir:/Users/runner/work/lino-i18n/lino-i18n/.git/worktrees/*.path
Test (deno on macos-latest)	UNKNOWN STEP	2026-05-18T13:37:36.8476570Z includeif.gitdir:/github/workspace/.git.path
Test (deno on macos-latest)	UNKNOWN STEP	2026-05-18T13:37:36.8477600Z includeif.gitdir:/github/workspace/.git/worktrees/*.path
Test (deno on macos-latest)	UNKNOWN STEP	2026-05-18T13:37:36.8481070Z [command]/opt/homebrew/bin/git config --local --get-all includeif.gitdir:/Users/runner/work/lino-i18n/lino-i18n/.git.path
Test (deno on macos-latest)	UNKNOWN STEP	2026-05-18T13:37:36.8483000Z /Users/runner/work/_temp/git-credentials-bda16612-7734-4d17-a075-e02adfb182b7.config
Test (deno on macos-latest)	UNKNOWN STEP	2026-05-18T13:37:36.8484410Z [command]/opt/homebrew/bin/git config --local --unset includeif.gitdir:/Users/runner/work/lino-i18n/lino-i18n/.git.path /Users/runner/work/_temp/git-credentials-bda16612-7734-4d17-a075-e02adfb182b7.config
Test (deno on macos-latest)	UNKNOWN STEP	2026-05-18T13:37:36.8491790Z [command]/opt/homebrew/bin/git config --local --get-all includeif.gitdir:/Users/runner/work/lino-i18n/lino-i18n/.git/worktrees/*.path
Test (deno on macos-latest)	UNKNOWN STEP	2026-05-18T13:37:36.8563740Z /Users/runner/work/_temp/git-credentials-bda16612-7734-4d17-a075-e02adfb182b7.config
Test (deno on macos-latest)	UNKNOWN STEP	2026-05-18T13:37:36.8573980Z [command]/opt/homebrew/bin/git config --local --unset includeif.gitdir:/Users/runner/work/lino-i18n/lino-i18n/.git/worktrees/*.path /Users/runner/work/_temp/git-credentials-bda16612-7734-4d17-a075-e02adfb182b7.config
Test (deno on macos-latest)	UNKNOWN STEP	2026-05-18T13:37:36.8676080Z [command]/opt/homebrew/bin/git config --local --get-all includeif.gitdir:/github/workspace/.git.path
Test (deno on macos-latest)	UNKNOWN STEP	2026-05-18T13:37:36.8784760Z /github/runner_temp/git-credentials-bda16612-7734-4d17-a075-e02adfb182b7.config
Test (deno on macos-latest)	UNKNOWN STEP	2026-05-18T13:37:36.8794550Z [command]/opt/homebrew/bin/git config --local --unset includeif.gitdir:/github/workspace/.git.path /github/runner_temp/git-credentials-bda16612-7734-4d17-a075-e02adfb182b7.config
Test (deno on macos-latest)	UNKNOWN STEP	2026-05-18T13:37:36.8863930Z [command]/opt/homebrew/bin/git config --local --get-all includeif.gitdir:/github/workspace/.git/worktrees/*.path
Test (deno on macos-latest)	UNKNOWN STEP	2026-05-18T13:37:36.8955590Z /github/runner_temp/git-credentials-bda16612-7734-4d17-a075-e02adfb182b7.config
Test (deno on macos-latest)	UNKNOWN STEP	2026-05-18T13:37:36.9067450Z [command]/opt/homebrew/bin/git config --local --unset includeif.gitdir:/github/workspace/.git/worktrees/*.path /github/runner_temp/git-credentials-bda16612-7734-4d17-a075-e02adfb182b7.config
Test (deno on macos-latest)	UNKNOWN STEP	2026-05-18T13:37:36.9069570Z [command]/opt/homebrew/bin/git submodule foreach --recursive git config --local --show-origin --name-only --get-regexp remote.origin.url
Test (deno on macos-latest)	UNKNOWN STEP	2026-05-18T13:37:36.9935930Z Removing credentials config '/Users/runner/work/_temp/git-credentials-bda16612-7734-4d17-a075-e02adfb182b7.config'
Test (deno on macos-latest)	UNKNOWN STEP	2026-05-18T13:37:37.0027290Z Cleaning up orphan processes
Test (bun on windows-latest)	UNKNOWN STEP	﻿2026-05-18T13:37:23.0747253Z Current runner version: '2.334.0'
Test (bun on windows-latest)	UNKNOWN STEP	2026-05-18T13:37:23.0778880Z ##[group]Runner Image Provisioner
Test (bun on windows-latest)	UNKNOWN STEP	2026-05-18T13:37:23.0779586Z Hosted Compute Agent
Test (bun on windows-latest)	UNKNOWN STEP	2026-05-18T13:37:23.0780102Z Version: 20260415.520
Test (bun on windows-latest)	UNKNOWN STEP	2026-05-18T13:37:23.0781029Z Commit: af089020f5f67b61ccc91db6c07980876c02bf7b
Test (bun on windows-latest)	UNKNOWN STEP	2026-05-18T13:37:23.0781655Z Build Date: 2026-04-15T18:07:08Z
Test (bun on windows-latest)	UNKNOWN STEP	2026-05-18T13:37:23.0782246Z Worker ID: {1964287d-b3f0-4409-9d01-ebb1ef402ad8}
Test (bun on windows-latest)	UNKNOWN STEP	2026-05-18T13:37:23.0782809Z Azure Region: centralus
Test (bun on windows-latest)	UNKNOWN STEP	2026-05-18T13:37:23.0783288Z ##[endgroup]
Test (bun on windows-latest)	UNKNOWN STEP	2026-05-18T13:37:23.0784567Z ##[group]Operating System
Test (bun on windows-latest)	UNKNOWN STEP	2026-05-18T13:37:23.0785104Z Microsoft Windows Server 2025
Test (bun on windows-latest)	UNKNOWN STEP	2026-05-18T13:37:23.0785618Z 10.0.26100
Test (bun on windows-latest)	UNKNOWN STEP	2026-05-18T13:37:23.0785969Z Datacenter
Test (bun on windows-latest)	UNKNOWN STEP	2026-05-18T13:37:23.0786357Z ##[endgroup]
Test (bun on windows-latest)	UNKNOWN STEP	2026-05-18T13:37:23.0786752Z ##[group]Runner Image
Test (bun on windows-latest)	UNKNOWN STEP	2026-05-18T13:37:23.0787225Z Image: windows-2025-vs2026
Test (bun on windows-latest)	UNKNOWN STEP	2026-05-18T13:37:23.0787653Z Version: 20260510.103.1
Test (bun on windows-latest)	UNKNOWN STEP	2026-05-18T13:37:23.0789028Z Included Software: https://github.com/actions/runner-images/blob/win25-vs2026/20260510.103/images/windows/Windows2025-VS2026-Readme.md
Test (bun on windows-latest)	UNKNOWN STEP	2026-05-18T13:37:23.0790386Z Image Release: https://github.com/actions/runner-images/releases/tag/win25-vs2026%2F20260510.103
Test (bun on windows-latest)	UNKNOWN STEP	2026-05-18T13:37:23.0791198Z ##[endgroup]
Test (bun on windows-latest)	UNKNOWN STEP	2026-05-18T13:37:23.0792237Z ##[group]GITHUB_TOKEN Permissions
Test (bun on windows-latest)	UNKNOWN STEP	2026-05-18T13:37:23.0793939Z Contents: write
Test (bun on windows-latest)	UNKNOWN STEP	2026-05-18T13:37:23.0794387Z Metadata: read
Test (bun on windows-latest)	UNKNOWN STEP	2026-05-18T13:37:23.0794784Z Pages: write
Test (bun on windows-latest)	UNKNOWN STEP	2026-05-18T13:37:23.0795192Z PullRequests: write
Test (bun on windows-latest)	UNKNOWN STEP	2026-05-18T13:37:23.0795624Z ##[endgroup]
Test (bun on windows-latest)	UNKNOWN STEP	2026-05-18T13:37:23.0797478Z Secret source: Actions
Test (bun on windows-latest)	UNKNOWN STEP	2026-05-18T13:37:23.0798079Z Prepare workflow directory
Test (bun on windows-latest)	UNKNOWN STEP	2026-05-18T13:37:23.1216843Z Prepare all required actions
Test (bun on windows-latest)	UNKNOWN STEP	2026-05-18T13:37:23.1253236Z Getting action download info
Test (bun on windows-latest)	UNKNOWN STEP	2026-05-18T13:37:23.5710565Z Download action repository 'actions/checkout@v6' (SHA:de0fac2e4500dabe0009e67214ff5f5447ce83dd)
Test (bun on windows-latest)	UNKNOWN STEP	2026-05-18T13:37:23.6819548Z Download action repository 'actions/setup-node@v6' (SHA:48b55a011bda9f5d6aeb4c2d9c7362e8dae4041e)
Test (bun on windows-latest)	UNKNOWN STEP	2026-05-18T13:37:23.8195232Z Download action repository 'oven-sh/setup-bun@v2' (SHA:0c5077e51419868618aeaa5fe8019c62421857d6)
Test (bun on windows-latest)	UNKNOWN STEP	2026-05-18T13:37:24.2153918Z Download action repository 'denoland/setup-deno@v2' (SHA:667a34cdef165d8d2b2e98dde39547c9daac7282)
Test (bun on windows-latest)	UNKNOWN STEP	2026-05-18T13:37:24.7146635Z Complete job name: Test (bun on windows-latest)
Test (bun on windows-latest)	UNKNOWN STEP	2026-05-18T13:37:24.8593982Z ##[group]Run actions/checkout@v6
Test (bun on windows-latest)	UNKNOWN STEP	2026-05-18T13:37:24.8595398Z with:
Test (bun on windows-latest)	UNKNOWN STEP	2026-05-18T13:37:24.8596003Z   fetch-depth: 0
Test (bun on windows-latest)	UNKNOWN STEP	2026-05-18T13:37:24.8596706Z   repository: link-foundation/lino-i18n
Test (bun on windows-latest)	UNKNOWN STEP	2026-05-18T13:37:24.8597837Z   token: ***
Test (bun on windows-latest)	UNKNOWN STEP	2026-05-18T13:37:24.8598458Z   ssh-strict: true
Test (bun on windows-latest)	UNKNOWN STEP	2026-05-18T13:37:24.8599093Z   ssh-user: git
Test (bun on windows-latest)	UNKNOWN STEP	2026-05-18T13:37:24.8599752Z   persist-credentials: true
Test (bun on windows-latest)	UNKNOWN STEP	2026-05-18T13:37:24.8600463Z   clean: true
Test (bun on windows-latest)	UNKNOWN STEP	2026-05-18T13:37:24.8601122Z   sparse-checkout-cone-mode: true
Test (bun on windows-latest)	UNKNOWN STEP	2026-05-18T13:37:24.8601919Z   fetch-tags: false
Test (bun on windows-latest)	UNKNOWN STEP	2026-05-18T13:37:24.8602564Z   show-progress: true
Test (bun on windows-latest)	UNKNOWN STEP	2026-05-18T13:37:24.8603212Z   lfs: false
Test (bun on windows-latest)	UNKNOWN STEP	2026-05-18T13:37:24.8603813Z   submodules: false
Test (bun on windows-latest)	UNKNOWN STEP	2026-05-18T13:37:24.8604497Z   set-safe-directory: true
Test (bun on windows-latest)	UNKNOWN STEP	2026-05-18T13:37:24.8605446Z env:
Test (bun on windows-latest)	UNKNOWN STEP	2026-05-18T13:37:24.8606025Z   NODE_VERSION: 24.x
Test (bun on windows-latest)	UNKNOWN STEP	2026-05-18T13:37:24.8606700Z   NPM_CONFIG_PROVENANCE: true
Test (bun on windows-latest)	UNKNOWN STEP	2026-05-18T13:37:24.8607439Z ##[endgroup]
Test (bun on windows-latest)	UNKNOWN STEP	2026-05-18T13:37:25.0009156Z Syncing repository: link-foundation/lino-i18n
Test (bun on windows-latest)	UNKNOWN STEP	2026-05-18T13:37:25.0011311Z ##[group]Getting Git version info
Test (bun on windows-latest)	UNKNOWN STEP	2026-05-18T13:37:25.0012202Z Working directory is 'D:\a\lino-i18n\lino-i18n'
Test (bun on windows-latest)	UNKNOWN STEP	2026-05-18T13:37:25.0629439Z [command]"C:\Program Files\Git\bin\git.exe" version
Test (bun on windows-latest)	UNKNOWN STEP	2026-05-18T13:37:25.2330874Z git version 2.54.0.windows.1
Test (bun on windows-latest)	UNKNOWN STEP	2026-05-18T13:37:25.2376750Z ##[endgroup]
Test (bun on windows-latest)	UNKNOWN STEP	2026-05-18T13:37:25.2396341Z Temporarily overriding HOME='D:\a\_temp\9aabacfb-7954-4ec1-a129-711e09e8f9bd' before making global git config changes
Test (bun on windows-latest)	UNKNOWN STEP	2026-05-18T13:37:25.2398330Z Adding repository directory to the temporary git global config as a safe directory
Test (bun on windows-latest)	UNKNOWN STEP	2026-05-18T13:37:25.2406396Z [command]"C:\Program Files\Git\bin\git.exe" config --global --add safe.directory D:\a\lino-i18n\lino-i18n
Test (bun on windows-latest)	UNKNOWN STEP	2026-05-18T13:37:25.2697663Z Deleting the contents of 'D:\a\lino-i18n\lino-i18n'
Test (bun on windows-latest)	UNKNOWN STEP	2026-05-18T13:37:25.2703430Z ##[group]Initializing the repository
Test (bun on windows-latest)	UNKNOWN STEP	2026-05-18T13:37:25.2712065Z [command]"C:\Program Files\Git\bin\git.exe" init D:\a\lino-i18n\lino-i18n
Test (bun on windows-latest)	UNKNOWN STEP	2026-05-18T13:37:25.3175741Z Initialized empty Git repository in D:/a/lino-i18n/lino-i18n/.git/
Test (bun on windows-latest)	UNKNOWN STEP	2026-05-18T13:37:25.3223707Z [command]"C:\Program Files\Git\bin\git.exe" remote add origin https://github.com/link-foundation/lino-i18n
Test (bun on windows-latest)	UNKNOWN STEP	2026-05-18T13:37:25.3537876Z ##[endgroup]
Test (bun on windows-latest)	UNKNOWN STEP	2026-05-18T13:37:25.3539150Z ##[group]Disabling automatic garbage collection
Test (bun on windows-latest)	UNKNOWN STEP	2026-05-18T13:37:25.3547248Z [command]"C:\Program Files\Git\bin\git.exe" config --local gc.auto 0
Test (bun on windows-latest)	UNKNOWN STEP	2026-05-18T13:37:25.3834573Z ##[endgroup]
Test (bun on windows-latest)	UNKNOWN STEP	2026-05-18T13:37:25.3835899Z ##[group]Setting up auth
Test (bun on windows-latest)	UNKNOWN STEP	2026-05-18T13:37:25.3836678Z Removing SSH command configuration
Test (bun on windows-latest)	UNKNOWN STEP	2026-05-18T13:37:25.3848692Z [command]"C:\Program Files\Git\bin\git.exe" config --local --name-only --get-regexp core\.sshCommand
Test (bun on windows-latest)	UNKNOWN STEP	2026-05-18T13:37:25.4145896Z [command]"C:\Program Files\Git\bin\git.exe" submodule foreach --recursive "sh -c \"git config --local --name-only --get-regexp 'core\.sshCommand' && git config --local --unset-all 'core.sshCommand' || :\""
Test (bun on windows-latest)	UNKNOWN STEP	2026-05-18T13:37:26.3842460Z Removing HTTP extra header
Test (bun on windows-latest)	UNKNOWN STEP	2026-05-18T13:37:26.3852653Z [command]"C:\Program Files\Git\bin\git.exe" config --local --name-only --get-regexp http\.https\:\/\/github\.com\/\.extraheader
Test (bun on windows-latest)	UNKNOWN STEP	2026-05-18T13:37:26.4141841Z [command]"C:\Program Files\Git\bin\git.exe" submodule foreach --recursive "sh -c \"git config --local --name-only --get-regexp 'http\.https\:\/\/github\.com\/\.extraheader' && git config --local --unset-all 'http.https://github.com/.extraheader' || :\""
Test (bun on windows-latest)	UNKNOWN STEP	2026-05-18T13:37:26.9088056Z Removing includeIf entries pointing to credentials config files
Test (bun on windows-latest)	UNKNOWN STEP	2026-05-18T13:37:26.9104896Z [command]"C:\Program Files\Git\bin\git.exe" config --local --name-only --get-regexp ^includeIf\.gitdir:
Test (bun on windows-latest)	UNKNOWN STEP	2026-05-18T13:37:26.9387447Z [command]"C:\Program Files\Git\bin\git.exe" submodule foreach --recursive "git config --local --show-origin --name-only --get-regexp remote.origin.url"
Test (bun on windows-latest)	UNKNOWN STEP	2026-05-18T13:37:27.4493845Z [command]"C:\Program Files\Git\bin\git.exe" config --file D:\a\_temp\git-credentials-a4e90ac0-d15b-486c-a67e-f4fb5173b59f.config http.https://github.com/.extraheader "AUTHORIZATION: basic ***"
Test (bun on windows-latest)	UNKNOWN STEP	2026-05-18T13:37:27.4843769Z [command]"C:\Program Files\Git\bin\git.exe" config --local includeIf.gitdir:D:/a/lino-i18n/lino-i18n/.git.path D:\a\_temp\git-credentials-a4e90ac0-d15b-486c-a67e-f4fb5173b59f.config
Test (bun on windows-latest)	UNKNOWN STEP	2026-05-18T13:37:27.5152455Z [command]"C:\Program Files\Git\bin\git.exe" config --local includeIf.gitdir:D:/a/lino-i18n/lino-i18n/.git/worktrees/*.path D:\a\_temp\git-credentials-a4e90ac0-d15b-486c-a67e-f4fb5173b59f.config
Test (bun on windows-latest)	UNKNOWN STEP	2026-05-18T13:37:27.5438160Z [command]"C:\Program Files\Git\bin\git.exe" config --local includeIf.gitdir:/github/workspace/.git.path /github/runner_temp/git-credentials-a4e90ac0-d15b-486c-a67e-f4fb5173b59f.config
Test (bun on windows-latest)	UNKNOWN STEP	2026-05-18T13:37:27.5724409Z [command]"C:\Program Files\Git\bin\git.exe" config --local includeIf.gitdir:/github/workspace/.git/worktrees/*.path /github/runner_temp/git-credentials-a4e90ac0-d15b-486c-a67e-f4fb5173b59f.config
Test (bun on windows-latest)	UNKNOWN STEP	2026-05-18T13:37:27.6015711Z ##[endgroup]
Test (bun on windows-latest)	UNKNOWN STEP	2026-05-18T13:37:27.6016335Z ##[group]Fetching the repository
Test (bun on windows-latest)	UNKNOWN STEP	2026-05-18T13:37:27.6032470Z [command]"C:\Program Files\Git\bin\git.exe" -c protocol.version=2 fetch --no-tags --prune --no-recurse-submodules origin +refs/heads/*:refs/remotes/origin/* +refs/tags/*:refs/tags/*
Test (bun on windows-latest)	UNKNOWN STEP	2026-05-18T13:37:28.7795251Z From https://github.com/link-foundation/lino-i18n
Test (bun on windows-latest)	UNKNOWN STEP	2026-05-18T13:37:28.7795970Z  * [new branch]      issue-1-76ffa2dc55cc  -> origin/issue-1-76ffa2dc55cc
Test (bun on windows-latest)	UNKNOWN STEP	2026-05-18T13:37:28.7796610Z  * [new branch]      issue-10-6657adb31046 -> origin/issue-10-6657adb31046
Test (bun on windows-latest)	UNKNOWN STEP	2026-05-18T13:37:28.7797258Z  * [new branch]      issue-11-b5c8ef3bbd84 -> origin/issue-11-b5c8ef3bbd84
Test (bun on windows-latest)	UNKNOWN STEP	2026-05-18T13:37:28.7797969Z  * [new branch]      issue-12-3c4f596e0c67 -> origin/issue-12-3c4f596e0c67
Test (bun on windows-latest)	UNKNOWN STEP	2026-05-18T13:37:28.7799838Z  * [new branch]      issue-3-b3eb0917c317  -> origin/issue-3-b3eb0917c317
Test (bun on windows-latest)	UNKNOWN STEP	2026-05-18T13:37:28.7800515Z  * [new branch]      issue-5-169afc4a2006  -> origin/issue-5-169afc4a2006
Test (bun on windows-latest)	UNKNOWN STEP	2026-05-18T13:37:28.7801144Z  * [new branch]      issue-5-35d32a59c464  -> origin/issue-5-35d32a59c464
Test (bun on windows-latest)	UNKNOWN STEP	2026-05-18T13:37:28.7801882Z  * [new branch]      issue-8-ca918c4d7d4c  -> origin/issue-8-ca918c4d7d4c
Test (bun on windows-latest)	UNKNOWN STEP	2026-05-18T13:37:28.7802428Z  * [new branch]      main                  -> origin/main
Test (bun on windows-latest)	UNKNOWN STEP	2026-05-18T13:37:28.7802886Z  * [new tag]         js-v0.0.1             -> js-v0.0.1
Test (bun on windows-latest)	UNKNOWN STEP	2026-05-18T13:37:28.7803325Z  * [new tag]         rust-v0.0.1           -> rust-v0.0.1
Test (bun on windows-latest)	UNKNOWN STEP	2026-05-18T13:37:28.8019418Z [command]"C:\Program Files\Git\bin\git.exe" branch --list --remote origin/main
Test (bun on windows-latest)	UNKNOWN STEP	2026-05-18T13:37:28.8278734Z   origin/main
Test (bun on windows-latest)	UNKNOWN STEP	2026-05-18T13:37:28.8323790Z [command]"C:\Program Files\Git\bin\git.exe" rev-parse refs/remotes/origin/main
Test (bun on windows-latest)	UNKNOWN STEP	2026-05-18T13:37:28.8568332Z 8910b98b665a650690c0d9e9188bbf6bec1e9d2c
Test (bun on windows-latest)	UNKNOWN STEP	2026-05-18T13:37:28.8606087Z ##[endgroup]
Test (bun on windows-latest)	UNKNOWN STEP	2026-05-18T13:37:28.8606677Z ##[group]Determining the checkout info
Test (bun on windows-latest)	UNKNOWN STEP	2026-05-18T13:37:28.8607381Z ##[endgroup]
Test (bun on windows-latest)	UNKNOWN STEP	2026-05-18T13:37:28.8615920Z [command]"C:\Program Files\Git\bin\git.exe" sparse-checkout disable
Test (bun on windows-latest)	UNKNOWN STEP	2026-05-18T13:37:28.8936779Z [command]"C:\Program Files\Git\bin\git.exe" config --local --unset-all extensions.worktreeConfig
Test (bun on windows-latest)	UNKNOWN STEP	2026-05-18T13:37:28.9218842Z ##[group]Checking out the ref
Test (bun on windows-latest)	UNKNOWN STEP	2026-05-18T13:37:28.9228757Z [command]"C:\Program Files\Git\bin\git.exe" checkout --progress --force -B main refs/remotes/origin/main
Test (bun on windows-latest)	UNKNOWN STEP	2026-05-18T13:37:29.1004945Z Switched to a new branch 'main'
Test (bun on windows-latest)	UNKNOWN STEP	2026-05-18T13:37:29.1017791Z branch 'main' set up to track 'origin/main'.
Test (bun on windows-latest)	UNKNOWN STEP	2026-05-18T13:37:29.1073164Z ##[endgroup]
Test (bun on windows-latest)	UNKNOWN STEP	2026-05-18T13:37:29.1385880Z [command]"C:\Program Files\Git\bin\git.exe" log -1 --format=%H
Test (bun on windows-latest)	UNKNOWN STEP	2026-05-18T13:37:29.1642903Z 8910b98b665a650690c0d9e9188bbf6bec1e9d2c
Test (bun on windows-latest)	UNKNOWN STEP	2026-05-18T13:37:29.2097709Z ##[group]Run oven-sh/setup-bun@v2
Test (bun on windows-latest)	UNKNOWN STEP	2026-05-18T13:37:29.2097996Z with:
Test (bun on windows-latest)	UNKNOWN STEP	2026-05-18T13:37:29.2098186Z   bun-version: latest
Test (bun on windows-latest)	UNKNOWN STEP	2026-05-18T13:37:29.2098356Z   no-cache: false
Test (bun on windows-latest)	UNKNOWN STEP	2026-05-18T13:37:29.2098679Z   token: ***
Test (bun on windows-latest)	UNKNOWN STEP	2026-05-18T13:37:29.2098857Z env:
Test (bun on windows-latest)	UNKNOWN STEP	2026-05-18T13:37:29.2098999Z   NODE_VERSION: 24.x
Test (bun on windows-latest)	UNKNOWN STEP	2026-05-18T13:37:29.2099178Z   NPM_CONFIG_PROVENANCE: true
Test (bun on windows-latest)	UNKNOWN STEP	2026-05-18T13:37:29.2099380Z ##[endgroup]
Test (bun on windows-latest)	UNKNOWN STEP	2026-05-18T13:37:29.8494800Z Downloading a new version of Bun: https://github.com/oven-sh/bun/releases/download/bun-v1.3.14/bun-windows-x64.zip
Test (bun on windows-latest)	UNKNOWN STEP	2026-05-18T13:37:30.4111902Z [command]"C:\Program Files\PowerShell\7\pwsh.exe" -NoLogo -NoProfile -NonInteractive -ExecutionPolicy Unrestricted -Command "$ErrorActionPreference = 'Stop' ; try { Add-Type -AssemblyName System.IO.Compression.ZipFile } catch { } ; try { [System.IO.Compression.ZipFile]::ExtractToDirectory('D:\a\_temp\9a344d0e-47ac-4ab9-bca7-92632af9abbb.zip', 'D:\a\_temp\4f2e791c-30e9-4c28-a214-083e9d0ce970', $true) } catch { if (($_.Exception.GetType().FullName -eq 'System.Management.Automation.MethodException') -or ($_.Exception.GetType().FullName -eq 'System.Management.Automation.RuntimeException') ){ Expand-Archive -LiteralPath 'D:\a\_temp\9a344d0e-47ac-4ab9-bca7-92632af9abbb.zip' -DestinationPath 'D:\a\_temp\4f2e791c-30e9-4c28-a214-083e9d0ce970' -Force } else { throw $_ } } ;"
Test (bun on windows-latest)	UNKNOWN STEP	2026-05-18T13:37:37.2874481Z [command]C:\Users\runneradmin\.bun\bin\bun.exe --revision
Test (bun on windows-latest)	UNKNOWN STEP	2026-05-18T13:37:37.7826024Z 1.3.14+0d9b296af
Test (bun on windows-latest)	UNKNOWN STEP	2026-05-18T13:37:37.8135945Z ##[group]Run bun install
Test (bun on windows-latest)	UNKNOWN STEP	2026-05-18T13:37:37.8136262Z ^[[36;1mbun install^[[0m
Test (bun on windows-latest)	UNKNOWN STEP	2026-05-18T13:37:37.8201158Z shell: C:\Program Files\PowerShell\7\pwsh.EXE -command ". '{0}'"
Test (bun on windows-latest)	UNKNOWN STEP	2026-05-18T13:37:37.8201477Z env:
Test (bun on windows-latest)	UNKNOWN STEP	2026-05-18T13:37:37.8201641Z   NODE_VERSION: 24.x
Test (bun on windows-latest)	UNKNOWN STEP	2026-05-18T13:37:37.8201832Z   NPM_CONFIG_PROVENANCE: true
Test (bun on windows-latest)	UNKNOWN STEP	2026-05-18T13:37:37.8202029Z ##[endgroup]
Test (bun on windows-latest)	UNKNOWN STEP	2026-05-18T13:37:38.1531487Z bun install v1.3.14 (0d9b296a)
Test (bun on windows-latest)	UNKNOWN STEP	2026-05-18T13:37:38.1619844Z [6.30ms] migrated lockfile from package-lock.json
Test (bun on windows-latest)	UNKNOWN STEP	2026-05-18T13:37:49.5279057Z Saved lockfile
Test (bun on windows-latest)	UNKNOWN STEP	2026-05-18T13:37:49.5279330Z
Test (bun on windows-latest)	UNKNOWN STEP	2026-05-18T13:37:49.5281435Z + links-notation@0.13.0
Test (bun on windows-latest)	UNKNOWN STEP	2026-05-18T13:37:49.5282587Z + lino-arguments@0.3.0
Test (bun on windows-latest)	UNKNOWN STEP	2026-05-18T13:37:49.5283027Z + lino-objects-codec@0.4.0
Test (bun on windows-latest)	UNKNOWN STEP	2026-05-18T13:37:49.5283696Z + @changesets/cli@2.31.0
Test (bun on windows-latest)	UNKNOWN STEP	2026-05-18T13:37:49.5284028Z + @eslint/js@10.0.1
Test (bun on windows-latest)	UNKNOWN STEP	2026-05-18T13:37:49.5284267Z + eslint@10.4.0
Test (bun on windows-latest)	UNKNOWN STEP	2026-05-18T13:37:49.5284545Z + eslint-config-prettier@10.1.8
Test (bun on windows-latest)	UNKNOWN STEP	2026-05-18T13:37:49.5284983Z + eslint-plugin-prettier@5.5.5
Test (bun on windows-latest)	UNKNOWN STEP	2026-05-18T13:37:49.5285278Z + jscpd@4.2.2
Test (bun on windows-latest)	UNKNOWN STEP	2026-05-18T13:37:49.5285526Z + prettier@3.8.3
Test (bun on windows-latest)	UNKNOWN STEP	2026-05-18T13:37:49.5285773Z + test-anywhere@0.9.1
Test (bun on windows-latest)	UNKNOWN STEP	2026-05-18T13:37:49.5285963Z
Test (bun on windows-latest)	UNKNOWN STEP	2026-05-18T13:37:49.5286073Z 295 packages installed [11.38s]
Test (bun on windows-latest)	UNKNOWN STEP	2026-05-18T13:37:49.7845304Z ##[group]Run bun test --timeout 30000
Test (bun on windows-latest)	UNKNOWN STEP	2026-05-18T13:37:49.7845643Z ^[[36;1mbun test --timeout 30000^[[0m
Test (bun on windows-latest)	UNKNOWN STEP	2026-05-18T13:37:49.7902446Z shell: C:\Program Files\PowerShell\7\pwsh.EXE -command ". '{0}'"
Test (bun on windows-latest)	UNKNOWN STEP	2026-05-18T13:37:49.7902750Z env:
Test (bun on windows-latest)	UNKNOWN STEP	2026-05-18T13:37:49.7902917Z   NODE_VERSION: 24.x
Test (bun on windows-latest)	UNKNOWN STEP	2026-05-18T13:37:49.7903105Z   NPM_CONFIG_PROVENANCE: true
Test (bun on windows-latest)	UNKNOWN STEP	2026-05-18T13:37:49.7903322Z ##[endgroup]
Test (bun on windows-latest)	UNKNOWN STEP	2026-05-18T13:37:50.1038121Z bun test v1.3.14 (0d9b296a)
Test (bun on windows-latest)	UNKNOWN STEP	2026-05-18T13:37:50.1335672Z
Test (bun on windows-latest)	UNKNOWN STEP	2026-05-18T13:37:50.1336319Z ##[group]tests\cli.test.js:
Test (bun on windows-latest)	UNKNOWN STEP	2026-05-18T13:37:50.1775206Z (pass) convert i18next JSON to .lino [8.39ms]
Test (bun on windows-latest)	UNKNOWN STEP	2026-05-18T13:37:50.1827176Z (pass) convert can bundle multiple locales into one .lino file [5.18ms]
Test (bun on windows-latest)	UNKNOWN STEP	2026-05-18T13:37:50.1882016Z (pass) convert reads defaults from a JSON config file [5.48ms]
Test (bun on windows-latest)	UNKNOWN STEP	2026-05-18T13:37:50.1928285Z (pass) check reports missing keys against a reference locale [4.60ms]
Test (bun on windows-latest)	UNKNOWN STEP	2026-05-18T13:37:50.1978819Z (pass) t command translates a key with parameters [5.02ms]
Test (bun on windows-latest)	UNKNOWN STEP	2026-05-18T13:37:50.1979246Z
Test (bun on windows-latest)	UNKNOWN STEP	2026-05-18T13:37:50.1979653Z ##[endgroup]
Test (bun on windows-latest)	UNKNOWN STEP	2026-05-18T13:37:50.1979770Z
Test (bun on windows-latest)	UNKNOWN STEP	2026-05-18T13:37:50.1980041Z ##[group]tests\converters.test.js:
Test (bun on windows-latest)	UNKNOWN STEP	2026-05-18T13:37:50.2003687Z (pass) fromI18next flattens nested keys with dot separator [0.24ms]
Test (bun on windows-latest)	UNKNOWN STEP	2026-05-18T13:37:50.2005908Z (pass) fromI18next supports namespace shape with `ns:` prefix [0.12ms]
Test (bun on windows-latest)	UNKNOWN STEP	2026-05-18T13:37:50.2007128Z (pass) fromI18next defaults to provided locale when input is a single catalogue [0.22ms]
Test (bun on windows-latest)	UNKNOWN STEP	2026-05-18T13:37:50.2010513Z (pass) fromI18nJs rewrites %{var} into {{var}} [0.39ms]
Test (bun on windows-latest)	UNKNOWN STEP	2026-05-18T13:37:50.2012596Z (pass) fromReactIntl handles plain ICU strings [0.19ms]
Test (bun on windows-latest)	UNKNOWN STEP	2026-05-18T13:37:50.2013329Z (pass) fromReactIntl extracts defaultMessage [0.04ms]
Test (bun on windows-latest)	UNKNOWN STEP	2026-05-18T13:37:50.2014736Z (pass) fromReactIntl decompiles compiled AST nodes [0.13ms]
Test (bun on windows-latest)	UNKNOWN STEP	2026-05-18T13:37:50.2015219Z
Test (bun on windows-latest)	UNKNOWN STEP	2026-05-18T13:37:50.2016077Z ##[endgroup]
Test (bun on windows-latest)	UNKNOWN STEP	2026-05-18T13:37:50.2016253Z
Test (bun on windows-latest)	UNKNOWN STEP	2026-05-18T13:37:50.2017270Z ##[group]tests\i18n.test.js:
Test (bun on windows-latest)	UNKNOWN STEP	2026-05-18T13:37:50.2040823Z (pass) interpolate replaces {{var}} and {var} [0.08ms]
Test (bun on windows-latest)	UNKNOWN STEP	2026-05-18T13:37:50.2044213Z (pass) pluralSuffix follows CLDR rules [0.33ms]
Test (bun on windows-latest)	UNKNOWN STEP	2026-05-18T13:37:50.2048448Z (pass) parseLinoCatalog round-trips with formatLinoCatalog [0.39ms]
Test (bun on windows-latest)	UNKNOWN STEP	2026-05-18T13:37:50.2053471Z (pass) parseLinoCatalog flattens nested groups and selector variants [0.46ms]
Test (bun on windows-latest)	UNKNOWN STEP	2026-05-18T13:37:50.2055948Z (pass) parseLinoCatalog flattens Hive Mind style deep multiline catalogues [0.23ms]
Test (bun on windows-latest)	UNKNOWN STEP	2026-05-18T13:37:50.2057002Z (pass) parseLinoCatalogs accepts bundled multi-locale files [0.08ms]
Test (bun on windows-latest)	UNKNOWN STEP	2026-05-18T13:37:50.2061406Z (pass) parseLinoCatalog can expand compatibility aliases while loading [0.40ms]
Test (bun on windows-latest)	UNKNOWN STEP	2026-05-18T13:37:50.2065839Z (pass) formatLinoCatalog emits nested catalogue syntax by default [0.45ms]
Test (bun on windows-latest)	UNKNOWN STEP	2026-05-18T13:37:50.2067969Z (pass) formatLinoCatalog preserves scalar parent translations as labels [0.21ms]
Test (bun on windows-latest)	UNKNOWN STEP	2026-05-18T13:37:50.2069060Z (pass) parseLinoCatalog aliases nested label children to their parent key [0.10ms]
Test (bun on windows-latest)	UNKNOWN STEP	2026-05-18T13:37:50.2072603Z (pass) label aliases preserve selector suffix groups [0.31ms]
Test (bun on windows-latest)	UNKNOWN STEP	2026-05-18T13:37:50.2074337Z (pass) createI18n resolves missing keys via fallback [0.19ms]
Test (bun on windows-latest)	UNKNOWN STEP	2026-05-18T13:37:50.2104797Z (pass) createI18n applies CLDR plurals per locale [3.00ms]
Test (bun on windows-latest)	UNKNOWN STEP	2026-05-18T13:37:50.2132905Z (pass) loadLocalesFromDirectory merges bundled and per-language files [2.78ms]
Test (bun on windows-latest)	UNKNOWN STEP	2026-05-18T13:37:50.2151892Z (pass) createI18n.loadLocaleFile registers bundled locale files [1.89ms]
Test (bun on windows-latest)	UNKNOWN STEP	2026-05-18T13:37:50.2153138Z (pass) createI18n falls back to onMissingKey when set [0.14ms]
Test (bun on windows-latest)	UNKNOWN STEP	2026-05-18T13:37:50.2154950Z (pass) createI18n exposes context (gender) suffixes [0.13ms]
Test (bun on windows-latest)	UNKNOWN STEP	2026-05-18T13:37:50.2155798Z (pass) createI18n exposes namespace-prefixed keys [0.10ms]
Test (bun on windows-latest)	UNKNOWN STEP	2026-05-18T13:37:50.2157356Z (pass) expandCompatibilityAliases adds migration aliases without overwriting explicit keys [0.11ms]
Test (bun on windows-latest)	UNKNOWN STEP	2026-05-18T13:37:50.2160319Z (pass) createI18n can expose underscore-tail migration aliases [0.23ms]
Test (bun on windows-latest)	UNKNOWN STEP	2026-05-18T13:37:50.2164818Z (pass) createI18n resolves label aliases while explicit keys win [0.23ms]
Test (bun on windows-latest)	UNKNOWN STEP	2026-05-18T13:37:50.2165211Z
Test (bun on windows-latest)	UNKNOWN STEP	2026-05-18T13:37:50.2165522Z ##[endgroup]
Test (bun on windows-latest)	UNKNOWN STEP	2026-05-18T13:37:50.2165626Z
Test (bun on windows-latest)	UNKNOWN STEP	2026-05-18T13:37:50.2166161Z ##[group]tests\package-metadata.test.js:
Test (bun on windows-latest)	UNKNOWN STEP	2026-05-18T13:37:57.3842455Z (pass) npm package dry-run contains the publishable runtime surface [7164.21ms]
Test (bun on windows-latest)	UNKNOWN STEP	2026-05-18T13:37:57.3842838Z
Test (bun on windows-latest)	UNKNOWN STEP	2026-05-18T13:37:57.3843281Z ##[endgroup]
Test (bun on windows-latest)	UNKNOWN STEP	2026-05-18T13:37:57.3845485Z
Test (bun on windows-latest)	UNKNOWN STEP	2026-05-18T13:37:57.3846765Z ##[group]tests\release-delivery.test.js:
Test (bun on windows-latest)	UNKNOWN STEP	2026-05-18T13:37:57.3890667Z (pass) delivery jobs keep running after optional release gates are skipped [0.79ms]
Test (bun on windows-latest)	UNKNOWN STEP	2026-05-18T13:37:57.3894629Z (pass) root README advertises package, release, and CI/CD status badges [0.40ms]
Test (bun on windows-latest)	UNKNOWN STEP	2026-05-18T13:37:57.3900493Z (pass) JavaScript GitHub release notes include package and CI/CD badges [0.57ms]
Test (bun on windows-latest)	UNKNOWN STEP	2026-05-18T13:37:57.3900927Z
Test (bun on windows-latest)	UNKNOWN STEP	2026-05-18T13:37:57.3901228Z ##[endgroup]
Test (bun on windows-latest)	UNKNOWN STEP	2026-05-18T13:37:57.3901383Z
Test (bun on windows-latest)	UNKNOWN STEP	2026-05-18T13:37:57.3901554Z  37 pass
Test (bun on windows-latest)	UNKNOWN STEP	2026-05-18T13:37:57.3902161Z  0 fail
Test (bun on windows-latest)	UNKNOWN STEP	2026-05-18T13:37:57.3902586Z Ran 37 tests across 5 files. [7.29s]
Test (bun on windows-latest)	UNKNOWN STEP	2026-05-18T13:37:57.5274322Z Post job cleanup.
Test (bun on windows-latest)	UNKNOWN STEP	2026-05-18T13:37:57.7627935Z Post job cleanup.
Test (bun on windows-latest)	UNKNOWN STEP	2026-05-18T13:37:57.9278221Z [command]"C:\Program Files\Git\bin\git.exe" version
Test (bun on windows-latest)	UNKNOWN STEP	2026-05-18T13:37:57.9540985Z git version 2.54.0.windows.1
Test (bun on windows-latest)	UNKNOWN STEP	2026-05-18T13:37:57.9613589Z Temporarily overriding HOME='D:\a\_temp\5b73b24b-a71c-40d1-8285-1f94b35a53e3' before making global git config changes
Test (bun on windows-latest)	UNKNOWN STEP	2026-05-18T13:37:57.9614773Z Adding repository directory to the temporary git global config as a safe directory
Test (bun on windows-latest)	UNKNOWN STEP	2026-05-18T13:37:57.9626381Z [command]"C:\Program Files\Git\bin\git.exe" config --global --add safe.directory D:\a\lino-i18n\lino-i18n
Test (bun on windows-latest)	UNKNOWN STEP	2026-05-18T13:37:57.9954683Z Removing SSH command configuration
Test (bun on windows-latest)	UNKNOWN STEP	2026-05-18T13:37:57.9966346Z [command]"C:\Program Files\Git\bin\git.exe" config --local --name-only --get-regexp core\.sshCommand
Test (bun on windows-latest)	UNKNOWN STEP	2026-05-18T13:37:58.0264585Z [command]"C:\Program Files\Git\bin\git.exe" submodule foreach --recursive "sh -c \"git config --local --name-only --get-regexp 'core\.sshCommand' && git config --local --unset-all 'core.sshCommand' || :\""
Test (bun on windows-latest)	UNKNOWN STEP	2026-05-18T13:37:58.5752263Z Removing HTTP extra header
Test (bun on windows-latest)	UNKNOWN STEP	2026-05-18T13:37:58.5762580Z [command]"C:\Program Files\Git\bin\git.exe" config --local --name-only --get-regexp http\.https\:\/\/github\.com\/\.extraheader
Test (bun on windows-latest)	UNKNOWN STEP	2026-05-18T13:37:58.6065562Z [command]"C:\Program Files\Git\bin\git.exe" submodule foreach --recursive "sh -c \"git config --local --name-only --get-regexp 'http\.https\:\/\/github\.com\/\.extraheader' && git config --local --unset-all 'http.https://github.com/.extraheader' || :\""
Test (bun on windows-latest)	UNKNOWN STEP	2026-05-18T13:37:59.1146874Z Removing includeIf entries pointing to credentials config files
Test (bun on windows-latest)	UNKNOWN STEP	2026-05-18T13:37:59.1159443Z [command]"C:\Program Files\Git\bin\git.exe" config --local --name-only --get-regexp ^includeIf\.gitdir:
Test (bun on windows-latest)	UNKNOWN STEP	2026-05-18T13:37:59.1408963Z includeif.gitdir:D:/a/lino-i18n/lino-i18n/.git.path
Test (bun on windows-latest)	UNKNOWN STEP	2026-05-18T13:37:59.1409584Z includeif.gitdir:D:/a/lino-i18n/lino-i18n/.git/worktrees/*.path
Test (bun on windows-latest)	UNKNOWN STEP	2026-05-18T13:37:59.1409919Z includeif.gitdir:/github/workspace/.git.path
Test (bun on windows-latest)	UNKNOWN STEP	2026-05-18T13:37:59.1410261Z includeif.gitdir:/github/workspace/.git/worktrees/*.path
Test (bun on windows-latest)	UNKNOWN STEP	2026-05-18T13:37:59.1452913Z [command]"C:\Program Files\Git\bin\git.exe" config --local --get-all includeif.gitdir:D:/a/lino-i18n/lino-i18n/.git.path
Test (bun on windows-latest)	UNKNOWN STEP	2026-05-18T13:37:59.1692175Z D:\a\_temp\git-credentials-a4e90ac0-d15b-486c-a67e-f4fb5173b59f.config
Test (bun on windows-latest)	UNKNOWN STEP	2026-05-18T13:37:59.1736087Z [command]"C:\Program Files\Git\bin\git.exe" config --local --unset includeif.gitdir:D:/a/lino-i18n/lino-i18n/.git.path D:\a\_temp\git-credentials-a4e90ac0-d15b-486c-a67e-f4fb5173b59f.config
Test (bun on windows-latest)	UNKNOWN STEP	2026-05-18T13:37:59.2025841Z [command]"C:\Program Files\Git\bin\git.exe" config --local --get-all includeif.gitdir:D:/a/lino-i18n/lino-i18n/.git/worktrees/*.path
Test (bun on windows-latest)	UNKNOWN STEP	2026-05-18T13:37:59.2265223Z D:\a\_temp\git-credentials-a4e90ac0-d15b-486c-a67e-f4fb5173b59f.config
Test (bun on windows-latest)	UNKNOWN STEP	2026-05-18T13:37:59.2309130Z [command]"C:\Program Files\Git\bin\git.exe" config --local --unset includeif.gitdir:D:/a/lino-i18n/lino-i18n/.git/worktrees/*.path D:\a\_temp\git-credentials-a4e90ac0-d15b-486c-a67e-f4fb5173b59f.config
Test (bun on windows-latest)	UNKNOWN STEP	2026-05-18T13:37:59.2597832Z [command]"C:\Program Files\Git\bin\git.exe" config --local --get-all includeif.gitdir:/github/workspace/.git.path
Test (bun on windows-latest)	UNKNOWN STEP	2026-05-18T13:37:59.2838230Z /github/runner_temp/git-credentials-a4e90ac0-d15b-486c-a67e-f4fb5173b59f.config
Test (bun on windows-latest)	UNKNOWN STEP	2026-05-18T13:37:59.2913708Z [command]"C:\Program Files\Git\bin\git.exe" config --local --unset includeif.gitdir:/github/workspace/.git.path /github/runner_temp/git-credentials-a4e90ac0-d15b-486c-a67e-f4fb5173b59f.config
Test (bun on windows-latest)	UNKNOWN STEP	2026-05-18T13:37:59.3190116Z [command]"C:\Program Files\Git\bin\git.exe" config --local --get-all includeif.gitdir:/github/workspace/.git/worktrees/*.path
Test (bun on windows-latest)	UNKNOWN STEP	2026-05-18T13:37:59.3430956Z /github/runner_temp/git-credentials-a4e90ac0-d15b-486c-a67e-f4fb5173b59f.config
Test (bun on windows-latest)	UNKNOWN STEP	2026-05-18T13:37:59.3471814Z [command]"C:\Program Files\Git\bin\git.exe" config --local --unset includeif.gitdir:/github/workspace/.git/worktrees/*.path /github/runner_temp/git-credentials-a4e90ac0-d15b-486c-a67e-f4fb5173b59f.config
Test (bun on windows-latest)	UNKNOWN STEP	2026-05-18T13:37:59.3765346Z [command]"C:\Program Files\Git\bin\git.exe" submodule foreach --recursive "git config --local --show-origin --name-only --get-regexp remote.origin.url"
Test (bun on windows-latest)	UNKNOWN STEP	2026-05-18T13:37:59.8887630Z Removing credentials config 'D:\a\_temp\git-credentials-a4e90ac0-d15b-486c-a67e-f4fb5173b59f.config'
Test (bun on windows-latest)	UNKNOWN STEP	2026-05-18T13:37:59.9082573Z Cleaning up orphan processes
Package Dry Run	UNKNOWN STEP	﻿2026-05-18T13:39:14.7568917Z Current runner version: '2.334.0'
Package Dry Run	UNKNOWN STEP	2026-05-18T13:39:14.7604778Z ##[group]Runner Image Provisioner
Package Dry Run	UNKNOWN STEP	2026-05-18T13:39:14.7606331Z Hosted Compute Agent
Package Dry Run	UNKNOWN STEP	2026-05-18T13:39:14.7607249Z Version: 20260213.493
Package Dry Run	UNKNOWN STEP	2026-05-18T13:39:14.7608228Z Commit: 5c115507f6dd24b8de37d8bbe0bb4509d0cc0fa3
Package Dry Run	UNKNOWN STEP	2026-05-18T13:39:14.7609835Z Build Date: 2026-02-13T00:28:41Z
Package Dry Run	UNKNOWN STEP	2026-05-18T13:39:14.7610815Z Worker ID: {a012a030-835e-4dcb-8c3e-5d1761ef7bb3}
Package Dry Run	UNKNOWN STEP	2026-05-18T13:39:14.7611854Z Azure Region: eastus2
Package Dry Run	UNKNOWN STEP	2026-05-18T13:39:14.7612711Z ##[endgroup]
Package Dry Run	UNKNOWN STEP	2026-05-18T13:39:14.7615040Z ##[group]Operating System
Package Dry Run	UNKNOWN STEP	2026-05-18T13:39:14.7616171Z Ubuntu
Package Dry Run	UNKNOWN STEP	2026-05-18T13:39:14.7617020Z 24.04.4
Package Dry Run	UNKNOWN STEP	2026-05-18T13:39:14.7617672Z LTS
Package Dry Run	UNKNOWN STEP	2026-05-18T13:39:14.7618360Z ##[endgroup]
Package Dry Run	UNKNOWN STEP	2026-05-18T13:39:14.7619210Z ##[group]Runner Image
Package Dry Run	UNKNOWN STEP	2026-05-18T13:39:14.7619993Z Image: ubuntu-24.04
Package Dry Run	UNKNOWN STEP	2026-05-18T13:39:14.7620815Z Version: 20260513.135.3
Package Dry Run	UNKNOWN STEP	2026-05-18T13:39:14.7622753Z Included Software: https://github.com/actions/runner-images/blob/ubuntu24/20260513.135/images/ubuntu/Ubuntu2404-Readme.md
Package Dry Run	UNKNOWN STEP	2026-05-18T13:39:14.7625263Z Image Release: https://github.com/actions/runner-images/releases/tag/ubuntu24%2F20260513.135
Package Dry Run	UNKNOWN STEP	2026-05-18T13:39:14.7626956Z ##[endgroup]
Package Dry Run	UNKNOWN STEP	2026-05-18T13:39:14.7628789Z ##[group]GITHUB_TOKEN Permissions
Package Dry Run	UNKNOWN STEP	2026-05-18T13:39:14.7631917Z Contents: write
Package Dry Run	UNKNOWN STEP	2026-05-18T13:39:14.7632711Z Metadata: read
Package Dry Run	UNKNOWN STEP	2026-05-18T13:39:14.7633552Z Pages: write
Package Dry Run	UNKNOWN STEP	2026-05-18T13:39:14.7634262Z PullRequests: write
Package Dry Run	UNKNOWN STEP	2026-05-18T13:39:14.7635101Z ##[endgroup]
Package Dry Run	UNKNOWN STEP	2026-05-18T13:39:14.7638456Z Secret source: Actions
Package Dry Run	UNKNOWN STEP	2026-05-18T13:39:14.7639805Z Prepare workflow directory
Package Dry Run	UNKNOWN STEP	2026-05-18T13:39:14.8246399Z Prepare all required actions
Package Dry Run	UNKNOWN STEP	2026-05-18T13:39:14.8304049Z Getting action download info
Package Dry Run	UNKNOWN STEP	2026-05-18T13:39:15.2316030Z Download action repository 'actions/checkout@v6' (SHA:de0fac2e4500dabe0009e67214ff5f5447ce83dd)
Package Dry Run	UNKNOWN STEP	2026-05-18T13:39:15.3611433Z Download action repository 'actions/setup-node@v6' (SHA:48b55a011bda9f5d6aeb4c2d9c7362e8dae4041e)
Package Dry Run	UNKNOWN STEP	2026-05-18T13:39:15.5554273Z Complete job name: Package Dry Run
Package Dry Run	UNKNOWN STEP	2026-05-18T13:39:15.6317514Z ##[group]Run actions/checkout@v6
Package Dry Run	UNKNOWN STEP	2026-05-18T13:39:15.6318424Z with:
Package Dry Run	UNKNOWN STEP	2026-05-18T13:39:15.6318871Z   repository: link-foundation/lino-i18n
Package Dry Run	UNKNOWN STEP	2026-05-18T13:39:15.6319696Z   token: ***
Package Dry Run	UNKNOWN STEP	2026-05-18T13:39:15.6320109Z   ssh-strict: true
Package Dry Run	UNKNOWN STEP	2026-05-18T13:39:15.6320518Z   ssh-user: git
Package Dry Run	UNKNOWN STEP	2026-05-18T13:39:15.6320953Z   persist-credentials: true
Package Dry Run	UNKNOWN STEP	2026-05-18T13:39:15.6321421Z   clean: true
Package Dry Run	UNKNOWN STEP	2026-05-18T13:39:15.6321841Z   sparse-checkout-cone-mode: true
Package Dry Run	UNKNOWN STEP	2026-05-18T13:39:15.6322341Z   fetch-depth: 1
Package Dry Run	UNKNOWN STEP	2026-05-18T13:39:15.6322747Z   fetch-tags: false
Package Dry Run	UNKNOWN STEP	2026-05-18T13:39:15.6323201Z   show-progress: true
Package Dry Run	UNKNOWN STEP	2026-05-18T13:39:15.6323642Z   lfs: false
Package Dry Run	UNKNOWN STEP	2026-05-18T13:39:15.6324033Z   submodules: false
Package Dry Run	UNKNOWN STEP	2026-05-18T13:39:15.6324478Z   set-safe-directory: true
Package Dry Run	UNKNOWN STEP	2026-05-18T13:39:15.6325131Z env:
Package Dry Run	UNKNOWN STEP	2026-05-18T13:39:15.6325526Z   NODE_VERSION: 24.x
Package Dry Run	UNKNOWN STEP	2026-05-18T13:39:15.6326198Z   NPM_CONFIG_PROVENANCE: true
Package Dry Run	UNKNOWN STEP	2026-05-18T13:39:15.6326686Z ##[endgroup]
Package Dry Run	UNKNOWN STEP	2026-05-18T13:39:15.7354492Z Syncing repository: link-foundation/lino-i18n
Package Dry Run	UNKNOWN STEP	2026-05-18T13:39:15.7356755Z ##[group]Getting Git version info
Package Dry Run	UNKNOWN STEP	2026-05-18T13:39:15.7357539Z Working directory is '/home/runner/work/lino-i18n/lino-i18n'
Package Dry Run	UNKNOWN STEP	2026-05-18T13:39:15.7358556Z [command]/usr/bin/git version
Package Dry Run	UNKNOWN STEP	2026-05-18T13:39:15.7408463Z git version 2.54.0
Package Dry Run	UNKNOWN STEP	2026-05-18T13:39:15.7430019Z ##[endgroup]
Package Dry Run	UNKNOWN STEP	2026-05-18T13:39:15.7445568Z Temporarily overriding HOME='/home/runner/work/_temp/47e54213-4376-4154-914b-944993c93fa1' before making global git config changes
Package Dry Run	UNKNOWN STEP	2026-05-18T13:39:15.7448349Z Adding repository directory to the temporary git global config as a safe directory
Package Dry Run	UNKNOWN STEP	2026-05-18T13:39:15.7450558Z [command]/usr/bin/git config --global --add safe.directory /home/runner/work/lino-i18n/lino-i18n
Package Dry Run	UNKNOWN STEP	2026-05-18T13:39:15.7497508Z Deleting the contents of '/home/runner/work/lino-i18n/lino-i18n'
Package Dry Run	UNKNOWN STEP	2026-05-18T13:39:15.7502515Z ##[group]Initializing the repository
Package Dry Run	UNKNOWN STEP	2026-05-18T13:39:15.7507766Z [command]/usr/bin/git init /home/runner/work/lino-i18n/lino-i18n
Package Dry Run	UNKNOWN STEP	2026-05-18T13:39:15.7587659Z hint: Using 'master' as the name for the initial branch. This default branch name
Package Dry Run	UNKNOWN STEP	2026-05-18T13:39:15.7589776Z hint: will change to "main" in Git 3.0. To configure the initial branch name
Package Dry Run	UNKNOWN STEP	2026-05-18T13:39:15.7591432Z hint: to use in all of your new repositories, which will suppress this warning,
Package Dry Run	UNKNOWN STEP	2026-05-18T13:39:15.7592740Z hint: call:
Package Dry Run	UNKNOWN STEP	2026-05-18T13:39:15.7593431Z hint:
Package Dry Run	UNKNOWN STEP	2026-05-18T13:39:15.7594316Z hint: 	git config --global init.defaultBranch <name>
Package Dry Run	UNKNOWN STEP	2026-05-18T13:39:15.7595439Z hint:
Package Dry Run	UNKNOWN STEP	2026-05-18T13:39:15.7596651Z hint: Names commonly chosen instead of 'master' are 'main', 'trunk' and
Package Dry Run	UNKNOWN STEP	2026-05-18T13:39:15.7598355Z hint: 'development'. The just-created branch can be renamed via this command:
Package Dry Run	UNKNOWN STEP	2026-05-18T13:39:15.7599677Z hint:
Package Dry Run	UNKNOWN STEP	2026-05-18T13:39:15.7600376Z hint: 	git branch -m <name>
Package Dry Run	UNKNOWN STEP	2026-05-18T13:39:15.7601158Z hint:
Package Dry Run	UNKNOWN STEP	2026-05-18T13:39:15.7602240Z hint: Disable this message with "git config set advice.defaultBranchName false"
Package Dry Run	UNKNOWN STEP	2026-05-18T13:39:15.7604178Z Initialized empty Git repository in /home/runner/work/lino-i18n/lino-i18n/.git/
Package Dry Run	UNKNOWN STEP	2026-05-18T13:39:15.7607323Z [command]/usr/bin/git remote add origin https://github.com/link-foundation/lino-i18n
Package Dry Run	UNKNOWN STEP	2026-05-18T13:39:15.7679605Z ##[endgroup]
Package Dry Run	UNKNOWN STEP	2026-05-18T13:39:15.7680927Z ##[group]Disabling automatic garbage collection
Package Dry Run	UNKNOWN STEP	2026-05-18T13:39:15.7684446Z [command]/usr/bin/git config --local gc.auto 0
Package Dry Run	UNKNOWN STEP	2026-05-18T13:39:15.7716325Z ##[endgroup]
Package Dry Run	UNKNOWN STEP	2026-05-18T13:39:15.7717611Z ##[group]Setting up auth
Package Dry Run	UNKNOWN STEP	2026-05-18T13:39:15.7718502Z Removing SSH command configuration
Package Dry Run	UNKNOWN STEP	2026-05-18T13:39:15.7724278Z [command]/usr/bin/git config --local --name-only --get-regexp core\.sshCommand
Package Dry Run	UNKNOWN STEP	2026-05-18T13:39:15.7761349Z [command]/usr/bin/git submodule foreach --recursive sh -c "git config --local --name-only --get-regexp 'core\.sshCommand' && git config --local --unset-all 'core.sshCommand' || :"
Package Dry Run	UNKNOWN STEP	2026-05-18T13:39:15.8090291Z Removing HTTP extra header
Package Dry Run	UNKNOWN STEP	2026-05-18T13:39:15.8096434Z [command]/usr/bin/git config --local --name-only --get-regexp http\.https\:\/\/github\.com\/\.extraheader
Package Dry Run	UNKNOWN STEP	2026-05-18T13:39:15.8130552Z [command]/usr/bin/git submodule foreach --recursive sh -c "git config --local --name-only --get-regexp 'http\.https\:\/\/github\.com\/\.extraheader' && git config --local --unset-all 'http.https://github.com/.extraheader' || :"
Package Dry Run	UNKNOWN STEP	2026-05-18T13:39:15.8371585Z Removing includeIf entries pointing to credentials config files
Package Dry Run	UNKNOWN STEP	2026-05-18T13:39:15.8378589Z [command]/usr/bin/git config --local --name-only --get-regexp ^includeIf\.gitdir:
Package Dry Run	UNKNOWN STEP	2026-05-18T13:39:15.8413301Z [command]/usr/bin/git submodule foreach --recursive git config --local --show-origin --name-only --get-regexp remote.origin.url
Package Dry Run	UNKNOWN STEP	2026-05-18T13:39:15.8661730Z [command]/usr/bin/git config --file /home/runner/work/_temp/git-credentials-218bfde6-993a-4e8b-9623-9f495c51b455.config http.https://github.com/.extraheader AUTHORIZATION: basic ***
Package Dry Run	UNKNOWN STEP	2026-05-18T13:39:15.8701960Z [command]/usr/bin/git config --local includeIf.gitdir:/home/runner/work/lino-i18n/lino-i18n/.git.path /home/runner/work/_temp/git-credentials-218bfde6-993a-4e8b-9623-9f495c51b455.config
Package Dry Run	UNKNOWN STEP	2026-05-18T13:39:15.8734534Z [command]/usr/bin/git config --local includeIf.gitdir:/home/runner/work/lino-i18n/lino-i18n/.git/worktrees/*.path /home/runner/work/_temp/git-credentials-218bfde6-993a-4e8b-9623-9f495c51b455.config
Package Dry Run	UNKNOWN STEP	2026-05-18T13:39:15.8768229Z [command]/usr/bin/git config --local includeIf.gitdir:/github/workspace/.git.path /github/runner_temp/git-credentials-218bfde6-993a-4e8b-9623-9f495c51b455.config
Package Dry Run	UNKNOWN STEP	2026-05-18T13:39:15.8800644Z [command]/usr/bin/git config --local includeIf.gitdir:/github/workspace/.git/worktrees/*.path /github/runner_temp/git-credentials-218bfde6-993a-4e8b-9623-9f495c51b455.config
Package Dry Run	UNKNOWN STEP	2026-05-18T13:39:15.8836532Z ##[endgroup]
Package Dry Run	UNKNOWN STEP	2026-05-18T13:39:15.8837271Z ##[group]Fetching the repository
Package Dry Run	UNKNOWN STEP	2026-05-18T13:39:15.8845317Z [command]/usr/bin/git -c protocol.version=2 fetch --no-tags --prune --no-recurse-submodules --depth=1 origin +8910b98b665a650690c0d9e9188bbf6bec1e9d2c:refs/remotes/origin/main
Package Dry Run	UNKNOWN STEP	2026-05-18T13:39:16.3596255Z From https://github.com/link-foundation/lino-i18n
Package Dry Run	UNKNOWN STEP	2026-05-18T13:39:16.3598693Z  * [new ref]         8910b98b665a650690c0d9e9188bbf6bec1e9d2c -> origin/main
Package Dry Run	UNKNOWN STEP	2026-05-18T13:39:16.3635899Z [command]/usr/bin/git branch --list --remote origin/main
Package Dry Run	UNKNOWN STEP	2026-05-18T13:39:16.3664793Z   origin/main
Package Dry Run	UNKNOWN STEP	2026-05-18T13:39:16.3673521Z [command]/usr/bin/git rev-parse refs/remotes/origin/main
Package Dry Run	UNKNOWN STEP	2026-05-18T13:39:16.3698402Z 8910b98b665a650690c0d9e9188bbf6bec1e9d2c
Package Dry Run	UNKNOWN STEP	2026-05-18T13:39:16.3703314Z ##[endgroup]
Package Dry Run	UNKNOWN STEP	2026-05-18T13:39:16.3704609Z ##[group]Determining the checkout info
Package Dry Run	UNKNOWN STEP	2026-05-18T13:39:16.3705960Z ##[endgroup]
Package Dry Run	UNKNOWN STEP	2026-05-18T13:39:16.3709300Z [command]/usr/bin/git sparse-checkout disable
Package Dry Run	UNKNOWN STEP	2026-05-18T13:39:16.3753520Z [command]/usr/bin/git config --local --unset-all extensions.worktreeConfig
Package Dry Run	UNKNOWN STEP	2026-05-18T13:39:16.3785057Z ##[group]Checking out the ref
Package Dry Run	UNKNOWN STEP	2026-05-18T13:39:16.3786627Z [command]/usr/bin/git checkout --progress --force -B main refs/remotes/origin/main
Package Dry Run	UNKNOWN STEP	2026-05-18T13:39:16.4344582Z Switched to a new branch 'main'
Package Dry Run	UNKNOWN STEP	2026-05-18T13:39:16.4346321Z branch 'main' set up to track 'origin/main'.
Package Dry Run	UNKNOWN STEP	2026-05-18T13:39:16.4356689Z ##[endgroup]
Package Dry Run	UNKNOWN STEP	2026-05-18T13:39:16.4522282Z [command]/usr/bin/git log -1 --format=%H
Package Dry Run	UNKNOWN STEP	2026-05-18T13:39:16.4550621Z 8910b98b665a650690c0d9e9188bbf6bec1e9d2c
Package Dry Run	UNKNOWN STEP	2026-05-18T13:39:16.4901582Z ##[group]Run actions/setup-node@v6
Package Dry Run	UNKNOWN STEP	2026-05-18T13:39:16.4902760Z with:
Package Dry Run	UNKNOWN STEP	2026-05-18T13:39:16.4903572Z   node-version: 24.x
Package Dry Run	UNKNOWN STEP	2026-05-18T13:39:16.4904489Z   cache: npm
Package Dry Run	UNKNOWN STEP	2026-05-18T13:39:16.4905458Z   cache-dependency-path: js/package-lock.json
Package Dry Run	UNKNOWN STEP	2026-05-18T13:39:16.4906894Z   check-latest: false
Package Dry Run	UNKNOWN STEP	2026-05-18T13:39:16.4908153Z   token: ***
Package Dry Run	UNKNOWN STEP	2026-05-18T13:39:16.4909028Z   package-manager-cache: true
Package Dry Run	UNKNOWN STEP	2026-05-18T13:39:16.4910045Z env:
Package Dry Run	UNKNOWN STEP	2026-05-18T13:39:16.4910820Z   NODE_VERSION: 24.x
Package Dry Run	UNKNOWN STEP	2026-05-18T13:39:16.4911756Z   NPM_CONFIG_PROVENANCE: true
Package Dry Run	UNKNOWN STEP	2026-05-18T13:39:16.4912753Z ##[endgroup]
Package Dry Run	UNKNOWN STEP	2026-05-18T13:39:16.6534571Z Found in cache @ /opt/hostedtoolcache/node/24.15.0/x64
Package Dry Run	UNKNOWN STEP	2026-05-18T13:39:16.6537928Z ##[group]Environment details
Package Dry Run	UNKNOWN STEP	2026-05-18T13:39:17.0068477Z node: v24.15.0
Package Dry Run	UNKNOWN STEP	2026-05-18T13:39:17.0069666Z npm: 11.12.1
Package Dry Run	UNKNOWN STEP	2026-05-18T13:39:17.0070764Z yarn: 1.22.22
Package Dry Run	UNKNOWN STEP	2026-05-18T13:39:17.0072329Z ##[endgroup]
Package Dry Run	UNKNOWN STEP	2026-05-18T13:39:17.0088389Z [command]/opt/hostedtoolcache/node/24.15.0/x64/bin/npm config get cache
Package Dry Run	UNKNOWN STEP	2026-05-18T13:39:17.1140752Z /home/runner/.npm
Package Dry Run	UNKNOWN STEP	2026-05-18T13:39:17.2028406Z Cache hit for: node-cache-Linux-x64-npm-f5808b7053f8307b6f76624b32fb00f08c636293d1963c60dc6594d21979e698
Package Dry Run	UNKNOWN STEP	2026-05-18T13:39:17.4323002Z Received 23884147 of 23884147 (100.0%), 123.8 MBs/sec
Package Dry Run	UNKNOWN STEP	2026-05-18T13:39:17.4323867Z Cache Size: ~23 MB (23884147 B)
Package Dry Run	UNKNOWN STEP	2026-05-18T13:39:17.4488395Z [command]/usr/bin/tar -xf /home/runner/work/_temp/4ac58b22-1bf5-4651-ac23-b525f401d966/cache.tzst -P -C /home/runner/work/lino-i18n/lino-i18n --use-compress-program unzstd
Package Dry Run	UNKNOWN STEP	2026-05-18T13:39:17.6961140Z Cache restored successfully
Package Dry Run	UNKNOWN STEP	2026-05-18T13:39:17.6989008Z Cache restored from key: node-cache-Linux-x64-npm-f5808b7053f8307b6f76624b32fb00f08c636293d1963c60dc6594d21979e698
Package Dry Run	UNKNOWN STEP	2026-05-18T13:39:17.7221682Z ##[group]Run npm ci || npm install
Package Dry Run	UNKNOWN STEP	2026-05-18T13:39:17.7222089Z ^[[36;1mnpm ci || npm install^[[0m
Package Dry Run	UNKNOWN STEP	2026-05-18T13:39:17.7271889Z shell: /usr/bin/bash -e {0}
Package Dry Run	UNKNOWN STEP	2026-05-18T13:39:17.7272271Z env:
Package Dry Run	UNKNOWN STEP	2026-05-18T13:39:17.7272514Z   NODE_VERSION: 24.x
Package Dry Run	UNKNOWN STEP	2026-05-18T13:39:17.7272754Z   NPM_CONFIG_PROVENANCE: true
Package Dry Run	UNKNOWN STEP	2026-05-18T13:39:17.7273008Z ##[endgroup]
Package Dry Run	UNKNOWN STEP	2026-05-18T13:39:20.4705350Z
Package Dry Run	UNKNOWN STEP	2026-05-18T13:39:20.4715066Z added 295 packages, and audited 296 packages in 3s
Package Dry Run	UNKNOWN STEP	2026-05-18T13:39:20.4715612Z
Package Dry Run	UNKNOWN STEP	2026-05-18T13:39:20.4716170Z 49 packages are looking for funding
Package Dry Run	UNKNOWN STEP	2026-05-18T13:39:20.4716733Z   run `npm fund` for details
Package Dry Run	UNKNOWN STEP	2026-05-18T13:39:20.4720439Z
Package Dry Run	UNKNOWN STEP	2026-05-18T13:39:20.4720905Z found 0 vulnerabilities
Package Dry Run	UNKNOWN STEP	2026-05-18T13:39:20.5326361Z ##[group]Run npm pack --dry-run
Package Dry Run	UNKNOWN STEP	2026-05-18T13:39:20.5326735Z ^[[36;1mnpm pack --dry-run^[[0m
Package Dry Run	UNKNOWN STEP	2026-05-18T13:39:20.5364049Z shell: /usr/bin/bash -e {0}
Package Dry Run	UNKNOWN STEP	2026-05-18T13:39:20.5364340Z env:
Package Dry Run	UNKNOWN STEP	2026-05-18T13:39:20.5364540Z   NODE_VERSION: 24.x
Package Dry Run	UNKNOWN STEP	2026-05-18T13:39:20.5364783Z   NPM_CONFIG_PROVENANCE: true
Package Dry Run	UNKNOWN STEP	2026-05-18T13:39:20.5365043Z ##[endgroup]
Package Dry Run	UNKNOWN STEP	2026-05-18T13:39:20.9203564Z npm notice
Package Dry Run	UNKNOWN STEP	2026-05-18T13:39:20.9208223Z npm notice 📦  lino-i18n@0.1.0
Package Dry Run	UNKNOWN STEP	2026-05-18T13:39:20.9208780Z npm notice Tarball Contents
Package Dry Run	UNKNOWN STEP	2026-05-18T13:39:20.9214796Z npm notice 694B CHANGELOG.md
Package Dry Run	UNKNOWN STEP	2026-05-18T13:39:20.9215282Z npm notice 1.2kB LICENSE
Package Dry Run	UNKNOWN STEP	2026-05-18T13:39:20.9216771Z npm notice 4.9kB README.md
Package Dry Run	UNKNOWN STEP	2026-05-18T13:39:20.9217250Z npm notice 10.8kB bin/lino-i18n.js
Package Dry Run	UNKNOWN STEP	2026-05-18T13:39:20.9218005Z npm notice 2.0kB package.json
Package Dry Run	UNKNOWN STEP	2026-05-18T13:39:20.9218487Z npm notice 2.3kB src/compatibility.js
Package Dry Run	UNKNOWN STEP	2026-05-18T13:39:20.9219038Z npm notice 1.5kB src/converters/detect.js
Package Dry Run	UNKNOWN STEP	2026-05-18T13:39:20.9219579Z npm notice 1.9kB src/converters/i18n-js.js
Package Dry Run	UNKNOWN STEP	2026-05-18T13:39:20.9220218Z npm notice 2.6kB src/converters/i18next.js
Package Dry Run	UNKNOWN STEP	2026-05-18T13:39:20.9220731Z npm notice 463B src/converters/index.js
Package Dry Run	UNKNOWN STEP	2026-05-18T13:39:20.9221262Z npm notice 2.8kB src/converters/react-intl.js
Package Dry Run	UNKNOWN STEP	2026-05-18T13:39:20.9221785Z npm notice 3.4kB src/format.js
Package Dry Run	UNKNOWN STEP	2026-05-18T13:39:20.9222209Z npm notice 4.7kB src/i18n.js
Package Dry Run	UNKNOWN STEP	2026-05-18T13:39:20.9222645Z npm notice 5.1kB src/index.d.ts
Package Dry Run	UNKNOWN STEP	2026-05-18T13:39:20.9223091Z npm notice 914B src/index.js
Package Dry Run	UNKNOWN STEP	2026-05-18T13:39:20.9223528Z npm notice 14.4kB src/loaders.js
Package Dry Run	UNKNOWN STEP	2026-05-18T13:39:20.9223945Z npm notice Tarball Details
Package Dry Run	UNKNOWN STEP	2026-05-18T13:39:20.9224375Z npm notice name: lino-i18n
Package Dry Run	UNKNOWN STEP	2026-05-18T13:39:20.9224742Z npm notice version: 0.1.0
Package Dry Run	UNKNOWN STEP	2026-05-18T13:39:20.9225253Z npm notice filename: lino-i18n-0.1.0.tgz
Package Dry Run	UNKNOWN STEP	2026-05-18T13:39:20.9225910Z npm notice package size: 16.7 kB
Package Dry Run	UNKNOWN STEP	2026-05-18T13:39:20.9226383Z npm notice unpacked size: 59.9 kB
Package Dry Run	UNKNOWN STEP	2026-05-18T13:39:20.9226989Z npm notice shasum: 3a32fd40e56e8db1e1af02781507e63d81509feb
Package Dry Run	UNKNOWN STEP	2026-05-18T13:39:20.9227765Z npm notice integrity: sha512-lTwvHitoYyYhM[...]Q4JDluy+1S9iQ==
Package Dry Run	UNKNOWN STEP	2026-05-18T13:39:20.9228345Z npm notice total files: 16
Package Dry Run	UNKNOWN STEP	2026-05-18T13:39:20.9228702Z npm notice
Package Dry Run	UNKNOWN STEP	2026-05-18T13:39:20.9230603Z lino-i18n-0.1.0.tgz
Package Dry Run	UNKNOWN STEP	2026-05-18T13:39:20.9440428Z Post job cleanup.
Package Dry Run	UNKNOWN STEP	2026-05-18T13:39:21.0657740Z Cache hit occurred on the primary key node-cache-Linux-x64-npm-f5808b7053f8307b6f76624b32fb00f08c636293d1963c60dc6594d21979e698, not saving cache.
Package Dry Run	UNKNOWN STEP	2026-05-18T13:39:21.0831563Z Post job cleanup.
Package Dry Run	UNKNOWN STEP	2026-05-18T13:39:21.1715341Z [command]/usr/bin/git version
Package Dry Run	UNKNOWN STEP	2026-05-18T13:39:21.1762777Z git version 2.54.0
Package Dry Run	UNKNOWN STEP	2026-05-18T13:39:21.1806255Z Temporarily overriding HOME='/home/runner/work/_temp/7683cf08-fabb-4c1c-bdaf-567abb766bf7' before making global git config changes
Package Dry Run	UNKNOWN STEP	2026-05-18T13:39:21.1814096Z Adding repository directory to the temporary git global config as a safe directory
Package Dry Run	UNKNOWN STEP	2026-05-18T13:39:21.1815444Z [command]/usr/bin/git config --global --add safe.directory /home/runner/work/lino-i18n/lino-i18n
Package Dry Run	UNKNOWN STEP	2026-05-18T13:39:21.1852787Z Removing SSH command configuration
Package Dry Run	UNKNOWN STEP	2026-05-18T13:39:21.1860754Z [command]/usr/bin/git config --local --name-only --get-regexp core\.sshCommand
Package Dry Run	UNKNOWN STEP	2026-05-18T13:39:21.1902591Z [command]/usr/bin/git submodule foreach --recursive sh -c "git config --local --name-only --get-regexp 'core\.sshCommand' && git config --local --unset-all 'core.sshCommand' || :"
Package Dry Run	UNKNOWN STEP	2026-05-18T13:39:21.2178459Z Removing HTTP extra header
Package Dry Run	UNKNOWN STEP	2026-05-18T13:39:21.2184584Z [command]/usr/bin/git config --local --name-only --get-regexp http\.https\:\/\/github\.com\/\.extraheader
Package Dry Run	UNKNOWN STEP	2026-05-18T13:39:21.2226994Z [command]/usr/bin/git submodule foreach --recursive sh -c "git config --local --name-only --get-regexp 'http\.https\:\/\/github\.com\/\.extraheader' && git config --local --unset-all 'http.https://github.com/.extraheader' || :"
Package Dry Run	UNKNOWN STEP	2026-05-18T13:39:21.2499001Z Removing includeIf entries pointing to credentials config files
Package Dry Run	UNKNOWN STEP	2026-05-18T13:39:21.2507928Z [command]/usr/bin/git config --local --name-only --get-regexp ^includeIf\.gitdir:
Package Dry Run	UNKNOWN STEP	2026-05-18T13:39:21.2572128Z includeif.gitdir:/home/runner/work/lino-i18n/lino-i18n/.git.path
Package Dry Run	UNKNOWN STEP	2026-05-18T13:39:21.2573463Z includeif.gitdir:/home/runner/work/lino-i18n/lino-i18n/.git/worktrees/*.path
Package Dry Run	UNKNOWN STEP	2026-05-18T13:39:21.2574296Z includeif.gitdir:/github/workspace/.git.path
Package Dry Run	UNKNOWN STEP	2026-05-18T13:39:21.2574956Z includeif.gitdir:/github/workspace/.git/worktrees/*.path
Package Dry Run	UNKNOWN STEP	2026-05-18T13:39:21.2583735Z [command]/usr/bin/git config --local --get-all includeif.gitdir:/home/runner/work/lino-i18n/lino-i18n/.git.path
Package Dry Run	UNKNOWN STEP	2026-05-18T13:39:21.2609931Z /home/runner/work/_temp/git-credentials-218bfde6-993a-4e8b-9623-9f495c51b455.config
Package Dry Run	UNKNOWN STEP	2026-05-18T13:39:21.2622186Z [command]/usr/bin/git config --local --unset includeif.gitdir:/home/runner/work/lino-i18n/lino-i18n/.git.path /home/runner/work/_temp/git-credentials-218bfde6-993a-4e8b-9623-9f495c51b455.config
Package Dry Run	UNKNOWN STEP	2026-05-18T13:39:21.2660509Z [command]/usr/bin/git config --local --get-all includeif.gitdir:/home/runner/work/lino-i18n/lino-i18n/.git/worktrees/*.path
Package Dry Run	UNKNOWN STEP	2026-05-18T13:39:21.2683916Z /home/runner/work/_temp/git-credentials-218bfde6-993a-4e8b-9623-9f495c51b455.config
Package Dry Run	UNKNOWN STEP	2026-05-18T13:39:21.2694192Z [command]/usr/bin/git config --local --unset includeif.gitdir:/home/runner/work/lino-i18n/lino-i18n/.git/worktrees/*.path /home/runner/work/_temp/git-credentials-218bfde6-993a-4e8b-9623-9f495c51b455.config
Package Dry Run	UNKNOWN STEP	2026-05-18T13:39:21.2728560Z [command]/usr/bin/git config --local --get-all includeif.gitdir:/github/workspace/.git.path
Package Dry Run	UNKNOWN STEP	2026-05-18T13:39:21.2751450Z /github/runner_temp/git-credentials-218bfde6-993a-4e8b-9623-9f495c51b455.config
Package Dry Run	UNKNOWN STEP	2026-05-18T13:39:21.2760154Z [command]/usr/bin/git config --local --unset includeif.gitdir:/github/workspace/.git.path /github/runner_temp/git-credentials-218bfde6-993a-4e8b-9623-9f495c51b455.config
Package Dry Run	UNKNOWN STEP	2026-05-18T13:39:21.2792319Z [command]/usr/bin/git config --local --get-all includeif.gitdir:/github/workspace/.git/worktrees/*.path
Package Dry Run	UNKNOWN STEP	2026-05-18T13:39:21.2814788Z /github/runner_temp/git-credentials-218bfde6-993a-4e8b-9623-9f495c51b455.config
Package Dry Run	UNKNOWN STEP	2026-05-18T13:39:21.2825186Z [command]/usr/bin/git config --local --unset includeif.gitdir:/github/workspace/.git/worktrees/*.path /github/runner_temp/git-credentials-218bfde6-993a-4e8b-9623-9f495c51b455.config
Package Dry Run	UNKNOWN STEP	2026-05-18T13:39:21.2858884Z [command]/usr/bin/git submodule foreach --recursive git config --local --show-origin --name-only --get-regexp remote.origin.url
Package Dry Run	UNKNOWN STEP	2026-05-18T13:39:21.3098533Z Removing credentials config '/home/runner/work/_temp/git-credentials-218bfde6-993a-4e8b-9623-9f495c51b455.config'
Package Dry Run	UNKNOWN STEP	2026-05-18T13:39:21.3237481Z Cleaning up orphan processes
Deploy JavaScript Docs	UNKNOWN STEP	﻿2026-05-18T13:39:29.4010429Z Current runner version: '2.334.0'
Deploy JavaScript Docs	UNKNOWN STEP	2026-05-18T13:39:29.4034291Z ##[group]Runner Image Provisioner
Deploy JavaScript Docs	UNKNOWN STEP	2026-05-18T13:39:29.4035265Z Hosted Compute Agent
Deploy JavaScript Docs	UNKNOWN STEP	2026-05-18T13:39:29.4035841Z Version: 20260213.493
Deploy JavaScript Docs	UNKNOWN STEP	2026-05-18T13:39:29.4036418Z Commit: 5c115507f6dd24b8de37d8bbe0bb4509d0cc0fa3
Deploy JavaScript Docs	UNKNOWN STEP	2026-05-18T13:39:29.4037228Z Build Date: 2026-02-13T00:28:41Z
Deploy JavaScript Docs	UNKNOWN STEP	2026-05-18T13:39:29.4038134Z Worker ID: {6e31405a-60af-4224-ab76-47b2e16be808}
Deploy JavaScript Docs	UNKNOWN STEP	2026-05-18T13:39:29.4038868Z Azure Region: westus
Deploy JavaScript Docs	UNKNOWN STEP	2026-05-18T13:39:29.4039510Z ##[endgroup]
Deploy JavaScript Docs	UNKNOWN STEP	2026-05-18T13:39:29.4040929Z ##[group]Operating System
Deploy JavaScript Docs	UNKNOWN STEP	2026-05-18T13:39:29.4041538Z Ubuntu
Deploy JavaScript Docs	UNKNOWN STEP	2026-05-18T13:39:29.4042109Z 24.04.4
Deploy JavaScript Docs	UNKNOWN STEP	2026-05-18T13:39:29.4042590Z LTS
Deploy JavaScript Docs	UNKNOWN STEP	2026-05-18T13:39:29.4043041Z ##[endgroup]
Deploy JavaScript Docs	UNKNOWN STEP	2026-05-18T13:39:29.4044024Z ##[group]Runner Image
Deploy JavaScript Docs	UNKNOWN STEP	2026-05-18T13:39:29.4044587Z Image: ubuntu-24.04
Deploy JavaScript Docs	UNKNOWN STEP	2026-05-18T13:39:29.4045135Z Version: 20260513.135.3
Deploy JavaScript Docs	UNKNOWN STEP	2026-05-18T13:39:29.4046463Z Included Software: https://github.com/actions/runner-images/blob/ubuntu24/20260513.135/images/ubuntu/Ubuntu2404-Readme.md
Deploy JavaScript Docs	UNKNOWN STEP	2026-05-18T13:39:29.4048475Z Image Release: https://github.com/actions/runner-images/releases/tag/ubuntu24%2F20260513.135
Deploy JavaScript Docs	UNKNOWN STEP	2026-05-18T13:39:29.4049612Z ##[endgroup]
Deploy JavaScript Docs	UNKNOWN STEP	2026-05-18T13:39:29.4050916Z ##[group]GITHUB_TOKEN Permissions
Deploy JavaScript Docs	UNKNOWN STEP	2026-05-18T13:39:29.4052991Z Contents: write
Deploy JavaScript Docs	UNKNOWN STEP	2026-05-18T13:39:29.4053565Z Metadata: read
Deploy JavaScript Docs	UNKNOWN STEP	2026-05-18T13:39:29.4054106Z Pages: write
Deploy JavaScript Docs	UNKNOWN STEP	2026-05-18T13:39:29.4054700Z PullRequests: write
Deploy JavaScript Docs	UNKNOWN STEP	2026-05-18T13:39:29.4055231Z ##[endgroup]
Deploy JavaScript Docs	UNKNOWN STEP	2026-05-18T13:39:29.4057415Z Secret source: Actions
Deploy JavaScript Docs	UNKNOWN STEP	2026-05-18T13:39:29.4058338Z Prepare workflow directory
Deploy JavaScript Docs	UNKNOWN STEP	2026-05-18T13:39:29.4488863Z Prepare all required actions
Deploy JavaScript Docs	UNKNOWN STEP	2026-05-18T13:39:29.4543868Z Getting action download info
Deploy JavaScript Docs	UNKNOWN STEP	2026-05-18T13:39:30.0899080Z Download action repository 'actions/checkout@v6' (SHA:de0fac2e4500dabe0009e67214ff5f5447ce83dd)
Deploy JavaScript Docs	UNKNOWN STEP	2026-05-18T13:39:30.2141525Z Download action repository 'actions/setup-node@v6' (SHA:48b55a011bda9f5d6aeb4c2d9c7362e8dae4041e)
Deploy JavaScript Docs	UNKNOWN STEP	2026-05-18T13:39:30.3093481Z Download action repository 'actions/configure-pages@v6' (SHA:45bfe0192ca1faeb007ade9deae92b16b8254a0d)
Deploy JavaScript Docs	UNKNOWN STEP	2026-05-18T13:39:30.7081806Z Download action repository 'actions/upload-pages-artifact@v5' (SHA:fc324d3547104276b827a68afc52ff2a11cc49c9)
Deploy JavaScript Docs	UNKNOWN STEP	2026-05-18T13:39:30.9384321Z Download action repository 'actions/deploy-pages@v5' (SHA:cd2ce8fcbc39b97be8ca5fce6e763baed58fa128)
Deploy JavaScript Docs	UNKNOWN STEP	2026-05-18T13:39:31.6907993Z Getting action download info
Deploy JavaScript Docs	UNKNOWN STEP	2026-05-18T13:39:31.9727211Z Download action repository 'actions/upload-artifact@bbbca2ddaa5d8feaa63e36b76fdaad77386f024f' (SHA:bbbca2ddaa5d8feaa63e36b76fdaad77386f024f)
Deploy JavaScript Docs	UNKNOWN STEP	2026-05-18T13:39:32.1244704Z Complete job name: Deploy JavaScript Docs
Deploy JavaScript Docs	UNKNOWN STEP	2026-05-18T13:39:32.1923311Z ##[group]Run actions/checkout@v6
Deploy JavaScript Docs	UNKNOWN STEP	2026-05-18T13:39:32.1923943Z with:
Deploy JavaScript Docs	UNKNOWN STEP	2026-05-18T13:39:32.1924202Z   repository: link-foundation/lino-i18n
Deploy JavaScript Docs	UNKNOWN STEP	2026-05-18T13:39:32.1924672Z   token: ***
Deploy JavaScript Docs	UNKNOWN STEP	2026-05-18T13:39:32.1924902Z   ssh-strict: true
Deploy JavaScript Docs	UNKNOWN STEP	2026-05-18T13:39:32.1925122Z   ssh-user: git
Deploy JavaScript Docs	UNKNOWN STEP	2026-05-18T13:39:32.1925353Z   persist-credentials: true
Deploy JavaScript Docs	UNKNOWN STEP	2026-05-18T13:39:32.1925868Z   clean: true
Deploy JavaScript Docs	UNKNOWN STEP	2026-05-18T13:39:32.1926201Z   sparse-checkout-cone-mode: true
Deploy JavaScript Docs	UNKNOWN STEP	2026-05-18T13:39:32.1926576Z   fetch-depth: 1
Deploy JavaScript Docs	UNKNOWN STEP	2026-05-18T13:39:32.1926950Z   fetch-tags: false
Deploy JavaScript Docs	UNKNOWN STEP	2026-05-18T13:39:32.1927329Z   show-progress: true
Deploy JavaScript Docs	UNKNOWN STEP	2026-05-18T13:39:32.1927897Z   lfs: false
Deploy JavaScript Docs	UNKNOWN STEP	2026-05-18T13:39:32.1928294Z   submodules: false
Deploy JavaScript Docs	UNKNOWN STEP	2026-05-18T13:39:32.1928596Z   set-safe-directory: true
Deploy JavaScript Docs	UNKNOWN STEP	2026-05-18T13:39:32.1929274Z env:
Deploy JavaScript Docs	UNKNOWN STEP	2026-05-18T13:39:32.1929617Z   NODE_VERSION: 24.x
Deploy JavaScript Docs	UNKNOWN STEP	2026-05-18T13:39:32.1930030Z   NPM_CONFIG_PROVENANCE: true
Deploy JavaScript Docs	UNKNOWN STEP	2026-05-18T13:39:32.1930372Z ##[endgroup]
Deploy JavaScript Docs	UNKNOWN STEP	2026-05-18T13:39:32.2940134Z Syncing repository: link-foundation/lino-i18n
Deploy JavaScript Docs	UNKNOWN STEP	2026-05-18T13:39:32.2942002Z ##[group]Getting Git version info
Deploy JavaScript Docs	UNKNOWN STEP	2026-05-18T13:39:32.2942570Z Working directory is '/home/runner/work/lino-i18n/lino-i18n'
Deploy JavaScript Docs	UNKNOWN STEP	2026-05-18T13:39:32.2943525Z [command]/usr/bin/git version
Deploy JavaScript Docs	UNKNOWN STEP	2026-05-18T13:39:32.2992620Z git version 2.54.0
Deploy JavaScript Docs	UNKNOWN STEP	2026-05-18T13:39:32.3017063Z ##[endgroup]
Deploy JavaScript Docs	UNKNOWN STEP	2026-05-18T13:39:32.3031861Z Temporarily overriding HOME='/home/runner/work/_temp/5e6dad0f-1e07-4d76-9b7b-4f5395d3d98d' before making global git config changes
Deploy JavaScript Docs	UNKNOWN STEP	2026-05-18T13:39:32.3033508Z Adding repository directory to the temporary git global config as a safe directory
Deploy JavaScript Docs	UNKNOWN STEP	2026-05-18T13:39:32.3037063Z [command]/usr/bin/git config --global --add safe.directory /home/runner/work/lino-i18n/lino-i18n
Deploy JavaScript Docs	UNKNOWN STEP	2026-05-18T13:39:32.3081644Z Deleting the contents of '/home/runner/work/lino-i18n/lino-i18n'
Deploy JavaScript Docs	UNKNOWN STEP	2026-05-18T13:39:32.3085710Z ##[group]Initializing the repository
Deploy JavaScript Docs	UNKNOWN STEP	2026-05-18T13:39:32.3090536Z [command]/usr/bin/git init /home/runner/work/lino-i18n/lino-i18n
Deploy JavaScript Docs	UNKNOWN STEP	2026-05-18T13:39:32.3181646Z hint: Using 'master' as the name for the initial branch. This default branch name
Deploy JavaScript Docs	UNKNOWN STEP	2026-05-18T13:39:32.3183741Z hint: will change to "main" in Git 3.0. To configure the initial branch name
Deploy JavaScript Docs	UNKNOWN STEP	2026-05-18T13:39:32.3184802Z hint: to use in all of your new repositories, which will suppress this warning,
Deploy JavaScript Docs	UNKNOWN STEP	2026-05-18T13:39:32.3185594Z hint: call:
Deploy JavaScript Docs	UNKNOWN STEP	2026-05-18T13:39:32.3186319Z hint:
Deploy JavaScript Docs	UNKNOWN STEP	2026-05-18T13:39:32.3187261Z hint: 	git config --global init.defaultBranch <name>
Deploy JavaScript Docs	UNKNOWN STEP	2026-05-18T13:39:32.3188440Z hint:
Deploy JavaScript Docs	UNKNOWN STEP	2026-05-18T13:39:32.3189230Z hint: Names commonly chosen instead of 'master' are 'main', 'trunk' and
Deploy JavaScript Docs	UNKNOWN STEP	2026-05-18T13:39:32.3190243Z hint: 'development'. The just-created branch can be renamed via this command:
Deploy JavaScript Docs	UNKNOWN STEP	2026-05-18T13:39:32.3191070Z hint:
Deploy JavaScript Docs	UNKNOWN STEP	2026-05-18T13:39:32.3191544Z hint: 	git branch -m <name>
Deploy JavaScript Docs	UNKNOWN STEP	2026-05-18T13:39:32.3192091Z hint:
Deploy JavaScript Docs	UNKNOWN STEP	2026-05-18T13:39:32.3192706Z hint: Disable this message with "git config set advice.defaultBranchName false"
Deploy JavaScript Docs	UNKNOWN STEP	2026-05-18T13:39:32.3193979Z Initialized empty Git repository in /home/runner/work/lino-i18n/lino-i18n/.git/
Deploy JavaScript Docs	UNKNOWN STEP	2026-05-18T13:39:32.3198921Z [command]/usr/bin/git remote add origin https://github.com/link-foundation/lino-i18n
Deploy JavaScript Docs	UNKNOWN STEP	2026-05-18T13:39:32.3239401Z ##[endgroup]
Deploy JavaScript Docs	UNKNOWN STEP	2026-05-18T13:39:32.3240715Z ##[group]Disabling automatic garbage collection
Deploy JavaScript Docs	UNKNOWN STEP	2026-05-18T13:39:32.3244020Z [command]/usr/bin/git config --local gc.auto 0
Deploy JavaScript Docs	UNKNOWN STEP	2026-05-18T13:39:32.3273330Z ##[endgroup]
Deploy JavaScript Docs	UNKNOWN STEP	2026-05-18T13:39:32.3274347Z ##[group]Setting up auth
Deploy JavaScript Docs	UNKNOWN STEP	2026-05-18T13:39:32.3275052Z Removing SSH command configuration
Deploy JavaScript Docs	UNKNOWN STEP	2026-05-18T13:39:32.3281149Z [command]/usr/bin/git config --local --name-only --get-regexp core\.sshCommand
Deploy JavaScript Docs	UNKNOWN STEP	2026-05-18T13:39:32.3316817Z [command]/usr/bin/git submodule foreach --recursive sh -c "git config --local --name-only --get-regexp 'core\.sshCommand' && git config --local --unset-all 'core.sshCommand' || :"
Deploy JavaScript Docs	UNKNOWN STEP	2026-05-18T13:39:32.3663010Z Removing HTTP extra header
Deploy JavaScript Docs	UNKNOWN STEP	2026-05-18T13:39:32.3669374Z [command]/usr/bin/git config --local --name-only --get-regexp http\.https\:\/\/github\.com\/\.extraheader
Deploy JavaScript Docs	UNKNOWN STEP	2026-05-18T13:39:32.3704346Z [command]/usr/bin/git submodule foreach --recursive sh -c "git config --local --name-only --get-regexp 'http\.https\:\/\/github\.com\/\.extraheader' && git config --local --unset-all 'http.https://github.com/.extraheader' || :"
Deploy JavaScript Docs	UNKNOWN STEP	2026-05-18T13:39:32.3933971Z Removing includeIf entries pointing to credentials config files
Deploy JavaScript Docs	UNKNOWN STEP	2026-05-18T13:39:32.3941155Z [command]/usr/bin/git config --local --name-only --get-regexp ^includeIf\.gitdir:
Deploy JavaScript Docs	UNKNOWN STEP	2026-05-18T13:39:32.3975207Z [command]/usr/bin/git submodule foreach --recursive git config --local --show-origin --name-only --get-regexp remote.origin.url
Deploy JavaScript Docs	UNKNOWN STEP	2026-05-18T13:39:32.4211445Z [command]/usr/bin/git config --file /home/runner/work/_temp/git-credentials-867dba5b-3920-47e7-b5de-64eb54976f1b.config http.https://github.com/.extraheader AUTHORIZATION: basic ***
Deploy JavaScript Docs	UNKNOWN STEP	2026-05-18T13:39:32.4250011Z [command]/usr/bin/git config --local includeIf.gitdir:/home/runner/work/lino-i18n/lino-i18n/.git.path /home/runner/work/_temp/git-credentials-867dba5b-3920-47e7-b5de-64eb54976f1b.config
Deploy JavaScript Docs	UNKNOWN STEP	2026-05-18T13:39:32.4282464Z [command]/usr/bin/git config --local includeIf.gitdir:/home/runner/work/lino-i18n/lino-i18n/.git/worktrees/*.path /home/runner/work/_temp/git-credentials-867dba5b-3920-47e7-b5de-64eb54976f1b.config
Deploy JavaScript Docs	UNKNOWN STEP	2026-05-18T13:39:32.4318426Z [command]/usr/bin/git config --local includeIf.gitdir:/github/workspace/.git.path /github/runner_temp/git-credentials-867dba5b-3920-47e7-b5de-64eb54976f1b.config
Deploy JavaScript Docs	UNKNOWN STEP	2026-05-18T13:39:32.4351012Z [command]/usr/bin/git config --local includeIf.gitdir:/github/workspace/.git/worktrees/*.path /github/runner_temp/git-credentials-867dba5b-3920-47e7-b5de-64eb54976f1b.config
Deploy JavaScript Docs	UNKNOWN STEP	2026-05-18T13:39:32.4384255Z ##[endgroup]
Deploy JavaScript Docs	UNKNOWN STEP	2026-05-18T13:39:32.4385356Z ##[group]Fetching the repository
Deploy JavaScript Docs	UNKNOWN STEP	2026-05-18T13:39:32.4394182Z [command]/usr/bin/git -c protocol.version=2 fetch --no-tags --prune --no-recurse-submodules --depth=1 origin +8910b98b665a650690c0d9e9188bbf6bec1e9d2c:refs/remotes/origin/main
Deploy JavaScript Docs	UNKNOWN STEP	2026-05-18T13:39:33.2630227Z From https://github.com/link-foundation/lino-i18n
Deploy JavaScript Docs	UNKNOWN STEP	2026-05-18T13:39:33.2631937Z  * [new ref]         8910b98b665a650690c0d9e9188bbf6bec1e9d2c -> origin/main
Deploy JavaScript Docs	UNKNOWN STEP	2026-05-18T13:39:33.2684357Z [command]/usr/bin/git branch --list --remote origin/main
Deploy JavaScript Docs	UNKNOWN STEP	2026-05-18T13:39:33.2714111Z   origin/main
Deploy JavaScript Docs	UNKNOWN STEP	2026-05-18T13:39:33.2734870Z [command]/usr/bin/git rev-parse refs/remotes/origin/main
Deploy JavaScript Docs	UNKNOWN STEP	2026-05-18T13:39:33.2750866Z 8910b98b665a650690c0d9e9188bbf6bec1e9d2c
Deploy JavaScript Docs	UNKNOWN STEP	2026-05-18T13:39:33.2759473Z ##[endgroup]
Deploy JavaScript Docs	UNKNOWN STEP	2026-05-18T13:39:33.2760290Z ##[group]Determining the checkout info
Deploy JavaScript Docs	UNKNOWN STEP	2026-05-18T13:39:33.2761794Z ##[endgroup]
Deploy JavaScript Docs	UNKNOWN STEP	2026-05-18T13:39:33.2764727Z [command]/usr/bin/git sparse-checkout disable
Deploy JavaScript Docs	UNKNOWN STEP	2026-05-18T13:39:33.2812470Z [command]/usr/bin/git config --local --unset-all extensions.worktreeConfig
Deploy JavaScript Docs	UNKNOWN STEP	2026-05-18T13:39:33.2846797Z ##[group]Checking out the ref
Deploy JavaScript Docs	UNKNOWN STEP	2026-05-18T13:39:33.2847507Z [command]/usr/bin/git checkout --progress --force -B main refs/remotes/origin/main
Deploy JavaScript Docs	UNKNOWN STEP	2026-05-18T13:39:33.3392888Z Switched to a new branch 'main'
Deploy JavaScript Docs	UNKNOWN STEP	2026-05-18T13:39:33.3396263Z branch 'main' set up to track 'origin/main'.
Deploy JavaScript Docs	UNKNOWN STEP	2026-05-18T13:39:33.3480903Z ##[endgroup]
Deploy JavaScript Docs	UNKNOWN STEP	2026-05-18T13:39:33.3485087Z [command]/usr/bin/git log -1 --format=%H
Deploy JavaScript Docs	UNKNOWN STEP	2026-05-18T13:39:33.3485655Z 8910b98b665a650690c0d9e9188bbf6bec1e9d2c
Deploy JavaScript Docs	UNKNOWN STEP	2026-05-18T13:39:33.3735978Z ##[group]Run actions/setup-node@v6
Deploy JavaScript Docs	UNKNOWN STEP	2026-05-18T13:39:33.3736270Z with:
Deploy JavaScript Docs	UNKNOWN STEP	2026-05-18T13:39:33.3736457Z   node-version: 24.x
Deploy JavaScript Docs	UNKNOWN STEP	2026-05-18T13:39:33.3736672Z   check-latest: false
Deploy JavaScript Docs	UNKNOWN STEP	2026-05-18T13:39:33.3737026Z   token: ***
Deploy JavaScript Docs	UNKNOWN STEP	2026-05-18T13:39:33.3737237Z   package-manager-cache: true
Deploy JavaScript Docs	UNKNOWN STEP	2026-05-18T13:39:33.3737490Z env:
Deploy JavaScript Docs	UNKNOWN STEP	2026-05-18T13:39:33.3737977Z   NODE_VERSION: 24.x
Deploy JavaScript Docs	UNKNOWN STEP	2026-05-18T13:39:33.3738209Z   NPM_CONFIG_PROVENANCE: true
Deploy JavaScript Docs	UNKNOWN STEP	2026-05-18T13:39:33.3738447Z ##[endgroup]
Deploy JavaScript Docs	UNKNOWN STEP	2026-05-18T13:39:33.5326971Z Found in cache @ /opt/hostedtoolcache/node/24.15.0/x64
Deploy JavaScript Docs	UNKNOWN STEP	2026-05-18T13:39:33.5331432Z ##[group]Environment details
Deploy JavaScript Docs	UNKNOWN STEP	2026-05-18T13:39:36.3530143Z node: v24.15.0
Deploy JavaScript Docs	UNKNOWN STEP	2026-05-18T13:39:36.3530847Z npm: 11.12.1
Deploy JavaScript Docs	UNKNOWN STEP	2026-05-18T13:39:36.3531248Z yarn: 1.22.22
Deploy JavaScript Docs	UNKNOWN STEP	2026-05-18T13:39:36.3532287Z ##[endgroup]
Deploy JavaScript Docs	UNKNOWN STEP	2026-05-18T13:39:36.3696277Z ##[group]Run actions/configure-pages@v6
Deploy JavaScript Docs	UNKNOWN STEP	2026-05-18T13:39:36.3696610Z with:
Deploy JavaScript Docs	UNKNOWN STEP	2026-05-18T13:39:36.3696931Z   token: ***
Deploy JavaScript Docs	UNKNOWN STEP	2026-05-18T13:39:36.3697139Z   enablement: false
Deploy JavaScript Docs	UNKNOWN STEP	2026-05-18T13:39:36.3697361Z env:
Deploy JavaScript Docs	UNKNOWN STEP	2026-05-18T13:39:36.3697547Z   NODE_VERSION: 24.x
Deploy JavaScript Docs	UNKNOWN STEP	2026-05-18T13:39:36.3698171Z   NPM_CONFIG_PROVENANCE: true
Deploy JavaScript Docs	UNKNOWN STEP	2026-05-18T13:39:36.3698508Z ##[endgroup]
Deploy JavaScript Docs	UNKNOWN STEP	2026-05-18T13:39:36.7592150Z ##[group]Run node scripts/build-docs-site.mjs
Deploy JavaScript Docs	UNKNOWN STEP	2026-05-18T13:39:36.7592639Z ^[[36;1mnode scripts/build-docs-site.mjs^[[0m
Deploy JavaScript Docs	UNKNOWN STEP	2026-05-18T13:39:36.7670695Z shell: /usr/bin/bash -e {0}
Deploy JavaScript Docs	UNKNOWN STEP	2026-05-18T13:39:36.7671049Z env:
Deploy JavaScript Docs	UNKNOWN STEP	2026-05-18T13:39:36.7671273Z   NODE_VERSION: 24.x
Deploy JavaScript Docs	UNKNOWN STEP	2026-05-18T13:39:36.7671562Z   NPM_CONFIG_PROVENANCE: true
Deploy JavaScript Docs	UNKNOWN STEP	2026-05-18T13:39:36.7671869Z   GITHUB_PAGES: true
Deploy JavaScript Docs	UNKNOWN STEP	2026-05-18T13:39:36.7672133Z ##[endgroup]
Deploy JavaScript Docs	UNKNOWN STEP	2026-05-18T13:39:36.8036360Z Generated JavaScript docs site at /home/runner/work/lino-i18n/lino-i18n/js/site
Deploy JavaScript Docs	UNKNOWN STEP	2026-05-18T13:39:36.8171259Z ##[group]Run actions/upload-pages-artifact@v5
Deploy JavaScript Docs	UNKNOWN STEP	2026-05-18T13:39:36.8171580Z with:
Deploy JavaScript Docs	UNKNOWN STEP	2026-05-18T13:39:36.8171764Z   path: js/site
Deploy JavaScript Docs	UNKNOWN STEP	2026-05-18T13:39:36.8171962Z   name: github-pages
Deploy JavaScript Docs	UNKNOWN STEP	2026-05-18T13:39:36.8172155Z   retention-days: 1
Deploy JavaScript Docs	UNKNOWN STEP	2026-05-18T13:39:36.8172363Z   include-hidden-files: false
Deploy JavaScript Docs	UNKNOWN STEP	2026-05-18T13:39:36.8172571Z env:
Deploy JavaScript Docs	UNKNOWN STEP	2026-05-18T13:39:36.8172729Z   NODE_VERSION: 24.x
Deploy JavaScript Docs	UNKNOWN STEP	2026-05-18T13:39:36.8172957Z   NPM_CONFIG_PROVENANCE: true
Deploy JavaScript Docs	UNKNOWN STEP	2026-05-18T13:39:36.8173256Z   GITHUB_PAGES: true
Deploy JavaScript Docs	UNKNOWN STEP	2026-05-18T13:39:36.8173443Z ##[endgroup]
Deploy JavaScript Docs	UNKNOWN STEP	2026-05-18T13:39:36.8271205Z ##[group]Run echo ::group::Archive artifact
Deploy JavaScript Docs	UNKNOWN STEP	2026-05-18T13:39:36.8271746Z ^[[36;1mecho ::group::Archive artifact^[[0m
Deploy JavaScript Docs	UNKNOWN STEP	2026-05-18T13:39:36.8272006Z ^[[36;1mtar \^[[0m
Deploy JavaScript Docs	UNKNOWN STEP	2026-05-18T13:39:36.8272242Z ^[[36;1m  --dereference --hard-dereference \^[[0m
Deploy JavaScript Docs	UNKNOWN STEP	2026-05-18T13:39:36.8272548Z ^[[36;1m  --directory "$INPUT_PATH" \^[[0m
Deploy JavaScript Docs	UNKNOWN STEP	2026-05-18T13:39:36.8272886Z ^[[36;1m  -cvf "$RUNNER_TEMP/artifact.tar" \^[[0m
Deploy JavaScript Docs	UNKNOWN STEP	2026-05-18T13:39:36.8273168Z ^[[36;1m  --exclude=.git \^[[0m
Deploy JavaScript Docs	UNKNOWN STEP	2026-05-18T13:39:36.8273448Z ^[[36;1m  --exclude=.github \^[[0m
Deploy JavaScript Docs	UNKNOWN STEP	2026-05-18T13:39:36.8273677Z ^[[36;1m  --exclude=.[^/]* \^[[0m
Deploy JavaScript Docs	UNKNOWN STEP	2026-05-18T13:39:36.8273893Z ^[[36;1m  .^[[0m
Deploy JavaScript Docs	UNKNOWN STEP	2026-05-18T13:39:36.8274074Z ^[[36;1mecho ::endgroup::^[[0m
Deploy JavaScript Docs	UNKNOWN STEP	2026-05-18T13:39:36.8297856Z shell: /usr/bin/sh -e {0}
Deploy JavaScript Docs	UNKNOWN STEP	2026-05-18T13:39:36.8298116Z env:
Deploy JavaScript Docs	UNKNOWN STEP	2026-05-18T13:39:36.8298299Z   NODE_VERSION: 24.x
Deploy JavaScript Docs	UNKNOWN STEP	2026-05-18T13:39:36.8298532Z   NPM_CONFIG_PROVENANCE: true
Deploy JavaScript Docs	UNKNOWN STEP	2026-05-18T13:39:36.8298770Z   GITHUB_PAGES: true
Deploy JavaScript Docs	UNKNOWN STEP	2026-05-18T13:39:36.8298981Z   INPUT_PATH: js/site
Deploy JavaScript Docs	UNKNOWN STEP	2026-05-18T13:39:36.8299192Z ##[endgroup]
Deploy JavaScript Docs	UNKNOWN STEP	2026-05-18T13:39:36.8337477Z ##[group]Archive artifact
Deploy JavaScript Docs	UNKNOWN STEP	2026-05-18T13:39:36.8351553Z ./
Deploy JavaScript Docs	UNKNOWN STEP	2026-05-18T13:39:36.8351929Z ./index.html
Deploy JavaScript Docs	UNKNOWN STEP	2026-05-18T13:39:36.8354309Z ##[endgroup]
Deploy JavaScript Docs	UNKNOWN STEP	2026-05-18T13:39:36.8409202Z ##[group]Run actions/upload-artifact@bbbca2ddaa5d8feaa63e36b76fdaad77386f024f
Deploy JavaScript Docs	UNKNOWN STEP	2026-05-18T13:39:36.8409601Z with:
Deploy JavaScript Docs	UNKNOWN STEP	2026-05-18T13:39:36.8409779Z   name: github-pages
Deploy JavaScript Docs	UNKNOWN STEP	2026-05-18T13:39:36.8410009Z   path: /home/runner/work/_temp/artifact.tar
Deploy JavaScript Docs	UNKNOWN STEP	2026-05-18T13:39:36.8410294Z   retention-days: 1
Deploy JavaScript Docs	UNKNOWN STEP	2026-05-18T13:39:36.8410489Z   if-no-files-found: error
Deploy JavaScript Docs	UNKNOWN STEP	2026-05-18T13:39:36.8410716Z   compression-level: 6
Deploy JavaScript Docs	UNKNOWN STEP	2026-05-18T13:39:36.8410915Z   overwrite: false
Deploy JavaScript Docs	UNKNOWN STEP	2026-05-18T13:39:36.8411112Z   include-hidden-files: false
Deploy JavaScript Docs	UNKNOWN STEP	2026-05-18T13:39:36.8411329Z   archive: true
Deploy JavaScript Docs	UNKNOWN STEP	2026-05-18T13:39:36.8411504Z env:
Deploy JavaScript Docs	UNKNOWN STEP	2026-05-18T13:39:36.8411661Z   NODE_VERSION: 24.x
Deploy JavaScript Docs	UNKNOWN STEP	2026-05-18T13:39:36.8411864Z   NPM_CONFIG_PROVENANCE: true
Deploy JavaScript Docs	UNKNOWN STEP	2026-05-18T13:39:36.8412081Z   GITHUB_PAGES: true
Deploy JavaScript Docs	UNKNOWN STEP	2026-05-18T13:39:36.8412268Z ##[endgroup]
Deploy JavaScript Docs	UNKNOWN STEP	2026-05-18T13:39:36.9848738Z With the provided path, there will be 1 file uploaded
Deploy JavaScript Docs	UNKNOWN STEP	2026-05-18T13:39:36.9854795Z Artifact name is valid!
Deploy JavaScript Docs	UNKNOWN STEP	2026-05-18T13:39:36.9855567Z Root directory input is valid!
Deploy JavaScript Docs	UNKNOWN STEP	2026-05-18T13:39:37.2738696Z Uploading artifact: github-pages.zip
Deploy JavaScript Docs	UNKNOWN STEP	2026-05-18T13:39:37.2783781Z Beginning upload of artifact content to blob storage
Deploy JavaScript Docs	UNKNOWN STEP	2026-05-18T13:39:37.6117742Z Uploaded bytes 6076
Deploy JavaScript Docs	UNKNOWN STEP	2026-05-18T13:39:37.6911503Z Finished uploading artifact content to blob storage!
Deploy JavaScript Docs	UNKNOWN STEP	2026-05-18T13:39:37.6913608Z SHA256 digest of uploaded artifact is d8991a809d6e18f8f45521e21aa817fcf32bbd8064bda31c1c25a49e64ae09cc
Deploy JavaScript Docs	UNKNOWN STEP	2026-05-18T13:39:37.6914719Z Finalizing artifact upload
Deploy JavaScript Docs	UNKNOWN STEP	2026-05-18T13:39:38.0734074Z Artifact github-pages successfully finalized. Artifact ID 7059373427
Deploy JavaScript Docs	UNKNOWN STEP	2026-05-18T13:39:38.0736357Z Artifact github-pages has been successfully uploaded! Final size is 6076 bytes. Artifact ID is 7059373427
Deploy JavaScript Docs	UNKNOWN STEP	2026-05-18T13:39:38.0740085Z Artifact download URL: https://github.com/link-foundation/lino-i18n/actions/runs/26036984249/artifacts/7059373427
Deploy JavaScript Docs	UNKNOWN STEP	2026-05-18T13:39:38.0945771Z ##[group]Run actions/deploy-pages@v5
Deploy JavaScript Docs	UNKNOWN STEP	2026-05-18T13:39:38.0946116Z with:
Deploy JavaScript Docs	UNKNOWN STEP	2026-05-18T13:39:38.0946493Z   token: ***
Deploy JavaScript Docs	UNKNOWN STEP	2026-05-18T13:39:38.0946721Z   timeout: 600000
Deploy JavaScript Docs	UNKNOWN STEP	2026-05-18T13:39:38.0946950Z   error_count: 10
Deploy JavaScript Docs	UNKNOWN STEP	2026-05-18T13:39:38.0947190Z   reporting_interval: 5000
Deploy JavaScript Docs	UNKNOWN STEP	2026-05-18T13:39:38.0947488Z   artifact_name: github-pages
Deploy JavaScript Docs	UNKNOWN STEP	2026-05-18T13:39:38.0948135Z   preview: false
Deploy JavaScript Docs	UNKNOWN STEP	2026-05-18T13:39:38.0948371Z env:
Deploy JavaScript Docs	UNKNOWN STEP	2026-05-18T13:39:38.0948584Z   NODE_VERSION: 24.x
Deploy JavaScript Docs	UNKNOWN STEP	2026-05-18T13:39:38.0948841Z   NPM_CONFIG_PROVENANCE: true
Deploy JavaScript Docs	UNKNOWN STEP	2026-05-18T13:39:38.0949128Z   GITHUB_PAGES: true
Deploy JavaScript Docs	UNKNOWN STEP	2026-05-18T13:39:38.0949368Z ##[endgroup]
Deploy JavaScript Docs	UNKNOWN STEP	2026-05-18T13:39:38.2963428Z (node:2466) [DEP0040] DeprecationWarning: The `punycode` module is deprecated. Please use a userland alternative instead.
Deploy JavaScript Docs	UNKNOWN STEP	2026-05-18T13:39:38.2965560Z (Use `node --trace-deprecation ...` to show where the warning was created)
Deploy JavaScript Docs	UNKNOWN STEP	2026-05-18T13:39:38.5549713Z Fetching artifact metadata for "github-pages" in this workflow run
Deploy JavaScript Docs	UNKNOWN STEP	2026-05-18T13:39:38.8493787Z Found 1 artifact(s)
Deploy JavaScript Docs	UNKNOWN STEP	2026-05-18T13:39:38.8507240Z Creating Pages deployment with payload:
Deploy JavaScript Docs	UNKNOWN STEP	2026-05-18T13:39:38.8508806Z {
Deploy JavaScript Docs	UNKNOWN STEP	2026-05-18T13:39:38.8509422Z 	"artifact_id": 7059373427,
Deploy JavaScript Docs	UNKNOWN STEP	2026-05-18T13:39:38.8510632Z 	"pages_build_version": "8910b98b665a650690c0d9e9188bbf6bec1e9d2c",
Deploy JavaScript Docs	UNKNOWN STEP	2026-05-18T13:39:38.8571716Z 	"oidc_token": "***"
Deploy JavaScript Docs	UNKNOWN STEP	2026-05-18T13:39:38.8571987Z }
Deploy JavaScript Docs	UNKNOWN STEP	2026-05-18T13:39:39.2524962Z Created deployment for 8910b98b665a650690c0d9e9188bbf6bec1e9d2c, ID: 8910b98b665a650690c0d9e9188bbf6bec1e9d2c
Deploy JavaScript Docs	UNKNOWN STEP	2026-05-18T13:39:44.2542556Z Getting Pages deployment status...
Deploy JavaScript Docs	UNKNOWN STEP	2026-05-18T13:39:44.4898507Z Reported success!
Deploy JavaScript Docs	UNKNOWN STEP	2026-05-18T13:39:44.5101829Z Post job cleanup.
Deploy JavaScript Docs	UNKNOWN STEP	2026-05-18T13:39:44.6402741Z Post job cleanup.
Deploy JavaScript Docs	UNKNOWN STEP	2026-05-18T13:39:44.7232361Z [command]/usr/bin/git version
Deploy JavaScript Docs	UNKNOWN STEP	2026-05-18T13:39:44.7271488Z git version 2.54.0
Deploy JavaScript Docs	UNKNOWN STEP	2026-05-18T13:39:44.7312551Z Temporarily overriding HOME='/home/runner/work/_temp/e9a54838-cc65-4de9-8d56-137ce296c14d' before making global git config changes
Deploy JavaScript Docs	UNKNOWN STEP	2026-05-18T13:39:44.7313941Z Adding repository directory to the temporary git global config as a safe directory
Deploy JavaScript Docs	UNKNOWN STEP	2026-05-18T13:39:44.7317937Z [command]/usr/bin/git config --global --add safe.directory /home/runner/work/lino-i18n/lino-i18n
Deploy JavaScript Docs	UNKNOWN STEP	2026-05-18T13:39:44.7348531Z Removing SSH command configuration
Deploy JavaScript Docs	UNKNOWN STEP	2026-05-18T13:39:44.7354914Z [command]/usr/bin/git config --local --name-only --get-regexp core\.sshCommand
Deploy JavaScript Docs	UNKNOWN STEP	2026-05-18T13:39:44.7388841Z [command]/usr/bin/git submodule foreach --recursive sh -c "git config --local --name-only --get-regexp 'core\.sshCommand' && git config --local --unset-all 'core.sshCommand' || :"
Deploy JavaScript Docs	UNKNOWN STEP	2026-05-18T13:39:44.7642694Z Removing HTTP extra header
Deploy JavaScript Docs	UNKNOWN STEP	2026-05-18T13:39:44.7649714Z [command]/usr/bin/git config --local --name-only --get-regexp http\.https\:\/\/github\.com\/\.extraheader
Deploy JavaScript Docs	UNKNOWN STEP	2026-05-18T13:39:44.7685063Z [command]/usr/bin/git submodule foreach --recursive sh -c "git config --local --name-only --get-regexp 'http\.https\:\/\/github\.com\/\.extraheader' && git config --local --unset-all 'http.https://github.com/.extraheader' || :"
Deploy JavaScript Docs	UNKNOWN STEP	2026-05-18T13:39:44.7906372Z Removing includeIf entries pointing to credentials config files
Deploy JavaScript Docs	UNKNOWN STEP	2026-05-18T13:39:44.7912931Z [command]/usr/bin/git config --local --name-only --get-regexp ^includeIf\.gitdir:
Deploy JavaScript Docs	UNKNOWN STEP	2026-05-18T13:39:44.7940610Z includeif.gitdir:/home/runner/work/lino-i18n/lino-i18n/.git.path
Deploy JavaScript Docs	UNKNOWN STEP	2026-05-18T13:39:44.7942010Z includeif.gitdir:/home/runner/work/lino-i18n/lino-i18n/.git/worktrees/*.path
Deploy JavaScript Docs	UNKNOWN STEP	2026-05-18T13:39:44.7943017Z includeif.gitdir:/github/workspace/.git.path
Deploy JavaScript Docs	UNKNOWN STEP	2026-05-18T13:39:44.7943861Z includeif.gitdir:/github/workspace/.git/worktrees/*.path
Deploy JavaScript Docs	UNKNOWN STEP	2026-05-18T13:39:44.7951513Z [command]/usr/bin/git config --local --get-all includeif.gitdir:/home/runner/work/lino-i18n/lino-i18n/.git.path
Deploy JavaScript Docs	UNKNOWN STEP	2026-05-18T13:39:44.7976501Z /home/runner/work/_temp/git-credentials-867dba5b-3920-47e7-b5de-64eb54976f1b.config
Deploy JavaScript Docs	UNKNOWN STEP	2026-05-18T13:39:44.7990247Z [command]/usr/bin/git config --local --unset includeif.gitdir:/home/runner/work/lino-i18n/lino-i18n/.git.path /home/runner/work/_temp/git-credentials-867dba5b-3920-47e7-b5de-64eb54976f1b.config
Deploy JavaScript Docs	UNKNOWN STEP	2026-05-18T13:39:44.8028746Z [command]/usr/bin/git config --local --get-all includeif.gitdir:/home/runner/work/lino-i18n/lino-i18n/.git/worktrees/*.path
Deploy JavaScript Docs	UNKNOWN STEP	2026-05-18T13:39:44.8052475Z /home/runner/work/_temp/git-credentials-867dba5b-3920-47e7-b5de-64eb54976f1b.config
Deploy JavaScript Docs	UNKNOWN STEP	2026-05-18T13:39:44.8065493Z [command]/usr/bin/git config --local --unset includeif.gitdir:/home/runner/work/lino-i18n/lino-i18n/.git/worktrees/*.path /home/runner/work/_temp/git-credentials-867dba5b-3920-47e7-b5de-64eb54976f1b.config
Deploy JavaScript Docs	UNKNOWN STEP	2026-05-18T13:39:44.8101751Z [command]/usr/bin/git config --local --get-all includeif.gitdir:/github/workspace/.git.path
Deploy JavaScript Docs	UNKNOWN STEP	2026-05-18T13:39:44.8125717Z /github/runner_temp/git-credentials-867dba5b-3920-47e7-b5de-64eb54976f1b.config
Deploy JavaScript Docs	UNKNOWN STEP	2026-05-18T13:39:44.8138828Z [command]/usr/bin/git config --local --unset includeif.gitdir:/github/workspace/.git.path /github/runner_temp/git-credentials-867dba5b-3920-47e7-b5de-64eb54976f1b.config
Deploy JavaScript Docs	UNKNOWN STEP	2026-05-18T13:39:44.8171220Z [command]/usr/bin/git config --local --get-all includeif.gitdir:/github/workspace/.git/worktrees/*.path
Deploy JavaScript Docs	UNKNOWN STEP	2026-05-18T13:39:44.8192875Z /github/runner_temp/git-credentials-867dba5b-3920-47e7-b5de-64eb54976f1b.config
Deploy JavaScript Docs	UNKNOWN STEP	2026-05-18T13:39:44.8203257Z [command]/usr/bin/git config --local --unset includeif.gitdir:/github/workspace/.git/worktrees/*.path /github/runner_temp/git-credentials-867dba5b-3920-47e7-b5de-64eb54976f1b.config
Deploy JavaScript Docs	UNKNOWN STEP	2026-05-18T13:39:44.8236065Z [command]/usr/bin/git submodule foreach --recursive git config --local --show-origin --name-only --get-regexp remote.origin.url
Deploy JavaScript Docs	UNKNOWN STEP	2026-05-18T13:39:44.8472997Z Removing credentials config '/home/runner/work/_temp/git-credentials-867dba5b-3920-47e7-b5de-64eb54976f1b.config'
Deploy JavaScript Docs	UNKNOWN STEP	2026-05-18T13:39:44.8612512Z Evaluate and set environment url
Deploy JavaScript Docs	UNKNOWN STEP	2026-05-18T13:39:44.8615522Z Evaluated environment url: https://link-foundation.github.io/lino-i18n/
Deploy JavaScript Docs	UNKNOWN STEP	2026-05-18T13:39:44.8616435Z Cleaning up orphan processes
Publish npm Package and GitHub Release	UNKNOWN STEP	﻿2026-05-18T13:39:26.2001550Z Current runner version: '2.334.0'
Publish npm Package and GitHub Release	UNKNOWN STEP	2026-05-18T13:39:26.2036836Z ##[group]Runner Image Provisioner
Publish npm Package and GitHub Release	UNKNOWN STEP	2026-05-18T13:39:26.2038153Z Hosted Compute Agent
Publish npm Package and GitHub Release	UNKNOWN STEP	2026-05-18T13:39:26.2039042Z Version: 20260213.493
Publish npm Package and GitHub Release	UNKNOWN STEP	2026-05-18T13:39:26.2040089Z Commit: 5c115507f6dd24b8de37d8bbe0bb4509d0cc0fa3
Publish npm Package and GitHub Release	UNKNOWN STEP	2026-05-18T13:39:26.2041317Z Build Date: 2026-02-13T00:28:41Z
Publish npm Package and GitHub Release	UNKNOWN STEP	2026-05-18T13:39:26.2042597Z Worker ID: {f7397741-020c-4a3f-ba96-397201a82118}
Publish npm Package and GitHub Release	UNKNOWN STEP	2026-05-18T13:39:26.2043851Z Azure Region: eastus
Publish npm Package and GitHub Release	UNKNOWN STEP	2026-05-18T13:39:26.2045036Z ##[endgroup]
Publish npm Package and GitHub Release	UNKNOWN STEP	2026-05-18T13:39:26.2047937Z ##[group]Operating System
Publish npm Package and GitHub Release	UNKNOWN STEP	2026-05-18T13:39:26.2048852Z Ubuntu
Publish npm Package and GitHub Release	UNKNOWN STEP	2026-05-18T13:39:26.2049602Z 24.04.4
Publish npm Package and GitHub Release	UNKNOWN STEP	2026-05-18T13:39:26.2050436Z LTS
Publish npm Package and GitHub Release	UNKNOWN STEP	2026-05-18T13:39:26.2051266Z ##[endgroup]
Publish npm Package and GitHub Release	UNKNOWN STEP	2026-05-18T13:39:26.2052061Z ##[group]Runner Image
Publish npm Package and GitHub Release	UNKNOWN STEP	2026-05-18T13:39:26.2053179Z Image: ubuntu-24.04
Publish npm Package and GitHub Release	UNKNOWN STEP	2026-05-18T13:39:26.2054097Z Version: 20260513.135.3
Publish npm Package and GitHub Release	UNKNOWN STEP	2026-05-18T13:39:26.2056434Z Included Software: https://github.com/actions/runner-images/blob/ubuntu24/20260513.135/images/ubuntu/Ubuntu2404-Readme.md
Publish npm Package and GitHub Release	UNKNOWN STEP	2026-05-18T13:39:26.2059118Z Image Release: https://github.com/actions/runner-images/releases/tag/ubuntu24%2F20260513.135
Publish npm Package and GitHub Release	UNKNOWN STEP	2026-05-18T13:39:26.2060692Z ##[endgroup]
Publish npm Package and GitHub Release	UNKNOWN STEP	2026-05-18T13:39:26.2062653Z ##[group]GITHUB_TOKEN Permissions
Publish npm Package and GitHub Release	UNKNOWN STEP	2026-05-18T13:39:26.2065687Z Contents: write
Publish npm Package and GitHub Release	UNKNOWN STEP	2026-05-18T13:39:26.2066616Z Metadata: read
Publish npm Package and GitHub Release	UNKNOWN STEP	2026-05-18T13:39:26.2067476Z Pages: write
Publish npm Package and GitHub Release	UNKNOWN STEP	2026-05-18T13:39:26.2068310Z PullRequests: write
Publish npm Package and GitHub Release	UNKNOWN STEP	2026-05-18T13:39:26.2069356Z ##[endgroup]
Publish npm Package and GitHub Release	UNKNOWN STEP	2026-05-18T13:39:26.2072824Z Secret source: Actions
Publish npm Package and GitHub Release	UNKNOWN STEP	2026-05-18T13:39:26.2074110Z Prepare workflow directory
Publish npm Package and GitHub Release	UNKNOWN STEP	2026-05-18T13:39:26.2661342Z Prepare all required actions
Publish npm Package and GitHub Release	UNKNOWN STEP	2026-05-18T13:39:26.2716697Z Getting action download info
Publish npm Package and GitHub Release	UNKNOWN STEP	2026-05-18T13:39:26.6135587Z Download action repository 'actions/checkout@v6' (SHA:de0fac2e4500dabe0009e67214ff5f5447ce83dd)
Publish npm Package and GitHub Release	UNKNOWN STEP	2026-05-18T13:39:26.7501925Z Download action repository 'actions/setup-node@v6' (SHA:48b55a011bda9f5d6aeb4c2d9c7362e8dae4041e)
Publish npm Package and GitHub Release	UNKNOWN STEP	2026-05-18T13:39:26.9374155Z Complete job name: Publish npm Package and GitHub Release
Publish npm Package and GitHub Release	UNKNOWN STEP	2026-05-18T13:39:27.0134840Z ##[group]Run actions/checkout@v6
Publish npm Package and GitHub Release	UNKNOWN STEP	2026-05-18T13:39:27.0135813Z with:
Publish npm Package and GitHub Release	UNKNOWN STEP	2026-05-18T13:39:27.0136236Z   fetch-depth: 0
Publish npm Package and GitHub Release	UNKNOWN STEP	2026-05-18T13:39:27.0136715Z   repository: link-foundation/lino-i18n
Publish npm Package and GitHub Release	UNKNOWN STEP	2026-05-18T13:39:27.0137453Z   token: ***
Publish npm Package and GitHub Release	UNKNOWN STEP	2026-05-18T13:39:27.0137868Z   ssh-strict: true
Publish npm Package and GitHub Release	UNKNOWN STEP	2026-05-18T13:39:27.0138300Z   ssh-user: git
Publish npm Package and GitHub Release	UNKNOWN STEP	2026-05-18T13:39:27.0138738Z   persist-credentials: true
Publish npm Package and GitHub Release	UNKNOWN STEP	2026-05-18T13:39:27.0139228Z   clean: true
Publish npm Package and GitHub Release	UNKNOWN STEP	2026-05-18T13:39:27.0139660Z   sparse-checkout-cone-mode: true
Publish npm Package and GitHub Release	UNKNOWN STEP	2026-05-18T13:39:27.0140191Z   fetch-tags: false
Publish npm Package and GitHub Release	UNKNOWN STEP	2026-05-18T13:39:27.0140623Z   show-progress: true
Publish npm Package and GitHub Release	UNKNOWN STEP	2026-05-18T13:39:27.0141075Z   lfs: false
Publish npm Package and GitHub Release	UNKNOWN STEP	2026-05-18T13:39:27.0141480Z   submodules: false
Publish npm Package and GitHub Release	UNKNOWN STEP	2026-05-18T13:39:27.0141930Z   set-safe-directory: true
Publish npm Package and GitHub Release	UNKNOWN STEP	2026-05-18T13:39:27.0142632Z env:
Publish npm Package and GitHub Release	UNKNOWN STEP	2026-05-18T13:39:27.0143042Z   NODE_VERSION: 24.x
Publish npm Package and GitHub Release	UNKNOWN STEP	2026-05-18T13:39:27.0143513Z   NPM_CONFIG_PROVENANCE: true
Publish npm Package and GitHub Release	UNKNOWN STEP	2026-05-18T13:39:27.0144009Z ##[endgroup]
Publish npm Package and GitHub Release	UNKNOWN STEP	2026-05-18T13:39:27.1093255Z Syncing repository: link-foundation/lino-i18n
Publish npm Package and GitHub Release	UNKNOWN STEP	2026-05-18T13:39:27.1095680Z ##[group]Getting Git version info
Publish npm Package and GitHub Release	UNKNOWN STEP	2026-05-18T13:39:27.1096470Z Working directory is '/home/runner/work/lino-i18n/lino-i18n'
Publish npm Package and GitHub Release	UNKNOWN STEP	2026-05-18T13:39:27.1097502Z [command]/usr/bin/git version
Publish npm Package and GitHub Release	UNKNOWN STEP	2026-05-18T13:39:27.1170935Z git version 2.54.0
Publish npm Package and GitHub Release	UNKNOWN STEP	2026-05-18T13:39:27.1226859Z ##[endgroup]
Publish npm Package and GitHub Release	UNKNOWN STEP	2026-05-18T13:39:27.1243455Z Temporarily overriding HOME='/home/runner/work/_temp/738b8aa8-1146-4bc3-bee1-f882a799e9db' before making global git config changes
Publish npm Package and GitHub Release	UNKNOWN STEP	2026-05-18T13:39:27.1245785Z Adding repository directory to the temporary git global config as a safe directory
Publish npm Package and GitHub Release	UNKNOWN STEP	2026-05-18T13:39:27.1248799Z [command]/usr/bin/git config --global --add safe.directory /home/runner/work/lino-i18n/lino-i18n
Publish npm Package and GitHub Release	UNKNOWN STEP	2026-05-18T13:39:27.1338276Z Deleting the contents of '/home/runner/work/lino-i18n/lino-i18n'
Publish npm Package and GitHub Release	UNKNOWN STEP	2026-05-18T13:39:27.1342584Z ##[group]Initializing the repository
Publish npm Package and GitHub Release	UNKNOWN STEP	2026-05-18T13:39:27.1347435Z [command]/usr/bin/git init /home/runner/work/lino-i18n/lino-i18n
Publish npm Package and GitHub Release	UNKNOWN STEP	2026-05-18T13:39:27.1468243Z hint: Using 'master' as the name for the initial branch. This default branch name
Publish npm Package and GitHub Release	UNKNOWN STEP	2026-05-18T13:39:27.1470443Z hint: will change to "main" in Git 3.0. To configure the initial branch name
Publish npm Package and GitHub Release	UNKNOWN STEP	2026-05-18T13:39:27.1472035Z hint: to use in all of your new repositories, which will suppress this warning,
Publish npm Package and GitHub Release	UNKNOWN STEP	2026-05-18T13:39:27.1473077Z hint: call:
Publish npm Package and GitHub Release	UNKNOWN STEP	2026-05-18T13:39:27.1473580Z hint:
Publish npm Package and GitHub Release	UNKNOWN STEP	2026-05-18T13:39:27.1474294Z hint: 	git config --global init.defaultBranch <name>
Publish npm Package and GitHub Release	UNKNOWN STEP	2026-05-18T13:39:27.1475951Z hint:
Publish npm Package and GitHub Release	UNKNOWN STEP	2026-05-18T13:39:27.1477390Z hint: Names commonly chosen instead of 'master' are 'main', 'trunk' and
Publish npm Package and GitHub Release	UNKNOWN STEP	2026-05-18T13:39:27.1479405Z hint: 'development'. The just-created branch can be renamed via this command:
Publish npm Package and GitHub Release	UNKNOWN STEP	2026-05-18T13:39:27.1480718Z hint:
Publish npm Package and GitHub Release	UNKNOWN STEP	2026-05-18T13:39:27.1481495Z hint: 	git branch -m <name>
Publish npm Package and GitHub Release	UNKNOWN STEP	2026-05-18T13:39:27.1482036Z hint:
Publish npm Package and GitHub Release	UNKNOWN STEP	2026-05-18T13:39:27.1482740Z hint: Disable this message with "git config set advice.defaultBranchName false"
Publish npm Package and GitHub Release	UNKNOWN STEP	2026-05-18T13:39:27.1483960Z Initialized empty Git repository in /home/runner/work/lino-i18n/lino-i18n/.git/
Publish npm Package and GitHub Release	UNKNOWN STEP	2026-05-18T13:39:27.1490500Z [command]/usr/bin/git remote add origin https://github.com/link-foundation/lino-i18n
Publish npm Package and GitHub Release	UNKNOWN STEP	2026-05-18T13:39:27.1534173Z ##[endgroup]
Publish npm Package and GitHub Release	UNKNOWN STEP	2026-05-18T13:39:27.1535514Z ##[group]Disabling automatic garbage collection
Publish npm Package and GitHub Release	UNKNOWN STEP	2026-05-18T13:39:27.1538391Z [command]/usr/bin/git config --local gc.auto 0
Publish npm Package and GitHub Release	UNKNOWN STEP	2026-05-18T13:39:27.1566755Z ##[endgroup]
Publish npm Package and GitHub Release	UNKNOWN STEP	2026-05-18T13:39:27.1567629Z ##[group]Setting up auth
Publish npm Package and GitHub Release	UNKNOWN STEP	2026-05-18T13:39:27.1568454Z Removing SSH command configuration
Publish npm Package and GitHub Release	UNKNOWN STEP	2026-05-18T13:39:27.1573976Z [command]/usr/bin/git config --local --name-only --get-regexp core\.sshCommand
Publish npm Package and GitHub Release	UNKNOWN STEP	2026-05-18T13:39:27.1609752Z [command]/usr/bin/git submodule foreach --recursive sh -c "git config --local --name-only --get-regexp 'core\.sshCommand' && git config --local --unset-all 'core.sshCommand' || :"
Publish npm Package and GitHub Release	UNKNOWN STEP	2026-05-18T13:39:27.1971492Z Removing HTTP extra header
Publish npm Package and GitHub Release	UNKNOWN STEP	2026-05-18T13:39:27.1979869Z [command]/usr/bin/git config --local --name-only --get-regexp http\.https\:\/\/github\.com\/\.extraheader
Publish npm Package and GitHub Release	UNKNOWN STEP	2026-05-18T13:39:27.2015864Z [command]/usr/bin/git submodule foreach --recursive sh -c "git config --local --name-only --get-regexp 'http\.https\:\/\/github\.com\/\.extraheader' && git config --local --unset-all 'http.https://github.com/.extraheader' || :"
Publish npm Package and GitHub Release	UNKNOWN STEP	2026-05-18T13:39:27.2244014Z Removing includeIf entries pointing to credentials config files
Publish npm Package and GitHub Release	UNKNOWN STEP	2026-05-18T13:39:27.2252518Z [command]/usr/bin/git config --local --name-only --get-regexp ^includeIf\.gitdir:
Publish npm Package and GitHub Release	UNKNOWN STEP	2026-05-18T13:39:27.2290003Z [command]/usr/bin/git submodule foreach --recursive git config --local --show-origin --name-only --get-regexp remote.origin.url
Publish npm Package and GitHub Release	UNKNOWN STEP	2026-05-18T13:39:27.2526501Z [command]/usr/bin/git config --file /home/runner/work/_temp/git-credentials-bd116514-ae46-47e2-b994-206305297b05.config http.https://github.com/.extraheader AUTHORIZATION: basic ***
Publish npm Package and GitHub Release	UNKNOWN STEP	2026-05-18T13:39:27.2563772Z [command]/usr/bin/git config --local includeIf.gitdir:/home/runner/work/lino-i18n/lino-i18n/.git.path /home/runner/work/_temp/git-credentials-bd116514-ae46-47e2-b994-206305297b05.config
Publish npm Package and GitHub Release	UNKNOWN STEP	2026-05-18T13:39:27.2593985Z [command]/usr/bin/git config --local includeIf.gitdir:/home/runner/work/lino-i18n/lino-i18n/.git/worktrees/*.path /home/runner/work/_temp/git-credentials-bd116514-ae46-47e2-b994-206305297b05.config
Publish npm Package and GitHub Release	UNKNOWN STEP	2026-05-18T13:39:27.2627854Z [command]/usr/bin/git config --local includeIf.gitdir:/github/workspace/.git.path /github/runner_temp/git-credentials-bd116514-ae46-47e2-b994-206305297b05.config
Publish npm Package and GitHub Release	UNKNOWN STEP	2026-05-18T13:39:27.2666829Z [command]/usr/bin/git config --local includeIf.gitdir:/github/workspace/.git/worktrees/*.path /github/runner_temp/git-credentials-bd116514-ae46-47e2-b994-206305297b05.config
Publish npm Package and GitHub Release	UNKNOWN STEP	2026-05-18T13:39:27.2694615Z ##[endgroup]
Publish npm Package and GitHub Release	UNKNOWN STEP	2026-05-18T13:39:27.2695517Z ##[group]Fetching the repository
Publish npm Package and GitHub Release	UNKNOWN STEP	2026-05-18T13:39:27.2706765Z [command]/usr/bin/git -c protocol.version=2 fetch --no-tags --prune --no-recurse-submodules origin +refs/heads/*:refs/remotes/origin/* +refs/tags/*:refs/tags/*
Publish npm Package and GitHub Release	UNKNOWN STEP	2026-05-18T13:39:27.8083147Z From https://github.com/link-foundation/lino-i18n
Publish npm Package and GitHub Release	UNKNOWN STEP	2026-05-18T13:39:27.8086132Z  * [new branch]      issue-1-76ffa2dc55cc  -> origin/issue-1-76ffa2dc55cc
Publish npm Package and GitHub Release	UNKNOWN STEP	2026-05-18T13:39:27.8089217Z  * [new branch]      issue-10-6657adb31046 -> origin/issue-10-6657adb31046
Publish npm Package and GitHub Release	UNKNOWN STEP	2026-05-18T13:39:27.8091802Z  * [new branch]      issue-11-b5c8ef3bbd84 -> origin/issue-11-b5c8ef3bbd84
Publish npm Package and GitHub Release	UNKNOWN STEP	2026-05-18T13:39:27.8094267Z  * [new branch]      issue-12-3c4f596e0c67 -> origin/issue-12-3c4f596e0c67
Publish npm Package and GitHub Release	UNKNOWN STEP	2026-05-18T13:39:27.8095951Z  * [new branch]      issue-3-b3eb0917c317  -> origin/issue-3-b3eb0917c317
Publish npm Package and GitHub Release	UNKNOWN STEP	2026-05-18T13:39:27.8097591Z  * [new branch]      issue-5-169afc4a2006  -> origin/issue-5-169afc4a2006
Publish npm Package and GitHub Release	UNKNOWN STEP	2026-05-18T13:39:27.8099049Z  * [new branch]      issue-5-35d32a59c464  -> origin/issue-5-35d32a59c464
Publish npm Package and GitHub Release	UNKNOWN STEP	2026-05-18T13:39:27.8100728Z  * [new branch]      issue-8-ca918c4d7d4c  -> origin/issue-8-ca918c4d7d4c
Publish npm Package and GitHub Release	UNKNOWN STEP	2026-05-18T13:39:27.8102705Z  * [new branch]      main                  -> origin/main
Publish npm Package and GitHub Release	UNKNOWN STEP	2026-05-18T13:39:27.8103893Z  * [new tag]         js-v0.0.1             -> js-v0.0.1
Publish npm Package and GitHub Release	UNKNOWN STEP	2026-05-18T13:39:27.8105276Z  * [new tag]         rust-v0.0.1           -> rust-v0.0.1
Publish npm Package and GitHub Release	UNKNOWN STEP	2026-05-18T13:39:27.8131648Z [command]/usr/bin/git branch --list --remote origin/main
Publish npm Package and GitHub Release	UNKNOWN STEP	2026-05-18T13:39:27.8159751Z   origin/main
Publish npm Package and GitHub Release	UNKNOWN STEP	2026-05-18T13:39:27.8169086Z [command]/usr/bin/git rev-parse refs/remotes/origin/main
Publish npm Package and GitHub Release	UNKNOWN STEP	2026-05-18T13:39:27.8189564Z 8910b98b665a650690c0d9e9188bbf6bec1e9d2c
Publish npm Package and GitHub Release	UNKNOWN STEP	2026-05-18T13:39:27.8195098Z ##[endgroup]
Publish npm Package and GitHub Release	UNKNOWN STEP	2026-05-18T13:39:27.8196343Z ##[group]Determining the checkout info
Publish npm Package and GitHub Release	UNKNOWN STEP	2026-05-18T13:39:27.8197729Z ##[endgroup]
Publish npm Package and GitHub Release	UNKNOWN STEP	2026-05-18T13:39:27.8200762Z [command]/usr/bin/git sparse-checkout disable
Publish npm Package and GitHub Release	UNKNOWN STEP	2026-05-18T13:39:27.8245842Z [command]/usr/bin/git config --local --unset-all extensions.worktreeConfig
Publish npm Package and GitHub Release	UNKNOWN STEP	2026-05-18T13:39:27.8273707Z ##[group]Checking out the ref
Publish npm Package and GitHub Release	UNKNOWN STEP	2026-05-18T13:39:27.8276708Z [command]/usr/bin/git checkout --progress --force -B main refs/remotes/origin/main
Publish npm Package and GitHub Release	UNKNOWN STEP	2026-05-18T13:39:27.8814728Z Switched to a new branch 'main'
Publish npm Package and GitHub Release	UNKNOWN STEP	2026-05-18T13:39:27.8816768Z branch 'main' set up to track 'origin/main'.
Publish npm Package and GitHub Release	UNKNOWN STEP	2026-05-18T13:39:27.8825497Z ##[endgroup]
Publish npm Package and GitHub Release	UNKNOWN STEP	2026-05-18T13:39:27.8868435Z [command]/usr/bin/git log -1 --format=%H
Publish npm Package and GitHub Release	UNKNOWN STEP	2026-05-18T13:39:27.8892003Z 8910b98b665a650690c0d9e9188bbf6bec1e9d2c
Publish npm Package and GitHub Release	UNKNOWN STEP	2026-05-18T13:39:27.9228084Z ##[group]Run actions/setup-node@v6
Publish npm Package and GitHub Release	UNKNOWN STEP	2026-05-18T13:39:27.9229253Z with:
Publish npm Package and GitHub Release	UNKNOWN STEP	2026-05-18T13:39:27.9230047Z   node-version: 24.x
Publish npm Package and GitHub Release	UNKNOWN STEP	2026-05-18T13:39:27.9231081Z   registry-url: https://registry.npmjs.org
Publish npm Package and GitHub Release	UNKNOWN STEP	2026-05-18T13:39:27.9232274Z   cache: npm
Publish npm Package and GitHub Release	UNKNOWN STEP	2026-05-18T13:39:27.9233226Z   cache-dependency-path: js/package-lock.json
Publish npm Package and GitHub Release	UNKNOWN STEP	2026-05-18T13:39:27.9234832Z   check-latest: false
Publish npm Package and GitHub Release	UNKNOWN STEP	2026-05-18T13:39:27.9236015Z   token: ***
Publish npm Package and GitHub Release	UNKNOWN STEP	2026-05-18T13:39:27.9236866Z   package-manager-cache: true
Publish npm Package and GitHub Release	UNKNOWN STEP	2026-05-18T13:39:27.9237880Z env:
Publish npm Package and GitHub Release	UNKNOWN STEP	2026-05-18T13:39:27.9238628Z   NODE_VERSION: 24.x
Publish npm Package and GitHub Release	UNKNOWN STEP	2026-05-18T13:39:27.9239533Z   NPM_CONFIG_PROVENANCE: true
Publish npm Package and GitHub Release	UNKNOWN STEP	2026-05-18T13:39:27.9240546Z ##[endgroup]
Publish npm Package and GitHub Release	UNKNOWN STEP	2026-05-18T13:39:28.0787223Z Found in cache @ /opt/hostedtoolcache/node/24.15.0/x64
Publish npm Package and GitHub Release	UNKNOWN STEP	2026-05-18T13:39:28.0790816Z ##[group]Environment details
Publish npm Package and GitHub Release	UNKNOWN STEP	2026-05-18T13:39:28.4907922Z node: v24.15.0
Publish npm Package and GitHub Release	UNKNOWN STEP	2026-05-18T13:39:28.4909064Z npm: 11.12.1
Publish npm Package and GitHub Release	UNKNOWN STEP	2026-05-18T13:39:28.4909965Z yarn: 1.22.22
Publish npm Package and GitHub Release	UNKNOWN STEP	2026-05-18T13:39:28.4911452Z ##[endgroup]
Publish npm Package and GitHub Release	UNKNOWN STEP	2026-05-18T13:39:28.4933176Z [command]/opt/hostedtoolcache/node/24.15.0/x64/bin/npm config get cache
Publish npm Package and GitHub Release	UNKNOWN STEP	2026-05-18T13:39:28.6776098Z /home/runner/.npm
Publish npm Package and GitHub Release	UNKNOWN STEP	2026-05-18T13:39:28.8892144Z Cache hit for: node-cache-Linux-x64-npm-f5808b7053f8307b6f76624b32fb00f08c636293d1963c60dc6594d21979e698
Publish npm Package and GitHub Release	UNKNOWN STEP	2026-05-18T13:39:29.1828276Z Received 23884147 of 23884147 (100.0%), 96.5 MBs/sec
Publish npm Package and GitHub Release	UNKNOWN STEP	2026-05-18T13:39:29.1829026Z Cache Size: ~23 MB (23884147 B)
Publish npm Package and GitHub Release	UNKNOWN STEP	2026-05-18T13:39:29.1885617Z [command]/usr/bin/tar -xf /home/runner/work/_temp/083432ab-31b6-4908-8540-cc8e67ef1618/cache.tzst -P -C /home/runner/work/lino-i18n/lino-i18n --use-compress-program unzstd
Publish npm Package and GitHub Release	UNKNOWN STEP	2026-05-18T13:39:29.4399132Z Cache restored successfully
Publish npm Package and GitHub Release	UNKNOWN STEP	2026-05-18T13:39:29.4414659Z Cache restored from key: node-cache-Linux-x64-npm-f5808b7053f8307b6f76624b32fb00f08c636293d1963c60dc6594d21979e698
Publish npm Package and GitHub Release	UNKNOWN STEP	2026-05-18T13:39:29.4651471Z ##[group]Run npm ci || npm install
Publish npm Package and GitHub Release	UNKNOWN STEP	2026-05-18T13:39:29.4651843Z ^[[36;1mnpm ci || npm install^[[0m
Publish npm Package and GitHub Release	UNKNOWN STEP	2026-05-18T13:39:29.4697464Z shell: /usr/bin/bash -e {0}
Publish npm Package and GitHub Release	UNKNOWN STEP	2026-05-18T13:39:29.4697948Z env:
Publish npm Package and GitHub Release	UNKNOWN STEP	2026-05-18T13:39:29.4698143Z   NODE_VERSION: 24.x
Publish npm Package and GitHub Release	UNKNOWN STEP	2026-05-18T13:39:29.4698395Z   NPM_CONFIG_PROVENANCE: true
Publish npm Package and GitHub Release	UNKNOWN STEP	2026-05-18T13:39:29.4698717Z   NPM_CONFIG_USERCONFIG: /home/runner/work/_temp/.npmrc
Publish npm Package and GitHub Release	UNKNOWN STEP	2026-05-18T13:39:29.4699072Z   NODE_AUTH_TOKEN: XXXXX-XXXXX-XXXXX-XXXXX
Publish npm Package and GitHub Release	UNKNOWN STEP	2026-05-18T13:39:29.4699361Z ##[endgroup]
Publish npm Package and GitHub Release	UNKNOWN STEP	2026-05-18T13:39:32.4703439Z
Publish npm Package and GitHub Release	UNKNOWN STEP	2026-05-18T13:39:32.4713023Z added 295 packages, and audited 296 packages in 3s
Publish npm Package and GitHub Release	UNKNOWN STEP	2026-05-18T13:39:32.4713570Z
Publish npm Package and GitHub Release	UNKNOWN STEP	2026-05-18T13:39:32.4713916Z 49 packages are looking for funding
Publish npm Package and GitHub Release	UNKNOWN STEP	2026-05-18T13:39:32.4714827Z   run `npm fund` for details
Publish npm Package and GitHub Release	UNKNOWN STEP	2026-05-18T13:39:32.4720104Z
Publish npm Package and GitHub Release	UNKNOWN STEP	2026-05-18T13:39:32.4720567Z found 0 vulnerabilities
Publish npm Package and GitHub Release	UNKNOWN STEP	2026-05-18T13:39:32.5225850Z ##[group]Run node scripts/setup-npm.mjs
Publish npm Package and GitHub Release	UNKNOWN STEP	2026-05-18T13:39:32.5226258Z ^[[36;1mnode scripts/setup-npm.mjs^[[0m
Publish npm Package and GitHub Release	UNKNOWN STEP	2026-05-18T13:39:32.5259750Z shell: /usr/bin/bash -e {0}
Publish npm Package and GitHub Release	UNKNOWN STEP	2026-05-18T13:39:32.5259994Z env:
Publish npm Package and GitHub Release	UNKNOWN STEP	2026-05-18T13:39:32.5260169Z   NODE_VERSION: 24.x
Publish npm Package and GitHub Release	UNKNOWN STEP	2026-05-18T13:39:32.5260427Z   NPM_CONFIG_PROVENANCE: true
Publish npm Package and GitHub Release	UNKNOWN STEP	2026-05-18T13:39:32.5260741Z   NPM_CONFIG_USERCONFIG: /home/runner/work/_temp/.npmrc
Publish npm Package and GitHub Release	UNKNOWN STEP	2026-05-18T13:39:32.5261069Z   NODE_AUTH_TOKEN: XXXXX-XXXXX-XXXXX-XXXXX
Publish npm Package and GitHub Release	UNKNOWN STEP	2026-05-18T13:39:32.5261342Z ##[endgroup]
Publish npm Package and GitHub Release	UNKNOWN STEP	2026-05-18T13:39:34.0171428Z Current Node.js version: v24.15.0
Publish npm Package and GitHub Release	UNKNOWN STEP	2026-05-18T13:39:34.1023271Z 11.12.1
Publish npm Package and GitHub Release	UNKNOWN STEP	2026-05-18T13:39:34.1070876Z Current npm version: 11.12.1
Publish npm Package and GitHub Release	UNKNOWN STEP	2026-05-18T13:39:34.1071664Z Trying npm install -g npm@11...
Publish npm Package and GitHub Release	UNKNOWN STEP	2026-05-18T13:39:37.4887625Z
Publish npm Package and GitHub Release	UNKNOWN STEP	2026-05-18T13:39:37.4888608Z removed 2 packages, and changed 28 packages in 3s
Publish npm Package and GitHub Release	UNKNOWN STEP	2026-05-18T13:39:37.4889059Z
Publish npm Package and GitHub Release	UNKNOWN STEP	2026-05-18T13:39:37.4889323Z 15 packages are looking for funding
Publish npm Package and GitHub Release	UNKNOWN STEP	2026-05-18T13:39:37.4889836Z   run `npm fund` for details
Publish npm Package and GitHub Release	UNKNOWN STEP	2026-05-18T13:39:37.5896288Z 11.14.1
Publish npm Package and GitHub Release	UNKNOWN STEP	2026-05-18T13:39:37.5947709Z Updated npm version: 11.14.1
Publish npm Package and GitHub Release	UNKNOWN STEP	2026-05-18T13:39:37.6056199Z ##[group]Run node scripts/check-changesets.mjs
Publish npm Package and GitHub Release	UNKNOWN STEP	2026-05-18T13:39:37.6056588Z ^[[36;1mnode scripts/check-changesets.mjs^[[0m
Publish npm Package and GitHub Release	UNKNOWN STEP	2026-05-18T13:39:37.6089680Z shell: /usr/bin/bash -e {0}
Publish npm Package and GitHub Release	UNKNOWN STEP	2026-05-18T13:39:37.6089911Z env:
Publish npm Package and GitHub Release	UNKNOWN STEP	2026-05-18T13:39:37.6090129Z   NODE_VERSION: 24.x
Publish npm Package and GitHub Release	UNKNOWN STEP	2026-05-18T13:39:37.6090345Z   NPM_CONFIG_PROVENANCE: true
Publish npm Package and GitHub Release	UNKNOWN STEP	2026-05-18T13:39:37.6090638Z   NPM_CONFIG_USERCONFIG: /home/runner/work/_temp/.npmrc
Publish npm Package and GitHub Release	UNKNOWN STEP	2026-05-18T13:39:37.6090976Z   NODE_AUTH_TOKEN: XXXXX-XXXXX-XXXXX-XXXXX
Publish npm Package and GitHub Release	UNKNOWN STEP	2026-05-18T13:39:37.6091255Z ##[endgroup]
Publish npm Package and GitHub Release	UNKNOWN STEP	2026-05-18T13:39:37.6386994Z Checking for pending changeset files...
Publish npm Package and GitHub Release	UNKNOWN STEP	2026-05-18T13:39:37.6387346Z
Publish npm Package and GitHub Release	UNKNOWN STEP	2026-05-18T13:39:37.6389819Z Found 1 changeset file(s)
Publish npm Package and GitHub Release	UNKNOWN STEP	2026-05-18T13:39:37.6391167Z has_changesets=true
Publish npm Package and GitHub Release	UNKNOWN STEP	2026-05-18T13:39:37.6391768Z changeset_count=1
Publish npm Package and GitHub Release	UNKNOWN STEP	2026-05-18T13:39:37.6472819Z ##[group]Run node scripts/check-release-needed.mjs
Publish npm Package and GitHub Release	UNKNOWN STEP	2026-05-18T13:39:37.6473203Z ^[[36;1mnode scripts/check-release-needed.mjs^[[0m
Publish npm Package and GitHub Release	UNKNOWN STEP	2026-05-18T13:39:37.6506359Z shell: /usr/bin/bash -e {0}
Publish npm Package and GitHub Release	UNKNOWN STEP	2026-05-18T13:39:37.6506603Z env:
Publish npm Package and GitHub Release	UNKNOWN STEP	2026-05-18T13:39:37.6506783Z   NODE_VERSION: 24.x
Publish npm Package and GitHub Release	UNKNOWN STEP	2026-05-18T13:39:37.6507004Z   NPM_CONFIG_PROVENANCE: true
Publish npm Package and GitHub Release	UNKNOWN STEP	2026-05-18T13:39:37.6507304Z   NPM_CONFIG_USERCONFIG: /home/runner/work/_temp/.npmrc
Publish npm Package and GitHub Release	UNKNOWN STEP	2026-05-18T13:39:37.6507651Z   NODE_AUTH_TOKEN: XXXXX-XXXXX-XXXXX-XXXXX
Publish npm Package and GitHub Release	UNKNOWN STEP	2026-05-18T13:39:37.6507947Z   HAS_CHANGESETS: true
Publish npm Package and GitHub Release	UNKNOWN STEP	2026-05-18T13:39:37.6508196Z   GITHUB_REPOSITORY: link-foundation/lino-i18n
Publish npm Package and GitHub Release	UNKNOWN STEP	2026-05-18T13:39:37.6508845Z   GH_TOKEN: ***
Publish npm Package and GitHub Release	UNKNOWN STEP	2026-05-18T13:39:37.6509053Z   TAG_PREFIX: js-v
Publish npm Package and GitHub Release	UNKNOWN STEP	2026-05-18T13:39:37.6509257Z ##[endgroup]
Publish npm Package and GitHub Release	UNKNOWN STEP	2026-05-18T13:39:37.6828692Z Detected single-language repository (package.json in root)
Publish npm Package and GitHub Release	UNKNOWN STEP	2026-05-18T13:39:37.6833637Z Package: lino-i18n
Publish npm Package and GitHub Release	UNKNOWN STEP	2026-05-18T13:39:37.6834121Z Current version: 0.1.0
Publish npm Package and GitHub Release	UNKNOWN STEP	2026-05-18T13:39:37.6834847Z Has changesets: true
Publish npm Package and GitHub Release	UNKNOWN STEP	2026-05-18T13:39:37.6835386Z GitHub release tag: js-v0.1.0
Publish npm Package and GitHub Release	UNKNOWN STEP	2026-05-18T13:39:37.6836015Z Found changesets, proceeding with release
Publish npm Package and GitHub Release	UNKNOWN STEP	2026-05-18T13:39:37.6836810Z Output: should_release=true
Publish npm Package and GitHub Release	UNKNOWN STEP	2026-05-18T13:39:37.6837424Z Output: skip_bump=false
Publish npm Package and GitHub Release	UNKNOWN STEP	2026-05-18T13:39:37.6931981Z ##[group]Run node scripts/version-and-commit.mjs --mode changeset
Publish npm Package and GitHub Release	UNKNOWN STEP	2026-05-18T13:39:37.6932463Z ^[[36;1mnode scripts/version-and-commit.mjs --mode changeset^[[0m
Publish npm Package and GitHub Release	UNKNOWN STEP	2026-05-18T13:39:37.6966100Z shell: /usr/bin/bash -e {0}
Publish npm Package and GitHub Release	UNKNOWN STEP	2026-05-18T13:39:37.6966527Z env:
Publish npm Package and GitHub Release	UNKNOWN STEP	2026-05-18T13:39:37.6966702Z   NODE_VERSION: 24.x
Publish npm Package and GitHub Release	UNKNOWN STEP	2026-05-18T13:39:37.6966916Z   NPM_CONFIG_PROVENANCE: true
Publish npm Package and GitHub Release	UNKNOWN STEP	2026-05-18T13:39:37.6967207Z   NPM_CONFIG_USERCONFIG: /home/runner/work/_temp/.npmrc
Publish npm Package and GitHub Release	UNKNOWN STEP	2026-05-18T13:39:37.6967529Z   NODE_AUTH_TOKEN: XXXXX-XXXXX-XXXXX-XXXXX
Publish npm Package and GitHub Release	UNKNOWN STEP	2026-05-18T13:39:37.6967789Z ##[endgroup]
Publish npm Package and GitHub Release	UNKNOWN STEP	2026-05-18T13:39:39.6846602Z Detected single-language repository (package.json in root)
Publish npm Package and GitHub Release	UNKNOWN STEP	2026-05-18T13:39:39.6848957Z Parsed configuration: { mode: 'changeset', bumpType: '', description: '(none)', jsRoot: '.' }
Publish npm Package and GitHub Release	UNKNOWN STEP	2026-05-18T13:39:39.7020749Z Checking for remote changes...
Publish npm Package and GitHub Release	UNKNOWN STEP	2026-05-18T13:39:39.8872136Z From https://github.com/link-foundation/lino-i18n
Publish npm Package and GitHub Release	UNKNOWN STEP	2026-05-18T13:39:39.8873381Z  * branch            main       -> FETCH_HEAD
Publish npm Package and GitHub Release	UNKNOWN STEP	2026-05-18T13:39:39.9001603Z 8910b98b665a650690c0d9e9188bbf6bec1e9d2c
Publish npm Package and GitHub Release	UNKNOWN STEP	2026-05-18T13:39:39.9076932Z 8910b98b665a650690c0d9e9188bbf6bec1e9d2c
Publish npm Package and GitHub Release	UNKNOWN STEP	2026-05-18T13:39:39.9084840Z Current version: 0.1.0
Publish npm Package and GitHub Release	UNKNOWN STEP	2026-05-18T13:39:39.9085533Z Running changeset version...
Publish npm Package and GitHub Release	UNKNOWN STEP	2026-05-18T13:39:40.0127227Z
Publish npm Package and GitHub Release	UNKNOWN STEP	2026-05-18T13:39:40.0127894Z > lino-i18n@0.1.0 changeset:version
Publish npm Package and GitHub Release	UNKNOWN STEP	2026-05-18T13:39:40.0128562Z > changeset version
Publish npm Package and GitHub Release	UNKNOWN STEP	2026-05-18T13:39:40.0128898Z
Publish npm Package and GitHub Release	UNKNOWN STEP	2026-05-18T13:39:40.3979027Z 🦋  All files have been updated. Review them and commit at your leisure
Publish npm Package and GitHub Release	UNKNOWN STEP	2026-05-18T13:39:40.4123701Z New version: 0.1.1
Publish npm Package and GitHub Release	UNKNOWN STEP	2026-05-18T13:39:40.4571539Z  D js/.changeset/hive-mind-deep-catalogue-example.md
Publish npm Package and GitHub Release	UNKNOWN STEP	2026-05-18T13:39:40.4572147Z  M js/CHANGELOG.md
Publish npm Package and GitHub Release	UNKNOWN STEP	2026-05-18T13:39:40.4572681Z  M js/package.json
Publish npm Package and GitHub Release	UNKNOWN STEP	2026-05-18T13:39:40.4577215Z Changes detected, committing...
Publish npm Package and GitHub Release	UNKNOWN STEP	2026-05-18T13:39:40.4830343Z [main 079dcb5] 0.1.1
Publish npm Package and GitHub Release	UNKNOWN STEP	2026-05-18T13:39:40.4831024Z  3 files changed, 7 insertions(+), 6 deletions(-)
Publish npm Package and GitHub Release	UNKNOWN STEP	2026-05-18T13:39:40.4831918Z  delete mode 100644 js/.changeset/hive-mind-deep-catalogue-example.md
Publish npm Package and GitHub Release	UNKNOWN STEP	2026-05-18T13:39:41.4338316Z To https://github.com/link-foundation/lino-i18n
Publish npm Package and GitHub Release	UNKNOWN STEP	2026-05-18T13:39:41.4338979Z    8910b98..079dcb5  main -> main
Publish npm Package and GitHub Release	UNKNOWN STEP	2026-05-18T13:39:41.4386342Z ✅ Version bump committed and pushed to main
Publish npm Package and GitHub Release	UNKNOWN STEP	2026-05-18T13:39:41.4495154Z ##[group]Run node scripts/publish-to-npm.mjs --should-pull
Publish npm Package and GitHub Release	UNKNOWN STEP	2026-05-18T13:39:41.4495627Z ^[[36;1mnode scripts/publish-to-npm.mjs --should-pull^[[0m
Publish npm Package and GitHub Release	UNKNOWN STEP	2026-05-18T13:39:41.4528522Z shell: /usr/bin/bash -e {0}
Publish npm Package and GitHub Release	UNKNOWN STEP	2026-05-18T13:39:41.4528762Z env:
Publish npm Package and GitHub Release	UNKNOWN STEP	2026-05-18T13:39:41.4528939Z   NODE_VERSION: 24.x
Publish npm Package and GitHub Release	UNKNOWN STEP	2026-05-18T13:39:41.4529164Z   NPM_CONFIG_PROVENANCE: true
Publish npm Package and GitHub Release	UNKNOWN STEP	2026-05-18T13:39:41.4529463Z   NPM_CONFIG_USERCONFIG: /home/runner/work/_temp/.npmrc
Publish npm Package and GitHub Release	UNKNOWN STEP	2026-05-18T13:39:41.4529808Z   NODE_AUTH_TOKEN: XXXXX-XXXXX-XXXXX-XXXXX
Publish npm Package and GitHub Release	UNKNOWN STEP	2026-05-18T13:39:41.4530078Z ##[endgroup]
Publish npm Package and GitHub Release	UNKNOWN STEP	2026-05-18T13:39:42.4092976Z Detected single-language repository (package.json in root)
Publish npm Package and GitHub Release	UNKNOWN STEP	2026-05-18T13:39:42.6140374Z From https://github.com/link-foundation/lino-i18n
Publish npm Package and GitHub Release	UNKNOWN STEP	2026-05-18T13:39:42.6141196Z  * branch            main       -> FETCH_HEAD
Publish npm Package and GitHub Release	UNKNOWN STEP	2026-05-18T13:39:42.6230434Z Already up to date.
Publish npm Package and GitHub Release	UNKNOWN STEP	2026-05-18T13:39:42.6247047Z Package to publish: lino-i18n
Publish npm Package and GitHub Release	UNKNOWN STEP	2026-05-18T13:39:42.6247668Z Current version to publish: 0.1.1
Publish npm Package and GitHub Release	UNKNOWN STEP	2026-05-18T13:39:42.6248412Z Checking if version 0.1.1 is already published...
Publish npm Package and GitHub Release	UNKNOWN STEP	2026-05-18T13:39:43.0216606Z npm error code E404
Publish npm Package and GitHub Release	UNKNOWN STEP	2026-05-18T13:39:43.0218040Z npm error 404 No match found for version 0.1.1
Publish npm Package and GitHub Release	UNKNOWN STEP	2026-05-18T13:39:43.0218713Z npm error 404
Publish npm Package and GitHub Release	UNKNOWN STEP	2026-05-18T13:39:43.0227573Z npm error 404  The requested resource 'lino-i18n@0.1.1' could not be found or you do not have permission to access it.
Publish npm Package and GitHub Release	UNKNOWN STEP	2026-05-18T13:39:43.0228610Z npm error 404
Publish npm Package and GitHub Release	UNKNOWN STEP	2026-05-18T13:39:43.0229212Z npm error 404 Note that you can also install from a
Publish npm Package and GitHub Release	UNKNOWN STEP	2026-05-18T13:39:43.0230036Z npm error 404 tarball, folder, http url, or git url.
Publish npm Package and GitHub Release	UNKNOWN STEP	2026-05-18T13:39:43.0247911Z npm error A complete log of this run can be found in: /home/runner/.npm/_logs/2026-05-18T13_39_42_679Z-debug-0.log
Publish npm Package and GitHub Release	UNKNOWN STEP	2026-05-18T13:39:43.0312400Z Version 0.1.1 not found on npm, proceeding with publish...
Publish npm Package and GitHub Release	UNKNOWN STEP	2026-05-18T13:39:43.0313075Z Publish attempt 1 of 3...
Publish npm Package and GitHub Release	UNKNOWN STEP	2026-05-18T13:39:43.1301760Z
Publish npm Package and GitHub Release	UNKNOWN STEP	2026-05-18T13:39:43.1302458Z > lino-i18n@0.1.1 changeset:publish
Publish npm Package and GitHub Release	UNKNOWN STEP	2026-05-18T13:39:43.1303012Z > changeset publish
Publish npm Package and GitHub Release	UNKNOWN STEP	2026-05-18T13:39:43.1303206Z
Publish npm Package and GitHub Release	UNKNOWN STEP	2026-05-18T13:39:43.4201939Z 🦋  ^[[36minfo^[[39m npm info lino-i18n
Publish npm Package and GitHub Release	UNKNOWN STEP	2026-05-18T13:39:43.7115168Z 🦋  ^[[36minfo^[[39m lino-i18n is being published because our local version (0.1.1) has not been published on npm
Publish npm Package and GitHub Release	UNKNOWN STEP	2026-05-18T13:39:43.7116396Z 🦋  ^[[36minfo^[[39m Publishing ^[[36m"lino-i18n"^[[39m at ^[[32m"0.1.1"^[[39m
Publish npm Package and GitHub Release	UNKNOWN STEP	2026-05-18T13:39:45.6607122Z 🦋  ^[[31merror^[[39m an error occurred while publishing lino-i18n: E404 Not Found - PUT https://registry.npmjs.org/lino-i18n - Not found
Publish npm Package and GitHub Release	UNKNOWN STEP	2026-05-18T13:39:45.6609056Z 🦋  ^[[31merror^[[39m The requested resource 'lino-i18n@0.1.1' could not be found or you do not have permission to access it.
Publish npm Package and GitHub Release	UNKNOWN STEP	2026-05-18T13:39:45.6610039Z 🦋  ^[[31merror^[[39m
Publish npm Package and GitHub Release	UNKNOWN STEP	2026-05-18T13:39:45.6610664Z 🦋  ^[[31merror^[[39m Note that you can also install from a
Publish npm Package and GitHub Release	UNKNOWN STEP	2026-05-18T13:39:45.6611470Z 🦋  ^[[31merror^[[39m tarball, folder, http url, or git url.
Publish npm Package and GitHub Release	UNKNOWN STEP	2026-05-18T13:39:45.6612748Z 🦋  ^[[31merror^[[39m npm notice Publishing to https://registry.npmjs.org with tag latest and public access
Publish npm Package and GitHub Release	UNKNOWN STEP	2026-05-18T13:39:45.6614974Z 🦋  ^[[31merror^[[39m npm notice publish Signed provenance statement with source and build information from GitHub Actions
Publish npm Package and GitHub Release	UNKNOWN STEP	2026-05-18T13:39:45.6616874Z 🦋  ^[[31merror^[[39m npm notice publish Provenance statement published to transparency log: https://search.sigstore.dev/?logIndex=1567470506
Publish npm Package and GitHub Release	UNKNOWN STEP	2026-05-18T13:39:45.6617632Z 🦋  ^[[31merror^[[39m npm error code E404
Publish npm Package and GitHub Release	UNKNOWN STEP	2026-05-18T13:39:45.6618280Z 🦋  ^[[31merror^[[39m npm error 404 Not Found - PUT https://registry.npmjs.org/lino-i18n - Not found
Publish npm Package and GitHub Release	UNKNOWN STEP	2026-05-18T13:39:45.6618836Z 🦋  ^[[31merror^[[39m npm error 404
Publish npm Package and GitHub Release	UNKNOWN STEP	2026-05-18T13:39:45.6619905Z 🦋  ^[[31merror^[[39m npm error 404  The requested resource 'lino-i18n@0.1.1' could not be found or you do not have permission to access it.
Publish npm Package and GitHub Release	UNKNOWN STEP	2026-05-18T13:39:45.6620613Z 🦋  ^[[31merror^[[39m npm error 404
Publish npm Package and GitHub Release	UNKNOWN STEP	2026-05-18T13:39:45.6621099Z 🦋  ^[[31merror^[[39m npm error 404 Note that you can also install from a
Publish npm Package and GitHub Release	UNKNOWN STEP	2026-05-18T13:39:45.6621692Z 🦋  ^[[31merror^[[39m npm error 404 tarball, folder, http url, or git url.
Publish npm Package and GitHub Release	UNKNOWN STEP	2026-05-18T13:39:45.6622910Z 🦋  ^[[31merror^[[39m npm error A complete log of this run can be found in: /home/runner/.npm/_logs/2026-05-18T13_39_43_764Z-debug-0.log
Publish npm Package and GitHub Release	UNKNOWN STEP	2026-05-18T13:39:45.6623538Z 🦋  ^[[31merror^[[39m
Publish npm Package and GitHub Release	UNKNOWN STEP	2026-05-18T13:39:45.6623880Z 🦋  ^[[31merror^[[39m packages failed to publish:
Publish npm Package and GitHub Release	UNKNOWN STEP	2026-05-18T13:39:45.6624256Z 🦋  lino-i18n@0.1.1
Publish npm Package and GitHub Release	UNKNOWN STEP	2026-05-18T13:39:45.6743413Z Changeset output:
Publish npm Package and GitHub Release	UNKNOWN STEP	2026-05-18T13:39:45.6743964Z > lino-i18n@0.1.1 changeset:publish
Publish npm Package and GitHub Release	UNKNOWN STEP	2026-05-18T13:39:45.6744952Z > changeset publish
Publish npm Package and GitHub Release	UNKNOWN STEP	2026-05-18T13:39:45.6745207Z
Publish npm Package and GitHub Release	UNKNOWN STEP	2026-05-18T13:39:45.6745673Z 🦋  ^[[36minfo^[[39m npm info lino-i18n
Publish npm Package and GitHub Release	UNKNOWN STEP	2026-05-18T13:39:45.6746817Z 🦋  ^[[36minfo^[[39m lino-i18n is being published because our local version (0.1.1) has not been published on npm
Publish npm Package and GitHub Release	UNKNOWN STEP	2026-05-18T13:39:45.6748086Z 🦋  ^[[36minfo^[[39m Publishing ^[[36m"lino-i18n"^[[39m at ^[[32m"0.1.1"^[[39m
Publish npm Package and GitHub Release	UNKNOWN STEP	2026-05-18T13:39:45.6748580Z 🦋  lino-i18n@0.1.1
Publish npm Package and GitHub Release	UNKNOWN STEP	2026-05-18T13:39:45.6748719Z
Publish npm Package and GitHub Release	UNKNOWN STEP	2026-05-18T13:39:45.6749482Z 🦋  ^[[31merror^[[39m an error occurred while publishing lino-i18n: E404 Not Found - PUT https://registry.npmjs.org/lino-i18n - Not found
Publish npm Package and GitHub Release	UNKNOWN STEP	2026-05-18T13:39:45.6750713Z 🦋  ^[[31merror^[[39m The requested resource 'lino-i18n@0.1.1' could not be found or you do not have permission to access it.
Publish npm Package and GitHub Release	UNKNOWN STEP	2026-05-18T13:39:45.6751343Z 🦋  ^[[31merror^[[39m
Publish npm Package and GitHub Release	UNKNOWN STEP	2026-05-18T13:39:45.6751756Z 🦋  ^[[31merror^[[39m Note that you can also install from a
Publish npm Package and GitHub Release	UNKNOWN STEP	2026-05-18T13:39:45.6752276Z 🦋  ^[[31merror^[[39m tarball, folder, http url, or git url.
Publish npm Package and GitHub Release	UNKNOWN STEP	2026-05-18T13:39:45.6753071Z 🦋  ^[[31merror^[[39m npm notice Publishing to https://registry.npmjs.org with tag latest and public access
Publish npm Package and GitHub Release	UNKNOWN STEP	2026-05-18T13:39:45.6754153Z 🦋  ^[[31merror^[[39m npm notice publish Signed provenance statement with source and build information from GitHub Actions
Publish npm Package and GitHub Release	UNKNOWN STEP	2026-05-18T13:39:45.6755659Z 🦋  ^[[31merror^[[39m npm notice publish Provenance statement published to transparency log: https://search.sigstore.dev/?logIndex=1567470506
Publish npm Package and GitHub Release	UNKNOWN STEP	2026-05-18T13:39:45.6756352Z 🦋  ^[[31merror^[[39m npm error code E404
Publish npm Package and GitHub Release	UNKNOWN STEP	2026-05-18T13:39:45.6756968Z 🦋  ^[[31merror^[[39m npm error 404 Not Found - PUT https://registry.npmjs.org/lino-i18n - Not found
Publish npm Package and GitHub Release	UNKNOWN STEP	2026-05-18T13:39:45.6757698Z 🦋  ^[[31merror^[[39m npm error 404
Publish npm Package and GitHub Release	UNKNOWN STEP	2026-05-18T13:39:45.6758459Z 🦋  ^[[31merror^[[39m npm error 404  The requested resource 'lino-i18n@0.1.1' could not be found or you do not have permission to access it.
Publish npm Package and GitHub Release	UNKNOWN STEP	2026-05-18T13:39:45.6759076Z 🦋  ^[[31merror^[[39m npm error 404
Publish npm Package and GitHub Release	UNKNOWN STEP	2026-05-18T13:39:45.6759526Z 🦋  ^[[31merror^[[39m npm error 404 Note that you can also install from a
Publish npm Package and GitHub Release	UNKNOWN STEP	2026-05-18T13:39:45.6760085Z 🦋  ^[[31merror^[[39m npm error 404 tarball, folder, http url, or git url.
Publish npm Package and GitHub Release	UNKNOWN STEP	2026-05-18T13:39:45.6760924Z 🦋  ^[[31merror^[[39m npm error A complete log of this run can be found in: /home/runner/.npm/_logs/2026-05-18T13_39_43_764Z-debug-0.log
Publish npm Package and GitHub Release	UNKNOWN STEP	2026-05-18T13:39:45.6761486Z 🦋  ^[[31merror^[[39m
Publish npm Package and GitHub Release	UNKNOWN STEP	2026-05-18T13:39:45.6761815Z 🦋  ^[[31merror^[[39m packages failed to publish:
Publish npm Package and GitHub Release	UNKNOWN STEP	2026-05-18T13:39:45.6762014Z
Publish npm Package and GitHub Release	UNKNOWN STEP	2026-05-18T13:39:45.6762244Z Detected publish failure: "packages failed to publish"
Publish npm Package and GitHub Release	UNKNOWN STEP	2026-05-18T13:39:45.6762896Z Publish failed: Publish failed: detected "packages failed to publish" in output, waiting 10s before retry...
Publish npm Package and GitHub Release	UNKNOWN STEP	2026-05-18T13:39:55.6811644Z Publish attempt 2 of 3...
Publish npm Package and GitHub Release	UNKNOWN STEP	2026-05-18T13:39:55.7829493Z
Publish npm Package and GitHub Release	UNKNOWN STEP	2026-05-18T13:39:55.7830121Z > lino-i18n@0.1.1 changeset:publish
Publish npm Package and GitHub Release	UNKNOWN STEP	2026-05-18T13:39:55.7830711Z > changeset publish
Publish npm Package and GitHub Release	UNKNOWN STEP	2026-05-18T13:39:55.7830965Z
Publish npm Package and GitHub Release	UNKNOWN STEP	2026-05-18T13:39:56.0741273Z 🦋  ^[[36minfo^[[39m npm info lino-i18n
Publish npm Package and GitHub Release	UNKNOWN STEP	2026-05-18T13:39:56.3610096Z 🦋  ^[[36minfo^[[39m lino-i18n is being published because our local version (0.1.1) has not been published on npm
Publish npm Package and GitHub Release	UNKNOWN STEP	2026-05-18T13:39:56.3611527Z 🦋  ^[[36minfo^[[39m Publishing ^[[36m"lino-i18n"^[[39m at ^[[32m"0.1.1"^[[39m
Publish npm Package and GitHub Release	UNKNOWN STEP	2026-05-18T13:39:58.2580086Z 🦋  ^[[31merror^[[39m an error occurred while publishing lino-i18n: E404 Not Found - PUT https://registry.npmjs.org/lino-i18n - Not found
Publish npm Package and GitHub Release	UNKNOWN STEP	2026-05-18T13:39:58.2582272Z 🦋  ^[[31merror^[[39m The requested resource 'lino-i18n@0.1.1' could not be found or you do not have permission to access it.
Publish npm Package and GitHub Release	UNKNOWN STEP	2026-05-18T13:39:58.2583266Z 🦋  ^[[31merror^[[39m
Publish npm Package and GitHub Release	UNKNOWN STEP	2026-05-18T13:39:58.2584298Z 🦋  ^[[31merror^[[39m Note that you can also install from a
Publish npm Package and GitHub Release	UNKNOWN STEP	2026-05-18T13:39:58.2586832Z 🦋  ^[[31merror^[[39m tarball, folder, http url, or git url.
Publish npm Package and GitHub Release	UNKNOWN STEP	2026-05-18T13:39:58.2588065Z 🦋  ^[[31merror^[[39m npm notice Publishing to https://registry.npmjs.org with tag latest and public access
Publish npm Package and GitHub Release	UNKNOWN STEP	2026-05-18T13:39:58.2589446Z 🦋  ^[[31merror^[[39m npm notice publish Signed provenance statement with source and build information from GitHub Actions
Publish npm Package and GitHub Release	UNKNOWN STEP	2026-05-18T13:39:58.2590734Z 🦋  ^[[31merror^[[39m npm notice publish Provenance statement published to transparency log: https://search.sigstore.dev/?logIndex=1567470976
Publish npm Package and GitHub Release	UNKNOWN STEP	2026-05-18T13:39:58.2591529Z 🦋  ^[[31merror^[[39m npm error code E404
Publish npm Package and GitHub Release	UNKNOWN STEP	2026-05-18T13:39:58.2592690Z 🦋  ^[[31merror^[[39m npm error 404 Not Found - PUT https://registry.npmjs.org/lino-i18n - Not found
Publish npm Package and GitHub Release	UNKNOWN STEP	2026-05-18T13:39:58.2593346Z 🦋  ^[[31merror^[[39m npm error 404
Publish npm Package and GitHub Release	UNKNOWN STEP	2026-05-18T13:39:58.2594241Z 🦋  ^[[31merror^[[39m npm error 404  The requested resource 'lino-i18n@0.1.1' could not be found or you do not have permission to access it.
Publish npm Package and GitHub Release	UNKNOWN STEP	2026-05-18T13:39:58.2595250Z 🦋  ^[[31merror^[[39m npm error 404
Publish npm Package and GitHub Release	UNKNOWN STEP	2026-05-18T13:39:58.2595777Z 🦋  ^[[31merror^[[39m npm error 404 Note that you can also install from a
Publish npm Package and GitHub Release	UNKNOWN STEP	2026-05-18T13:39:58.2596412Z 🦋  ^[[31merror^[[39m npm error 404 tarball, folder, http url, or git url.
Publish npm Package and GitHub Release	UNKNOWN STEP	2026-05-18T13:39:58.2597383Z 🦋  ^[[31merror^[[39m npm error A complete log of this run can be found in: /home/runner/.npm/_logs/2026-05-18T13_39_56_410Z-debug-0.log
Publish npm Package and GitHub Release	UNKNOWN STEP	2026-05-18T13:39:58.2598025Z 🦋  ^[[31merror^[[39m
Publish npm Package and GitHub Release	UNKNOWN STEP	2026-05-18T13:39:58.2598390Z 🦋  ^[[31merror^[[39m packages failed to publish:
Publish npm Package and GitHub Release	UNKNOWN STEP	2026-05-18T13:39:58.2598757Z 🦋  lino-i18n@0.1.1
Publish npm Package and GitHub Release	UNKNOWN STEP	2026-05-18T13:39:58.2710890Z Changeset output:
Publish npm Package and GitHub Release	UNKNOWN STEP	2026-05-18T13:39:58.2711379Z > lino-i18n@0.1.1 changeset:publish
Publish npm Package and GitHub Release	UNKNOWN STEP	2026-05-18T13:39:58.2711805Z > changeset publish
Publish npm Package and GitHub Release	UNKNOWN STEP	2026-05-18T13:39:58.2711994Z
Publish npm Package and GitHub Release	UNKNOWN STEP	2026-05-18T13:39:58.2712395Z 🦋  ^[[36minfo^[[39m npm info lino-i18n
Publish npm Package and GitHub Release	UNKNOWN STEP	2026-05-18T13:39:58.2713519Z 🦋  ^[[36minfo^[[39m lino-i18n is being published because our local version (0.1.1) has not been published on npm
Publish npm Package and GitHub Release	UNKNOWN STEP	2026-05-18T13:39:58.2734810Z 🦋  ^[[36minfo^[[39m Publishing ^[[36m"lino-i18n"^[[39m at ^[[32m"0.1.1"^[[39m
Publish npm Package and GitHub Release	UNKNOWN STEP	2026-05-18T13:39:58.2735883Z 🦋  lino-i18n@0.1.1
Publish npm Package and GitHub Release	UNKNOWN STEP	2026-05-18T13:39:58.2736088Z
Publish npm Package and GitHub Release	UNKNOWN STEP	2026-05-18T13:39:58.2737220Z 🦋  ^[[31merror^[[39m an error occurred while publishing lino-i18n: E404 Not Found - PUT https://registry.npmjs.org/lino-i18n - Not found
Publish npm Package and GitHub Release	UNKNOWN STEP	2026-05-18T13:39:58.2738380Z 🦋  ^[[31merror^[[39m The requested resource 'lino-i18n@0.1.1' could not be found or you do not have permission to access it.
Publish npm Package and GitHub Release	UNKNOWN STEP	2026-05-18T13:39:58.2738953Z 🦋  ^[[31merror^[[39m
Publish npm Package and GitHub Release	UNKNOWN STEP	2026-05-18T13:39:58.2739326Z 🦋  ^[[31merror^[[39m Note that you can also install from a
Publish npm Package and GitHub Release	UNKNOWN STEP	2026-05-18T13:39:58.2739799Z 🦋  ^[[31merror^[[39m tarball, folder, http url, or git url.
Publish npm Package and GitHub Release	UNKNOWN STEP	2026-05-18T13:39:58.2740522Z 🦋  ^[[31merror^[[39m npm notice Publishing to https://registry.npmjs.org with tag latest and public access
Publish npm Package and GitHub Release	UNKNOWN STEP	2026-05-18T13:39:58.2741500Z 🦋  ^[[31merror^[[39m npm notice publish Signed provenance statement with source and build information from GitHub Actions
Publish npm Package and GitHub Release	UNKNOWN STEP	2026-05-18T13:39:58.2742633Z 🦋  ^[[31merror^[[39m npm notice publish Provenance statement published to transparency log: https://search.sigstore.dev/?logIndex=1567470976
Publish npm Package and GitHub Release	UNKNOWN STEP	2026-05-18T13:39:58.2743347Z 🦋  ^[[31merror^[[39m npm error code E404
Publish npm Package and GitHub Release	UNKNOWN STEP	2026-05-18T13:39:58.2743966Z 🦋  ^[[31merror^[[39m npm error 404 Not Found - PUT https://registry.npmjs.org/lino-i18n - Not found
Publish npm Package and GitHub Release	UNKNOWN STEP	2026-05-18T13:39:58.2744763Z 🦋  ^[[31merror^[[39m npm error 404
Publish npm Package and GitHub Release	UNKNOWN STEP	2026-05-18T13:39:58.2745576Z 🦋  ^[[31merror^[[39m npm error 404  The requested resource 'lino-i18n@0.1.1' could not be found or you do not have permission to access it.
Publish npm Package and GitHub Release	UNKNOWN STEP	2026-05-18T13:39:58.2746218Z 🦋  ^[[31merror^[[39m npm error 404
Publish npm Package and GitHub Release	UNKNOWN STEP	2026-05-18T13:39:58.2746676Z 🦋  ^[[31merror^[[39m npm error 404 Note that you can also install from a
Publish npm Package and GitHub Release	UNKNOWN STEP	2026-05-18T13:39:58.2747253Z 🦋  ^[[31merror^[[39m npm error 404 tarball, folder, http url, or git url.
Publish npm Package and GitHub Release	UNKNOWN STEP	2026-05-18T13:39:58.2748122Z 🦋  ^[[31merror^[[39m npm error A complete log of this run can be found in: /home/runner/.npm/_logs/2026-05-18T13_39_56_410Z-debug-0.log
Publish npm Package and GitHub Release	UNKNOWN STEP	2026-05-18T13:39:58.2748705Z 🦋  ^[[31merror^[[39m
Publish npm Package and GitHub Release	UNKNOWN STEP	2026-05-18T13:39:58.2749220Z 🦋  ^[[31merror^[[39m packages failed to publish:
Publish npm Package and GitHub Release	UNKNOWN STEP	2026-05-18T13:39:58.2749441Z
Publish npm Package and GitHub Release	UNKNOWN STEP	2026-05-18T13:39:58.2749671Z Detected publish failure: "packages failed to publish"
Publish npm Package and GitHub Release	UNKNOWN STEP	2026-05-18T13:39:58.2750373Z Publish failed: Publish failed: detected "packages failed to publish" in output, waiting 10s before retry...
Publish npm Package and GitHub Release	UNKNOWN STEP	2026-05-18T13:40:08.2737500Z Publish attempt 3 of 3...
Publish npm Package and GitHub Release	UNKNOWN STEP	2026-05-18T13:40:08.3693299Z
Publish npm Package and GitHub Release	UNKNOWN STEP	2026-05-18T13:40:08.3693893Z > lino-i18n@0.1.1 changeset:publish
Publish npm Package and GitHub Release	UNKNOWN STEP	2026-05-18T13:40:08.3694910Z > changeset publish
Publish npm Package and GitHub Release	UNKNOWN STEP	2026-05-18T13:40:08.3695239Z
Publish npm Package and GitHub Release	UNKNOWN STEP	2026-05-18T13:40:08.6586454Z 🦋  ^[[36minfo^[[39m npm info lino-i18n
Publish npm Package and GitHub Release	UNKNOWN STEP	2026-05-18T13:40:08.9384602Z 🦋  ^[[36minfo^[[39m lino-i18n is being published because our local version (0.1.1) has not been published on npm
Publish npm Package and GitHub Release	UNKNOWN STEP	2026-05-18T13:40:08.9386126Z 🦋  ^[[36minfo^[[39m Publishing ^[[36m"lino-i18n"^[[39m at ^[[32m"0.1.1"^[[39m
Publish npm Package and GitHub Release	UNKNOWN STEP	2026-05-18T13:40:10.7586195Z 🦋  ^[[31merror^[[39m an error occurred while publishing lino-i18n: E404 Not Found - PUT https://registry.npmjs.org/lino-i18n - Not found
Publish npm Package and GitHub Release	UNKNOWN STEP	2026-05-18T13:40:10.7587565Z 🦋  ^[[31merror^[[39m The requested resource 'lino-i18n@0.1.1' could not be found or you do not have permission to access it.
Publish npm Package and GitHub Release	UNKNOWN STEP	2026-05-18T13:40:10.7588502Z 🦋  ^[[31merror^[[39m
Publish npm Package and GitHub Release	UNKNOWN STEP	2026-05-18T13:40:10.7588943Z 🦋  ^[[31merror^[[39m Note that you can also install from a
Publish npm Package and GitHub Release	UNKNOWN STEP	2026-05-18T13:40:10.7589827Z 🦋  ^[[31merror^[[39m tarball, folder, http url, or git url.
Publish npm Package and GitHub Release	UNKNOWN STEP	2026-05-18T13:40:10.7591242Z 🦋  ^[[31merror^[[39m npm notice Publishing to https://registry.npmjs.org with tag latest and public access
Publish npm Package and GitHub Release	UNKNOWN STEP	2026-05-18T13:40:10.7592485Z 🦋  ^[[31merror^[[39m npm notice publish Signed provenance statement with source and build information from GitHub Actions
Publish npm Package and GitHub Release	UNKNOWN STEP	2026-05-18T13:40:10.7593684Z 🦋  ^[[31merror^[[39m npm notice publish Provenance statement published to transparency log: https://search.sigstore.dev/?logIndex=1567472542
Publish npm Package and GitHub Release	UNKNOWN STEP	2026-05-18T13:40:10.7594768Z 🦋  ^[[31merror^[[39m npm error code E404
Publish npm Package and GitHub Release	UNKNOWN STEP	2026-05-18T13:40:10.7595462Z 🦋  ^[[31merror^[[39m npm error 404 Not Found - PUT https://registry.npmjs.org/lino-i18n - Not found
Publish npm Package and GitHub Release	UNKNOWN STEP	2026-05-18T13:40:10.7596047Z 🦋  ^[[31merror^[[39m npm error 404
Publish npm Package and GitHub Release	UNKNOWN STEP	2026-05-18T13:40:10.7597191Z 🦋  ^[[31merror^[[39m npm error 404  The requested resource 'lino-i18n@0.1.1' could not be found or you do not have permission to access it.
Publish npm Package and GitHub Release	UNKNOWN STEP	2026-05-18T13:40:10.7598304Z 🦋  ^[[31merror^[[39m npm error 404
Publish npm Package and GitHub Release	UNKNOWN STEP	2026-05-18T13:40:10.7599116Z 🦋  ^[[31merror^[[39m npm error 404 Note that you can also install from a
Publish npm Package and GitHub Release	UNKNOWN STEP	2026-05-18T13:40:10.7600161Z 🦋  ^[[31merror^[[39m npm error 404 tarball, folder, http url, or git url.
Publish npm Package and GitHub Release	UNKNOWN STEP	2026-05-18T13:40:10.7601733Z 🦋  ^[[31merror^[[39m npm error A complete log of this run can be found in: /home/runner/.npm/_logs/2026-05-18T13_40_08_989Z-debug-0.log
Publish npm Package and GitHub Release	UNKNOWN STEP	2026-05-18T13:40:10.7602770Z 🦋  ^[[31merror^[[39m
Publish npm Package and GitHub Release	UNKNOWN STEP	2026-05-18T13:40:10.7603345Z 🦋  ^[[31merror^[[39m packages failed to publish:
Publish npm Package and GitHub Release	UNKNOWN STEP	2026-05-18T13:40:10.7603921Z 🦋  lino-i18n@0.1.1
Publish npm Package and GitHub Release	UNKNOWN STEP	2026-05-18T13:40:10.7726042Z Changeset output:
Publish npm Package and GitHub Release	UNKNOWN STEP	2026-05-18T13:40:10.7726647Z Detected publish failure: "packages failed to publish"
Publish npm Package and GitHub Release	UNKNOWN STEP	2026-05-18T13:40:10.7727583Z ❌ Failed to publish after 3 attempts
Publish npm Package and GitHub Release	UNKNOWN STEP	2026-05-18T13:40:10.7728156Z > lino-i18n@0.1.1 changeset:publish
Publish npm Package and GitHub Release	UNKNOWN STEP	2026-05-18T13:40:10.7730259Z > changeset publish
Publish npm Package and GitHub Release	UNKNOWN STEP	2026-05-18T13:40:10.7730627Z
Publish npm Package and GitHub Release	UNKNOWN STEP	2026-05-18T13:40:10.7731097Z 🦋  ^[[36minfo^[[39m npm info lino-i18n
Publish npm Package and GitHub Release	UNKNOWN STEP	2026-05-18T13:40:10.7732375Z 🦋  ^[[36minfo^[[39m lino-i18n is being published because our local version (0.1.1) has not been published on npm
Publish npm Package and GitHub Release	UNKNOWN STEP	2026-05-18T13:40:10.7733623Z 🦋  ^[[36minfo^[[39m Publishing ^[[36m"lino-i18n"^[[39m at ^[[32m"0.1.1"^[[39m
Publish npm Package and GitHub Release	UNKNOWN STEP	2026-05-18T13:40:10.7734265Z 🦋  lino-i18n@0.1.1
Publish npm Package and GitHub Release	UNKNOWN STEP	2026-05-18T13:40:10.7734946Z
Publish npm Package and GitHub Release	UNKNOWN STEP	2026-05-18T13:40:10.7736024Z 🦋  ^[[31merror^[[39m an error occurred while publishing lino-i18n: E404 Not Found - PUT https://registry.npmjs.org/lino-i18n - Not found
Publish npm Package and GitHub Release	UNKNOWN STEP	2026-05-18T13:40:10.7737835Z 🦋  ^[[31merror^[[39m The requested resource 'lino-i18n@0.1.1' could not be found or you do not have permission to access it.
Publish npm Package and GitHub Release	UNKNOWN STEP	2026-05-18T13:40:10.7738769Z 🦋  ^[[31merror^[[39m
Publish npm Package and GitHub Release	UNKNOWN STEP	2026-05-18T13:40:10.7739340Z 🦋  ^[[31merror^[[39m Note that you can also install from a
Publish npm Package and GitHub Release	UNKNOWN STEP	2026-05-18T13:40:10.7740501Z 🦋  ^[[31merror^[[39m tarball, folder, http url, or git url.
Publish npm Package and GitHub Release	UNKNOWN STEP	2026-05-18T13:40:10.7741700Z 🦋  ^[[31merror^[[39m npm notice Publishing to https://registry.npmjs.org with tag latest and public access
Publish npm Package and GitHub Release	UNKNOWN STEP	2026-05-18T13:40:10.7743304Z 🦋  ^[[31merror^[[39m npm notice publish Signed provenance statement with source and build information from GitHub Actions
Publish npm Package and GitHub Release	UNKNOWN STEP	2026-05-18T13:40:10.7745308Z 🦋  ^[[31merror^[[39m npm notice publish Provenance statement published to transparency log: https://search.sigstore.dev/?logIndex=1567472542
Publish npm Package and GitHub Release	UNKNOWN STEP	2026-05-18T13:40:10.7746547Z 🦋  ^[[31merror^[[39m npm error code E404
Publish npm Package and GitHub Release	UNKNOWN STEP	2026-05-18T13:40:10.7747636Z 🦋  ^[[31merror^[[39m npm error 404 Not Found - PUT https://registry.npmjs.org/lino-i18n - Not found
Publish npm Package and GitHub Release	UNKNOWN STEP	2026-05-18T13:40:10.7748547Z 🦋  ^[[31merror^[[39m npm error 404
Publish npm Package and GitHub Release	UNKNOWN STEP	2026-05-18T13:40:10.7749939Z 🦋  ^[[31merror^[[39m npm error 404  The requested resource 'lino-i18n@0.1.1' could not be found or you do not have permission to access it.
Publish npm Package and GitHub Release	UNKNOWN STEP	2026-05-18T13:40:10.7751056Z 🦋  ^[[31merror^[[39m npm error 404
Publish npm Package and GitHub Release	UNKNOWN STEP	2026-05-18T13:40:10.7751864Z 🦋  ^[[31merror^[[39m npm error 404 Note that you can also install from a
Publish npm Package and GitHub Release	UNKNOWN STEP	2026-05-18T13:40:10.7752862Z 🦋  ^[[31merror^[[39m npm error 404 tarball, folder, http url, or git url.
Publish npm Package and GitHub Release	UNKNOWN STEP	2026-05-18T13:40:10.7754705Z 🦋  ^[[31merror^[[39m npm error A complete log of this run can be found in: /home/runner/.npm/_logs/2026-05-18T13_40_08_989Z-debug-0.log
Publish npm Package and GitHub Release	UNKNOWN STEP	2026-05-18T13:40:10.7755743Z 🦋  ^[[31merror^[[39m
Publish npm Package and GitHub Release	UNKNOWN STEP	2026-05-18T13:40:10.7756310Z 🦋  ^[[31merror^[[39m packages failed to publish:
Publish npm Package and GitHub Release	UNKNOWN STEP	2026-05-18T13:40:10.7756665Z
Publish npm Package and GitHub Release	UNKNOWN STEP	2026-05-18T13:40:10.7808060Z ##[error]Process completed with exit code 1.
Publish npm Package and GitHub Release	UNKNOWN STEP	2026-05-18T13:40:10.7917451Z Post job cleanup.
Publish npm Package and GitHub Release	UNKNOWN STEP	2026-05-18T13:40:10.8736119Z [command]/usr/bin/git version
Publish npm Package and GitHub Release	UNKNOWN STEP	2026-05-18T13:40:10.8772650Z git version 2.54.0
Publish npm Package and GitHub Release	UNKNOWN STEP	2026-05-18T13:40:10.8817584Z Temporarily overriding HOME='/home/runner/work/_temp/a7741c99-c5cd-4132-9636-e0deff58c680' before making global git config changes
Publish npm Package and GitHub Release	UNKNOWN STEP	2026-05-18T13:40:10.8819174Z Adding repository directory to the temporary git global config as a safe directory
Publish npm Package and GitHub Release	UNKNOWN STEP	2026-05-18T13:40:10.8822332Z [command]/usr/bin/git config --global --add safe.directory /home/runner/work/lino-i18n/lino-i18n
Publish npm Package and GitHub Release	UNKNOWN STEP	2026-05-18T13:40:10.8852093Z Removing SSH command configuration
Publish npm Package and GitHub Release	UNKNOWN STEP	2026-05-18T13:40:10.8858760Z [command]/usr/bin/git config --local --name-only --get-regexp core\.sshCommand
Publish npm Package and GitHub Release	UNKNOWN STEP	2026-05-18T13:40:10.8892620Z [command]/usr/bin/git submodule foreach --recursive sh -c "git config --local --name-only --get-regexp 'core\.sshCommand' && git config --local --unset-all 'core.sshCommand' || :"
Publish npm Package and GitHub Release	UNKNOWN STEP	2026-05-18T13:40:10.9143241Z Removing HTTP extra header
Publish npm Package and GitHub Release	UNKNOWN STEP	2026-05-18T13:40:10.9149041Z [command]/usr/bin/git config --local --name-only --get-regexp http\.https\:\/\/github\.com\/\.extraheader
Publish npm Package and GitHub Release	UNKNOWN STEP	2026-05-18T13:40:10.9186598Z [command]/usr/bin/git submodule foreach --recursive sh -c "git config --local --name-only --get-regexp 'http\.https\:\/\/github\.com\/\.extraheader' && git config --local --unset-all 'http.https://github.com/.extraheader' || :"
Publish npm Package and GitHub Release	UNKNOWN STEP	2026-05-18T13:40:10.9400743Z Removing includeIf entries pointing to credentials config files
Publish npm Package and GitHub Release	UNKNOWN STEP	2026-05-18T13:40:10.9407876Z [command]/usr/bin/git config --local --name-only --get-regexp ^includeIf\.gitdir:
Publish npm Package and GitHub Release	UNKNOWN STEP	2026-05-18T13:40:10.9433577Z includeif.gitdir:/home/runner/work/lino-i18n/lino-i18n/.git.path
Publish npm Package and GitHub Release	UNKNOWN STEP	2026-05-18T13:40:10.9434601Z includeif.gitdir:/home/runner/work/lino-i18n/lino-i18n/.git/worktrees/*.path
Publish npm Package and GitHub Release	UNKNOWN STEP	2026-05-18T13:40:10.9435158Z includeif.gitdir:/github/workspace/.git.path
Publish npm Package and GitHub Release	UNKNOWN STEP	2026-05-18T13:40:10.9435621Z includeif.gitdir:/github/workspace/.git/worktrees/*.path
Publish npm Package and GitHub Release	UNKNOWN STEP	2026-05-18T13:40:10.9443032Z [command]/usr/bin/git config --local --get-all includeif.gitdir:/home/runner/work/lino-i18n/lino-i18n/.git.path
Publish npm Package and GitHub Release	UNKNOWN STEP	2026-05-18T13:40:10.9464815Z /home/runner/work/_temp/git-credentials-bd116514-ae46-47e2-b994-206305297b05.config
Publish npm Package and GitHub Release	UNKNOWN STEP	2026-05-18T13:40:10.9475880Z [command]/usr/bin/git config --local --unset includeif.gitdir:/home/runner/work/lino-i18n/lino-i18n/.git.path /home/runner/work/_temp/git-credentials-bd116514-ae46-47e2-b994-206305297b05.config
Publish npm Package and GitHub Release	UNKNOWN STEP	2026-05-18T13:40:10.9508930Z [command]/usr/bin/git config --local --get-all includeif.gitdir:/home/runner/work/lino-i18n/lino-i18n/.git/worktrees/*.path
Publish npm Package and GitHub Release	UNKNOWN STEP	2026-05-18T13:40:10.9530733Z /home/runner/work/_temp/git-credentials-bd116514-ae46-47e2-b994-206305297b05.config
Publish npm Package and GitHub Release	UNKNOWN STEP	2026-05-18T13:40:10.9540116Z [command]/usr/bin/git config --local --unset includeif.gitdir:/home/runner/work/lino-i18n/lino-i18n/.git/worktrees/*.path /home/runner/work/_temp/git-credentials-bd116514-ae46-47e2-b994-206305297b05.config
Publish npm Package and GitHub Release	UNKNOWN STEP	2026-05-18T13:40:10.9569929Z [command]/usr/bin/git config --local --get-all includeif.gitdir:/github/workspace/.git.path
Publish npm Package and GitHub Release	UNKNOWN STEP	2026-05-18T13:40:10.9590957Z /github/runner_temp/git-credentials-bd116514-ae46-47e2-b994-206305297b05.config
Publish npm Package and GitHub Release	UNKNOWN STEP	2026-05-18T13:40:10.9599209Z [command]/usr/bin/git config --local --unset includeif.gitdir:/github/workspace/.git.path /github/runner_temp/git-credentials-bd116514-ae46-47e2-b994-206305297b05.config
Publish npm Package and GitHub Release	UNKNOWN STEP	2026-05-18T13:40:10.9630356Z [command]/usr/bin/git config --local --get-all includeif.gitdir:/github/workspace/.git/worktrees/*.path
Publish npm Package and GitHub Release	UNKNOWN STEP	2026-05-18T13:40:10.9650817Z /github/runner_temp/git-credentials-bd116514-ae46-47e2-b994-206305297b05.config
Publish npm Package and GitHub Release	UNKNOWN STEP	2026-05-18T13:40:10.9662960Z [command]/usr/bin/git config --local --unset includeif.gitdir:/github/workspace/.git/worktrees/*.path /github/runner_temp/git-credentials-bd116514-ae46-47e2-b994-206305297b05.config
Publish npm Package and GitHub Release	UNKNOWN STEP	2026-05-18T13:40:10.9693595Z [command]/usr/bin/git submodule foreach --recursive git config --local --show-origin --name-only --get-regexp remote.origin.url
Publish npm Package and GitHub Release	UNKNOWN STEP	2026-05-18T13:40:10.9919712Z Removing credentials config '/home/runner/work/_temp/git-credentials-bd116514-ae46-47e2-b994-206305297b05.config'
Publish npm Package and GitHub Release	UNKNOWN STEP	2026-05-18T13:40:11.0063149Z Evaluate and set environment url
Publish npm Package and GitHub Release	UNKNOWN STEP	2026-05-18T13:40:11.0066285Z Evaluated environment url: https://www.npmjs.com/package/lino-i18n
Publish npm Package and GitHub Release	UNKNOWN STEP	2026-05-18T13:40:11.0067166Z Cleaning up orphan processes
