Detect Changes	UNKNOWN STEP	﻿2026-05-18T13:36:51.7762263Z Current runner version: '2.334.0'
Detect Changes	UNKNOWN STEP	2026-05-18T13:36:51.7786034Z ##[group]Runner Image Provisioner
Detect Changes	UNKNOWN STEP	2026-05-18T13:36:51.7786805Z Hosted Compute Agent
Detect Changes	UNKNOWN STEP	2026-05-18T13:36:51.7787456Z Version: 20260213.493
Detect Changes	UNKNOWN STEP	2026-05-18T13:36:51.7788099Z Commit: 5c115507f6dd24b8de37d8bbe0bb4509d0cc0fa3
Detect Changes	UNKNOWN STEP	2026-05-18T13:36:51.7788840Z Build Date: 2026-02-13T00:28:41Z
Detect Changes	UNKNOWN STEP	2026-05-18T13:36:51.7789536Z Worker ID: {5e6d91f9-1942-495a-be04-d2490906f3a5}
Detect Changes	UNKNOWN STEP	2026-05-18T13:36:51.7790195Z Azure Region: eastus
Detect Changes	UNKNOWN STEP	2026-05-18T13:36:51.7790743Z ##[endgroup]
Detect Changes	UNKNOWN STEP	2026-05-18T13:36:51.7792088Z ##[group]Operating System
Detect Changes	UNKNOWN STEP	2026-05-18T13:36:51.7792783Z Ubuntu
Detect Changes	UNKNOWN STEP	2026-05-18T13:36:51.7793515Z 24.04.4
Detect Changes	UNKNOWN STEP	2026-05-18T13:36:51.7793945Z LTS
Detect Changes	UNKNOWN STEP	2026-05-18T13:36:51.7794488Z ##[endgroup]
Detect Changes	UNKNOWN STEP	2026-05-18T13:36:51.7794967Z ##[group]Runner Image
Detect Changes	UNKNOWN STEP	2026-05-18T13:36:51.7795865Z Image: ubuntu-24.04
Detect Changes	UNKNOWN STEP	2026-05-18T13:36:51.7796495Z Version: 20260513.135.3
Detect Changes	UNKNOWN STEP	2026-05-18T13:36:51.7797714Z Included Software: https://github.com/actions/runner-images/blob/ubuntu24/20260513.135/images/ubuntu/Ubuntu2404-Readme.md
Detect Changes	UNKNOWN STEP	2026-05-18T13:36:51.7799203Z Image Release: https://github.com/actions/runner-images/releases/tag/ubuntu24%2F20260513.135
Detect Changes	UNKNOWN STEP	2026-05-18T13:36:51.7800106Z ##[endgroup]
Detect Changes	UNKNOWN STEP	2026-05-18T13:36:51.7801359Z ##[group]GITHUB_TOKEN Permissions
Detect Changes	UNKNOWN STEP	2026-05-18T13:36:51.7803734Z Contents: write
Detect Changes	UNKNOWN STEP	2026-05-18T13:36:51.7804290Z Metadata: read
Detect Changes	UNKNOWN STEP	2026-05-18T13:36:51.7804873Z Pages: write
Detect Changes	UNKNOWN STEP	2026-05-18T13:36:51.7805420Z PullRequests: write
Detect Changes	UNKNOWN STEP	2026-05-18T13:36:51.7805933Z ##[endgroup]
Detect Changes	UNKNOWN STEP	2026-05-18T13:36:51.7807961Z Secret source: Actions
Detect Changes	UNKNOWN STEP	2026-05-18T13:36:51.7808942Z Prepare workflow directory
Detect Changes	UNKNOWN STEP	2026-05-18T13:36:51.8327164Z Prepare all required actions
Detect Changes	UNKNOWN STEP	2026-05-18T13:36:51.8363677Z Getting action download info
Detect Changes	UNKNOWN STEP	2026-05-18T13:36:52.2251073Z Download action repository 'actions/checkout@v6' (SHA:de0fac2e4500dabe0009e67214ff5f5447ce83dd)
Detect Changes	UNKNOWN STEP	2026-05-18T13:36:52.3799654Z Download action repository 'dtolnay/rust-toolchain@stable' (SHA:29eef336d9b2848a0b548edc03f92a220660cdb8)
Detect Changes	UNKNOWN STEP	2026-05-18T13:36:52.6400618Z Complete job name: Detect Changes
Detect Changes	UNKNOWN STEP	2026-05-18T13:36:52.7076037Z ##[group]Run actions/checkout@v6
Detect Changes	UNKNOWN STEP	2026-05-18T13:36:52.7076946Z with:
Detect Changes	UNKNOWN STEP	2026-05-18T13:36:52.7077368Z   fetch-depth: 0
Detect Changes	UNKNOWN STEP	2026-05-18T13:36:52.7077847Z   repository: link-foundation/lino-i18n
Detect Changes	UNKNOWN STEP	2026-05-18T13:36:52.7078570Z   token: ***
Detect Changes	UNKNOWN STEP	2026-05-18T13:36:52.7078993Z   ssh-strict: true
Detect Changes	UNKNOWN STEP	2026-05-18T13:36:52.7079428Z   ssh-user: git
Detect Changes	UNKNOWN STEP	2026-05-18T13:36:52.7079868Z   persist-credentials: true
Detect Changes	UNKNOWN STEP	2026-05-18T13:36:52.7080357Z   clean: true
Detect Changes	UNKNOWN STEP	2026-05-18T13:36:52.7080809Z   sparse-checkout-cone-mode: true
Detect Changes	UNKNOWN STEP	2026-05-18T13:36:52.7081338Z   fetch-tags: false
Detect Changes	UNKNOWN STEP	2026-05-18T13:36:52.7081789Z   show-progress: true
Detect Changes	UNKNOWN STEP	2026-05-18T13:36:52.7082237Z   lfs: false
Detect Changes	UNKNOWN STEP	2026-05-18T13:36:52.7082650Z   submodules: false
Detect Changes	UNKNOWN STEP	2026-05-18T13:36:52.7083311Z   set-safe-directory: true
Detect Changes	UNKNOWN STEP	2026-05-18T13:36:52.7084072Z env:
Detect Changes	UNKNOWN STEP	2026-05-18T13:36:52.7084496Z   CARGO_TERM_COLOR: always
Detect Changes	UNKNOWN STEP	2026-05-18T13:36:52.7084973Z   RUST_BACKTRACE: 1
Detect Changes	UNKNOWN STEP	2026-05-18T13:36:52.7085438Z   RUSTFLAGS: -Dwarnings
Detect Changes	UNKNOWN STEP	2026-05-18T13:36:52.7086092Z   CARGO_REGISTRY_TOKEN: ***
Detect Changes	UNKNOWN STEP	2026-05-18T13:36:52.7086716Z   CARGO_TOKEN: ***
Detect Changes	UNKNOWN STEP	2026-05-18T13:36:52.7087139Z ##[endgroup]
Detect Changes	UNKNOWN STEP	2026-05-18T13:36:52.8120780Z Syncing repository: link-foundation/lino-i18n
Detect Changes	UNKNOWN STEP	2026-05-18T13:36:52.8124078Z ##[group]Getting Git version info
Detect Changes	UNKNOWN STEP	2026-05-18T13:36:52.8124931Z Working directory is '/home/runner/work/lino-i18n/lino-i18n'
Detect Changes	UNKNOWN STEP	2026-05-18T13:36:52.8126059Z [command]/usr/bin/git version
Detect Changes	UNKNOWN STEP	2026-05-18T13:36:52.8218384Z git version 2.54.0
Detect Changes	UNKNOWN STEP	2026-05-18T13:36:52.8245353Z ##[endgroup]
Detect Changes	UNKNOWN STEP	2026-05-18T13:36:52.8258934Z Temporarily overriding HOME='/home/runner/work/_temp/930e806e-9141-4f37-abc6-eefa28f2a5a4' before making global git config changes
Detect Changes	UNKNOWN STEP	2026-05-18T13:36:52.8260578Z Adding repository directory to the temporary git global config as a safe directory
Detect Changes	UNKNOWN STEP	2026-05-18T13:36:52.8264451Z [command]/usr/bin/git config --global --add safe.directory /home/runner/work/lino-i18n/lino-i18n
Detect Changes	UNKNOWN STEP	2026-05-18T13:36:52.8331146Z Deleting the contents of '/home/runner/work/lino-i18n/lino-i18n'
Detect Changes	UNKNOWN STEP	2026-05-18T13:36:52.8335647Z ##[group]Initializing the repository
Detect Changes	UNKNOWN STEP	2026-05-18T13:36:52.8340215Z [command]/usr/bin/git init /home/runner/work/lino-i18n/lino-i18n
Detect Changes	UNKNOWN STEP	2026-05-18T13:36:52.8474969Z hint: Using 'master' as the name for the initial branch. This default branch name
Detect Changes	UNKNOWN STEP	2026-05-18T13:36:52.8476354Z hint: will change to "main" in Git 3.0. To configure the initial branch name
Detect Changes	UNKNOWN STEP	2026-05-18T13:36:52.8477339Z hint: to use in all of your new repositories, which will suppress this warning,
Detect Changes	UNKNOWN STEP	2026-05-18T13:36:52.8478097Z hint: call:
Detect Changes	UNKNOWN STEP	2026-05-18T13:36:52.8478618Z hint:
Detect Changes	UNKNOWN STEP	2026-05-18T13:36:52.8479150Z hint: 	git config --global init.defaultBranch <name>
Detect Changes	UNKNOWN STEP	2026-05-18T13:36:52.8479894Z hint:
Detect Changes	UNKNOWN STEP	2026-05-18T13:36:52.8481007Z hint: Names commonly chosen instead of 'master' are 'main', 'trunk' and
Detect Changes	UNKNOWN STEP	2026-05-18T13:36:52.8482318Z hint: 'development'. The just-created branch can be renamed via this command:
Detect Changes	UNKNOWN STEP	2026-05-18T13:36:52.8484098Z hint:
Detect Changes	UNKNOWN STEP	2026-05-18T13:36:52.8484951Z hint: 	git branch -m <name>
Detect Changes	UNKNOWN STEP	2026-05-18T13:36:52.8485947Z hint:
Detect Changes	UNKNOWN STEP	2026-05-18T13:36:52.8487264Z hint: Disable this message with "git config set advice.defaultBranchName false"
Detect Changes	UNKNOWN STEP	2026-05-18T13:36:52.8489348Z Initialized empty Git repository in /home/runner/work/lino-i18n/lino-i18n/.git/
Detect Changes	UNKNOWN STEP	2026-05-18T13:36:52.8494034Z [command]/usr/bin/git remote add origin https://github.com/link-foundation/lino-i18n
Detect Changes	UNKNOWN STEP	2026-05-18T13:36:52.8541665Z ##[endgroup]
Detect Changes	UNKNOWN STEP	2026-05-18T13:36:52.8543262Z ##[group]Disabling automatic garbage collection
Detect Changes	UNKNOWN STEP	2026-05-18T13:36:52.8546167Z [command]/usr/bin/git config --local gc.auto 0
Detect Changes	UNKNOWN STEP	2026-05-18T13:36:52.8574793Z ##[endgroup]
Detect Changes	UNKNOWN STEP	2026-05-18T13:36:52.8576270Z ##[group]Setting up auth
Detect Changes	UNKNOWN STEP	2026-05-18T13:36:52.8577387Z Removing SSH command configuration
Detect Changes	UNKNOWN STEP	2026-05-18T13:36:52.8582679Z [command]/usr/bin/git config --local --name-only --get-regexp core\.sshCommand
Detect Changes	UNKNOWN STEP	2026-05-18T13:36:52.8616300Z [command]/usr/bin/git submodule foreach --recursive sh -c "git config --local --name-only --get-regexp 'core\.sshCommand' && git config --local --unset-all 'core.sshCommand' || :"
Detect Changes	UNKNOWN STEP	2026-05-18T13:36:52.9015305Z Removing HTTP extra header
Detect Changes	UNKNOWN STEP	2026-05-18T13:36:52.9021039Z [command]/usr/bin/git config --local --name-only --get-regexp http\.https\:\/\/github\.com\/\.extraheader
Detect Changes	UNKNOWN STEP	2026-05-18T13:36:52.9050696Z [command]/usr/bin/git submodule foreach --recursive sh -c "git config --local --name-only --get-regexp 'http\.https\:\/\/github\.com\/\.extraheader' && git config --local --unset-all 'http.https://github.com/.extraheader' || :"
Detect Changes	UNKNOWN STEP	2026-05-18T13:36:52.9262067Z Removing includeIf entries pointing to credentials config files
Detect Changes	UNKNOWN STEP	2026-05-18T13:36:52.9268238Z [command]/usr/bin/git config --local --name-only --get-regexp ^includeIf\.gitdir:
Detect Changes	UNKNOWN STEP	2026-05-18T13:36:52.9299235Z [command]/usr/bin/git submodule foreach --recursive git config --local --show-origin --name-only --get-regexp remote.origin.url
Detect Changes	UNKNOWN STEP	2026-05-18T13:36:52.9515745Z [command]/usr/bin/git config --file /home/runner/work/_temp/git-credentials-a16857fc-944a-479c-89ff-80703fdf8c96.config http.https://github.com/.extraheader AUTHORIZATION: basic ***
Detect Changes	UNKNOWN STEP	2026-05-18T13:36:52.9551743Z [command]/usr/bin/git config --local includeIf.gitdir:/home/runner/work/lino-i18n/lino-i18n/.git.path /home/runner/work/_temp/git-credentials-a16857fc-944a-479c-89ff-80703fdf8c96.config
Detect Changes	UNKNOWN STEP	2026-05-18T13:36:52.9581585Z [command]/usr/bin/git config --local includeIf.gitdir:/home/runner/work/lino-i18n/lino-i18n/.git/worktrees/*.path /home/runner/work/_temp/git-credentials-a16857fc-944a-479c-89ff-80703fdf8c96.config
Detect Changes	UNKNOWN STEP	2026-05-18T13:36:52.9616666Z [command]/usr/bin/git config --local includeIf.gitdir:/github/workspace/.git.path /github/runner_temp/git-credentials-a16857fc-944a-479c-89ff-80703fdf8c96.config
Detect Changes	UNKNOWN STEP	2026-05-18T13:36:52.9647527Z [command]/usr/bin/git config --local includeIf.gitdir:/github/workspace/.git/worktrees/*.path /github/runner_temp/git-credentials-a16857fc-944a-479c-89ff-80703fdf8c96.config
Detect Changes	UNKNOWN STEP	2026-05-18T13:36:52.9673307Z ##[endgroup]
Detect Changes	UNKNOWN STEP	2026-05-18T13:36:52.9674798Z ##[group]Fetching the repository
Detect Changes	UNKNOWN STEP	2026-05-18T13:36:52.9683392Z [command]/usr/bin/git -c protocol.version=2 fetch --no-tags --prune --no-recurse-submodules origin +refs/heads/*:refs/remotes/origin/* +refs/tags/*:refs/tags/*
Detect Changes	UNKNOWN STEP	2026-05-18T13:36:53.4955353Z From https://github.com/link-foundation/lino-i18n
Detect Changes	UNKNOWN STEP	2026-05-18T13:36:53.4958432Z  * [new branch]      issue-1-76ffa2dc55cc  -> origin/issue-1-76ffa2dc55cc
Detect Changes	UNKNOWN STEP	2026-05-18T13:36:53.4960549Z  * [new branch]      issue-10-6657adb31046 -> origin/issue-10-6657adb31046
Detect Changes	UNKNOWN STEP	2026-05-18T13:36:53.4962696Z  * [new branch]      issue-11-b5c8ef3bbd84 -> origin/issue-11-b5c8ef3bbd84
Detect Changes	UNKNOWN STEP	2026-05-18T13:36:53.4965367Z  * [new branch]      issue-12-3c4f596e0c67 -> origin/issue-12-3c4f596e0c67
Detect Changes	UNKNOWN STEP	2026-05-18T13:36:53.4966719Z  * [new branch]      issue-3-b3eb0917c317  -> origin/issue-3-b3eb0917c317
Detect Changes	UNKNOWN STEP	2026-05-18T13:36:53.4968031Z  * [new branch]      issue-5-169afc4a2006  -> origin/issue-5-169afc4a2006
Detect Changes	UNKNOWN STEP	2026-05-18T13:36:53.4969734Z  * [new branch]      issue-5-35d32a59c464  -> origin/issue-5-35d32a59c464
Detect Changes	UNKNOWN STEP	2026-05-18T13:36:53.4971168Z  * [new branch]      issue-8-ca918c4d7d4c  -> origin/issue-8-ca918c4d7d4c
Detect Changes	UNKNOWN STEP	2026-05-18T13:36:53.4972639Z  * [new branch]      main                  -> origin/main
Detect Changes	UNKNOWN STEP	2026-05-18T13:36:53.4974726Z  * [new tag]         js-v0.0.1             -> js-v0.0.1
Detect Changes	UNKNOWN STEP	2026-05-18T13:36:53.4975851Z  * [new tag]         rust-v0.0.1           -> rust-v0.0.1
Detect Changes	UNKNOWN STEP	2026-05-18T13:36:53.5003695Z [command]/usr/bin/git branch --list --remote origin/main
Detect Changes	UNKNOWN STEP	2026-05-18T13:36:53.5029842Z   origin/main
Detect Changes	UNKNOWN STEP	2026-05-18T13:36:53.5039910Z [command]/usr/bin/git rev-parse refs/remotes/origin/main
Detect Changes	UNKNOWN STEP	2026-05-18T13:36:53.5061606Z 8910b98b665a650690c0d9e9188bbf6bec1e9d2c
Detect Changes	UNKNOWN STEP	2026-05-18T13:36:53.5066893Z ##[endgroup]
Detect Changes	UNKNOWN STEP	2026-05-18T13:36:53.5068208Z ##[group]Determining the checkout info
Detect Changes	UNKNOWN STEP	2026-05-18T13:36:53.5069675Z ##[endgroup]
Detect Changes	UNKNOWN STEP	2026-05-18T13:36:53.5072502Z [command]/usr/bin/git sparse-checkout disable
Detect Changes	UNKNOWN STEP	2026-05-18T13:36:53.5123700Z [command]/usr/bin/git config --local --unset-all extensions.worktreeConfig
Detect Changes	UNKNOWN STEP	2026-05-18T13:36:53.5150046Z ##[group]Checking out the ref
Detect Changes	UNKNOWN STEP	2026-05-18T13:36:53.5154091Z [command]/usr/bin/git checkout --progress --force -B main refs/remotes/origin/main
Detect Changes	UNKNOWN STEP	2026-05-18T13:36:53.5686608Z Switched to a new branch 'main'
Detect Changes	UNKNOWN STEP	2026-05-18T13:36:53.5689436Z branch 'main' set up to track 'origin/main'.
Detect Changes	UNKNOWN STEP	2026-05-18T13:36:53.5700436Z ##[endgroup]
Detect Changes	UNKNOWN STEP	2026-05-18T13:36:53.5740295Z [command]/usr/bin/git log -1 --format=%H
Detect Changes	UNKNOWN STEP	2026-05-18T13:36:53.5762721Z 8910b98b665a650690c0d9e9188bbf6bec1e9d2c
Detect Changes	UNKNOWN STEP	2026-05-18T13:36:53.6368047Z ##[group]Run dtolnay/rust-toolchain@stable
Detect Changes	UNKNOWN STEP	2026-05-18T13:36:53.6369233Z with:
Detect Changes	UNKNOWN STEP	2026-05-18T13:36:53.6370029Z   toolchain: stable
Detect Changes	UNKNOWN STEP	2026-05-18T13:36:53.6370889Z env:
Detect Changes	UNKNOWN STEP	2026-05-18T13:36:53.6371682Z   CARGO_TERM_COLOR: always
Detect Changes	UNKNOWN STEP	2026-05-18T13:36:53.6372645Z   RUST_BACKTRACE: 1
Detect Changes	UNKNOWN STEP	2026-05-18T13:36:53.6373756Z   RUSTFLAGS: -Dwarnings
Detect Changes	UNKNOWN STEP	2026-05-18T13:36:53.6375220Z   CARGO_REGISTRY_TOKEN: ***
Detect Changes	UNKNOWN STEP	2026-05-18T13:36:53.6376416Z   CARGO_TOKEN: ***
Detect Changes	UNKNOWN STEP	2026-05-18T13:36:53.6377287Z ##[endgroup]
Detect Changes	UNKNOWN STEP	2026-05-18T13:36:53.6528433Z ##[group]Run : parse toolchain version
Detect Changes	UNKNOWN STEP	2026-05-18T13:36:53.6529652Z ^[[36;1m: parse toolchain version^[[0m
Detect Changes	UNKNOWN STEP	2026-05-18T13:36:53.6530737Z ^[[36;1mif [[ -z $toolchain ]]; then^[[0m
Detect Changes	UNKNOWN STEP	2026-05-18T13:36:53.6532677Z ^[[36;1m  # GitHub does not enforce `required: true` inputs itself. https://github.com/actions/runner/issues/1070^[[0m
Detect Changes	UNKNOWN STEP	2026-05-18T13:36:53.6535003Z ^[[36;1m  echo "'toolchain' is a required input" >&2^[[0m
Detect Changes	UNKNOWN STEP	2026-05-18T13:36:53.6536201Z ^[[36;1m  exit 1^[[0m
Detect Changes	UNKNOWN STEP	2026-05-18T13:36:53.6537534Z ^[[36;1melif [[ $toolchain =~ ^stable' '[0-9]+' '(year|month|week|day)s?' 'ago$ ]]; then^[[0m
Detect Changes	UNKNOWN STEP	2026-05-18T13:36:53.6539115Z ^[[36;1m  if [[ Linux == macOS ]]; then^[[0m
Detect Changes	UNKNOWN STEP	2026-05-18T13:36:53.6541100Z ^[[36;1m    echo "toolchain=1.$((($(date -v-$(sed 's/stable \([0-9]*\) \(.\).*/\1\2/' <<< $toolchain) +%s)/60/60/24-16569)/7/6))" >> $GITHUB_OUTPUT^[[0m
Detect Changes	UNKNOWN STEP	2026-05-18T13:36:53.6543194Z ^[[36;1m  else^[[0m
Detect Changes	UNKNOWN STEP	2026-05-18T13:36:53.6544741Z ^[[36;1m    echo "toolchain=1.$((($(date --date "${toolchain#stable }" +%s)/60/60/24-16569)/7/6))" >> $GITHUB_OUTPUT^[[0m
Detect Changes	UNKNOWN STEP	2026-05-18T13:36:53.6546528Z ^[[36;1m  fi^[[0m
Detect Changes	UNKNOWN STEP	2026-05-18T13:36:53.6547673Z ^[[36;1melif [[ $toolchain =~ ^stable' 'minus' '[0-9]+' 'releases?$ ]]; then^[[0m
Detect Changes	UNKNOWN STEP	2026-05-18T13:36:53.6549711Z ^[[36;1m  echo "toolchain=1.$((($(date +%s)/60/60/24-16569)/7/6-${toolchain//[^0-9]/}))" >> $GITHUB_OUTPUT^[[0m
Detect Changes	UNKNOWN STEP	2026-05-18T13:36:53.6551513Z ^[[36;1melif [[ $toolchain =~ ^1\.[0-9]+$ ]]; then^[[0m
Detect Changes	UNKNOWN STEP	2026-05-18T13:36:53.6554143Z ^[[36;1m  echo "toolchain=1.$((i=${toolchain#1.}, c=($(date +%s)/60/60/24-16569)/7/6, i+9*i*(10*i<=c)+90*i*(100*i<=c)))" >> $GITHUB_OUTPUT^[[0m
Detect Changes	UNKNOWN STEP	2026-05-18T13:36:53.6556101Z ^[[36;1melse^[[0m
Detect Changes	UNKNOWN STEP	2026-05-18T13:36:53.6557075Z ^[[36;1m  echo "toolchain=$toolchain" >> $GITHUB_OUTPUT^[[0m
Detect Changes	UNKNOWN STEP	2026-05-18T13:36:53.6558274Z ^[[36;1mfi^[[0m
Detect Changes	UNKNOWN STEP	2026-05-18T13:36:53.6599149Z shell: /usr/bin/bash --noprofile --norc -e -o pipefail {0}
Detect Changes	UNKNOWN STEP	2026-05-18T13:36:53.6600452Z env:
Detect Changes	UNKNOWN STEP	2026-05-18T13:36:53.6601202Z   CARGO_TERM_COLOR: always
Detect Changes	UNKNOWN STEP	2026-05-18T13:36:53.6602112Z   RUST_BACKTRACE: 1
Detect Changes	UNKNOWN STEP	2026-05-18T13:36:53.6602962Z   RUSTFLAGS: -Dwarnings
Detect Changes	UNKNOWN STEP	2026-05-18T13:36:53.6604437Z   CARGO_REGISTRY_TOKEN: ***
Detect Changes	UNKNOWN STEP	2026-05-18T13:36:53.6605593Z   CARGO_TOKEN: ***
Detect Changes	UNKNOWN STEP	2026-05-18T13:36:53.6606422Z   toolchain: stable
Detect Changes	UNKNOWN STEP	2026-05-18T13:36:53.6607238Z ##[endgroup]
Detect Changes	UNKNOWN STEP	2026-05-18T13:36:53.6847708Z ##[group]Run : construct rustup command line
Detect Changes	UNKNOWN STEP	2026-05-18T13:36:53.6848873Z ^[[36;1m: construct rustup command line^[[0m
Detect Changes	UNKNOWN STEP	2026-05-18T13:36:53.6850520Z ^[[36;1mecho "targets=$(for t in ${targets//,/ }; do echo -n ' --target' $t; done)" >> $GITHUB_OUTPUT^[[0m
Detect Changes	UNKNOWN STEP	2026-05-18T13:36:53.6852844Z ^[[36;1mecho "components=$(for c in ${components//,/ }; do echo -n ' --component' $c; done)" >> $GITHUB_OUTPUT^[[0m
Detect Changes	UNKNOWN STEP	2026-05-18T13:36:53.6854916Z ^[[36;1mecho "downgrade=" >> $GITHUB_OUTPUT^[[0m
Detect Changes	UNKNOWN STEP	2026-05-18T13:36:53.6889818Z shell: /usr/bin/bash --noprofile --norc -e -o pipefail {0}
Detect Changes	UNKNOWN STEP	2026-05-18T13:36:53.6891043Z env:
Detect Changes	UNKNOWN STEP	2026-05-18T13:36:53.6891753Z   CARGO_TERM_COLOR: always
Detect Changes	UNKNOWN STEP	2026-05-18T13:36:53.6892637Z   RUST_BACKTRACE: 1
Detect Changes	UNKNOWN STEP	2026-05-18T13:36:53.6893660Z   RUSTFLAGS: -Dwarnings
Detect Changes	UNKNOWN STEP	2026-05-18T13:36:53.6894877Z   CARGO_REGISTRY_TOKEN: ***
Detect Changes	UNKNOWN STEP	2026-05-18T13:36:53.6895974Z   CARGO_TOKEN: ***
Detect Changes	UNKNOWN STEP	2026-05-18T13:36:53.6896783Z   targets:
Detect Changes	UNKNOWN STEP	2026-05-18T13:36:53.6897598Z   components:
Detect Changes	UNKNOWN STEP	2026-05-18T13:36:53.6898354Z ##[endgroup]
Detect Changes	UNKNOWN STEP	2026-05-18T13:36:53.7018830Z ##[group]Run : set $CARGO_HOME
Detect Changes	UNKNOWN STEP	2026-05-18T13:36:53.7019806Z ^[[36;1m: set $CARGO_HOME^[[0m
Detect Changes	UNKNOWN STEP	2026-05-18T13:36:53.7021039Z ^[[36;1mecho CARGO_HOME=${CARGO_HOME:-"$HOME/.cargo"} >> $GITHUB_ENV^[[0m
Detect Changes	UNKNOWN STEP	2026-05-18T13:36:53.7055391Z shell: /usr/bin/bash --noprofile --norc -e -o pipefail {0}
Detect Changes	UNKNOWN STEP	2026-05-18T13:36:53.7056832Z env:
Detect Changes	UNKNOWN STEP	2026-05-18T13:36:53.7057576Z   CARGO_TERM_COLOR: always
Detect Changes	UNKNOWN STEP	2026-05-18T13:36:53.7058467Z   RUST_BACKTRACE: 1
Detect Changes	UNKNOWN STEP	2026-05-18T13:36:53.7059287Z   RUSTFLAGS: -Dwarnings
Detect Changes	UNKNOWN STEP	2026-05-18T13:36:53.7060495Z   CARGO_REGISTRY_TOKEN: ***
Detect Changes	UNKNOWN STEP	2026-05-18T13:36:53.7061579Z   CARGO_TOKEN: ***
Detect Changes	UNKNOWN STEP	2026-05-18T13:36:53.7062369Z ##[endgroup]
Detect Changes	UNKNOWN STEP	2026-05-18T13:36:53.7182725Z ##[group]Run : install rustup if needed
Detect Changes	UNKNOWN STEP	2026-05-18T13:36:53.7184065Z ^[[36;1m: install rustup if needed^[[0m
Detect Changes	UNKNOWN STEP	2026-05-18T13:36:53.7185196Z ^[[36;1mif ! command -v rustup &>/dev/null; then^[[0m
Detect Changes	UNKNOWN STEP	2026-05-18T13:36:53.7187829Z ^[[36;1m  curl --proto '=https' --tlsv1.2 --retry 10 --retry-connrefused --location --silent --show-error --fail https://sh.rustup.rs | sh -s -- --default-toolchain none -y^[[0m
Detect Changes	UNKNOWN STEP	2026-05-18T13:36:53.7190467Z ^[[36;1m  echo "$CARGO_HOME/bin" >> $GITHUB_PATH^[[0m
Detect Changes	UNKNOWN STEP	2026-05-18T13:36:53.7191555Z ^[[36;1mfi^[[0m
Detect Changes	UNKNOWN STEP	2026-05-18T13:36:53.7226844Z shell: /usr/bin/bash --noprofile --norc -e -o pipefail {0}
Detect Changes	UNKNOWN STEP	2026-05-18T13:36:53.7228075Z env:
Detect Changes	UNKNOWN STEP	2026-05-18T13:36:53.7228810Z   CARGO_TERM_COLOR: always
Detect Changes	UNKNOWN STEP	2026-05-18T13:36:53.7229694Z   RUST_BACKTRACE: 1
Detect Changes	UNKNOWN STEP	2026-05-18T13:36:53.7230512Z   RUSTFLAGS: -Dwarnings
Detect Changes	UNKNOWN STEP	2026-05-18T13:36:53.7231709Z   CARGO_REGISTRY_TOKEN: ***
Detect Changes	UNKNOWN STEP	2026-05-18T13:36:53.7232788Z   CARGO_TOKEN: ***
Detect Changes	UNKNOWN STEP	2026-05-18T13:36:53.7233886Z   CARGO_HOME: /home/runner/.cargo
Detect Changes	UNKNOWN STEP	2026-05-18T13:36:53.7234842Z ##[endgroup]
Detect Changes	UNKNOWN STEP	2026-05-18T13:36:53.7361832Z ##[group]Run rustup toolchain install stable --profile minimal --no-self-update
Detect Changes	UNKNOWN STEP	2026-05-18T13:36:53.7363958Z ^[[36;1mrustup toolchain install stable --profile minimal --no-self-update^[[0m
Detect Changes	UNKNOWN STEP	2026-05-18T13:36:53.7400338Z shell: /usr/bin/bash --noprofile --norc -e -o pipefail {0}
Detect Changes	UNKNOWN STEP	2026-05-18T13:36:53.7401572Z env:
Detect Changes	UNKNOWN STEP	2026-05-18T13:36:53.7402290Z   CARGO_TERM_COLOR: always
Detect Changes	UNKNOWN STEP	2026-05-18T13:36:53.7403342Z   RUST_BACKTRACE: 1
Detect Changes	UNKNOWN STEP	2026-05-18T13:36:53.7404147Z   RUSTFLAGS: -Dwarnings
Detect Changes	UNKNOWN STEP	2026-05-18T13:36:53.7405316Z   CARGO_REGISTRY_TOKEN: ***
Detect Changes	UNKNOWN STEP	2026-05-18T13:36:53.7406612Z   CARGO_TOKEN: ***
Detect Changes	UNKNOWN STEP	2026-05-18T13:36:53.7407423Z   CARGO_HOME: /home/runner/.cargo
Detect Changes	UNKNOWN STEP	2026-05-18T13:36:53.7408419Z   RUSTUP_PERMIT_COPY_RENAME: 1
Detect Changes	UNKNOWN STEP	2026-05-18T13:36:53.7409326Z ##[endgroup]
Detect Changes	UNKNOWN STEP	2026-05-18T13:36:54.4856573Z info: syncing channel updates for stable-x86_64-unknown-linux-gnu
Detect Changes	UNKNOWN STEP	2026-05-18T13:36:54.7873986Z
Detect Changes	UNKNOWN STEP	2026-05-18T13:36:54.7956338Z   stable-x86_64-unknown-linux-gnu unchanged - rustc 1.95.0 (59807616e 2026-04-14)
Detect Changes	UNKNOWN STEP	2026-05-18T13:36:54.7956956Z
Detect Changes	UNKNOWN STEP	2026-05-18T13:36:54.8058038Z ##[group]Run rustup default stable
Detect Changes	UNKNOWN STEP	2026-05-18T13:36:54.8058330Z ^[[36;1mrustup default stable^[[0m
Detect Changes	UNKNOWN STEP	2026-05-18T13:36:54.8095288Z shell: /usr/bin/bash --noprofile --norc -e -o pipefail {0}
Detect Changes	UNKNOWN STEP	2026-05-18T13:36:54.8095624Z env:
Detect Changes	UNKNOWN STEP	2026-05-18T13:36:54.8095801Z   CARGO_TERM_COLOR: always
Detect Changes	UNKNOWN STEP	2026-05-18T13:36:54.8096025Z   RUST_BACKTRACE: 1
Detect Changes	UNKNOWN STEP	2026-05-18T13:36:54.8096221Z   RUSTFLAGS: -Dwarnings
Detect Changes	UNKNOWN STEP	2026-05-18T13:36:54.8096649Z   CARGO_REGISTRY_TOKEN: ***
Detect Changes	UNKNOWN STEP	2026-05-18T13:36:54.8096936Z   CARGO_TOKEN: ***
Detect Changes	UNKNOWN STEP	2026-05-18T13:36:54.8097162Z   CARGO_HOME: /home/runner/.cargo
Detect Changes	UNKNOWN STEP	2026-05-18T13:36:54.8097412Z ##[endgroup]
Detect Changes	UNKNOWN STEP	2026-05-18T13:36:54.8202624Z info: using existing install for stable-x86_64-unknown-linux-gnu
Detect Changes	UNKNOWN STEP	2026-05-18T13:36:54.8212442Z info: default toolchain set to stable-x86_64-unknown-linux-gnu
Detect Changes	UNKNOWN STEP	2026-05-18T13:36:54.8212956Z
Detect Changes	UNKNOWN STEP	2026-05-18T13:36:54.8291689Z   stable-x86_64-unknown-linux-gnu unchanged - rustc 1.95.0 (59807616e 2026-04-14)
Detect Changes	UNKNOWN STEP	2026-05-18T13:36:54.8292130Z
Detect Changes	UNKNOWN STEP	2026-05-18T13:36:54.8327087Z ##[group]Run : create cachekey
Detect Changes	UNKNOWN STEP	2026-05-18T13:36:54.8327365Z ^[[36;1m: create cachekey^[[0m
Detect Changes	UNKNOWN STEP	2026-05-18T13:36:54.8327875Z ^[[36;1mDATE=$(rustc +stable --version --verbose | sed -ne 's/^commit-date: \(20[0-9][0-9]\)-\([01][0-9]\)-\([0-3][0-9]\)$/\1\2\3/p')^[[0m
Detect Changes	UNKNOWN STEP	2026-05-18T13:36:54.8328544Z ^[[36;1mHASH=$(rustc +stable --version --verbose | sed -ne 's/^commit-hash: //p')^[[0m
Detect Changes	UNKNOWN STEP	2026-05-18T13:36:54.8329036Z ^[[36;1mecho "cachekey=$(echo $DATE$HASH | head -c12)" >> $GITHUB_OUTPUT^[[0m
Detect Changes	UNKNOWN STEP	2026-05-18T13:36:54.8364887Z shell: /usr/bin/bash --noprofile --norc -e -o pipefail {0}
Detect Changes	UNKNOWN STEP	2026-05-18T13:36:54.8365241Z env:
Detect Changes	UNKNOWN STEP	2026-05-18T13:36:54.8365426Z   CARGO_TERM_COLOR: always
Detect Changes	UNKNOWN STEP	2026-05-18T13:36:54.8365649Z   RUST_BACKTRACE: 1
Detect Changes	UNKNOWN STEP	2026-05-18T13:36:54.8366060Z   RUSTFLAGS: -Dwarnings
Detect Changes	UNKNOWN STEP	2026-05-18T13:36:54.8366461Z   CARGO_REGISTRY_TOKEN: ***
Detect Changes	UNKNOWN STEP	2026-05-18T13:36:54.8366750Z   CARGO_TOKEN: ***
Detect Changes	UNKNOWN STEP	2026-05-18T13:36:54.8366966Z   CARGO_HOME: /home/runner/.cargo
Detect Changes	UNKNOWN STEP	2026-05-18T13:36:54.8367206Z ##[endgroup]
Detect Changes	UNKNOWN STEP	2026-05-18T13:36:54.9300023Z ##[group]Run : disable incremental compilation
Detect Changes	UNKNOWN STEP	2026-05-18T13:36:54.9300416Z ^[[36;1m: disable incremental compilation^[[0m
Detect Changes	UNKNOWN STEP	2026-05-18T13:36:54.9300754Z ^[[36;1mif [ -z "${CARGO_INCREMENTAL+set}" ]; then^[[0m
Detect Changes	UNKNOWN STEP	2026-05-18T13:36:54.9301088Z ^[[36;1m  echo CARGO_INCREMENTAL=0 >> $GITHUB_ENV^[[0m
Detect Changes	UNKNOWN STEP	2026-05-18T13:36:54.9301372Z ^[[36;1mfi^[[0m
Detect Changes	UNKNOWN STEP	2026-05-18T13:36:54.9337399Z shell: /usr/bin/bash --noprofile --norc -e -o pipefail {0}
Detect Changes	UNKNOWN STEP	2026-05-18T13:36:54.9337744Z env:
Detect Changes	UNKNOWN STEP	2026-05-18T13:36:54.9337933Z   CARGO_TERM_COLOR: always
Detect Changes	UNKNOWN STEP	2026-05-18T13:36:54.9338163Z   RUST_BACKTRACE: 1
Detect Changes	UNKNOWN STEP	2026-05-18T13:36:54.9338383Z   RUSTFLAGS: -Dwarnings
Detect Changes	UNKNOWN STEP	2026-05-18T13:36:54.9338772Z   CARGO_REGISTRY_TOKEN: ***
Detect Changes	UNKNOWN STEP	2026-05-18T13:36:54.9339075Z   CARGO_TOKEN: ***
Detect Changes	UNKNOWN STEP	2026-05-18T13:36:54.9339292Z   CARGO_HOME: /home/runner/.cargo
Detect Changes	UNKNOWN STEP	2026-05-18T13:36:54.9339544Z ##[endgroup]
Detect Changes	UNKNOWN STEP	2026-05-18T13:36:54.9410612Z ##[group]Run : enable colors in Cargo output
Detect Changes	UNKNOWN STEP	2026-05-18T13:36:54.9410949Z ^[[36;1m: enable colors in Cargo output^[[0m
Detect Changes	UNKNOWN STEP	2026-05-18T13:36:54.9411267Z ^[[36;1mif [ -z "${CARGO_TERM_COLOR+set}" ]; then^[[0m
Detect Changes	UNKNOWN STEP	2026-05-18T13:36:54.9411611Z ^[[36;1m  echo CARGO_TERM_COLOR=always >> $GITHUB_ENV^[[0m
Detect Changes	UNKNOWN STEP	2026-05-18T13:36:54.9411910Z ^[[36;1mfi^[[0m
Detect Changes	UNKNOWN STEP	2026-05-18T13:36:54.9444229Z shell: /usr/bin/bash --noprofile --norc -e -o pipefail {0}
Detect Changes	UNKNOWN STEP	2026-05-18T13:36:54.9444568Z env:
Detect Changes	UNKNOWN STEP	2026-05-18T13:36:54.9444766Z   CARGO_TERM_COLOR: always
Detect Changes	UNKNOWN STEP	2026-05-18T13:36:54.9444994Z   RUST_BACKTRACE: 1
Detect Changes	UNKNOWN STEP	2026-05-18T13:36:54.9445195Z   RUSTFLAGS: -Dwarnings
Detect Changes	UNKNOWN STEP	2026-05-18T13:36:54.9445541Z   CARGO_REGISTRY_TOKEN: ***
Detect Changes	UNKNOWN STEP	2026-05-18T13:36:54.9445852Z   CARGO_TOKEN: ***
Detect Changes	UNKNOWN STEP	2026-05-18T13:36:54.9446060Z   CARGO_HOME: /home/runner/.cargo
Detect Changes	UNKNOWN STEP	2026-05-18T13:36:54.9446483Z   CARGO_INCREMENTAL: 0
Detect Changes	UNKNOWN STEP	2026-05-18T13:36:54.9446697Z ##[endgroup]
Detect Changes	UNKNOWN STEP	2026-05-18T13:36:54.9517022Z ##[group]Run : enable Cargo sparse registry
Detect Changes	UNKNOWN STEP	2026-05-18T13:36:54.9517375Z ^[[36;1m: enable Cargo sparse registry^[[0m
Detect Changes	UNKNOWN STEP	2026-05-18T13:36:54.9517755Z ^[[36;1m# implemented in 1.66, stabilized in 1.68, made default in 1.70^[[0m
Detect Changes	UNKNOWN STEP	2026-05-18T13:36:54.9518497Z ^[[36;1mif [ -z "${CARGO_REGISTRIES_CRATES_IO_PROTOCOL+set}" -o -f "/home/runner/work/_temp"/.implicit_cargo_registries_crates_io_protocol ]; then^[[0m
Detect Changes	UNKNOWN STEP	2026-05-18T13:36:54.9519245Z ^[[36;1m  if rustc +stable --version --verbose | grep -q '^release: 1\.6[89]\.'; then^[[0m
Detect Changes	UNKNOWN STEP	2026-05-18T13:36:54.9519832Z ^[[36;1m    touch "/home/runner/work/_temp"/.implicit_cargo_registries_crates_io_protocol || true^[[0m
Detect Changes	UNKNOWN STEP	2026-05-18T13:36:54.9520747Z ^[[36;1m    echo CARGO_REGISTRIES_CRATES_IO_PROTOCOL=sparse >> $GITHUB_ENV^[[0m
Detect Changes	UNKNOWN STEP	2026-05-18T13:36:54.9521565Z ^[[36;1m  elif rustc +stable --version --verbose | grep -q '^release: 1\.6[67]\.'; then^[[0m
Detect Changes	UNKNOWN STEP	2026-05-18T13:36:54.9522161Z ^[[36;1m    touch "/home/runner/work/_temp"/.implicit_cargo_registries_crates_io_protocol || true^[[0m
Detect Changes	UNKNOWN STEP	2026-05-18T13:36:54.9522701Z ^[[36;1m    echo CARGO_REGISTRIES_CRATES_IO_PROTOCOL=git >> $GITHUB_ENV^[[0m
Detect Changes	UNKNOWN STEP	2026-05-18T13:36:54.9523253Z ^[[36;1m  fi^[[0m
Detect Changes	UNKNOWN STEP	2026-05-18T13:36:54.9523483Z ^[[36;1mfi^[[0m
Detect Changes	UNKNOWN STEP	2026-05-18T13:36:54.9555539Z shell: /usr/bin/bash --noprofile --norc -e -o pipefail {0}
Detect Changes	UNKNOWN STEP	2026-05-18T13:36:54.9555883Z env:
Detect Changes	UNKNOWN STEP	2026-05-18T13:36:54.9556070Z   CARGO_TERM_COLOR: always
Detect Changes	UNKNOWN STEP	2026-05-18T13:36:54.9556291Z   RUST_BACKTRACE: 1
Detect Changes	UNKNOWN STEP	2026-05-18T13:36:54.9556500Z   RUSTFLAGS: -Dwarnings
Detect Changes	UNKNOWN STEP	2026-05-18T13:36:54.9556842Z   CARGO_REGISTRY_TOKEN: ***
Detect Changes	UNKNOWN STEP	2026-05-18T13:36:54.9557147Z   CARGO_TOKEN: ***
Detect Changes	UNKNOWN STEP	2026-05-18T13:36:54.9557359Z   CARGO_HOME: /home/runner/.cargo
Detect Changes	UNKNOWN STEP	2026-05-18T13:36:54.9557610Z   CARGO_INCREMENTAL: 0
Detect Changes	UNKNOWN STEP	2026-05-18T13:36:54.9557815Z ##[endgroup]
Detect Changes	UNKNOWN STEP	2026-05-18T13:36:54.9896389Z ##[group]Run : work around spurious network errors in curl 8.0
Detect Changes	UNKNOWN STEP	2026-05-18T13:36:54.9896852Z ^[[36;1m: work around spurious network errors in curl 8.0^[[0m
Detect Changes	UNKNOWN STEP	2026-05-18T13:36:54.9897625Z ^[[36;1m# https://rust-lang.zulipchat.com/#narrow/stream/246057-t-cargo/topic/timeout.20investigation^[[0m
Detect Changes	UNKNOWN STEP	2026-05-18T13:36:54.9898429Z ^[[36;1mif rustc +stable --version --verbose | grep -q '^release: 1\.7[01]\.'; then^[[0m
Detect Changes	UNKNOWN STEP	2026-05-18T13:36:54.9898899Z ^[[36;1m  echo CARGO_HTTP_MULTIPLEXING=false >> $GITHUB_ENV^[[0m
Detect Changes	UNKNOWN STEP	2026-05-18T13:36:54.9899208Z ^[[36;1mfi^[[0m
Detect Changes	UNKNOWN STEP	2026-05-18T13:36:54.9935675Z shell: /usr/bin/bash --noprofile --norc -e -o pipefail {0}
Detect Changes	UNKNOWN STEP	2026-05-18T13:36:54.9936012Z env:
Detect Changes	UNKNOWN STEP	2026-05-18T13:36:54.9936205Z   CARGO_TERM_COLOR: always
Detect Changes	UNKNOWN STEP	2026-05-18T13:36:54.9936433Z   RUST_BACKTRACE: 1
Detect Changes	UNKNOWN STEP	2026-05-18T13:36:54.9936630Z   RUSTFLAGS: -Dwarnings
Detect Changes	UNKNOWN STEP	2026-05-18T13:36:54.9937015Z   CARGO_REGISTRY_TOKEN: ***
Detect Changes	UNKNOWN STEP	2026-05-18T13:36:54.9937302Z   CARGO_TOKEN: ***
Detect Changes	UNKNOWN STEP	2026-05-18T13:36:54.9937506Z   CARGO_HOME: /home/runner/.cargo
Detect Changes	UNKNOWN STEP	2026-05-18T13:36:54.9937753Z   CARGO_INCREMENTAL: 0
Detect Changes	UNKNOWN STEP	2026-05-18T13:36:54.9937953Z ##[endgroup]
Detect Changes	UNKNOWN STEP	2026-05-18T13:36:55.0166102Z ##[group]Run rustc +stable --version --verbose
Detect Changes	UNKNOWN STEP	2026-05-18T13:36:55.0166493Z ^[[36;1mrustc +stable --version --verbose^[[0m
Detect Changes	UNKNOWN STEP	2026-05-18T13:36:55.0201723Z shell: /usr/bin/bash --noprofile --norc -e -o pipefail {0}
Detect Changes	UNKNOWN STEP	2026-05-18T13:36:55.0202089Z env:
Detect Changes	UNKNOWN STEP	2026-05-18T13:36:55.0202284Z   CARGO_TERM_COLOR: always
Detect Changes	UNKNOWN STEP	2026-05-18T13:36:55.0202516Z   RUST_BACKTRACE: 1
Detect Changes	UNKNOWN STEP	2026-05-18T13:36:55.0202720Z   RUSTFLAGS: -Dwarnings
Detect Changes	UNKNOWN STEP	2026-05-18T13:36:55.0203321Z   CARGO_REGISTRY_TOKEN: ***
Detect Changes	UNKNOWN STEP	2026-05-18T13:36:55.0203649Z   CARGO_TOKEN: ***
Detect Changes	UNKNOWN STEP	2026-05-18T13:36:55.0203861Z   CARGO_HOME: /home/runner/.cargo
Detect Changes	UNKNOWN STEP	2026-05-18T13:36:55.0204117Z   CARGO_INCREMENTAL: 0
Detect Changes	UNKNOWN STEP	2026-05-18T13:36:55.0204330Z ##[endgroup]
Detect Changes	UNKNOWN STEP	2026-05-18T13:36:55.0370218Z rustc 1.95.0 (59807616e 2026-04-14)
Detect Changes	UNKNOWN STEP	2026-05-18T13:36:55.0370915Z binary: rustc
Detect Changes	UNKNOWN STEP	2026-05-18T13:36:55.0371370Z commit-hash: 59807616e1fa2540724bfbac14d7976d7e4a3860
Detect Changes	UNKNOWN STEP	2026-05-18T13:36:55.0371921Z commit-date: 2026-04-14
Detect Changes	UNKNOWN STEP	2026-05-18T13:36:55.0372304Z host: x86_64-unknown-linux-gnu
Detect Changes	UNKNOWN STEP	2026-05-18T13:36:55.0372717Z release: 1.95.0
Detect Changes	UNKNOWN STEP	2026-05-18T13:36:55.0373454Z LLVM version: 22.1.2
Detect Changes	UNKNOWN STEP	2026-05-18T13:36:55.0446579Z ##[group]Run cargo install rust-script
Detect Changes	UNKNOWN STEP	2026-05-18T13:36:55.0446940Z ^[[36;1mcargo install rust-script^[[0m
Detect Changes	UNKNOWN STEP	2026-05-18T13:36:55.0482291Z shell: /usr/bin/bash -e {0}
Detect Changes	UNKNOWN STEP	2026-05-18T13:36:55.0482557Z env:
Detect Changes	UNKNOWN STEP	2026-05-18T13:36:55.0482745Z   CARGO_TERM_COLOR: always
Detect Changes	UNKNOWN STEP	2026-05-18T13:36:55.0482980Z   RUST_BACKTRACE: 1
Detect Changes	UNKNOWN STEP	2026-05-18T13:36:55.0483445Z   RUSTFLAGS: -Dwarnings
Detect Changes	UNKNOWN STEP	2026-05-18T13:36:55.0483855Z   CARGO_REGISTRY_TOKEN: ***
Detect Changes	UNKNOWN STEP	2026-05-18T13:36:55.0484169Z   CARGO_TOKEN: ***
Detect Changes	UNKNOWN STEP	2026-05-18T13:36:55.0484390Z   CARGO_HOME: /home/runner/.cargo
Detect Changes	UNKNOWN STEP	2026-05-18T13:36:55.0484636Z   CARGO_INCREMENTAL: 0
Detect Changes	UNKNOWN STEP	2026-05-18T13:36:55.0484856Z ##[endgroup]
Detect Changes	UNKNOWN STEP	2026-05-18T13:36:56.8457673Z ^[[1m^[[92m    Updating^[[0m crates.io index
Detect Changes	UNKNOWN STEP	2026-05-18T13:36:56.9957005Z ^[[1m^[[92m Downloading^[[0m crates ...
Detect Changes	UNKNOWN STEP	2026-05-18T13:36:57.0297697Z ^[[1m^[[92m  Downloaded^[[0m rust-script v0.36.0
Detect Changes	UNKNOWN STEP	2026-05-18T13:36:57.4000036Z ^[[1m^[[92m  Installing^[[0m rust-script v0.36.0
Detect Changes	UNKNOWN STEP	2026-05-18T13:36:58.4862774Z ^[[1m^[[92m    Updating^[[0m crates.io index
Detect Changes	UNKNOWN STEP	2026-05-18T13:36:58.7577365Z ^[[1m^[[92m     Locking^[[0m 113 packages to latest compatible versions
Detect Changes	UNKNOWN STEP	2026-05-18T13:36:58.7611374Z ^[[1m^[[92m      Adding^[[0m generic-array v0.14.7 ^[[1m^[[33m(available: v0.14.9)^[[0m
Detect Changes	UNKNOWN STEP	2026-05-18T13:36:58.7700469Z ^[[1m^[[92m      Adding^[[0m sha1 v0.10.6 ^[[1m^[[33m(available: v0.11.0)^[[0m
Detect Changes	UNKNOWN STEP	2026-05-18T13:36:58.7721367Z ^[[1m^[[92m      Adding^[[0m toml v0.9.12+spec-1.1.0 ^[[1m^[[33m(available: v1.1.2+spec-1.1.0)^[[0m
Detect Changes	UNKNOWN STEP	2026-05-18T13:36:58.7749590Z ^[[1m^[[92m      Adding^[[0m winreg v0.55.0 ^[[1m^[[33m(available: v0.56.0)^[[0m
Detect Changes	UNKNOWN STEP	2026-05-18T13:36:58.7771083Z ^[[1m^[[92m Downloading^[[0m crates ...
Detect Changes	UNKNOWN STEP	2026-05-18T13:36:58.8457533Z ^[[1m^[[92m  Downloaded^[[0m clap_lex v1.1.0
Detect Changes	UNKNOWN STEP	2026-05-18T13:36:58.8771075Z ^[[1m^[[92m  Downloaded^[[0m strsim v0.11.1
Detect Changes	UNKNOWN STEP	2026-05-18T13:36:58.8790359Z ^[[1m^[[92m  Downloaded^[[0m utf8parse v0.2.2
Detect Changes	UNKNOWN STEP	2026-05-18T13:36:58.8802212Z ^[[1m^[[92m  Downloaded^[[0m version_check v0.9.5
Detect Changes	UNKNOWN STEP	2026-05-18T13:36:58.8816371Z ^[[1m^[[92m  Downloaded^[[0m sha1 v0.10.6
Detect Changes	UNKNOWN STEP	2026-05-18T13:36:58.8883044Z ^[[1m^[[92m  Downloaded^[[0m crypto-common v0.1.7
Detect Changes	UNKNOWN STEP	2026-05-18T13:36:58.8893700Z ^[[1m^[[92m  Downloaded^[[0m errno v0.3.14
Detect Changes	UNKNOWN STEP	2026-05-18T13:36:58.8916921Z ^[[1m^[[92m  Downloaded^[[0m equivalent v1.0.2
Detect Changes	UNKNOWN STEP	2026-05-18T13:36:58.8928423Z ^[[1m^[[92m  Downloaded^[[0m generic-array v0.14.7
Detect Changes	UNKNOWN STEP	2026-05-18T13:36:58.8943949Z ^[[1m^[[92m  Downloaded^[[0m env_filter v1.0.1
Detect Changes	UNKNOWN STEP	2026-05-18T13:36:58.8958580Z ^[[1m^[[92m  Downloaded^[[0m unicase v2.9.0
Detect Changes	UNKNOWN STEP	2026-05-18T13:36:58.8973636Z ^[[1m^[[92m  Downloaded^[[0m digest v0.10.7
Detect Changes	UNKNOWN STEP	2026-05-18T13:36:58.8992595Z ^[[1m^[[92m  Downloaded^[[0m getopts v0.2.24
Detect Changes	UNKNOWN STEP	2026-05-18T13:36:58.9009448Z ^[[1m^[[92m  Downloaded^[[0m anstyle v1.0.14
Detect Changes	UNKNOWN STEP	2026-05-18T13:36:58.9024725Z ^[[1m^[[92m  Downloaded^[[0m once_cell v1.21.4
Detect Changes	UNKNOWN STEP	2026-05-18T13:36:58.9050148Z ^[[1m^[[92m  Downloaded^[[0m fastrand v2.4.1
Detect Changes	UNKNOWN STEP	2026-05-18T13:36:58.9066154Z ^[[1m^[[92m  Downloaded^[[0m toml_parser v1.1.2+spec-1.1.0
Detect Changes	UNKNOWN STEP	2026-05-18T13:36:58.9090094Z ^[[1m^[[92m  Downloaded^[[0m tempfile v3.27.0
Detect Changes	UNKNOWN STEP	2026-05-18T13:36:58.9115031Z ^[[1m^[[92m  Downloaded^[[0m bitflags v2.11.1
Detect Changes	UNKNOWN STEP	2026-05-18T13:36:58.9157280Z ^[[1m^[[92m  Downloaded^[[0m env_logger v0.11.10
Detect Changes	UNKNOWN STEP	2026-05-18T13:36:58.9178746Z ^[[1m^[[92m  Downloaded^[[0m dirs-sys v0.5.0
Detect Changes	UNKNOWN STEP	2026-05-18T13:36:58.9191031Z ^[[1m^[[92m  Downloaded^[[0m anstyle-parse v1.0.0
Detect Changes	UNKNOWN STEP	2026-05-18T13:36:58.9208383Z ^[[1m^[[92m  Downloaded^[[0m toml v0.9.12+spec-1.1.0
Detect Changes	UNKNOWN STEP	2026-05-18T13:36:58.9249370Z ^[[1m^[[92m  Downloaded^[[0m serde_core v1.0.228
Detect Changes	UNKNOWN STEP	2026-05-18T13:36:58.9277322Z ^[[1m^[[92m  Downloaded^[[0m log v0.4.29
Detect Changes	UNKNOWN STEP	2026-05-18T13:36:58.9304054Z ^[[1m^[[92m  Downloaded^[[0m getrandom v0.4.2
Detect Changes	UNKNOWN STEP	2026-05-18T13:36:58.9342216Z ^[[1m^[[92m  Downloaded^[[0m anstream v1.0.0
Detect Changes	UNKNOWN STEP	2026-05-18T13:36:58.9363322Z ^[[1m^[[92m  Downloaded^[[0m clap v4.6.1
Detect Changes	UNKNOWN STEP	2026-05-18T13:36:58.9460037Z ^[[1m^[[92m  Downloaded^[[0m toml_writer v1.1.1+spec-1.1.0
Detect Changes	UNKNOWN STEP	2026-05-18T13:36:58.9474969Z ^[[1m^[[92m  Downloaded^[[0m toml_datetime v0.7.5+spec-1.1.0
Detect Changes	UNKNOWN STEP	2026-05-18T13:36:58.9488864Z ^[[1m^[[92m  Downloaded^[[0m anstyle-query v1.1.5
Detect Changes	UNKNOWN STEP	2026-05-18T13:36:58.9501815Z ^[[1m^[[92m  Downloaded^[[0m cfg-if v1.0.4
Detect Changes	UNKNOWN STEP	2026-05-18T13:36:58.9516550Z ^[[1m^[[92m  Downloaded^[[0m is_terminal_polyfill v1.70.2
Detect Changes	UNKNOWN STEP	2026-05-18T13:36:58.9527129Z ^[[1m^[[92m  Downloaded^[[0m typenum v1.20.0
Detect Changes	UNKNOWN STEP	2026-05-18T13:36:58.9564548Z ^[[1m^[[92m  Downloaded^[[0m memchr v2.8.0
Detect Changes	UNKNOWN STEP	2026-05-18T13:36:58.9618843Z ^[[1m^[[92m  Downloaded^[[0m regex v1.12.3
Detect Changes	UNKNOWN STEP	2026-05-18T13:36:58.9670983Z ^[[1m^[[92m  Downloaded^[[0m indexmap v2.14.0
Detect Changes	UNKNOWN STEP	2026-05-18T13:36:58.9714830Z ^[[1m^[[92m  Downloaded^[[0m dirs v6.0.0
Detect Changes	UNKNOWN STEP	2026-05-18T13:36:58.9730263Z ^[[1m^[[92m  Downloaded^[[0m pulldown-cmark v0.13.3
Detect Changes	UNKNOWN STEP	2026-05-18T13:36:58.9781009Z ^[[1m^[[92m  Downloaded^[[0m hashbrown v0.17.1
Detect Changes	UNKNOWN STEP	2026-05-18T13:36:58.9832930Z ^[[1m^[[92m  Downloaded^[[0m winnow v1.0.3
Detect Changes	UNKNOWN STEP	2026-05-18T13:36:58.9928009Z ^[[1m^[[92m  Downloaded^[[0m clap_builder v4.6.0
Detect Changes	UNKNOWN STEP	2026-05-18T13:36:58.9990341Z ^[[1m^[[92m  Downloaded^[[0m winnow v0.7.15
Detect Changes	UNKNOWN STEP	2026-05-18T13:36:59.0083868Z ^[[1m^[[92m  Downloaded^[[0m aho-corasick v1.1.4
Detect Changes	UNKNOWN STEP	2026-05-18T13:36:59.0138139Z ^[[1m^[[92m  Downloaded^[[0m shell-words v1.1.1
Detect Changes	UNKNOWN STEP	2026-05-18T13:36:59.0148579Z ^[[1m^[[92m  Downloaded^[[0m option-ext v0.2.0
Detect Changes	UNKNOWN STEP	2026-05-18T13:36:59.0158988Z ^[[1m^[[92m  Downloaded^[[0m serde_spanned v1.1.1
Detect Changes	UNKNOWN STEP	2026-05-18T13:36:59.0171122Z ^[[1m^[[92m  Downloaded^[[0m unicode-width v0.2.2
Detect Changes	UNKNOWN STEP	2026-05-18T13:36:59.0226238Z ^[[1m^[[92m  Downloaded^[[0m cpufeatures v0.2.17
Detect Changes	UNKNOWN STEP	2026-05-18T13:36:59.0243233Z ^[[1m^[[92m  Downloaded^[[0m pulldown-cmark-escape v0.11.0
Detect Changes	UNKNOWN STEP	2026-05-18T13:36:59.0252123Z ^[[1m^[[92m  Downloaded^[[0m colorchoice v1.0.5
Detect Changes	UNKNOWN STEP	2026-05-18T13:36:59.0264516Z ^[[1m^[[92m  Downloaded^[[0m block-buffer v0.10.4
Detect Changes	UNKNOWN STEP	2026-05-18T13:36:59.0276557Z ^[[1m^[[92m  Downloaded^[[0m regex-syntax v0.8.10
Detect Changes	UNKNOWN STEP	2026-05-18T13:36:59.0344486Z ^[[1m^[[92m  Downloaded^[[0m rustix v1.1.4
Detect Changes	UNKNOWN STEP	2026-05-18T13:36:59.0664744Z ^[[1m^[[92m  Downloaded^[[0m regex-automata v0.4.14
Detect Changes	UNKNOWN STEP	2026-05-18T13:36:59.0821516Z ^[[1m^[[92m  Downloaded^[[0m libc v0.2.186
Detect Changes	UNKNOWN STEP	2026-05-18T13:36:59.1210569Z ^[[1m^[[92m  Downloaded^[[0m jiff v0.2.24
Detect Changes	UNKNOWN STEP	2026-05-18T13:36:59.1457978Z ^[[1m^[[92m  Downloaded^[[0m linux-raw-sys v0.12.1
Detect Changes	UNKNOWN STEP	2026-05-18T13:36:59.2508217Z ^[[1m^[[92m   Compiling^[[0m version_check v0.9.5
Detect Changes	UNKNOWN STEP	2026-05-18T13:36:59.2509394Z ^[[1m^[[92m   Compiling^[[0m libc v0.2.186
Detect Changes	UNKNOWN STEP	2026-05-18T13:36:59.2510008Z ^[[1m^[[92m   Compiling^[[0m memchr v2.8.0
Detect Changes	UNKNOWN STEP	2026-05-18T13:36:59.2510497Z ^[[1m^[[92m   Compiling^[[0m serde_core v1.0.228
Detect Changes	UNKNOWN STEP	2026-05-18T13:37:04.3310435Z ^[[1m^[[92m   Compiling^[[0m generic-array v0.14.7
Detect Changes	UNKNOWN STEP	2026-05-18T13:37:05.0439526Z ^[[1m^[[92m   Compiling^[[0m typenum v1.20.0
Detect Changes	UNKNOWN STEP	2026-05-18T13:37:05.5517018Z ^[[1m^[[92m   Compiling^[[0m utf8parse v0.2.2
Detect Changes	UNKNOWN STEP	2026-05-18T13:37:05.6071837Z ^[[1m^[[92m   Compiling^[[0m anstyle-parse v1.0.0
Detect Changes	UNKNOWN STEP	2026-05-18T13:37:05.8111469Z ^[[1m^[[92m   Compiling^[[0m aho-corasick v1.1.4
Detect Changes	UNKNOWN STEP	2026-05-18T13:37:07.9254498Z ^[[1m^[[92m   Compiling^[[0m colorchoice v1.0.5
Detect Changes	UNKNOWN STEP	2026-05-18T13:37:07.9655053Z ^[[1m^[[92m   Compiling^[[0m regex-syntax v0.8.10
Detect Changes	UNKNOWN STEP	2026-05-18T13:37:08.4869719Z ^[[1m^[[92m   Compiling^[[0m is_terminal_polyfill v1.70.2
Detect Changes	UNKNOWN STEP	2026-05-18T13:37:08.5397345Z ^[[1m^[[92m   Compiling^[[0m anstyle-query v1.1.5
Detect Changes	UNKNOWN STEP	2026-05-18T13:37:08.5432987Z ^[[1m^[[92m   Compiling^[[0m anstyle v1.0.14
Detect Changes	UNKNOWN STEP	2026-05-18T13:37:08.7079853Z ^[[1m^[[92m   Compiling^[[0m anstream v1.0.0
Detect Changes	UNKNOWN STEP	2026-05-18T13:37:09.0406289Z ^[[1m^[[92m   Compiling^[[0m rustix v1.1.4
Detect Changes	UNKNOWN STEP	2026-05-18T13:37:09.3224617Z ^[[1m^[[92m   Compiling^[[0m bitflags v2.11.1
Detect Changes	UNKNOWN STEP	2026-05-18T13:37:09.4754988Z ^[[1m^[[92m   Compiling^[[0m cfg-if v1.0.4
Detect Changes	UNKNOWN STEP	2026-05-18T13:37:09.4994396Z ^[[1m^[[92m   Compiling^[[0m getrandom v0.4.2
Detect Changes	UNKNOWN STEP	2026-05-18T13:37:09.6280535Z ^[[1m^[[92m   Compiling^[[0m regex-automata v0.4.14
Detect Changes	UNKNOWN STEP	2026-05-18T13:37:10.1304483Z ^[[1m^[[92m   Compiling^[[0m block-buffer v0.10.4
Detect Changes	UNKNOWN STEP	2026-05-18T13:37:10.2065270Z ^[[1m^[[92m   Compiling^[[0m crypto-common v0.1.7
Detect Changes	UNKNOWN STEP	2026-05-18T13:37:10.2669587Z ^[[1m^[[92m   Compiling^[[0m linux-raw-sys v0.12.1
Detect Changes	UNKNOWN STEP	2026-05-18T13:37:10.5984381Z ^[[1m^[[92m   Compiling^[[0m option-ext v0.2.0
Detect Changes	UNKNOWN STEP	2026-05-18T13:37:10.6325226Z ^[[1m^[[92m   Compiling^[[0m clap_lex v1.1.0
Detect Changes	UNKNOWN STEP	2026-05-18T13:37:10.8339775Z ^[[1m^[[92m   Compiling^[[0m log v0.4.29
Detect Changes	UNKNOWN STEP	2026-05-18T13:37:10.9845115Z ^[[1m^[[92m   Compiling^[[0m pulldown-cmark v0.13.3
Detect Changes	UNKNOWN STEP	2026-05-18T13:37:11.0064723Z ^[[1m^[[92m   Compiling^[[0m strsim v0.11.1
Detect Changes	UNKNOWN STEP	2026-05-18T13:37:11.0626144Z ^[[1m^[[92m   Compiling^[[0m winnow v1.0.3
Detect Changes	UNKNOWN STEP	2026-05-18T13:37:11.4957372Z ^[[1m^[[92m   Compiling^[[0m unicode-width v0.2.2
Detect Changes	UNKNOWN STEP	2026-05-18T13:37:11.5297220Z ^[[1m^[[92m   Compiling^[[0m toml_parser v1.1.2+spec-1.1.0
Detect Changes	UNKNOWN STEP	2026-05-18T13:37:11.6684782Z ^[[1m^[[92m   Compiling^[[0m getopts v0.2.24
Detect Changes	UNKNOWN STEP	2026-05-18T13:37:12.0054386Z ^[[1m^[[92m   Compiling^[[0m regex v1.12.3
Detect Changes	UNKNOWN STEP	2026-05-18T13:37:12.2482126Z ^[[1m^[[92m   Compiling^[[0m clap_builder v4.6.0
Detect Changes	UNKNOWN STEP	2026-05-18T13:37:12.7796478Z ^[[1m^[[92m   Compiling^[[0m env_filter v1.0.1
Detect Changes	UNKNOWN STEP	2026-05-18T13:37:12.8104450Z ^[[1m^[[92m   Compiling^[[0m toml_datetime v0.7.5+spec-1.1.0
Detect Changes	UNKNOWN STEP	2026-05-18T13:37:13.0954558Z ^[[1m^[[92m   Compiling^[[0m serde_spanned v1.1.1
Detect Changes	UNKNOWN STEP	2026-05-18T13:37:13.1734552Z ^[[1m^[[92m   Compiling^[[0m dirs-sys v0.5.0
Detect Changes	UNKNOWN STEP	2026-05-18T13:37:13.4475073Z ^[[1m^[[92m   Compiling^[[0m digest v0.10.7
Detect Changes	UNKNOWN STEP	2026-05-18T13:37:13.6864408Z ^[[1m^[[92m   Compiling^[[0m jiff v0.2.24
Detect Changes	UNKNOWN STEP	2026-05-18T13:37:15.4607076Z ^[[1m^[[92m   Compiling^[[0m cpufeatures v0.2.17
Detect Changes	UNKNOWN STEP	2026-05-18T13:37:15.4914412Z ^[[1m^[[92m   Compiling^[[0m winnow v0.7.15
Detect Changes	UNKNOWN STEP	2026-05-18T13:37:15.7754256Z ^[[1m^[[92m   Compiling^[[0m fastrand v2.4.1
Detect Changes	UNKNOWN STEP	2026-05-18T13:37:15.9583907Z ^[[1m^[[92m   Compiling^[[0m toml_writer v1.1.1+spec-1.1.0
Detect Changes	UNKNOWN STEP	2026-05-18T13:37:16.1274845Z ^[[1m^[[92m   Compiling^[[0m unicase v2.9.0
Detect Changes	UNKNOWN STEP	2026-05-18T13:37:16.2734543Z ^[[1m^[[92m   Compiling^[[0m once_cell v1.21.4
Detect Changes	UNKNOWN STEP	2026-05-18T13:37:16.4214744Z ^[[1m^[[92m   Compiling^[[0m pulldown-cmark-escape v0.11.0
Detect Changes	UNKNOWN STEP	2026-05-18T13:37:17.4094545Z ^[[1m^[[92m   Compiling^[[0m toml v0.9.12+spec-1.1.0
Detect Changes	UNKNOWN STEP	2026-05-18T13:37:18.0226330Z ^[[1m^[[92m   Compiling^[[0m env_logger v0.11.10
Detect Changes	UNKNOWN STEP	2026-05-18T13:37:18.5681539Z ^[[1m^[[92m   Compiling^[[0m tempfile v3.27.0
Detect Changes	UNKNOWN STEP	2026-05-18T13:37:19.1174375Z ^[[1m^[[92m   Compiling^[[0m sha1 v0.10.6
Detect Changes	UNKNOWN STEP	2026-05-18T13:37:19.2118927Z ^[[1m^[[92m   Compiling^[[0m clap v4.6.1
Detect Changes	UNKNOWN STEP	2026-05-18T13:37:19.2409881Z ^[[1m^[[92m   Compiling^[[0m dirs v6.0.0
Detect Changes	UNKNOWN STEP	2026-05-18T13:37:19.3164976Z ^[[1m^[[92m   Compiling^[[0m shell-words v1.1.1
Detect Changes	UNKNOWN STEP	2026-05-18T13:37:19.7268069Z ^[[1m^[[92m   Compiling^[[0m rust-script v0.36.0
Detect Changes	UNKNOWN STEP	2026-05-18T13:37:41.7381392Z ^[[1m^[[92m    Finished^[[0m `release` profile [optimized] target(s) in 45.68s
Detect Changes	UNKNOWN STEP	2026-05-18T13:37:41.7625112Z ^[[1m^[[92m  Installing^[[0m /home/runner/.cargo/bin/rust-script
Detect Changes	UNKNOWN STEP	2026-05-18T13:37:41.7627555Z ^[[1m^[[92m   Installed^[[0m package `rust-script v0.36.0` (executable `rust-script`)
Detect Changes	UNKNOWN STEP	2026-05-18T13:37:41.8119679Z ##[group]Run rust-script rust/scripts/detect-code-changes.rs
Detect Changes	UNKNOWN STEP	2026-05-18T13:37:41.8120131Z ^[[36;1mrust-script rust/scripts/detect-code-changes.rs^[[0m
Detect Changes	UNKNOWN STEP	2026-05-18T13:37:41.8153357Z shell: /usr/bin/bash -e {0}
Detect Changes	UNKNOWN STEP	2026-05-18T13:37:41.8153596Z env:
Detect Changes	UNKNOWN STEP	2026-05-18T13:37:41.8153769Z   CARGO_TERM_COLOR: always
Detect Changes	UNKNOWN STEP	2026-05-18T13:37:41.8153986Z   RUST_BACKTRACE: 1
Detect Changes	UNKNOWN STEP	2026-05-18T13:37:41.8154181Z   RUSTFLAGS: -Dwarnings
Detect Changes	UNKNOWN STEP	2026-05-18T13:37:41.8154671Z   CARGO_REGISTRY_TOKEN: ***
Detect Changes	UNKNOWN STEP	2026-05-18T13:37:41.8154967Z   CARGO_TOKEN: ***
Detect Changes	UNKNOWN STEP	2026-05-18T13:37:41.8155172Z   CARGO_HOME: /home/runner/.cargo
Detect Changes	UNKNOWN STEP	2026-05-18T13:37:41.8155403Z   CARGO_INCREMENTAL: 0
Detect Changes	UNKNOWN STEP	2026-05-18T13:37:41.8155611Z   GITHUB_EVENT_NAME: push
Detect Changes	UNKNOWN STEP	2026-05-18T13:37:41.8155825Z ##[endgroup]
Detect Changes	UNKNOWN STEP	2026-05-18T13:37:50.2287408Z Detecting file changes for CI/CD...
Detect Changes	UNKNOWN STEP	2026-05-18T13:37:50.2287812Z
Detect Changes	UNKNOWN STEP	2026-05-18T13:37:50.2302661Z Merge commit detected (pull_request event)
Detect Changes	UNKNOWN STEP	2026-05-18T13:37:50.2303513Z Comparing HEAD^2^ to HEAD^2 (per-commit diff of PR head)
Detect Changes	UNKNOWN STEP	2026-05-18T13:37:50.2318948Z Changed files:
Detect Changes	UNKNOWN STEP	2026-05-18T13:37:50.2321154Z   js/.changeset/deep-key-compatibility-aliases.md
Detect Changes	UNKNOWN STEP	2026-05-18T13:37:50.2321688Z   js/CHANGELOG.md
Detect Changes	UNKNOWN STEP	2026-05-18T13:37:50.2321955Z   js/package.json
Detect Changes	UNKNOWN STEP	2026-05-18T13:37:50.2322095Z
Detect Changes	UNKNOWN STEP	2026-05-18T13:37:50.2322180Z rs-changed=false
Detect Changes	UNKNOWN STEP	2026-05-18T13:37:50.2322382Z toml-changed=false
Detect Changes	UNKNOWN STEP	2026-05-18T13:37:50.2322572Z mjs-changed=false
Detect Changes	UNKNOWN STEP	2026-05-18T13:37:50.2322761Z docs-changed=true
Detect Changes	UNKNOWN STEP	2026-05-18T13:37:50.2322953Z workflow-changed=false
Detect Changes	UNKNOWN STEP	2026-05-18T13:37:50.2323333Z
Detect Changes	UNKNOWN STEP	2026-05-18T13:37:50.2323532Z Files considered as release-affecting code changes:
Detect Changes	UNKNOWN STEP	2026-05-18T13:37:50.2323837Z   (none)
Detect Changes	UNKNOWN STEP	2026-05-18T13:37:50.2323932Z
Detect Changes	UNKNOWN STEP	2026-05-18T13:37:50.2324322Z any-code-changed=false
Detect Changes	UNKNOWN STEP	2026-05-18T13:37:50.2324466Z
Detect Changes	UNKNOWN STEP	2026-05-18T13:37:50.2324565Z Change detection completed.
Detect Changes	UNKNOWN STEP	2026-05-18T13:37:50.2411286Z Post job cleanup.
Detect Changes	UNKNOWN STEP	2026-05-18T13:37:50.3236397Z [command]/usr/bin/git version
Detect Changes	UNKNOWN STEP	2026-05-18T13:37:50.3276461Z git version 2.54.0
Detect Changes	UNKNOWN STEP	2026-05-18T13:37:50.3349739Z Temporarily overriding HOME='/home/runner/work/_temp/278782f0-016e-4e6b-b7f1-8a445ac058da' before making global git config changes
Detect Changes	UNKNOWN STEP	2026-05-18T13:37:50.3351469Z Adding repository directory to the temporary git global config as a safe directory
Detect Changes	UNKNOWN STEP	2026-05-18T13:37:50.3356236Z [command]/usr/bin/git config --global --add safe.directory /home/runner/work/lino-i18n/lino-i18n
Detect Changes	UNKNOWN STEP	2026-05-18T13:37:50.3387798Z Removing SSH command configuration
Detect Changes	UNKNOWN STEP	2026-05-18T13:37:50.3393910Z [command]/usr/bin/git config --local --name-only --get-regexp core\.sshCommand
Detect Changes	UNKNOWN STEP	2026-05-18T13:37:50.3429442Z [command]/usr/bin/git submodule foreach --recursive sh -c "git config --local --name-only --get-regexp 'core\.sshCommand' && git config --local --unset-all 'core.sshCommand' || :"
Detect Changes	UNKNOWN STEP	2026-05-18T13:37:50.3655418Z Removing HTTP extra header
Detect Changes	UNKNOWN STEP	2026-05-18T13:37:50.3660576Z [command]/usr/bin/git config --local --name-only --get-regexp http\.https\:\/\/github\.com\/\.extraheader
Detect Changes	UNKNOWN STEP	2026-05-18T13:37:50.3693332Z [command]/usr/bin/git submodule foreach --recursive sh -c "git config --local --name-only --get-regexp 'http\.https\:\/\/github\.com\/\.extraheader' && git config --local --unset-all 'http.https://github.com/.extraheader' || :"
Detect Changes	UNKNOWN STEP	2026-05-18T13:37:50.3903332Z Removing includeIf entries pointing to credentials config files
Detect Changes	UNKNOWN STEP	2026-05-18T13:37:50.3909394Z [command]/usr/bin/git config --local --name-only --get-regexp ^includeIf\.gitdir:
Detect Changes	UNKNOWN STEP	2026-05-18T13:37:50.3935343Z includeif.gitdir:/home/runner/work/lino-i18n/lino-i18n/.git.path
Detect Changes	UNKNOWN STEP	2026-05-18T13:37:50.3936355Z includeif.gitdir:/home/runner/work/lino-i18n/lino-i18n/.git/worktrees/*.path
Detect Changes	UNKNOWN STEP	2026-05-18T13:37:50.3937163Z includeif.gitdir:/github/workspace/.git.path
Detect Changes	UNKNOWN STEP	2026-05-18T13:37:50.3937821Z includeif.gitdir:/github/workspace/.git/worktrees/*.path
Detect Changes	UNKNOWN STEP	2026-05-18T13:37:50.3945333Z [command]/usr/bin/git config --local --get-all includeif.gitdir:/home/runner/work/lino-i18n/lino-i18n/.git.path
Detect Changes	UNKNOWN STEP	2026-05-18T13:37:50.3965905Z /home/runner/work/_temp/git-credentials-a16857fc-944a-479c-89ff-80703fdf8c96.config
Detect Changes	UNKNOWN STEP	2026-05-18T13:37:50.3976110Z [command]/usr/bin/git config --local --unset includeif.gitdir:/home/runner/work/lino-i18n/lino-i18n/.git.path /home/runner/work/_temp/git-credentials-a16857fc-944a-479c-89ff-80703fdf8c96.config
Detect Changes	UNKNOWN STEP	2026-05-18T13:37:50.4010697Z [command]/usr/bin/git config --local --get-all includeif.gitdir:/home/runner/work/lino-i18n/lino-i18n/.git/worktrees/*.path
Detect Changes	UNKNOWN STEP	2026-05-18T13:37:50.4031577Z /home/runner/work/_temp/git-credentials-a16857fc-944a-479c-89ff-80703fdf8c96.config
Detect Changes	UNKNOWN STEP	2026-05-18T13:37:50.4040998Z [command]/usr/bin/git config --local --unset includeif.gitdir:/home/runner/work/lino-i18n/lino-i18n/.git/worktrees/*.path /home/runner/work/_temp/git-credentials-a16857fc-944a-479c-89ff-80703fdf8c96.config
Detect Changes	UNKNOWN STEP	2026-05-18T13:37:50.4072092Z [command]/usr/bin/git config --local --get-all includeif.gitdir:/github/workspace/.git.path
Detect Changes	UNKNOWN STEP	2026-05-18T13:37:50.4093018Z /github/runner_temp/git-credentials-a16857fc-944a-479c-89ff-80703fdf8c96.config
Detect Changes	UNKNOWN STEP	2026-05-18T13:37:50.4100815Z [command]/usr/bin/git config --local --unset includeif.gitdir:/github/workspace/.git.path /github/runner_temp/git-credentials-a16857fc-944a-479c-89ff-80703fdf8c96.config
Detect Changes	UNKNOWN STEP	2026-05-18T13:37:50.4129485Z [command]/usr/bin/git config --local --get-all includeif.gitdir:/github/workspace/.git/worktrees/*.path
Detect Changes	UNKNOWN STEP	2026-05-18T13:37:50.4149418Z /github/runner_temp/git-credentials-a16857fc-944a-479c-89ff-80703fdf8c96.config
Detect Changes	UNKNOWN STEP	2026-05-18T13:37:50.4160704Z [command]/usr/bin/git config --local --unset includeif.gitdir:/github/workspace/.git/worktrees/*.path /github/runner_temp/git-credentials-a16857fc-944a-479c-89ff-80703fdf8c96.config
Detect Changes	UNKNOWN STEP	2026-05-18T13:37:50.4203670Z [command]/usr/bin/git submodule foreach --recursive git config --local --show-origin --name-only --get-regexp remote.origin.url
Detect Changes	UNKNOWN STEP	2026-05-18T13:37:50.4476209Z Removing credentials config '/home/runner/work/_temp/git-credentials-a16857fc-944a-479c-89ff-80703fdf8c96.config'
Detect Changes	UNKNOWN STEP	2026-05-18T13:37:50.4653426Z Evaluate and set job outputs
Detect Changes	UNKNOWN STEP	2026-05-18T13:37:50.4659270Z Set output 'rs-changed'
Detect Changes	UNKNOWN STEP	2026-05-18T13:37:50.4661055Z Set output 'toml-changed'
Detect Changes	UNKNOWN STEP	2026-05-18T13:37:50.4661811Z Set output 'docs-changed'
Detect Changes	UNKNOWN STEP	2026-05-18T13:37:50.4662121Z Set output 'workflow-changed'
Detect Changes	UNKNOWN STEP	2026-05-18T13:37:50.4662638Z Set output 'any-code-changed'
Detect Changes	UNKNOWN STEP	2026-05-18T13:37:50.4663629Z Cleaning up orphan processes
Lint and Format Check	UNKNOWN STEP	﻿2026-05-18T13:37:56.6707426Z Current runner version: '2.334.0'
Lint and Format Check	UNKNOWN STEP	2026-05-18T13:37:56.6733368Z ##[group]Runner Image Provisioner
Lint and Format Check	UNKNOWN STEP	2026-05-18T13:37:56.6734181Z Hosted Compute Agent
Lint and Format Check	UNKNOWN STEP	2026-05-18T13:37:56.6734659Z Version: 20260213.493
Lint and Format Check	UNKNOWN STEP	2026-05-18T13:37:56.6735225Z Commit: 5c115507f6dd24b8de37d8bbe0bb4509d0cc0fa3
Lint and Format Check	UNKNOWN STEP	2026-05-18T13:37:56.6735887Z Build Date: 2026-02-13T00:28:41Z
Lint and Format Check	UNKNOWN STEP	2026-05-18T13:37:56.6736481Z Worker ID: {a161dc41-6baf-4e5d-9916-3794507df1a8}
Lint and Format Check	UNKNOWN STEP	2026-05-18T13:37:56.6737141Z Azure Region: northcentralus
Lint and Format Check	UNKNOWN STEP	2026-05-18T13:37:56.6737663Z ##[endgroup]
Lint and Format Check	UNKNOWN STEP	2026-05-18T13:37:56.6739005Z ##[group]Operating System
Lint and Format Check	UNKNOWN STEP	2026-05-18T13:37:56.6739568Z Ubuntu
Lint and Format Check	UNKNOWN STEP	2026-05-18T13:37:56.6740010Z 24.04.4
Lint and Format Check	UNKNOWN STEP	2026-05-18T13:37:56.6740489Z LTS
Lint and Format Check	UNKNOWN STEP	2026-05-18T13:37:56.6740889Z ##[endgroup]
Lint and Format Check	UNKNOWN STEP	2026-05-18T13:37:56.6741663Z ##[group]Runner Image
Lint and Format Check	UNKNOWN STEP	2026-05-18T13:37:56.6742204Z Image: ubuntu-24.04
Lint and Format Check	UNKNOWN STEP	2026-05-18T13:37:56.6742783Z Version: 20260513.135.3
Lint and Format Check	UNKNOWN STEP	2026-05-18T13:37:56.6743988Z Included Software: https://github.com/actions/runner-images/blob/ubuntu24/20260513.135/images/ubuntu/Ubuntu2404-Readme.md
Lint and Format Check	UNKNOWN STEP	2026-05-18T13:37:56.6745269Z Image Release: https://github.com/actions/runner-images/releases/tag/ubuntu24%2F20260513.135
Lint and Format Check	UNKNOWN STEP	2026-05-18T13:37:56.6746080Z ##[endgroup]
Lint and Format Check	UNKNOWN STEP	2026-05-18T13:37:56.6747166Z ##[group]GITHUB_TOKEN Permissions
Lint and Format Check	UNKNOWN STEP	2026-05-18T13:37:56.6749711Z Contents: write
Lint and Format Check	UNKNOWN STEP	2026-05-18T13:37:56.6750222Z Metadata: read
Lint and Format Check	UNKNOWN STEP	2026-05-18T13:37:56.6750728Z Pages: write
Lint and Format Check	UNKNOWN STEP	2026-05-18T13:37:56.6751211Z PullRequests: write
Lint and Format Check	UNKNOWN STEP	2026-05-18T13:37:56.6751670Z ##[endgroup]
Lint and Format Check	UNKNOWN STEP	2026-05-18T13:37:56.6753812Z Secret source: Actions
Lint and Format Check	UNKNOWN STEP	2026-05-18T13:37:56.6754792Z Prepare workflow directory
Lint and Format Check	UNKNOWN STEP	2026-05-18T13:37:56.7246054Z Prepare all required actions
Lint and Format Check	UNKNOWN STEP	2026-05-18T13:37:56.7282892Z Getting action download info
Lint and Format Check	UNKNOWN STEP	2026-05-18T13:37:57.2805375Z Download action repository 'actions/checkout@v6' (SHA:de0fac2e4500dabe0009e67214ff5f5447ce83dd)
Lint and Format Check	UNKNOWN STEP	2026-05-18T13:37:57.3982261Z Download action repository 'dtolnay/rust-toolchain@stable' (SHA:29eef336d9b2848a0b548edc03f92a220660cdb8)
Lint and Format Check	UNKNOWN STEP	2026-05-18T13:37:57.5739703Z Download action repository 'Swatinem/rust-cache@v2' (SHA:e18b497796c12c097a38f9edb9d0641fb99eee32)
Lint and Format Check	UNKNOWN STEP	2026-05-18T13:37:58.2194204Z Complete job name: Lint and Format Check
Lint and Format Check	UNKNOWN STEP	2026-05-18T13:37:58.3108013Z ##[group]Run actions/checkout@v6
Lint and Format Check	UNKNOWN STEP	2026-05-18T13:37:58.3109321Z with:
Lint and Format Check	UNKNOWN STEP	2026-05-18T13:37:58.3110128Z   repository: link-foundation/lino-i18n
Lint and Format Check	UNKNOWN STEP	2026-05-18T13:37:58.3111511Z   token: ***
Lint and Format Check	UNKNOWN STEP	2026-05-18T13:37:58.3112235Z   ssh-strict: true
Lint and Format Check	UNKNOWN STEP	2026-05-18T13:37:58.3113151Z   ssh-user: git
Lint and Format Check	UNKNOWN STEP	2026-05-18T13:37:58.3113928Z   persist-credentials: true
Lint and Format Check	UNKNOWN STEP	2026-05-18T13:37:58.3114791Z   clean: true
Lint and Format Check	UNKNOWN STEP	2026-05-18T13:37:58.3115805Z   sparse-checkout-cone-mode: true
Lint and Format Check	UNKNOWN STEP	2026-05-18T13:37:58.3116723Z   fetch-depth: 1
Lint and Format Check	UNKNOWN STEP	2026-05-18T13:37:58.3117494Z   fetch-tags: false
Lint and Format Check	UNKNOWN STEP	2026-05-18T13:37:58.3118294Z   show-progress: true
Lint and Format Check	UNKNOWN STEP	2026-05-18T13:37:58.3119079Z   lfs: false
Lint and Format Check	UNKNOWN STEP	2026-05-18T13:37:58.3119796Z   submodules: false
Lint and Format Check	UNKNOWN STEP	2026-05-18T13:37:58.3120593Z   set-safe-directory: true
Lint and Format Check	UNKNOWN STEP	2026-05-18T13:37:58.3121733Z env:
Lint and Format Check	UNKNOWN STEP	2026-05-18T13:37:58.3122525Z   CARGO_TERM_COLOR: always
Lint and Format Check	UNKNOWN STEP	2026-05-18T13:37:58.3123366Z   RUST_BACKTRACE: 1
Lint and Format Check	UNKNOWN STEP	2026-05-18T13:37:58.3124185Z   RUSTFLAGS: -Dwarnings
Lint and Format Check	UNKNOWN STEP	2026-05-18T13:37:58.3125350Z   CARGO_REGISTRY_TOKEN: ***
Lint and Format Check	UNKNOWN STEP	2026-05-18T13:37:58.3126452Z   CARGO_TOKEN: ***
Lint and Format Check	UNKNOWN STEP	2026-05-18T13:37:58.3127200Z ##[endgroup]
Lint and Format Check	UNKNOWN STEP	2026-05-18T13:37:58.4230318Z Syncing repository: link-foundation/lino-i18n
Lint and Format Check	UNKNOWN STEP	2026-05-18T13:37:58.4233272Z ##[group]Getting Git version info
Lint and Format Check	UNKNOWN STEP	2026-05-18T13:37:58.4234524Z Working directory is '/home/runner/work/lino-i18n/lino-i18n'
Lint and Format Check	UNKNOWN STEP	2026-05-18T13:37:58.4236494Z [command]/usr/bin/git version
Lint and Format Check	UNKNOWN STEP	2026-05-18T13:37:58.4291751Z git version 2.54.0
Lint and Format Check	UNKNOWN STEP	2026-05-18T13:37:58.4316181Z ##[endgroup]
Lint and Format Check	UNKNOWN STEP	2026-05-18T13:37:58.4331148Z Temporarily overriding HOME='/home/runner/work/_temp/033f2229-15da-4c8d-bfb5-44c0cc0a36fb' before making global git config changes
Lint and Format Check	UNKNOWN STEP	2026-05-18T13:37:58.4334281Z Adding repository directory to the temporary git global config as a safe directory
Lint and Format Check	UNKNOWN STEP	2026-05-18T13:37:58.4336639Z [command]/usr/bin/git config --global --add safe.directory /home/runner/work/lino-i18n/lino-i18n
Lint and Format Check	UNKNOWN STEP	2026-05-18T13:37:58.4376977Z Deleting the contents of '/home/runner/work/lino-i18n/lino-i18n'
Lint and Format Check	UNKNOWN STEP	2026-05-18T13:37:58.4381126Z ##[group]Initializing the repository
Lint and Format Check	UNKNOWN STEP	2026-05-18T13:37:58.4386312Z [command]/usr/bin/git init /home/runner/work/lino-i18n/lino-i18n
Lint and Format Check	UNKNOWN STEP	2026-05-18T13:37:58.4465644Z hint: Using 'master' as the name for the initial branch. This default branch name
Lint and Format Check	UNKNOWN STEP	2026-05-18T13:37:58.4467454Z hint: will change to "main" in Git 3.0. To configure the initial branch name
Lint and Format Check	UNKNOWN STEP	2026-05-18T13:37:58.4469217Z hint: to use in all of your new repositories, which will suppress this warning,
Lint and Format Check	UNKNOWN STEP	2026-05-18T13:37:58.4470801Z hint: call:
Lint and Format Check	UNKNOWN STEP	2026-05-18T13:37:58.4471762Z hint:
Lint and Format Check	UNKNOWN STEP	2026-05-18T13:37:58.4473299Z hint: 	git config --global init.defaultBranch <name>
Lint and Format Check	UNKNOWN STEP	2026-05-18T13:37:58.4475021Z hint:
Lint and Format Check	UNKNOWN STEP	2026-05-18T13:37:58.4476605Z hint: Names commonly chosen instead of 'master' are 'main', 'trunk' and
Lint and Format Check	UNKNOWN STEP	2026-05-18T13:37:58.4479332Z hint: 'development'. The just-created branch can be renamed via this command:
Lint and Format Check	UNKNOWN STEP	2026-05-18T13:37:58.4481463Z hint:
Lint and Format Check	UNKNOWN STEP	2026-05-18T13:37:58.4482796Z hint: 	git branch -m <name>
Lint and Format Check	UNKNOWN STEP	2026-05-18T13:37:58.4484301Z hint:
Lint and Format Check	UNKNOWN STEP	2026-05-18T13:37:58.4486110Z hint: Disable this message with "git config set advice.defaultBranchName false"
Lint and Format Check	UNKNOWN STEP	2026-05-18T13:37:58.4489034Z Initialized empty Git repository in /home/runner/work/lino-i18n/lino-i18n/.git/
Lint and Format Check	UNKNOWN STEP	2026-05-18T13:37:58.4493148Z [command]/usr/bin/git remote add origin https://github.com/link-foundation/lino-i18n
Lint and Format Check	UNKNOWN STEP	2026-05-18T13:37:58.4524726Z ##[endgroup]
Lint and Format Check	UNKNOWN STEP	2026-05-18T13:37:58.4526821Z ##[group]Disabling automatic garbage collection
Lint and Format Check	UNKNOWN STEP	2026-05-18T13:37:58.4528787Z [command]/usr/bin/git config --local gc.auto 0
Lint and Format Check	UNKNOWN STEP	2026-05-18T13:37:58.4554985Z ##[endgroup]
Lint and Format Check	UNKNOWN STEP	2026-05-18T13:37:58.4556950Z ##[group]Setting up auth
Lint and Format Check	UNKNOWN STEP	2026-05-18T13:37:58.4558547Z Removing SSH command configuration
Lint and Format Check	UNKNOWN STEP	2026-05-18T13:37:58.4563087Z [command]/usr/bin/git config --local --name-only --get-regexp core\.sshCommand
Lint and Format Check	UNKNOWN STEP	2026-05-18T13:37:58.4593936Z [command]/usr/bin/git submodule foreach --recursive sh -c "git config --local --name-only --get-regexp 'core\.sshCommand' && git config --local --unset-all 'core.sshCommand' || :"
Lint and Format Check	UNKNOWN STEP	2026-05-18T13:37:58.4873242Z Removing HTTP extra header
Lint and Format Check	UNKNOWN STEP	2026-05-18T13:37:58.4880684Z [command]/usr/bin/git config --local --name-only --get-regexp http\.https\:\/\/github\.com\/\.extraheader
Lint and Format Check	UNKNOWN STEP	2026-05-18T13:37:58.4907728Z [command]/usr/bin/git submodule foreach --recursive sh -c "git config --local --name-only --get-regexp 'http\.https\:\/\/github\.com\/\.extraheader' && git config --local --unset-all 'http.https://github.com/.extraheader' || :"
Lint and Format Check	UNKNOWN STEP	2026-05-18T13:37:58.5078092Z Removing includeIf entries pointing to credentials config files
Lint and Format Check	UNKNOWN STEP	2026-05-18T13:37:58.5083736Z [command]/usr/bin/git config --local --name-only --get-regexp ^includeIf\.gitdir:
Lint and Format Check	UNKNOWN STEP	2026-05-18T13:37:58.5109638Z [command]/usr/bin/git submodule foreach --recursive git config --local --show-origin --name-only --get-regexp remote.origin.url
Lint and Format Check	UNKNOWN STEP	2026-05-18T13:37:58.5285957Z [command]/usr/bin/git config --file /home/runner/work/_temp/git-credentials-ab642474-92a7-40bc-bb9b-9d6c39426dfa.config http.https://github.com/.extraheader AUTHORIZATION: basic ***
Lint and Format Check	UNKNOWN STEP	2026-05-18T13:37:58.5317122Z [command]/usr/bin/git config --local includeIf.gitdir:/home/runner/work/lino-i18n/lino-i18n/.git.path /home/runner/work/_temp/git-credentials-ab642474-92a7-40bc-bb9b-9d6c39426dfa.config
Lint and Format Check	UNKNOWN STEP	2026-05-18T13:37:58.5340013Z [command]/usr/bin/git config --local includeIf.gitdir:/home/runner/work/lino-i18n/lino-i18n/.git/worktrees/*.path /home/runner/work/_temp/git-credentials-ab642474-92a7-40bc-bb9b-9d6c39426dfa.config
Lint and Format Check	UNKNOWN STEP	2026-05-18T13:37:58.5365745Z [command]/usr/bin/git config --local includeIf.gitdir:/github/workspace/.git.path /github/runner_temp/git-credentials-ab642474-92a7-40bc-bb9b-9d6c39426dfa.config
Lint and Format Check	UNKNOWN STEP	2026-05-18T13:37:58.5439120Z [command]/usr/bin/git config --local includeIf.gitdir:/github/workspace/.git/worktrees/*.path /github/runner_temp/git-credentials-ab642474-92a7-40bc-bb9b-9d6c39426dfa.config
Lint and Format Check	UNKNOWN STEP	2026-05-18T13:37:58.5463489Z ##[endgroup]
Lint and Format Check	UNKNOWN STEP	2026-05-18T13:37:58.5464810Z ##[group]Fetching the repository
Lint and Format Check	UNKNOWN STEP	2026-05-18T13:37:58.5471628Z [command]/usr/bin/git -c protocol.version=2 fetch --no-tags --prune --no-recurse-submodules --depth=1 origin +8910b98b665a650690c0d9e9188bbf6bec1e9d2c:refs/remotes/origin/main
Lint and Format Check	UNKNOWN STEP	2026-05-18T13:37:59.2002147Z From https://github.com/link-foundation/lino-i18n
Lint and Format Check	UNKNOWN STEP	2026-05-18T13:37:59.2006181Z  * [new ref]         8910b98b665a650690c0d9e9188bbf6bec1e9d2c -> origin/main
Lint and Format Check	UNKNOWN STEP	2026-05-18T13:37:59.2039050Z [command]/usr/bin/git branch --list --remote origin/main
Lint and Format Check	UNKNOWN STEP	2026-05-18T13:37:59.2063080Z   origin/main
Lint and Format Check	UNKNOWN STEP	2026-05-18T13:37:59.2072725Z [command]/usr/bin/git rev-parse refs/remotes/origin/main
Lint and Format Check	UNKNOWN STEP	2026-05-18T13:37:59.2095557Z 8910b98b665a650690c0d9e9188bbf6bec1e9d2c
Lint and Format Check	UNKNOWN STEP	2026-05-18T13:37:59.2099153Z ##[endgroup]
Lint and Format Check	UNKNOWN STEP	2026-05-18T13:37:59.2100439Z ##[group]Determining the checkout info
Lint and Format Check	UNKNOWN STEP	2026-05-18T13:37:59.2101794Z ##[endgroup]
Lint and Format Check	UNKNOWN STEP	2026-05-18T13:37:59.2104064Z [command]/usr/bin/git sparse-checkout disable
Lint and Format Check	UNKNOWN STEP	2026-05-18T13:37:59.2141308Z [command]/usr/bin/git config --local --unset-all extensions.worktreeConfig
Lint and Format Check	UNKNOWN STEP	2026-05-18T13:37:59.2163294Z ##[group]Checking out the ref
Lint and Format Check	UNKNOWN STEP	2026-05-18T13:37:59.2166396Z [command]/usr/bin/git checkout --progress --force -B main refs/remotes/origin/main
Lint and Format Check	UNKNOWN STEP	2026-05-18T13:37:59.2665537Z Switched to a new branch 'main'
Lint and Format Check	UNKNOWN STEP	2026-05-18T13:37:59.2667004Z branch 'main' set up to track 'origin/main'.
Lint and Format Check	UNKNOWN STEP	2026-05-18T13:37:59.2671801Z ##[endgroup]
Lint and Format Check	UNKNOWN STEP	2026-05-18T13:37:59.2714684Z [command]/usr/bin/git log -1 --format=%H
Lint and Format Check	UNKNOWN STEP	2026-05-18T13:37:59.2736488Z 8910b98b665a650690c0d9e9188bbf6bec1e9d2c
Lint and Format Check	UNKNOWN STEP	2026-05-18T13:37:59.3210420Z ##[group]Run dtolnay/rust-toolchain@stable
Lint and Format Check	UNKNOWN STEP	2026-05-18T13:37:59.3211367Z with:
Lint and Format Check	UNKNOWN STEP	2026-05-18T13:37:59.3212022Z   components: rustfmt, clippy
Lint and Format Check	UNKNOWN STEP	2026-05-18T13:37:59.3212956Z   toolchain: stable
Lint and Format Check	UNKNOWN STEP	2026-05-18T13:37:59.3213642Z env:
Lint and Format Check	UNKNOWN STEP	2026-05-18T13:37:59.3214280Z   CARGO_TERM_COLOR: always
Lint and Format Check	UNKNOWN STEP	2026-05-18T13:37:59.3215051Z   RUST_BACKTRACE: 1
Lint and Format Check	UNKNOWN STEP	2026-05-18T13:37:59.3215750Z   RUSTFLAGS: -Dwarnings
Lint and Format Check	UNKNOWN STEP	2026-05-18T13:37:59.3216898Z   CARGO_REGISTRY_TOKEN: ***
Lint and Format Check	UNKNOWN STEP	2026-05-18T13:37:59.3217842Z   CARGO_TOKEN: ***
Lint and Format Check	UNKNOWN STEP	2026-05-18T13:37:59.3218528Z ##[endgroup]
Lint and Format Check	UNKNOWN STEP	2026-05-18T13:37:59.3364674Z ##[group]Run : parse toolchain version
Lint and Format Check	UNKNOWN STEP	2026-05-18T13:37:59.3365923Z ^[[36;1m: parse toolchain version^[[0m
Lint and Format Check	UNKNOWN STEP	2026-05-18T13:37:59.3366912Z ^[[36;1mif [[ -z $toolchain ]]; then^[[0m
Lint and Format Check	UNKNOWN STEP	2026-05-18T13:37:59.3368475Z ^[[36;1m  # GitHub does not enforce `required: true` inputs itself. https://github.com/actions/runner/issues/1070^[[0m
Lint and Format Check	UNKNOWN STEP	2026-05-18T13:37:59.3370142Z ^[[36;1m  echo "'toolchain' is a required input" >&2^[[0m
Lint and Format Check	UNKNOWN STEP	2026-05-18T13:37:59.3371155Z ^[[36;1m  exit 1^[[0m
Lint and Format Check	UNKNOWN STEP	2026-05-18T13:37:59.3372217Z ^[[36;1melif [[ $toolchain =~ ^stable' '[0-9]+' '(year|month|week|day)s?' 'ago$ ]]; then^[[0m
Lint and Format Check	UNKNOWN STEP	2026-05-18T13:37:59.3373607Z ^[[36;1m  if [[ Linux == macOS ]]; then^[[0m
Lint and Format Check	UNKNOWN STEP	2026-05-18T13:37:59.3375205Z ^[[36;1m    echo "toolchain=1.$((($(date -v-$(sed 's/stable \([0-9]*\) \(.\).*/\1\2/' <<< $toolchain) +%s)/60/60/24-16569)/7/6))" >> $GITHUB_OUTPUT^[[0m
Lint and Format Check	UNKNOWN STEP	2026-05-18T13:37:59.3376769Z ^[[36;1m  else^[[0m
Lint and Format Check	UNKNOWN STEP	2026-05-18T13:37:59.3378020Z ^[[36;1m    echo "toolchain=1.$((($(date --date "${toolchain#stable }" +%s)/60/60/24-16569)/7/6))" >> $GITHUB_OUTPUT^[[0m
Lint and Format Check	UNKNOWN STEP	2026-05-18T13:37:59.3379461Z ^[[36;1m  fi^[[0m
Lint and Format Check	UNKNOWN STEP	2026-05-18T13:37:59.3380420Z ^[[36;1melif [[ $toolchain =~ ^stable' 'minus' '[0-9]+' 'releases?$ ]]; then^[[0m
Lint and Format Check	UNKNOWN STEP	2026-05-18T13:37:59.3382048Z ^[[36;1m  echo "toolchain=1.$((($(date +%s)/60/60/24-16569)/7/6-${toolchain//[^0-9]/}))" >> $GITHUB_OUTPUT^[[0m
Lint and Format Check	UNKNOWN STEP	2026-05-18T13:37:59.3383611Z ^[[36;1melif [[ $toolchain =~ ^1\.[0-9]+$ ]]; then^[[0m
Lint and Format Check	UNKNOWN STEP	2026-05-18T13:37:59.3385243Z ^[[36;1m  echo "toolchain=1.$((i=${toolchain#1.}, c=($(date +%s)/60/60/24-16569)/7/6, i+9*i*(10*i<=c)+90*i*(100*i<=c)))" >> $GITHUB_OUTPUT^[[0m
Lint and Format Check	UNKNOWN STEP	2026-05-18T13:37:59.3386803Z ^[[36;1melse^[[0m
Lint and Format Check	UNKNOWN STEP	2026-05-18T13:37:59.3387632Z ^[[36;1m  echo "toolchain=$toolchain" >> $GITHUB_OUTPUT^[[0m
Lint and Format Check	UNKNOWN STEP	2026-05-18T13:37:59.3388596Z ^[[36;1mfi^[[0m
Lint and Format Check	UNKNOWN STEP	2026-05-18T13:37:59.3424210Z shell: /usr/bin/bash --noprofile --norc -e -o pipefail {0}
Lint and Format Check	UNKNOWN STEP	2026-05-18T13:37:59.3425783Z env:
Lint and Format Check	UNKNOWN STEP	2026-05-18T13:37:59.3426910Z   CARGO_TERM_COLOR: always
Lint and Format Check	UNKNOWN STEP	2026-05-18T13:37:59.3428261Z   RUST_BACKTRACE: 1
Lint and Format Check	UNKNOWN STEP	2026-05-18T13:37:59.3429502Z   RUSTFLAGS: -Dwarnings
Lint and Format Check	UNKNOWN STEP	2026-05-18T13:37:59.3431427Z   CARGO_REGISTRY_TOKEN: ***
Lint and Format Check	UNKNOWN STEP	2026-05-18T13:37:59.3433248Z   CARGO_TOKEN: ***
Lint and Format Check	UNKNOWN STEP	2026-05-18T13:37:59.3434489Z   toolchain: stable
Lint and Format Check	UNKNOWN STEP	2026-05-18T13:37:59.3435469Z ##[endgroup]
Lint and Format Check	UNKNOWN STEP	2026-05-18T13:37:59.3666315Z ##[group]Run : construct rustup command line
Lint and Format Check	UNKNOWN STEP	2026-05-18T13:37:59.3667353Z ^[[36;1m: construct rustup command line^[[0m
Lint and Format Check	UNKNOWN STEP	2026-05-18T13:37:59.3668759Z ^[[36;1mecho "targets=$(for t in ${targets//,/ }; do echo -n ' --target' $t; done)" >> $GITHUB_OUTPUT^[[0m
Lint and Format Check	UNKNOWN STEP	2026-05-18T13:37:59.3670669Z ^[[36;1mecho "components=$(for c in ${components//,/ }; do echo -n ' --component' $c; done)" >> $GITHUB_OUTPUT^[[0m
Lint and Format Check	UNKNOWN STEP	2026-05-18T13:37:59.3672193Z ^[[36;1mecho "downgrade=" >> $GITHUB_OUTPUT^[[0m
Lint and Format Check	UNKNOWN STEP	2026-05-18T13:37:59.3699552Z shell: /usr/bin/bash --noprofile --norc -e -o pipefail {0}
Lint and Format Check	UNKNOWN STEP	2026-05-18T13:37:59.3700590Z env:
Lint and Format Check	UNKNOWN STEP	2026-05-18T13:37:59.3701239Z   CARGO_TERM_COLOR: always
Lint and Format Check	UNKNOWN STEP	2026-05-18T13:37:59.3702100Z   RUST_BACKTRACE: 1
Lint and Format Check	UNKNOWN STEP	2026-05-18T13:37:59.3703012Z   RUSTFLAGS: -Dwarnings
Lint and Format Check	UNKNOWN STEP	2026-05-18T13:37:59.3704103Z   CARGO_REGISTRY_TOKEN: ***
Lint and Format Check	UNKNOWN STEP	2026-05-18T13:37:59.3705061Z   CARGO_TOKEN: ***
Lint and Format Check	UNKNOWN STEP	2026-05-18T13:37:59.3705728Z   targets:
Lint and Format Check	UNKNOWN STEP	2026-05-18T13:37:59.3706438Z   components: rustfmt, clippy
Lint and Format Check	UNKNOWN STEP	2026-05-18T13:37:59.3707272Z ##[endgroup]
Lint and Format Check	UNKNOWN STEP	2026-05-18T13:37:59.3829931Z ##[group]Run : set $CARGO_HOME
Lint and Format Check	UNKNOWN STEP	2026-05-18T13:37:59.3831241Z ^[[36;1m: set $CARGO_HOME^[[0m
Lint and Format Check	UNKNOWN STEP	2026-05-18T13:37:59.3833192Z ^[[36;1mecho CARGO_HOME=${CARGO_HOME:-"$HOME/.cargo"} >> $GITHUB_ENV^[[0m
Lint and Format Check	UNKNOWN STEP	2026-05-18T13:37:59.3870387Z shell: /usr/bin/bash --noprofile --norc -e -o pipefail {0}
Lint and Format Check	UNKNOWN STEP	2026-05-18T13:37:59.3872196Z env:
Lint and Format Check	UNKNOWN STEP	2026-05-18T13:37:59.3873393Z   CARGO_TERM_COLOR: always
Lint and Format Check	UNKNOWN STEP	2026-05-18T13:37:59.3874721Z   RUST_BACKTRACE: 1
Lint and Format Check	UNKNOWN STEP	2026-05-18T13:37:59.3875931Z   RUSTFLAGS: -Dwarnings
Lint and Format Check	UNKNOWN STEP	2026-05-18T13:37:59.3877704Z   CARGO_REGISTRY_TOKEN: ***
Lint and Format Check	UNKNOWN STEP	2026-05-18T13:37:59.3878716Z   CARGO_TOKEN: ***
Lint and Format Check	UNKNOWN STEP	2026-05-18T13:37:59.3879409Z ##[endgroup]
Lint and Format Check	UNKNOWN STEP	2026-05-18T13:37:59.4010983Z ##[group]Run : install rustup if needed
Lint and Format Check	UNKNOWN STEP	2026-05-18T13:37:59.4012384Z ^[[36;1m: install rustup if needed^[[0m
Lint and Format Check	UNKNOWN STEP	2026-05-18T13:37:59.4013880Z ^[[36;1mif ! command -v rustup &>/dev/null; then^[[0m
Lint and Format Check	UNKNOWN STEP	2026-05-18T13:37:59.4016671Z ^[[36;1m  curl --proto '=https' --tlsv1.2 --retry 10 --retry-connrefused --location --silent --show-error --fail https://sh.rustup.rs | sh -s -- --default-toolchain none -y^[[0m
Lint and Format Check	UNKNOWN STEP	2026-05-18T13:37:59.4019763Z ^[[36;1m  echo "$CARGO_HOME/bin" >> $GITHUB_PATH^[[0m
Lint and Format Check	UNKNOWN STEP	2026-05-18T13:37:59.4020683Z ^[[36;1mfi^[[0m
Lint and Format Check	UNKNOWN STEP	2026-05-18T13:37:59.4050810Z shell: /usr/bin/bash --noprofile --norc -e -o pipefail {0}
Lint and Format Check	UNKNOWN STEP	2026-05-18T13:37:59.4052534Z env:
Lint and Format Check	UNKNOWN STEP	2026-05-18T13:37:59.4053403Z   CARGO_TERM_COLOR: always
Lint and Format Check	UNKNOWN STEP	2026-05-18T13:37:59.4054390Z   RUST_BACKTRACE: 1
Lint and Format Check	UNKNOWN STEP	2026-05-18T13:37:59.4055529Z   RUSTFLAGS: -Dwarnings
Lint and Format Check	UNKNOWN STEP	2026-05-18T13:37:59.4056837Z   CARGO_REGISTRY_TOKEN: ***
Lint and Format Check	UNKNOWN STEP	2026-05-18T13:37:59.4057774Z   CARGO_TOKEN: ***
Lint and Format Check	UNKNOWN STEP	2026-05-18T13:37:59.4058828Z   CARGO_HOME: /home/runner/.cargo
Lint and Format Check	UNKNOWN STEP	2026-05-18T13:37:59.4060095Z ##[endgroup]
Lint and Format Check	UNKNOWN STEP	2026-05-18T13:37:59.4206574Z ##[group]Run rustup toolchain install stable --component rustfmt --component clippy --profile minimal --no-self-update
Lint and Format Check	UNKNOWN STEP	2026-05-18T13:37:59.4210696Z ^[[36;1mrustup toolchain install stable --component rustfmt --component clippy --profile minimal --no-self-update^[[0m
Lint and Format Check	UNKNOWN STEP	2026-05-18T13:37:59.4237609Z shell: /usr/bin/bash --noprofile --norc -e -o pipefail {0}
Lint and Format Check	UNKNOWN STEP	2026-05-18T13:37:59.4238640Z env:
Lint and Format Check	UNKNOWN STEP	2026-05-18T13:37:59.4239281Z   CARGO_TERM_COLOR: always
Lint and Format Check	UNKNOWN STEP	2026-05-18T13:37:59.4240052Z   RUST_BACKTRACE: 1
Lint and Format Check	UNKNOWN STEP	2026-05-18T13:37:59.4240744Z   RUSTFLAGS: -Dwarnings
Lint and Format Check	UNKNOWN STEP	2026-05-18T13:37:59.4241801Z   CARGO_REGISTRY_TOKEN: ***
Lint and Format Check	UNKNOWN STEP	2026-05-18T13:37:59.4242952Z   CARGO_TOKEN: ***
Lint and Format Check	UNKNOWN STEP	2026-05-18T13:37:59.4243666Z   CARGO_HOME: /home/runner/.cargo
Lint and Format Check	UNKNOWN STEP	2026-05-18T13:37:59.4244519Z   RUSTUP_PERMIT_COPY_RENAME: 1
Lint and Format Check	UNKNOWN STEP	2026-05-18T13:37:59.4245308Z ##[endgroup]
Lint and Format Check	UNKNOWN STEP	2026-05-18T13:38:01.1419099Z info: syncing channel updates for stable-x86_64-unknown-linux-gnu
Lint and Format Check	UNKNOWN STEP	2026-05-18T13:38:01.3971012Z info: latest update on 2026-04-16 for version 1.95.0 (59807616e 2026-04-14)
Lint and Format Check	UNKNOWN STEP	2026-05-18T13:38:01.4188709Z info: component clippy is up to date
Lint and Format Check	UNKNOWN STEP	2026-05-18T13:38:01.4189771Z info: component rustfmt is up to date
Lint and Format Check	UNKNOWN STEP	2026-05-18T13:38:01.4207422Z
Lint and Format Check	UNKNOWN STEP	2026-05-18T13:38:01.4300204Z   stable-x86_64-unknown-linux-gnu unchanged - rustc 1.95.0 (59807616e 2026-04-14)
Lint and Format Check	UNKNOWN STEP	2026-05-18T13:38:01.4301163Z
Lint and Format Check	UNKNOWN STEP	2026-05-18T13:38:01.4426567Z ##[group]Run rustup default stable
Lint and Format Check	UNKNOWN STEP	2026-05-18T13:38:01.4426904Z ^[[36;1mrustup default stable^[[0m
Lint and Format Check	UNKNOWN STEP	2026-05-18T13:38:01.4450026Z shell: /usr/bin/bash --noprofile --norc -e -o pipefail {0}
Lint and Format Check	UNKNOWN STEP	2026-05-18T13:38:01.4450386Z env:
Lint and Format Check	UNKNOWN STEP	2026-05-18T13:38:01.4450582Z   CARGO_TERM_COLOR: always
Lint and Format Check	UNKNOWN STEP	2026-05-18T13:38:01.4450849Z   RUST_BACKTRACE: 1
Lint and Format Check	UNKNOWN STEP	2026-05-18T13:38:01.4451083Z   RUSTFLAGS: -Dwarnings
Lint and Format Check	UNKNOWN STEP	2026-05-18T13:38:01.4451678Z   CARGO_REGISTRY_TOKEN: ***
Lint and Format Check	UNKNOWN STEP	2026-05-18T13:38:01.4452010Z   CARGO_TOKEN: ***
Lint and Format Check	UNKNOWN STEP	2026-05-18T13:38:01.4452230Z   CARGO_HOME: /home/runner/.cargo
Lint and Format Check	UNKNOWN STEP	2026-05-18T13:38:01.4452713Z ##[endgroup]
Lint and Format Check	UNKNOWN STEP	2026-05-18T13:38:01.4548133Z info: using existing install for stable-x86_64-unknown-linux-gnu
Lint and Format Check	UNKNOWN STEP	2026-05-18T13:38:01.4555227Z info: default toolchain set to stable-x86_64-unknown-linux-gnu
Lint and Format Check	UNKNOWN STEP	2026-05-18T13:38:01.4555545Z
Lint and Format Check	UNKNOWN STEP	2026-05-18T13:38:01.4644494Z   stable-x86_64-unknown-linux-gnu unchanged - rustc 1.95.0 (59807616e 2026-04-14)
Lint and Format Check	UNKNOWN STEP	2026-05-18T13:38:01.4645445Z
Lint and Format Check	UNKNOWN STEP	2026-05-18T13:38:01.4684305Z ##[group]Run : create cachekey
Lint and Format Check	UNKNOWN STEP	2026-05-18T13:38:01.4684624Z ^[[36;1m: create cachekey^[[0m
Lint and Format Check	UNKNOWN STEP	2026-05-18T13:38:01.4685114Z ^[[36;1mDATE=$(rustc +stable --version --verbose | sed -ne 's/^commit-date: \(20[0-9][0-9]\)-\([01][0-9]\)-\([0-3][0-9]\)$/\1\2\3/p')^[[0m
Lint and Format Check	UNKNOWN STEP	2026-05-18T13:38:01.4685907Z ^[[36;1mHASH=$(rustc +stable --version --verbose | sed -ne 's/^commit-hash: //p')^[[0m
Lint and Format Check	UNKNOWN STEP	2026-05-18T13:38:01.4686388Z ^[[36;1mecho "cachekey=$(echo $DATE$HASH | head -c12)" >> $GITHUB_OUTPUT^[[0m
Lint and Format Check	UNKNOWN STEP	2026-05-18T13:38:01.4709455Z shell: /usr/bin/bash --noprofile --norc -e -o pipefail {0}
Lint and Format Check	UNKNOWN STEP	2026-05-18T13:38:01.4709844Z env:
Lint and Format Check	UNKNOWN STEP	2026-05-18T13:38:01.4710065Z   CARGO_TERM_COLOR: always
Lint and Format Check	UNKNOWN STEP	2026-05-18T13:38:01.4710281Z   RUST_BACKTRACE: 1
Lint and Format Check	UNKNOWN STEP	2026-05-18T13:38:01.4710499Z   RUSTFLAGS: -Dwarnings
Lint and Format Check	UNKNOWN STEP	2026-05-18T13:38:01.4710893Z   CARGO_REGISTRY_TOKEN: ***
Lint and Format Check	UNKNOWN STEP	2026-05-18T13:38:01.4711223Z   CARGO_TOKEN: ***
Lint and Format Check	UNKNOWN STEP	2026-05-18T13:38:01.4711433Z   CARGO_HOME: /home/runner/.cargo
Lint and Format Check	UNKNOWN STEP	2026-05-18T13:38:01.4711665Z ##[endgroup]
Lint and Format Check	UNKNOWN STEP	2026-05-18T13:38:01.5265601Z ##[group]Run : disable incremental compilation
Lint and Format Check	UNKNOWN STEP	2026-05-18T13:38:01.5265991Z ^[[36;1m: disable incremental compilation^[[0m
Lint and Format Check	UNKNOWN STEP	2026-05-18T13:38:01.5266323Z ^[[36;1mif [ -z "${CARGO_INCREMENTAL+set}" ]; then^[[0m
Lint and Format Check	UNKNOWN STEP	2026-05-18T13:38:01.5266651Z ^[[36;1m  echo CARGO_INCREMENTAL=0 >> $GITHUB_ENV^[[0m
Lint and Format Check	UNKNOWN STEP	2026-05-18T13:38:01.5266937Z ^[[36;1mfi^[[0m
Lint and Format Check	UNKNOWN STEP	2026-05-18T13:38:01.5289843Z shell: /usr/bin/bash --noprofile --norc -e -o pipefail {0}
Lint and Format Check	UNKNOWN STEP	2026-05-18T13:38:01.5290193Z env:
Lint and Format Check	UNKNOWN STEP	2026-05-18T13:38:01.5290410Z   CARGO_TERM_COLOR: always
Lint and Format Check	UNKNOWN STEP	2026-05-18T13:38:01.5290647Z   RUST_BACKTRACE: 1
Lint and Format Check	UNKNOWN STEP	2026-05-18T13:38:01.5290854Z   RUSTFLAGS: -Dwarnings
Lint and Format Check	UNKNOWN STEP	2026-05-18T13:38:01.5291262Z   CARGO_REGISTRY_TOKEN: ***
Lint and Format Check	UNKNOWN STEP	2026-05-18T13:38:01.5291560Z   CARGO_TOKEN: ***
Lint and Format Check	UNKNOWN STEP	2026-05-18T13:38:01.5291767Z   CARGO_HOME: /home/runner/.cargo
Lint and Format Check	UNKNOWN STEP	2026-05-18T13:38:01.5292016Z ##[endgroup]
Lint and Format Check	UNKNOWN STEP	2026-05-18T13:38:01.5357677Z ##[group]Run : enable colors in Cargo output
Lint and Format Check	UNKNOWN STEP	2026-05-18T13:38:01.5358017Z ^[[36;1m: enable colors in Cargo output^[[0m
Lint and Format Check	UNKNOWN STEP	2026-05-18T13:38:01.5358328Z ^[[36;1mif [ -z "${CARGO_TERM_COLOR+set}" ]; then^[[0m
Lint and Format Check	UNKNOWN STEP	2026-05-18T13:38:01.5358670Z ^[[36;1m  echo CARGO_TERM_COLOR=always >> $GITHUB_ENV^[[0m
Lint and Format Check	UNKNOWN STEP	2026-05-18T13:38:01.5358949Z ^[[36;1mfi^[[0m
Lint and Format Check	UNKNOWN STEP	2026-05-18T13:38:01.5378114Z shell: /usr/bin/bash --noprofile --norc -e -o pipefail {0}
Lint and Format Check	UNKNOWN STEP	2026-05-18T13:38:01.5378437Z env:
Lint and Format Check	UNKNOWN STEP	2026-05-18T13:38:01.5378654Z   CARGO_TERM_COLOR: always
Lint and Format Check	UNKNOWN STEP	2026-05-18T13:38:01.5378917Z   RUST_BACKTRACE: 1
Lint and Format Check	UNKNOWN STEP	2026-05-18T13:38:01.5379133Z   RUSTFLAGS: -Dwarnings
Lint and Format Check	UNKNOWN STEP	2026-05-18T13:38:01.5379510Z   CARGO_REGISTRY_TOKEN: ***
Lint and Format Check	UNKNOWN STEP	2026-05-18T13:38:01.5379828Z   CARGO_TOKEN: ***
Lint and Format Check	UNKNOWN STEP	2026-05-18T13:38:01.5380035Z   CARGO_HOME: /home/runner/.cargo
Lint and Format Check	UNKNOWN STEP	2026-05-18T13:38:01.5380295Z   CARGO_INCREMENTAL: 0
Lint and Format Check	UNKNOWN STEP	2026-05-18T13:38:01.5380512Z ##[endgroup]
Lint and Format Check	UNKNOWN STEP	2026-05-18T13:38:01.5446746Z ##[group]Run : enable Cargo sparse registry
Lint and Format Check	UNKNOWN STEP	2026-05-18T13:38:01.5447086Z ^[[36;1m: enable Cargo sparse registry^[[0m
Lint and Format Check	UNKNOWN STEP	2026-05-18T13:38:01.5447432Z ^[[36;1m# implemented in 1.66, stabilized in 1.68, made default in 1.70^[[0m
Lint and Format Check	UNKNOWN STEP	2026-05-18T13:38:01.5448094Z ^[[36;1mif [ -z "${CARGO_REGISTRIES_CRATES_IO_PROTOCOL+set}" -o -f "/home/runner/work/_temp"/.implicit_cargo_registries_crates_io_protocol ]; then^[[0m
Lint and Format Check	UNKNOWN STEP	2026-05-18T13:38:01.5448930Z ^[[36;1m  if rustc +stable --version --verbose | grep -q '^release: 1\.6[89]\.'; then^[[0m
Lint and Format Check	UNKNOWN STEP	2026-05-18T13:38:01.5449474Z ^[[36;1m    touch "/home/runner/work/_temp"/.implicit_cargo_registries_crates_io_protocol || true^[[0m
Lint and Format Check	UNKNOWN STEP	2026-05-18T13:38:01.5449985Z ^[[36;1m    echo CARGO_REGISTRIES_CRATES_IO_PROTOCOL=sparse >> $GITHUB_ENV^[[0m
Lint and Format Check	UNKNOWN STEP	2026-05-18T13:38:01.5450457Z ^[[36;1m  elif rustc +stable --version --verbose | grep -q '^release: 1\.6[67]\.'; then^[[0m
Lint and Format Check	UNKNOWN STEP	2026-05-18T13:38:01.5450980Z ^[[36;1m    touch "/home/runner/work/_temp"/.implicit_cargo_registries_crates_io_protocol || true^[[0m
Lint and Format Check	UNKNOWN STEP	2026-05-18T13:38:01.5451455Z ^[[36;1m    echo CARGO_REGISTRIES_CRATES_IO_PROTOCOL=git >> $GITHUB_ENV^[[0m
Lint and Format Check	UNKNOWN STEP	2026-05-18T13:38:01.5451786Z ^[[36;1m  fi^[[0m
Lint and Format Check	UNKNOWN STEP	2026-05-18T13:38:01.5451981Z ^[[36;1mfi^[[0m
Lint and Format Check	UNKNOWN STEP	2026-05-18T13:38:01.5470260Z shell: /usr/bin/bash --noprofile --norc -e -o pipefail {0}
Lint and Format Check	UNKNOWN STEP	2026-05-18T13:38:01.5470637Z env:
Lint and Format Check	UNKNOWN STEP	2026-05-18T13:38:01.5470846Z   CARGO_TERM_COLOR: always
Lint and Format Check	UNKNOWN STEP	2026-05-18T13:38:01.5471070Z   RUST_BACKTRACE: 1
Lint and Format Check	UNKNOWN STEP	2026-05-18T13:38:01.5471280Z   RUSTFLAGS: -Dwarnings
Lint and Format Check	UNKNOWN STEP	2026-05-18T13:38:01.5471652Z   CARGO_REGISTRY_TOKEN: ***
Lint and Format Check	UNKNOWN STEP	2026-05-18T13:38:01.5471936Z   CARGO_TOKEN: ***
Lint and Format Check	UNKNOWN STEP	2026-05-18T13:38:01.5472156Z   CARGO_HOME: /home/runner/.cargo
Lint and Format Check	UNKNOWN STEP	2026-05-18T13:38:01.5472743Z   CARGO_INCREMENTAL: 0
Lint and Format Check	UNKNOWN STEP	2026-05-18T13:38:01.5472952Z ##[endgroup]
Lint and Format Check	UNKNOWN STEP	2026-05-18T13:38:01.5916739Z ##[group]Run : work around spurious network errors in curl 8.0
Lint and Format Check	UNKNOWN STEP	2026-05-18T13:38:01.5917184Z ^[[36;1m: work around spurious network errors in curl 8.0^[[0m
Lint and Format Check	UNKNOWN STEP	2026-05-18T13:38:01.5917725Z ^[[36;1m# https://rust-lang.zulipchat.com/#narrow/stream/246057-t-cargo/topic/timeout.20investigation^[[0m
Lint and Format Check	UNKNOWN STEP	2026-05-18T13:38:01.5918304Z ^[[36;1mif rustc +stable --version --verbose | grep -q '^release: 1\.7[01]\.'; then^[[0m
Lint and Format Check	UNKNOWN STEP	2026-05-18T13:38:01.5918733Z ^[[36;1m  echo CARGO_HTTP_MULTIPLEXING=false >> $GITHUB_ENV^[[0m
Lint and Format Check	UNKNOWN STEP	2026-05-18T13:38:01.5919020Z ^[[36;1mfi^[[0m
Lint and Format Check	UNKNOWN STEP	2026-05-18T13:38:01.5942208Z shell: /usr/bin/bash --noprofile --norc -e -o pipefail {0}
Lint and Format Check	UNKNOWN STEP	2026-05-18T13:38:01.5942707Z env:
Lint and Format Check	UNKNOWN STEP	2026-05-18T13:38:01.5942929Z   CARGO_TERM_COLOR: always
Lint and Format Check	UNKNOWN STEP	2026-05-18T13:38:01.5943158Z   RUST_BACKTRACE: 1
Lint and Format Check	UNKNOWN STEP	2026-05-18T13:38:01.5943357Z   RUSTFLAGS: -Dwarnings
Lint and Format Check	UNKNOWN STEP	2026-05-18T13:38:01.5943757Z   CARGO_REGISTRY_TOKEN: ***
Lint and Format Check	UNKNOWN STEP	2026-05-18T13:38:01.5944042Z   CARGO_TOKEN: ***
Lint and Format Check	UNKNOWN STEP	2026-05-18T13:38:01.5944261Z   CARGO_HOME: /home/runner/.cargo
Lint and Format Check	UNKNOWN STEP	2026-05-18T13:38:01.5944501Z   CARGO_INCREMENTAL: 0
Lint and Format Check	UNKNOWN STEP	2026-05-18T13:38:01.5944714Z ##[endgroup]
Lint and Format Check	UNKNOWN STEP	2026-05-18T13:38:01.6157333Z ##[group]Run rustc +stable --version --verbose
Lint and Format Check	UNKNOWN STEP	2026-05-18T13:38:01.6157695Z ^[[36;1mrustc +stable --version --verbose^[[0m
Lint and Format Check	UNKNOWN STEP	2026-05-18T13:38:01.6179578Z shell: /usr/bin/bash --noprofile --norc -e -o pipefail {0}
Lint and Format Check	UNKNOWN STEP	2026-05-18T13:38:01.6179921Z env:
Lint and Format Check	UNKNOWN STEP	2026-05-18T13:38:01.6180133Z   CARGO_TERM_COLOR: always
Lint and Format Check	UNKNOWN STEP	2026-05-18T13:38:01.6180372Z   RUST_BACKTRACE: 1
Lint and Format Check	UNKNOWN STEP	2026-05-18T13:38:01.6180597Z   RUSTFLAGS: -Dwarnings
Lint and Format Check	UNKNOWN STEP	2026-05-18T13:38:01.6180991Z   CARGO_REGISTRY_TOKEN: ***
Lint and Format Check	UNKNOWN STEP	2026-05-18T13:38:01.6181307Z   CARGO_TOKEN: ***
Lint and Format Check	UNKNOWN STEP	2026-05-18T13:38:01.6181538Z   CARGO_HOME: /home/runner/.cargo
Lint and Format Check	UNKNOWN STEP	2026-05-18T13:38:01.6181781Z   CARGO_INCREMENTAL: 0
Lint and Format Check	UNKNOWN STEP	2026-05-18T13:38:01.6182002Z ##[endgroup]
Lint and Format Check	UNKNOWN STEP	2026-05-18T13:38:01.6347182Z rustc 1.95.0 (59807616e 2026-04-14)
Lint and Format Check	UNKNOWN STEP	2026-05-18T13:38:01.6347716Z binary: rustc
Lint and Format Check	UNKNOWN STEP	2026-05-18T13:38:01.6348137Z commit-hash: 59807616e1fa2540724bfbac14d7976d7e4a3860
Lint and Format Check	UNKNOWN STEP	2026-05-18T13:38:01.6348640Z commit-date: 2026-04-14
Lint and Format Check	UNKNOWN STEP	2026-05-18T13:38:01.6348984Z host: x86_64-unknown-linux-gnu
Lint and Format Check	UNKNOWN STEP	2026-05-18T13:38:01.6349339Z release: 1.95.0
Lint and Format Check	UNKNOWN STEP	2026-05-18T13:38:01.6349688Z LLVM version: 22.1.2
Lint and Format Check	UNKNOWN STEP	2026-05-18T13:38:01.6488961Z ##[group]Run Swatinem/rust-cache@v2
Lint and Format Check	UNKNOWN STEP	2026-05-18T13:38:01.6489273Z with:
Lint and Format Check	UNKNOWN STEP	2026-05-18T13:38:01.6489475Z   workspaces: rust
Lint and Format Check	UNKNOWN STEP	2026-05-18T13:38:01.6489705Z   prefix-key: v0-rust
Lint and Format Check	UNKNOWN STEP	2026-05-18T13:38:01.6489941Z   add-job-id-key: true
Lint and Format Check	UNKNOWN STEP	2026-05-18T13:38:01.6490178Z   add-rust-environment-hash-key: true
Lint and Format Check	UNKNOWN STEP	2026-05-18T13:38:01.6490456Z   cache-targets: true
Lint and Format Check	UNKNOWN STEP	2026-05-18T13:38:01.6490667Z   cache-all-crates: false
Lint and Format Check	UNKNOWN STEP	2026-05-18T13:38:01.6491049Z   cache-workspace-crates: false
Lint and Format Check	UNKNOWN STEP	2026-05-18T13:38:01.6491290Z   save-if: true
Lint and Format Check	UNKNOWN STEP	2026-05-18T13:38:01.6491488Z   cache-provider: github
Lint and Format Check	UNKNOWN STEP	2026-05-18T13:38:01.6491711Z   cache-bin: true
Lint and Format Check	UNKNOWN STEP	2026-05-18T13:38:01.6492019Z   lookup-only: false
Lint and Format Check	UNKNOWN STEP	2026-05-18T13:38:01.6492259Z   cmd-format: {0}
Lint and Format Check	UNKNOWN STEP	2026-05-18T13:38:01.6492620Z env:
Lint and Format Check	UNKNOWN STEP	2026-05-18T13:38:01.6492832Z   CARGO_TERM_COLOR: always
Lint and Format Check	UNKNOWN STEP	2026-05-18T13:38:01.6493048Z   RUST_BACKTRACE: 1
Lint and Format Check	UNKNOWN STEP	2026-05-18T13:38:01.6493266Z   RUSTFLAGS: -Dwarnings
Lint and Format Check	UNKNOWN STEP	2026-05-18T13:38:01.6493698Z   CARGO_REGISTRY_TOKEN: ***
Lint and Format Check	UNKNOWN STEP	2026-05-18T13:38:01.6494041Z   CARGO_TOKEN: ***
Lint and Format Check	UNKNOWN STEP	2026-05-18T13:38:01.6494244Z   CARGO_HOME: /home/runner/.cargo
Lint and Format Check	UNKNOWN STEP	2026-05-18T13:38:01.6494491Z   CARGO_INCREMENTAL: 0
Lint and Format Check	UNKNOWN STEP	2026-05-18T13:38:01.6494704Z ##[endgroup]
Lint and Format Check	UNKNOWN STEP	2026-05-18T13:38:01.9500849Z (node:2365) [DEP0040] DeprecationWarning: The `punycode` module is deprecated. Please use a userland alternative instead.
Lint and Format Check	UNKNOWN STEP	2026-05-18T13:38:01.9501606Z (Use `node --trace-deprecation ...` to show where the warning was created)
Lint and Format Check	UNKNOWN STEP	2026-05-18T13:38:03.1918616Z ##[group]Cache Configuration
Lint and Format Check	UNKNOWN STEP	2026-05-18T13:38:03.1919156Z Cache Provider:
Lint and Format Check	UNKNOWN STEP	2026-05-18T13:38:03.1919431Z     github
Lint and Format Check	UNKNOWN STEP	2026-05-18T13:38:03.1919703Z Workspaces:
Lint and Format Check	UNKNOWN STEP	2026-05-18T13:38:03.1920039Z     /home/runner/work/lino-i18n/lino-i18n/rust
Lint and Format Check	UNKNOWN STEP	2026-05-18T13:38:03.1920457Z Cache Paths:
Lint and Format Check	UNKNOWN STEP	2026-05-18T13:38:03.1920758Z     /home/runner/.cargo/bin
Lint and Format Check	UNKNOWN STEP	2026-05-18T13:38:03.1921085Z     /home/runner/.cargo/.crates.toml
Lint and Format Check	UNKNOWN STEP	2026-05-18T13:38:03.1921461Z     /home/runner/.cargo/.crates2.json
Lint and Format Check	UNKNOWN STEP	2026-05-18T13:38:03.1921865Z     /home/runner/.cargo/registry
Lint and Format Check	UNKNOWN STEP	2026-05-18T13:38:03.1922281Z     /home/runner/.cargo/git
Lint and Format Check	UNKNOWN STEP	2026-05-18T13:38:03.1922977Z     /home/runner/work/lino-i18n/lino-i18n/rust/target
Lint and Format Check	UNKNOWN STEP	2026-05-18T13:38:03.1923407Z Restore Key:
Lint and Format Check	UNKNOWN STEP	2026-05-18T13:38:03.1923722Z     v0-rust-lint-Linux-x64-27ed6b6c
Lint and Format Check	UNKNOWN STEP	2026-05-18T13:38:03.1924133Z Cache Key:
Lint and Format Check	UNKNOWN STEP	2026-05-18T13:38:03.1924448Z     v0-rust-lint-Linux-x64-27ed6b6c-d2ed2b7f
Lint and Format Check	UNKNOWN STEP	2026-05-18T13:38:03.1924833Z .. Prefix:
Lint and Format Check	UNKNOWN STEP	2026-05-18T13:38:03.1925126Z   - v0-rust-lint-Linux-x64
Lint and Format Check	UNKNOWN STEP	2026-05-18T13:38:03.1925478Z .. Environment considered:
Lint and Format Check	UNKNOWN STEP	2026-05-18T13:38:03.1925829Z   - Rust Versions:
Lint and Format Check	UNKNOWN STEP	2026-05-18T13:38:03.1926307Z     - 1.95.0 x86_64-unknown-linux-gnu 59807616e1fa2540724bfbac14d7976d7e4a3860
Lint and Format Check	UNKNOWN STEP	2026-05-18T13:38:03.1927062Z     - 1.95.0 x86_64-unknown-linux-gnu 59807616e1fa2540724bfbac14d7976d7e4a3860
Lint and Format Check	UNKNOWN STEP	2026-05-18T13:38:03.1927622Z   - CARGO_HOME
Lint and Format Check	UNKNOWN STEP	2026-05-18T13:38:03.1928067Z   - CARGO_INCREMENTAL
Lint and Format Check	UNKNOWN STEP	2026-05-18T13:38:03.1928418Z   - CARGO_REGISTRY_TOKEN
Lint and Format Check	UNKNOWN STEP	2026-05-18T13:38:03.1928766Z   - CARGO_TERM_COLOR
Lint and Format Check	UNKNOWN STEP	2026-05-18T13:38:03.1929090Z   - CARGO_TOKEN
Lint and Format Check	UNKNOWN STEP	2026-05-18T13:38:03.1929387Z   - RUST_BACKTRACE
Lint and Format Check	UNKNOWN STEP	2026-05-18T13:38:03.1929668Z   - RUSTFLAGS
Lint and Format Check	UNKNOWN STEP	2026-05-18T13:38:03.1929953Z .. Lockfiles considered:
Lint and Format Check	UNKNOWN STEP	2026-05-18T13:38:03.1930451Z   - /home/runner/work/lino-i18n/lino-i18n/rust/Cargo.lock
Lint and Format Check	UNKNOWN STEP	2026-05-18T13:38:03.1931201Z   - /home/runner/work/lino-i18n/lino-i18n/rust/lino-i18n-macros/Cargo.toml
Lint and Format Check	UNKNOWN STEP	2026-05-18T13:38:03.1931958Z   - /home/runner/work/lino-i18n/lino-i18n/rust/lino-i18n/Cargo.toml
Lint and Format Check	UNKNOWN STEP	2026-05-18T13:38:03.1932994Z ##[endgroup]
Lint and Format Check	UNKNOWN STEP	2026-05-18T13:38:03.1933177Z
Lint and Format Check	UNKNOWN STEP	2026-05-18T13:38:03.1933321Z ... Restoring cache ...
Lint and Format Check	UNKNOWN STEP	2026-05-18T13:38:03.3097668Z Cache hit for: v0-rust-lint-Linux-x64-27ed6b6c-d2ed2b7f
Lint and Format Check	UNKNOWN STEP	2026-05-18T13:38:04.0738054Z Received 14250556 of 14250556 (100.0%), 22.3 MBs/sec
Lint and Format Check	UNKNOWN STEP	2026-05-18T13:38:04.0738642Z Cache Size: ~14 MB (14250556 B)
Lint and Format Check	UNKNOWN STEP	2026-05-18T13:38:04.0771634Z [command]/usr/bin/tar -xf /home/runner/work/_temp/14d62d35-da98-4713-b55e-b341d0faffba/cache.tzst -P -C /home/runner/work/lino-i18n/lino-i18n --use-compress-program unzstd
Lint and Format Check	UNKNOWN STEP	2026-05-18T13:38:04.1530609Z Cache restored successfully
Lint and Format Check	UNKNOWN STEP	2026-05-18T13:38:04.1541248Z Restored from cache key "v0-rust-lint-Linux-x64-27ed6b6c-d2ed2b7f" full match: true.
Lint and Format Check	UNKNOWN STEP	2026-05-18T13:38:04.1633340Z ##[group]Run cargo install rust-script
Lint and Format Check	UNKNOWN STEP	2026-05-18T13:38:04.1633694Z ^[[36;1mcargo install rust-script^[[0m
Lint and Format Check	UNKNOWN STEP	2026-05-18T13:38:04.1658311Z shell: /usr/bin/bash -e {0}
Lint and Format Check	UNKNOWN STEP	2026-05-18T13:38:04.1658578Z env:
Lint and Format Check	UNKNOWN STEP	2026-05-18T13:38:04.1658794Z   CARGO_TERM_COLOR: always
Lint and Format Check	UNKNOWN STEP	2026-05-18T13:38:04.1659019Z   RUST_BACKTRACE: 1
Lint and Format Check	UNKNOWN STEP	2026-05-18T13:38:04.1659232Z   RUSTFLAGS: -Dwarnings
Lint and Format Check	UNKNOWN STEP	2026-05-18T13:38:04.1659787Z   CARGO_REGISTRY_TOKEN: ***
Lint and Format Check	UNKNOWN STEP	2026-05-18T13:38:04.1660079Z   CARGO_TOKEN: ***
Lint and Format Check	UNKNOWN STEP	2026-05-18T13:38:04.1660307Z   CARGO_HOME: /home/runner/.cargo
Lint and Format Check	UNKNOWN STEP	2026-05-18T13:38:04.1660556Z   CARGO_INCREMENTAL: 0
Lint and Format Check	UNKNOWN STEP	2026-05-18T13:38:04.1660795Z   CACHE_ON_FAILURE: false
Lint and Format Check	UNKNOWN STEP	2026-05-18T13:38:04.1661039Z ##[endgroup]
Lint and Format Check	UNKNOWN STEP	2026-05-18T13:38:04.2236839Z ^[[1m^[[92m    Updating^[[0m crates.io index
Lint and Format Check	UNKNOWN STEP	2026-05-18T13:38:04.5017632Z ^[[1m^[[92m Downloading^[[0m crates ...
Lint and Format Check	UNKNOWN STEP	2026-05-18T13:38:04.5505483Z ^[[1m^[[92m  Downloaded^[[0m rust-script v0.36.0
Lint and Format Check	UNKNOWN STEP	2026-05-18T13:38:04.6842568Z ^[[1m^[[92m     Ignored^[[0m package `rust-script v0.36.0` is already installed, use --force to override
Lint and Format Check	UNKNOWN STEP	2026-05-18T13:38:04.6945441Z ##[group]Run cargo fmt --manifest-path rust/Cargo.toml --all -- --check
Lint and Format Check	UNKNOWN STEP	2026-05-18T13:38:04.6946322Z ^[[36;1mcargo fmt --manifest-path rust/Cargo.toml --all -- --check^[[0m
Lint and Format Check	UNKNOWN STEP	2026-05-18T13:38:04.6980129Z shell: /usr/bin/bash -e {0}
Lint and Format Check	UNKNOWN STEP	2026-05-18T13:38:04.6980416Z env:
Lint and Format Check	UNKNOWN STEP	2026-05-18T13:38:04.6980627Z   CARGO_TERM_COLOR: always
Lint and Format Check	UNKNOWN STEP	2026-05-18T13:38:04.6980880Z   RUST_BACKTRACE: 1
Lint and Format Check	UNKNOWN STEP	2026-05-18T13:38:04.6981108Z   RUSTFLAGS: -Dwarnings
Lint and Format Check	UNKNOWN STEP	2026-05-18T13:38:04.6981515Z   CARGO_REGISTRY_TOKEN: ***
Lint and Format Check	UNKNOWN STEP	2026-05-18T13:38:04.6981808Z   CARGO_TOKEN: ***
Lint and Format Check	UNKNOWN STEP	2026-05-18T13:38:04.6982028Z   CARGO_HOME: /home/runner/.cargo
Lint and Format Check	UNKNOWN STEP	2026-05-18T13:38:04.6982276Z   CARGO_INCREMENTAL: 0
Lint and Format Check	UNKNOWN STEP	2026-05-18T13:38:04.6982745Z   CACHE_ON_FAILURE: false
Lint and Format Check	UNKNOWN STEP	2026-05-18T13:38:04.6983053Z ##[endgroup]
Lint and Format Check	UNKNOWN STEP	2026-05-18T13:38:05.5050899Z ##[group]Run cargo clippy --manifest-path rust/Cargo.toml --all-targets --all-features -- -D warnings
Lint and Format Check	UNKNOWN STEP	2026-05-18T13:38:05.5051593Z ^[[36;1mcargo clippy --manifest-path rust/Cargo.toml --all-targets --all-features -- -D warnings^[[0m
Lint and Format Check	UNKNOWN STEP	2026-05-18T13:38:05.5074302Z shell: /usr/bin/bash -e {0}
Lint and Format Check	UNKNOWN STEP	2026-05-18T13:38:05.5074573Z env:
Lint and Format Check	UNKNOWN STEP	2026-05-18T13:38:05.5074780Z   CARGO_TERM_COLOR: always
Lint and Format Check	UNKNOWN STEP	2026-05-18T13:38:05.5075013Z   RUST_BACKTRACE: 1
Lint and Format Check	UNKNOWN STEP	2026-05-18T13:38:05.5075240Z   RUSTFLAGS: -Dwarnings
Lint and Format Check	UNKNOWN STEP	2026-05-18T13:38:05.5075641Z   CARGO_REGISTRY_TOKEN: ***
Lint and Format Check	UNKNOWN STEP	2026-05-18T13:38:05.5075932Z   CARGO_TOKEN: ***
Lint and Format Check	UNKNOWN STEP	2026-05-18T13:38:05.5076174Z   CARGO_HOME: /home/runner/.cargo
Lint and Format Check	UNKNOWN STEP	2026-05-18T13:38:05.5076423Z   CARGO_INCREMENTAL: 0
Lint and Format Check	UNKNOWN STEP	2026-05-18T13:38:05.5076653Z   CACHE_ON_FAILURE: false
Lint and Format Check	UNKNOWN STEP	2026-05-18T13:38:05.5076879Z ##[endgroup]
Lint and Format Check	UNKNOWN STEP	2026-05-18T13:38:06.0314920Z ^[[1m^[[92m   Compiling^[[0m lino-i18n-macros v0.0.1 (/home/runner/work/lino-i18n/lino-i18n/rust/lino-i18n-macros)
Lint and Format Check	UNKNOWN STEP	2026-05-18T13:38:14.3838162Z ^[[1m^[[92m    Checking^[[0m lino-i18n v0.0.1 (/home/runner/work/lino-i18n/lino-i18n/rust/lino-i18n)
Lint and Format Check	UNKNOWN STEP	2026-05-18T13:38:15.3797984Z ^[[1m^[[92m    Finished^[[0m `dev` profile [unoptimized + debuginfo] target(s) in 9.79s
Lint and Format Check	UNKNOWN STEP	2026-05-18T13:38:15.3859216Z ##[group]Run rust-script scripts/check-file-size.rs
Lint and Format Check	UNKNOWN STEP	2026-05-18T13:38:15.3859608Z ^[[36;1mrust-script scripts/check-file-size.rs^[[0m
Lint and Format Check	UNKNOWN STEP	2026-05-18T13:38:15.3882816Z shell: /usr/bin/bash -e {0}
Lint and Format Check	UNKNOWN STEP	2026-05-18T13:38:15.3883109Z env:
Lint and Format Check	UNKNOWN STEP	2026-05-18T13:38:15.3883324Z   CARGO_TERM_COLOR: always
Lint and Format Check	UNKNOWN STEP	2026-05-18T13:38:15.3883546Z   RUST_BACKTRACE: 1
Lint and Format Check	UNKNOWN STEP	2026-05-18T13:38:15.3883763Z   RUSTFLAGS: -Dwarnings
Lint and Format Check	UNKNOWN STEP	2026-05-18T13:38:15.3884183Z   CARGO_REGISTRY_TOKEN: ***
Lint and Format Check	UNKNOWN STEP	2026-05-18T13:38:15.3884469Z   CARGO_TOKEN: ***
Lint and Format Check	UNKNOWN STEP	2026-05-18T13:38:15.3884690Z   CARGO_HOME: /home/runner/.cargo
Lint and Format Check	UNKNOWN STEP	2026-05-18T13:38:15.3884937Z   CARGO_INCREMENTAL: 0
Lint and Format Check	UNKNOWN STEP	2026-05-18T13:38:15.3885164Z   CACHE_ON_FAILURE: false
Lint and Format Check	UNKNOWN STEP	2026-05-18T13:38:15.3885399Z ##[endgroup]
Lint and Format Check	UNKNOWN STEP	2026-05-18T13:38:16.5611911Z
Lint and Format Check	UNKNOWN STEP	2026-05-18T13:38:16.5613009Z Checking Rust files for maximum 1000 lines (warning above 900)...
Lint and Format Check	UNKNOWN STEP	2026-05-18T13:38:16.5613320Z
Lint and Format Check	UNKNOWN STEP	2026-05-18T13:38:16.5620226Z All files are within the line limit
Lint and Format Check	UNKNOWN STEP	2026-05-18T13:38:16.5620444Z
Lint and Format Check	UNKNOWN STEP	2026-05-18T13:38:16.5679939Z Post job cleanup.
Lint and Format Check	UNKNOWN STEP	2026-05-18T13:38:16.8446859Z Cache up-to-date.
Lint and Format Check	UNKNOWN STEP	2026-05-18T13:38:16.8449194Z (node:2561) [DEP0040] DeprecationWarning: The `punycode` module is deprecated. Please use a userland alternative instead.
Lint and Format Check	UNKNOWN STEP	2026-05-18T13:38:16.8449833Z (Use `node --trace-deprecation ...` to show where the warning was created)
Lint and Format Check	UNKNOWN STEP	2026-05-18T13:38:16.8594233Z Post job cleanup.
Lint and Format Check	UNKNOWN STEP	2026-05-18T13:38:16.9430819Z [command]/usr/bin/git version
Lint and Format Check	UNKNOWN STEP	2026-05-18T13:38:16.9465271Z git version 2.54.0
Lint and Format Check	UNKNOWN STEP	2026-05-18T13:38:16.9499832Z Temporarily overriding HOME='/home/runner/work/_temp/9d721916-80f8-46eb-8861-3da18325541f' before making global git config changes
Lint and Format Check	UNKNOWN STEP	2026-05-18T13:38:16.9500528Z Adding repository directory to the temporary git global config as a safe directory
Lint and Format Check	UNKNOWN STEP	2026-05-18T13:38:16.9505409Z [command]/usr/bin/git config --global --add safe.directory /home/runner/work/lino-i18n/lino-i18n
Lint and Format Check	UNKNOWN STEP	2026-05-18T13:38:16.9531595Z Removing SSH command configuration
Lint and Format Check	UNKNOWN STEP	2026-05-18T13:38:16.9537658Z [command]/usr/bin/git config --local --name-only --get-regexp core\.sshCommand
Lint and Format Check	UNKNOWN STEP	2026-05-18T13:38:16.9565601Z [command]/usr/bin/git submodule foreach --recursive sh -c "git config --local --name-only --get-regexp 'core\.sshCommand' && git config --local --unset-all 'core.sshCommand' || :"
Lint and Format Check	UNKNOWN STEP	2026-05-18T13:38:16.9752092Z Removing HTTP extra header
Lint and Format Check	UNKNOWN STEP	2026-05-18T13:38:16.9757207Z [command]/usr/bin/git config --local --name-only --get-regexp http\.https\:\/\/github\.com\/\.extraheader
Lint and Format Check	UNKNOWN STEP	2026-05-18T13:38:16.9786861Z [command]/usr/bin/git submodule foreach --recursive sh -c "git config --local --name-only --get-regexp 'http\.https\:\/\/github\.com\/\.extraheader' && git config --local --unset-all 'http.https://github.com/.extraheader' || :"
Lint and Format Check	UNKNOWN STEP	2026-05-18T13:38:16.9969365Z Removing includeIf entries pointing to credentials config files
Lint and Format Check	UNKNOWN STEP	2026-05-18T13:38:16.9977054Z [command]/usr/bin/git config --local --name-only --get-regexp ^includeIf\.gitdir:
Lint and Format Check	UNKNOWN STEP	2026-05-18T13:38:17.0002664Z includeif.gitdir:/home/runner/work/lino-i18n/lino-i18n/.git.path
Lint and Format Check	UNKNOWN STEP	2026-05-18T13:38:17.0003480Z includeif.gitdir:/home/runner/work/lino-i18n/lino-i18n/.git/worktrees/*.path
Lint and Format Check	UNKNOWN STEP	2026-05-18T13:38:17.0004149Z includeif.gitdir:/github/workspace/.git.path
Lint and Format Check	UNKNOWN STEP	2026-05-18T13:38:17.0004697Z includeif.gitdir:/github/workspace/.git/worktrees/*.path
Lint and Format Check	UNKNOWN STEP	2026-05-18T13:38:17.0011680Z [command]/usr/bin/git config --local --get-all includeif.gitdir:/home/runner/work/lino-i18n/lino-i18n/.git.path
Lint and Format Check	UNKNOWN STEP	2026-05-18T13:38:17.0030585Z /home/runner/work/_temp/git-credentials-ab642474-92a7-40bc-bb9b-9d6c39426dfa.config
Lint and Format Check	UNKNOWN STEP	2026-05-18T13:38:17.0044606Z [command]/usr/bin/git config --local --unset includeif.gitdir:/home/runner/work/lino-i18n/lino-i18n/.git.path /home/runner/work/_temp/git-credentials-ab642474-92a7-40bc-bb9b-9d6c39426dfa.config
Lint and Format Check	UNKNOWN STEP	2026-05-18T13:38:17.0078084Z [command]/usr/bin/git config --local --get-all includeif.gitdir:/home/runner/work/lino-i18n/lino-i18n/.git/worktrees/*.path
Lint and Format Check	UNKNOWN STEP	2026-05-18T13:38:17.0098292Z /home/runner/work/_temp/git-credentials-ab642474-92a7-40bc-bb9b-9d6c39426dfa.config
Lint and Format Check	UNKNOWN STEP	2026-05-18T13:38:17.0109452Z [command]/usr/bin/git config --local --unset includeif.gitdir:/home/runner/work/lino-i18n/lino-i18n/.git/worktrees/*.path /home/runner/work/_temp/git-credentials-ab642474-92a7-40bc-bb9b-9d6c39426dfa.config
Lint and Format Check	UNKNOWN STEP	2026-05-18T13:38:17.0138391Z [command]/usr/bin/git config --local --get-all includeif.gitdir:/github/workspace/.git.path
Lint and Format Check	UNKNOWN STEP	2026-05-18T13:38:17.0157767Z /github/runner_temp/git-credentials-ab642474-92a7-40bc-bb9b-9d6c39426dfa.config
Lint and Format Check	UNKNOWN STEP	2026-05-18T13:38:17.0166245Z [command]/usr/bin/git config --local --unset includeif.gitdir:/github/workspace/.git.path /github/runner_temp/git-credentials-ab642474-92a7-40bc-bb9b-9d6c39426dfa.config
Lint and Format Check	UNKNOWN STEP	2026-05-18T13:38:17.0195631Z [command]/usr/bin/git config --local --get-all includeif.gitdir:/github/workspace/.git/worktrees/*.path
Lint and Format Check	UNKNOWN STEP	2026-05-18T13:38:17.0214290Z /github/runner_temp/git-credentials-ab642474-92a7-40bc-bb9b-9d6c39426dfa.config
Lint and Format Check	UNKNOWN STEP	2026-05-18T13:38:17.0223991Z [command]/usr/bin/git config --local --unset includeif.gitdir:/github/workspace/.git/worktrees/*.path /github/runner_temp/git-credentials-ab642474-92a7-40bc-bb9b-9d6c39426dfa.config
Lint and Format Check	UNKNOWN STEP	2026-05-18T13:38:17.0255213Z [command]/usr/bin/git submodule foreach --recursive git config --local --show-origin --name-only --get-regexp remote.origin.url
Lint and Format Check	UNKNOWN STEP	2026-05-18T13:38:17.0443065Z Removing credentials config '/home/runner/work/_temp/git-credentials-ab642474-92a7-40bc-bb9b-9d6c39426dfa.config'
Lint and Format Check	UNKNOWN STEP	2026-05-18T13:38:17.0569230Z Cleaning up orphan processes
Test (macos-latest)	UNKNOWN STEP	﻿2026-05-18T13:37:56.0895770Z Current runner version: '2.334.0'
Test (macos-latest)	UNKNOWN STEP	2026-05-18T13:37:56.0910120Z ##[group]Runner Image Provisioner
Test (macos-latest)	UNKNOWN STEP	2026-05-18T13:37:56.0910610Z Hosted Compute Agent
Test (macos-latest)	UNKNOWN STEP	2026-05-18T13:37:56.0910960Z Version: 20260422.526
Test (macos-latest)	UNKNOWN STEP	2026-05-18T13:37:56.0911350Z Commit: e1a9e573f4d0838b3a7c1b07401aeb29ed3635a9
Test (macos-latest)	UNKNOWN STEP	2026-05-18T13:37:56.0911800Z Build Date: 2026-04-22T09:31:31Z
Test (macos-latest)	UNKNOWN STEP	2026-05-18T13:37:56.0912220Z Worker ID: {c40f5371-e6d0-432e-824c-196d04355423}
Test (macos-latest)	UNKNOWN STEP	2026-05-18T13:37:56.0912640Z Azure Region: westus
Test (macos-latest)	UNKNOWN STEP	2026-05-18T13:37:56.0912990Z ##[endgroup]
Test (macos-latest)	UNKNOWN STEP	2026-05-18T13:37:56.0913800Z ##[group]Operating System
Test (macos-latest)	UNKNOWN STEP	2026-05-18T13:37:56.0914140Z macOS
Test (macos-latest)	UNKNOWN STEP	2026-05-18T13:37:56.0914420Z 15.7.4
Test (macos-latest)	UNKNOWN STEP	2026-05-18T13:37:56.0914700Z 24G517
Test (macos-latest)	UNKNOWN STEP	2026-05-18T13:37:56.0914980Z ##[endgroup]
Test (macos-latest)	UNKNOWN STEP	2026-05-18T13:37:56.0915280Z ##[group]Runner Image
Test (macos-latest)	UNKNOWN STEP	2026-05-18T13:37:56.0915600Z Image: macos-15-arm64
Test (macos-latest)	UNKNOWN STEP	2026-05-18T13:37:56.0915920Z Version: 20260427.0018.1
Test (macos-latest)	UNKNOWN STEP	2026-05-18T13:37:56.0916660Z Included Software: https://github.com/actions/runner-images/blob/macos-15-arm64/20260427.0018/images/macos/macos-15-arm64-Readme.md
Test (macos-latest)	UNKNOWN STEP	2026-05-18T13:37:56.0917610Z Image Release: https://github.com/actions/runner-images/releases/tag/macos-15-arm64%2F20260427.0018
Test (macos-latest)	UNKNOWN STEP	2026-05-18T13:37:56.0918220Z ##[endgroup]
Test (macos-latest)	UNKNOWN STEP	2026-05-18T13:37:56.0919000Z ##[group]GITHUB_TOKEN Permissions
Test (macos-latest)	UNKNOWN STEP	2026-05-18T13:37:56.0920000Z Contents: write
Test (macos-latest)	UNKNOWN STEP	2026-05-18T13:37:56.0920310Z Metadata: read
Test (macos-latest)	UNKNOWN STEP	2026-05-18T13:37:56.0920630Z Pages: write
Test (macos-latest)	UNKNOWN STEP	2026-05-18T13:37:56.0920930Z PullRequests: write
Test (macos-latest)	UNKNOWN STEP	2026-05-18T13:37:56.0921260Z ##[endgroup]
Test (macos-latest)	UNKNOWN STEP	2026-05-18T13:37:56.0922600Z Secret source: Actions
Test (macos-latest)	UNKNOWN STEP	2026-05-18T13:37:56.0923080Z Prepare workflow directory
Test (macos-latest)	UNKNOWN STEP	2026-05-18T13:37:56.1312640Z Prepare all required actions
Test (macos-latest)	UNKNOWN STEP	2026-05-18T13:37:56.1342850Z Getting action download info
Test (macos-latest)	UNKNOWN STEP	2026-05-18T13:37:56.6921400Z Download action repository 'actions/checkout@v6' (SHA:de0fac2e4500dabe0009e67214ff5f5447ce83dd)
Test (macos-latest)	UNKNOWN STEP	2026-05-18T13:37:56.9886680Z Download action repository 'dtolnay/rust-toolchain@stable' (SHA:29eef336d9b2848a0b548edc03f92a220660cdb8)
Test (macos-latest)	UNKNOWN STEP	2026-05-18T13:37:57.3761090Z Download action repository 'Swatinem/rust-cache@v2' (SHA:e18b497796c12c097a38f9edb9d0641fb99eee32)
Test (macos-latest)	UNKNOWN STEP	2026-05-18T13:37:58.0275260Z Complete job name: Test (macos-latest)
Test (macos-latest)	UNKNOWN STEP	2026-05-18T13:37:58.0756200Z ##[group]Run actions/checkout@v6
Test (macos-latest)	UNKNOWN STEP	2026-05-18T13:37:58.0756910Z with:
Test (macos-latest)	UNKNOWN STEP	2026-05-18T13:37:58.0757250Z   repository: link-foundation/lino-i18n
Test (macos-latest)	UNKNOWN STEP	2026-05-18T13:37:58.0757920Z   token: ***
Test (macos-latest)	UNKNOWN STEP	2026-05-18T13:37:58.0758610Z   ssh-strict: true
Test (macos-latest)	UNKNOWN STEP	2026-05-18T13:37:58.0759100Z   ssh-user: git
Test (macos-latest)	UNKNOWN STEP	2026-05-18T13:37:58.0759410Z   persist-credentials: true
Test (macos-latest)	UNKNOWN STEP	2026-05-18T13:37:58.0759740Z   clean: true
Test (macos-latest)	UNKNOWN STEP	2026-05-18T13:37:58.0760040Z   sparse-checkout-cone-mode: true
Test (macos-latest)	UNKNOWN STEP	2026-05-18T13:37:58.0760400Z   fetch-depth: 1
Test (macos-latest)	UNKNOWN STEP	2026-05-18T13:37:58.0760730Z   fetch-tags: false
Test (macos-latest)	UNKNOWN STEP	2026-05-18T13:37:58.0761030Z   show-progress: true
Test (macos-latest)	UNKNOWN STEP	2026-05-18T13:37:58.0761340Z   lfs: false
Test (macos-latest)	UNKNOWN STEP	2026-05-18T13:37:58.0761620Z   submodules: false
Test (macos-latest)	UNKNOWN STEP	2026-05-18T13:37:58.0763430Z   set-safe-directory: true
Test (macos-latest)	UNKNOWN STEP	2026-05-18T13:37:58.0764310Z env:
Test (macos-latest)	UNKNOWN STEP	2026-05-18T13:37:58.0764620Z   CARGO_TERM_COLOR: always
Test (macos-latest)	UNKNOWN STEP	2026-05-18T13:37:58.0764970Z   RUST_BACKTRACE: 1
Test (macos-latest)	UNKNOWN STEP	2026-05-18T13:37:58.0765330Z   RUSTFLAGS: -Dwarnings
Test (macos-latest)	UNKNOWN STEP	2026-05-18T13:37:58.0765800Z   CARGO_REGISTRY_TOKEN: ***
Test (macos-latest)	UNKNOWN STEP	2026-05-18T13:37:58.0766240Z   CARGO_TOKEN: ***
Test (macos-latest)	UNKNOWN STEP	2026-05-18T13:37:58.0766530Z ##[endgroup]
Test (macos-latest)	UNKNOWN STEP	2026-05-18T13:37:58.6678100Z Syncing repository: link-foundation/lino-i18n
Test (macos-latest)	UNKNOWN STEP	2026-05-18T13:37:58.6679530Z ##[group]Getting Git version info
Test (macos-latest)	UNKNOWN STEP	2026-05-18T13:37:58.6680050Z Working directory is '/Users/runner/work/lino-i18n/lino-i18n'
Test (macos-latest)	UNKNOWN STEP	2026-05-18T13:37:58.6681100Z [command]/opt/homebrew/bin/git version
Test (macos-latest)	UNKNOWN STEP	2026-05-18T13:37:58.7272680Z git version 2.54.0
Test (macos-latest)	UNKNOWN STEP	2026-05-18T13:37:58.7348990Z ##[endgroup]
Test (macos-latest)	UNKNOWN STEP	2026-05-18T13:37:58.7354950Z Copying '/Users/runner/.gitconfig' to '/Users/runner/work/_temp/a749cb00-66b3-4120-8461-2e676a5d19d5/.gitconfig'
Test (macos-latest)	UNKNOWN STEP	2026-05-18T13:37:58.7356210Z Temporarily overriding HOME='/Users/runner/work/_temp/a749cb00-66b3-4120-8461-2e676a5d19d5' before making global git config changes
Test (macos-latest)	UNKNOWN STEP	2026-05-18T13:37:58.7357450Z Adding repository directory to the temporary git global config as a safe directory
Test (macos-latest)	UNKNOWN STEP	2026-05-18T13:37:58.7358580Z [command]/opt/homebrew/bin/git config --global --add safe.directory /Users/runner/work/lino-i18n/lino-i18n
Test (macos-latest)	UNKNOWN STEP	2026-05-18T13:37:58.7536380Z Deleting the contents of '/Users/runner/work/lino-i18n/lino-i18n'
Test (macos-latest)	UNKNOWN STEP	2026-05-18T13:37:58.7544330Z ##[group]Initializing the repository
Test (macos-latest)	UNKNOWN STEP	2026-05-18T13:37:58.7546650Z [command]/opt/homebrew/bin/git init /Users/runner/work/lino-i18n/lino-i18n
Test (macos-latest)	UNKNOWN STEP	2026-05-18T13:37:58.7800240Z hint: Using 'master' as the name for the initial branch. This default branch name
Test (macos-latest)	UNKNOWN STEP	2026-05-18T13:37:58.7801450Z hint: will change to "main" in Git 3.0. To configure the initial branch name
Test (macos-latest)	UNKNOWN STEP	2026-05-18T13:37:58.7802180Z hint: to use in all of your new repositories, which will suppress this warning,
Test (macos-latest)	UNKNOWN STEP	2026-05-18T13:37:58.7802780Z hint: call:
Test (macos-latest)	UNKNOWN STEP	2026-05-18T13:37:58.7803060Z hint:
Test (macos-latest)	UNKNOWN STEP	2026-05-18T13:37:58.7803470Z hint: 	git config --global init.defaultBranch <name>
Test (macos-latest)	UNKNOWN STEP	2026-05-18T13:37:58.7803910Z hint:
Test (macos-latest)	UNKNOWN STEP	2026-05-18T13:37:58.7804330Z hint: Names commonly chosen instead of 'master' are 'main', 'trunk' and
Test (macos-latest)	UNKNOWN STEP	2026-05-18T13:37:58.7804990Z hint: 'development'. The just-created branch can be renamed via this command:
Test (macos-latest)	UNKNOWN STEP	2026-05-18T13:37:58.7805890Z hint:
Test (macos-latest)	UNKNOWN STEP	2026-05-18T13:37:58.7806530Z hint: 	git branch -m <name>
Test (macos-latest)	UNKNOWN STEP	2026-05-18T13:37:58.7806940Z hint:
Test (macos-latest)	UNKNOWN STEP	2026-05-18T13:37:58.7807410Z hint: Disable this message with "git config set advice.defaultBranchName false"
Test (macos-latest)	UNKNOWN STEP	2026-05-18T13:37:58.7808340Z Initialized empty Git repository in /Users/runner/work/lino-i18n/lino-i18n/.git/
Test (macos-latest)	UNKNOWN STEP	2026-05-18T13:37:58.7822370Z [command]/opt/homebrew/bin/git remote add origin https://github.com/link-foundation/lino-i18n
Test (macos-latest)	UNKNOWN STEP	2026-05-18T13:37:58.7934870Z ##[endgroup]
Test (macos-latest)	UNKNOWN STEP	2026-05-18T13:37:58.7935570Z ##[group]Disabling automatic garbage collection
Test (macos-latest)	UNKNOWN STEP	2026-05-18T13:37:58.7939950Z [command]/opt/homebrew/bin/git config --local gc.auto 0
Test (macos-latest)	UNKNOWN STEP	2026-05-18T13:37:58.8017010Z ##[endgroup]
Test (macos-latest)	UNKNOWN STEP	2026-05-18T13:37:58.8017560Z ##[group]Setting up auth
Test (macos-latest)	UNKNOWN STEP	2026-05-18T13:37:58.8017990Z Removing SSH command configuration
Test (macos-latest)	UNKNOWN STEP	2026-05-18T13:37:58.8020610Z [command]/opt/homebrew/bin/git config --local --name-only --get-regexp core\.sshCommand
Test (macos-latest)	UNKNOWN STEP	2026-05-18T13:37:58.8096460Z [command]/opt/homebrew/bin/git submodule foreach --recursive sh -c "git config --local --name-only --get-regexp 'core\.sshCommand' && git config --local --unset-all 'core.sshCommand' || :"
Test (macos-latest)	UNKNOWN STEP	2026-05-18T13:37:58.9464590Z Removing HTTP extra header
Test (macos-latest)	UNKNOWN STEP	2026-05-18T13:37:58.9478750Z [command]/opt/homebrew/bin/git config --local --name-only --get-regexp http\.https\:\/\/github\.com\/\.extraheader
Test (macos-latest)	UNKNOWN STEP	2026-05-18T13:37:58.9564790Z [command]/opt/homebrew/bin/git submodule foreach --recursive sh -c "git config --local --name-only --get-regexp 'http\.https\:\/\/github\.com\/\.extraheader' && git config --local --unset-all 'http.https://github.com/.extraheader' || :"
Test (macos-latest)	UNKNOWN STEP	2026-05-18T13:37:59.0489550Z Removing includeIf entries pointing to credentials config files
Test (macos-latest)	UNKNOWN STEP	2026-05-18T13:37:59.0490930Z [command]/opt/homebrew/bin/git config --local --name-only --get-regexp ^includeIf\.gitdir:
Test (macos-latest)	UNKNOWN STEP	2026-05-18T13:37:59.0701430Z [command]/opt/homebrew/bin/git submodule foreach --recursive git config --local --show-origin --name-only --get-regexp remote.origin.url
Test (macos-latest)	UNKNOWN STEP	2026-05-18T13:37:59.1973040Z [command]/opt/homebrew/bin/git config --file /Users/runner/work/_temp/git-credentials-ef373d88-e86a-447a-9e51-6ab857d9a817.config http.https://github.com/.extraheader AUTHORIZATION: basic ***
Test (macos-latest)	UNKNOWN STEP	2026-05-18T13:37:59.2009420Z [command]/opt/homebrew/bin/git config --local includeIf.gitdir:/Users/runner/work/lino-i18n/lino-i18n/.git.path /Users/runner/work/_temp/git-credentials-ef373d88-e86a-447a-9e51-6ab857d9a817.config
Test (macos-latest)	UNKNOWN STEP	2026-05-18T13:37:59.2080160Z [command]/opt/homebrew/bin/git config --local includeIf.gitdir:/Users/runner/work/lino-i18n/lino-i18n/.git/worktrees/*.path /Users/runner/work/_temp/git-credentials-ef373d88-e86a-447a-9e51-6ab857d9a817.config
Test (macos-latest)	UNKNOWN STEP	2026-05-18T13:37:59.2141970Z [command]/opt/homebrew/bin/git config --local includeIf.gitdir:/github/workspace/.git.path /github/runner_temp/git-credentials-ef373d88-e86a-447a-9e51-6ab857d9a817.config
Test (macos-latest)	UNKNOWN STEP	2026-05-18T13:37:59.2218400Z [command]/opt/homebrew/bin/git config --local includeIf.gitdir:/github/workspace/.git/worktrees/*.path /github/runner_temp/git-credentials-ef373d88-e86a-447a-9e51-6ab857d9a817.config
Test (macos-latest)	UNKNOWN STEP	2026-05-18T13:37:59.2292360Z ##[endgroup]
Test (macos-latest)	UNKNOWN STEP	2026-05-18T13:37:59.2293160Z ##[group]Fetching the repository
Test (macos-latest)	UNKNOWN STEP	2026-05-18T13:37:59.2309020Z [command]/opt/homebrew/bin/git -c protocol.version=2 fetch --no-tags --prune --no-recurse-submodules --depth=1 origin +8910b98b665a650690c0d9e9188bbf6bec1e9d2c:refs/remotes/origin/main
Test (macos-latest)	UNKNOWN STEP	2026-05-18T13:38:00.2291060Z From https://github.com/link-foundation/lino-i18n
Test (macos-latest)	UNKNOWN STEP	2026-05-18T13:38:00.2392480Z  * [new ref]         8910b98b665a650690c0d9e9188bbf6bec1e9d2c -> origin/main
Test (macos-latest)	UNKNOWN STEP	2026-05-18T13:38:00.2431470Z [command]/opt/homebrew/bin/git branch --list --remote origin/main
Test (macos-latest)	UNKNOWN STEP	2026-05-18T13:38:00.2458280Z   origin/main
Test (macos-latest)	UNKNOWN STEP	2026-05-18T13:38:00.2472030Z [command]/opt/homebrew/bin/git rev-parse refs/remotes/origin/main
Test (macos-latest)	UNKNOWN STEP	2026-05-18T13:38:00.2534660Z 8910b98b665a650690c0d9e9188bbf6bec1e9d2c
Test (macos-latest)	UNKNOWN STEP	2026-05-18T13:38:00.2537540Z ##[endgroup]
Test (macos-latest)	UNKNOWN STEP	2026-05-18T13:38:00.2538540Z ##[group]Determining the checkout info
Test (macos-latest)	UNKNOWN STEP	2026-05-18T13:38:00.2540090Z ##[endgroup]
Test (macos-latest)	UNKNOWN STEP	2026-05-18T13:38:00.2541780Z [command]/opt/homebrew/bin/git sparse-checkout disable
Test (macos-latest)	UNKNOWN STEP	2026-05-18T13:38:00.2626200Z [command]/opt/homebrew/bin/git config --local --unset-all extensions.worktreeConfig
Test (macos-latest)	UNKNOWN STEP	2026-05-18T13:38:00.2692100Z ##[group]Checking out the ref
Test (macos-latest)	UNKNOWN STEP	2026-05-18T13:38:00.2694460Z [command]/opt/homebrew/bin/git checkout --progress --force -B main refs/remotes/origin/main
Test (macos-latest)	UNKNOWN STEP	2026-05-18T13:38:00.3815330Z Switched to a new branch 'main'
Test (macos-latest)	UNKNOWN STEP	2026-05-18T13:38:00.3820200Z branch 'main' set up to track 'origin/main'.
Test (macos-latest)	UNKNOWN STEP	2026-05-18T13:38:00.3824750Z ##[endgroup]
Test (macos-latest)	UNKNOWN STEP	2026-05-18T13:38:00.3933430Z [command]/opt/homebrew/bin/git log -1 --format=%H
Test (macos-latest)	UNKNOWN STEP	2026-05-18T13:38:00.4001160Z 8910b98b665a650690c0d9e9188bbf6bec1e9d2c
Test (macos-latest)	UNKNOWN STEP	2026-05-18T13:38:00.4303190Z ##[group]Run dtolnay/rust-toolchain@stable
Test (macos-latest)	UNKNOWN STEP	2026-05-18T13:38:00.4303510Z with:
Test (macos-latest)	UNKNOWN STEP	2026-05-18T13:38:00.4303730Z   toolchain: stable
Test (macos-latest)	UNKNOWN STEP	2026-05-18T13:38:00.4303910Z env:
Test (macos-latest)	UNKNOWN STEP	2026-05-18T13:38:00.4304140Z   CARGO_TERM_COLOR: always
Test (macos-latest)	UNKNOWN STEP	2026-05-18T13:38:00.4304360Z   RUST_BACKTRACE: 1
Test (macos-latest)	UNKNOWN STEP	2026-05-18T13:38:00.4304570Z   RUSTFLAGS: -Dwarnings
Test (macos-latest)	UNKNOWN STEP	2026-05-18T13:38:00.4305230Z   CARGO_REGISTRY_TOKEN: ***
Test (macos-latest)	UNKNOWN STEP	2026-05-18T13:38:00.4305560Z   CARGO_TOKEN: ***
Test (macos-latest)	UNKNOWN STEP	2026-05-18T13:38:00.4305810Z ##[endgroup]
Test (macos-latest)	UNKNOWN STEP	2026-05-18T13:38:00.4442260Z ##[group]Run : parse toolchain version
Test (macos-latest)	UNKNOWN STEP	2026-05-18T13:38:00.4442660Z ^[[36;1m: parse toolchain version^[[0m
Test (macos-latest)	UNKNOWN STEP	2026-05-18T13:38:00.4442930Z ^[[36;1mif [[ -z $toolchain ]]; then^[[0m
Test (macos-latest)	UNKNOWN STEP	2026-05-18T13:38:00.4443540Z ^[[36;1m  # GitHub does not enforce `required: true` inputs itself. https://github.com/actions/runner/issues/1070^[[0m
Test (macos-latest)	UNKNOWN STEP	2026-05-18T13:38:00.4444120Z ^[[36;1m  echo "'toolchain' is a required input" >&2^[[0m
Test (macos-latest)	UNKNOWN STEP	2026-05-18T13:38:00.4444390Z ^[[36;1m  exit 1^[[0m
Test (macos-latest)	UNKNOWN STEP	2026-05-18T13:38:00.4444820Z ^[[36;1melif [[ $toolchain =~ ^stable' '[0-9]+' '(year|month|week|day)s?' 'ago$ ]]; then^[[0m
Test (macos-latest)	UNKNOWN STEP	2026-05-18T13:38:00.4445220Z ^[[36;1m  if [[ macOS == macOS ]]; then^[[0m
Test (macos-latest)	UNKNOWN STEP	2026-05-18T13:38:00.4445750Z ^[[36;1m    echo "toolchain=1.$((($(date -v-$(sed 's/stable \([0-9]*\) \(.\).*/\1\2/' <<< $toolchain) +%s)/60/60/24-16569)/7/6))" >> $GITHUB_OUTPUT^[[0m
Test (macos-latest)	UNKNOWN STEP	2026-05-18T13:38:00.4446280Z ^[[36;1m  else^[[0m
Test (macos-latest)	UNKNOWN STEP	2026-05-18T13:38:00.4446650Z ^[[36;1m    echo "toolchain=1.$((($(date --date "${toolchain#stable }" +%s)/60/60/24-16569)/7/6))" >> $GITHUB_OUTPUT^[[0m
Test (macos-latest)	UNKNOWN STEP	2026-05-18T13:38:00.4447070Z ^[[36;1m  fi^[[0m
Test (macos-latest)	UNKNOWN STEP	2026-05-18T13:38:00.4447390Z ^[[36;1melif [[ $toolchain =~ ^stable' 'minus' '[0-9]+' 'releases?$ ]]; then^[[0m
Test (macos-latest)	UNKNOWN STEP	2026-05-18T13:38:00.4447880Z ^[[36;1m  echo "toolchain=1.$((($(date +%s)/60/60/24-16569)/7/6-${toolchain//[^0-9]/}))" >> $GITHUB_OUTPUT^[[0m
Test (macos-latest)	UNKNOWN STEP	2026-05-18T13:38:00.4448360Z ^[[36;1melif [[ $toolchain =~ ^1\.[0-9]+$ ]]; then^[[0m
Test (macos-latest)	UNKNOWN STEP	2026-05-18T13:38:00.4448890Z ^[[36;1m  echo "toolchain=1.$((i=${toolchain#1.}, c=($(date +%s)/60/60/24-16569)/7/6, i+9*i*(10*i<=c)+90*i*(100*i<=c)))" >> $GITHUB_OUTPUT^[[0m
Test (macos-latest)	UNKNOWN STEP	2026-05-18T13:38:00.4449390Z ^[[36;1melse^[[0m
Test (macos-latest)	UNKNOWN STEP	2026-05-18T13:38:00.4449630Z ^[[36;1m  echo "toolchain=$toolchain" >> $GITHUB_OUTPUT^[[0m
Test (macos-latest)	UNKNOWN STEP	2026-05-18T13:38:00.4449950Z ^[[36;1mfi^[[0m
Test (macos-latest)	UNKNOWN STEP	2026-05-18T13:38:00.4502200Z shell: /bin/bash --noprofile --norc -e -o pipefail {0}
Test (macos-latest)	UNKNOWN STEP	2026-05-18T13:38:00.4502910Z env:
Test (macos-latest)	UNKNOWN STEP	2026-05-18T13:38:00.4503100Z   CARGO_TERM_COLOR: always
Test (macos-latest)	UNKNOWN STEP	2026-05-18T13:38:00.4503320Z   RUST_BACKTRACE: 1
Test (macos-latest)	UNKNOWN STEP	2026-05-18T13:38:00.4503510Z   RUSTFLAGS: -Dwarnings
Test (macos-latest)	UNKNOWN STEP	2026-05-18T13:38:00.4504030Z   CARGO_REGISTRY_TOKEN: ***
Test (macos-latest)	UNKNOWN STEP	2026-05-18T13:38:00.4504360Z   CARGO_TOKEN: ***
Test (macos-latest)	UNKNOWN STEP	2026-05-18T13:38:00.4504550Z   toolchain: stable
Test (macos-latest)	UNKNOWN STEP	2026-05-18T13:38:00.4504740Z ##[endgroup]
Test (macos-latest)	UNKNOWN STEP	2026-05-18T13:38:00.4984660Z ##[group]Run : construct rustup command line
Test (macos-latest)	UNKNOWN STEP	2026-05-18T13:38:00.4985050Z ^[[36;1m: construct rustup command line^[[0m
Test (macos-latest)	UNKNOWN STEP	2026-05-18T13:38:00.4985490Z ^[[36;1mecho "targets=$(for t in ${targets//,/ }; do echo -n ' --target' $t; done)" >> $GITHUB_OUTPUT^[[0m
Test (macos-latest)	UNKNOWN STEP	2026-05-18T13:38:00.4986140Z ^[[36;1mecho "components=$(for c in ${components//,/ }; do echo -n ' --component' $c; done)" >> $GITHUB_OUTPUT^[[0m
Test (macos-latest)	UNKNOWN STEP	2026-05-18T13:38:00.4986610Z ^[[36;1mecho "downgrade=" >> $GITHUB_OUTPUT^[[0m
Test (macos-latest)	UNKNOWN STEP	2026-05-18T13:38:00.5021450Z shell: /bin/bash --noprofile --norc -e -o pipefail {0}
Test (macos-latest)	UNKNOWN STEP	2026-05-18T13:38:00.5021850Z env:
Test (macos-latest)	UNKNOWN STEP	2026-05-18T13:38:00.5022070Z   CARGO_TERM_COLOR: always
Test (macos-latest)	UNKNOWN STEP	2026-05-18T13:38:00.5022330Z   RUST_BACKTRACE: 1
Test (macos-latest)	UNKNOWN STEP	2026-05-18T13:38:00.5022710Z   RUSTFLAGS: -Dwarnings
Test (macos-latest)	UNKNOWN STEP	2026-05-18T13:38:00.5023310Z   CARGO_REGISTRY_TOKEN: ***
Test (macos-latest)	UNKNOWN STEP	2026-05-18T13:38:00.5023620Z   CARGO_TOKEN: ***
Test (macos-latest)	UNKNOWN STEP	2026-05-18T13:38:00.5023870Z   targets:
Test (macos-latest)	UNKNOWN STEP	2026-05-18T13:38:00.5024060Z   components:
Test (macos-latest)	UNKNOWN STEP	2026-05-18T13:38:00.5024250Z ##[endgroup]
Test (macos-latest)	UNKNOWN STEP	2026-05-18T13:38:00.5313670Z ##[group]Run : set $CARGO_HOME
Test (macos-latest)	UNKNOWN STEP	2026-05-18T13:38:00.5315110Z ^[[36;1m: set $CARGO_HOME^[[0m
Test (macos-latest)	UNKNOWN STEP	2026-05-18T13:38:00.5316620Z ^[[36;1mecho CARGO_HOME=${CARGO_HOME:-"$HOME/.cargo"} >> $GITHUB_ENV^[[0m
Test (macos-latest)	UNKNOWN STEP	2026-05-18T13:38:00.5401510Z shell: /bin/bash --noprofile --norc -e -o pipefail {0}
Test (macos-latest)	UNKNOWN STEP	2026-05-18T13:38:00.5401900Z env:
Test (macos-latest)	UNKNOWN STEP	2026-05-18T13:38:00.5404330Z   CARGO_TERM_COLOR: always
Test (macos-latest)	UNKNOWN STEP	2026-05-18T13:38:00.5404700Z   RUST_BACKTRACE: 1
Test (macos-latest)	UNKNOWN STEP	2026-05-18T13:38:00.5404950Z   RUSTFLAGS: -Dwarnings
Test (macos-latest)	UNKNOWN STEP	2026-05-18T13:38:00.5405500Z   CARGO_REGISTRY_TOKEN: ***
Test (macos-latest)	UNKNOWN STEP	2026-05-18T13:38:00.5405830Z   CARGO_TOKEN: ***
Test (macos-latest)	UNKNOWN STEP	2026-05-18T13:38:00.5406100Z ##[endgroup]
Test (macos-latest)	UNKNOWN STEP	2026-05-18T13:38:00.5679170Z ##[group]Run : install rustup if needed
Test (macos-latest)	UNKNOWN STEP	2026-05-18T13:38:00.5679540Z ^[[36;1m: install rustup if needed^[[0m
Test (macos-latest)	UNKNOWN STEP	2026-05-18T13:38:00.5679850Z ^[[36;1mif ! command -v rustup &>/dev/null; then^[[0m
Test (macos-latest)	UNKNOWN STEP	2026-05-18T13:38:00.5680560Z ^[[36;1m  curl --proto '=https' --tlsv1.2 --retry 10 --retry-connrefused --location --silent --show-error --fail https://sh.rustup.rs | sh -s -- --default-toolchain none -y^[[0m
Test (macos-latest)	UNKNOWN STEP	2026-05-18T13:38:00.5681250Z ^[[36;1m  echo "$CARGO_HOME/bin" >> $GITHUB_PATH^[[0m
Test (macos-latest)	UNKNOWN STEP	2026-05-18T13:38:00.5681530Z ^[[36;1mfi^[[0m
Test (macos-latest)	UNKNOWN STEP	2026-05-18T13:38:00.5714650Z shell: /bin/bash --noprofile --norc -e -o pipefail {0}
Test (macos-latest)	UNKNOWN STEP	2026-05-18T13:38:00.5715050Z env:
Test (macos-latest)	UNKNOWN STEP	2026-05-18T13:38:00.5715260Z   CARGO_TERM_COLOR: always
Test (macos-latest)	UNKNOWN STEP	2026-05-18T13:38:00.5715510Z   RUST_BACKTRACE: 1
Test (macos-latest)	UNKNOWN STEP	2026-05-18T13:38:00.5715720Z   RUSTFLAGS: -Dwarnings
Test (macos-latest)	UNKNOWN STEP	2026-05-18T13:38:00.5716210Z   CARGO_REGISTRY_TOKEN: ***
Test (macos-latest)	UNKNOWN STEP	2026-05-18T13:38:00.5716510Z   CARGO_TOKEN: ***
Test (macos-latest)	UNKNOWN STEP	2026-05-18T13:38:00.5716750Z   CARGO_HOME: /Users/runner/.cargo
Test (macos-latest)	UNKNOWN STEP	2026-05-18T13:38:00.5717050Z ##[endgroup]
Test (macos-latest)	UNKNOWN STEP	2026-05-18T13:38:00.5938280Z ##[group]Run rustup toolchain install stable --profile minimal --no-self-update
Test (macos-latest)	UNKNOWN STEP	2026-05-18T13:38:00.5938850Z ^[[36;1mrustup toolchain install stable --profile minimal --no-self-update^[[0m
Test (macos-latest)	UNKNOWN STEP	2026-05-18T13:38:00.5976490Z shell: /bin/bash --noprofile --norc -e -o pipefail {0}
Test (macos-latest)	UNKNOWN STEP	2026-05-18T13:38:00.5976870Z env:
Test (macos-latest)	UNKNOWN STEP	2026-05-18T13:38:00.5977130Z   CARGO_TERM_COLOR: always
Test (macos-latest)	UNKNOWN STEP	2026-05-18T13:38:00.5977400Z   RUST_BACKTRACE: 1
Test (macos-latest)	UNKNOWN STEP	2026-05-18T13:38:00.5977870Z   RUSTFLAGS: -Dwarnings
Test (macos-latest)	UNKNOWN STEP	2026-05-18T13:38:00.5978560Z   CARGO_REGISTRY_TOKEN: ***
Test (macos-latest)	UNKNOWN STEP	2026-05-18T13:38:00.5978910Z   CARGO_TOKEN: ***
Test (macos-latest)	UNKNOWN STEP	2026-05-18T13:38:00.5979140Z   CARGO_HOME: /Users/runner/.cargo
Test (macos-latest)	UNKNOWN STEP	2026-05-18T13:38:00.5979490Z   RUSTUP_PERMIT_COPY_RENAME: 1
Test (macos-latest)	UNKNOWN STEP	2026-05-18T13:38:00.5979750Z ##[endgroup]
Test (macos-latest)	UNKNOWN STEP	2026-05-18T13:38:00.9503610Z info: syncing channel updates for stable-aarch64-apple-darwin
Test (macos-latest)	UNKNOWN STEP	2026-05-18T13:38:01.0513820Z
Test (macos-latest)	UNKNOWN STEP	2026-05-18T13:38:01.0610770Z info: self-update is disabled for this build of rustup
Test (macos-latest)	UNKNOWN STEP	2026-05-18T13:38:01.0614730Z info: any updates to rustup will need to be fetched with your system package manager
Test (macos-latest)	UNKNOWN STEP	2026-05-18T13:38:01.0615810Z   stable-aarch64-apple-darwin unchanged - rustc 1.95.0 (59807616e 2026-04-14)
Test (macos-latest)	UNKNOWN STEP	2026-05-18T13:38:01.0616120Z
Test (macos-latest)	UNKNOWN STEP	2026-05-18T13:38:01.0645550Z ##[group]Run rustup default stable
Test (macos-latest)	UNKNOWN STEP	2026-05-18T13:38:01.0645780Z ^[[36;1mrustup default stable^[[0m
Test (macos-latest)	UNKNOWN STEP	2026-05-18T13:38:01.0687740Z shell: /bin/bash --noprofile --norc -e -o pipefail {0}
Test (macos-latest)	UNKNOWN STEP	2026-05-18T13:38:01.0688070Z env:
Test (macos-latest)	UNKNOWN STEP	2026-05-18T13:38:01.0688240Z   CARGO_TERM_COLOR: always
Test (macos-latest)	UNKNOWN STEP	2026-05-18T13:38:01.0688410Z   RUST_BACKTRACE: 1
Test (macos-latest)	UNKNOWN STEP	2026-05-18T13:38:01.0688570Z   RUSTFLAGS: -Dwarnings
Test (macos-latest)	UNKNOWN STEP	2026-05-18T13:38:01.0688890Z   CARGO_REGISTRY_TOKEN: ***
Test (macos-latest)	UNKNOWN STEP	2026-05-18T13:38:01.0689110Z   CARGO_TOKEN: ***
Test (macos-latest)	UNKNOWN STEP	2026-05-18T13:38:01.0689300Z   CARGO_HOME: /Users/runner/.cargo
Test (macos-latest)	UNKNOWN STEP	2026-05-18T13:38:01.0689470Z ##[endgroup]
Test (macos-latest)	UNKNOWN STEP	2026-05-18T13:38:01.1203390Z info: using existing install for stable-aarch64-apple-darwin
Test (macos-latest)	UNKNOWN STEP	2026-05-18T13:38:01.1238430Z info: default toolchain set to stable-aarch64-apple-darwin
Test (macos-latest)	UNKNOWN STEP	2026-05-18T13:38:01.1239120Z
Test (macos-latest)	UNKNOWN STEP	2026-05-18T13:38:01.1354850Z   stable-aarch64-apple-darwin unchanged - rustc 1.95.0 (59807616e 2026-04-14)
Test (macos-latest)	UNKNOWN STEP	2026-05-18T13:38:01.1355240Z
Test (macos-latest)	UNKNOWN STEP	2026-05-18T13:38:01.1390350Z ##[group]Run : create cachekey
Test (macos-latest)	UNKNOWN STEP	2026-05-18T13:38:01.1390580Z ^[[36;1m: create cachekey^[[0m
Test (macos-latest)	UNKNOWN STEP	2026-05-18T13:38:01.1391040Z ^[[36;1mDATE=$(rustc +stable --version --verbose | sed -ne 's/^commit-date: \(20[0-9][0-9]\)-\([01][0-9]\)-\([0-3][0-9]\)$/\1\2\3/p')^[[0m
Test (macos-latest)	UNKNOWN STEP	2026-05-18T13:38:01.1391600Z ^[[36;1mHASH=$(rustc +stable --version --verbose | sed -ne 's/^commit-hash: //p')^[[0m
Test (macos-latest)	UNKNOWN STEP	2026-05-18T13:38:01.1391990Z ^[[36;1mecho "cachekey=$(echo $DATE$HASH | head -c12)" >> $GITHUB_OUTPUT^[[0m
Test (macos-latest)	UNKNOWN STEP	2026-05-18T13:38:01.1423930Z shell: /bin/bash --noprofile --norc -e -o pipefail {0}
Test (macos-latest)	UNKNOWN STEP	2026-05-18T13:38:01.1424430Z env:
Test (macos-latest)	UNKNOWN STEP	2026-05-18T13:38:01.1424590Z   CARGO_TERM_COLOR: always
Test (macos-latest)	UNKNOWN STEP	2026-05-18T13:38:01.1424760Z   RUST_BACKTRACE: 1
Test (macos-latest)	UNKNOWN STEP	2026-05-18T13:38:01.1424910Z   RUSTFLAGS: -Dwarnings
Test (macos-latest)	UNKNOWN STEP	2026-05-18T13:38:01.1425270Z   CARGO_REGISTRY_TOKEN: ***
Test (macos-latest)	UNKNOWN STEP	2026-05-18T13:38:01.1425600Z   CARGO_TOKEN: ***
Test (macos-latest)	UNKNOWN STEP	2026-05-18T13:38:01.1425810Z   CARGO_HOME: /Users/runner/.cargo
Test (macos-latest)	UNKNOWN STEP	2026-05-18T13:38:01.1426040Z ##[endgroup]
Test (macos-latest)	UNKNOWN STEP	2026-05-18T13:38:01.2390310Z ##[group]Run : disable incremental compilation
Test (macos-latest)	UNKNOWN STEP	2026-05-18T13:38:01.2390630Z ^[[36;1m: disable incremental compilation^[[0m
Test (macos-latest)	UNKNOWN STEP	2026-05-18T13:38:01.2390890Z ^[[36;1mif [ -z "${CARGO_INCREMENTAL+set}" ]; then^[[0m
Test (macos-latest)	UNKNOWN STEP	2026-05-18T13:38:01.2391140Z ^[[36;1m  echo CARGO_INCREMENTAL=0 >> $GITHUB_ENV^[[0m
Test (macos-latest)	UNKNOWN STEP	2026-05-18T13:38:01.2391350Z ^[[36;1mfi^[[0m
Test (macos-latest)	UNKNOWN STEP	2026-05-18T13:38:01.2421690Z shell: /bin/bash --noprofile --norc -e -o pipefail {0}
Test (macos-latest)	UNKNOWN STEP	2026-05-18T13:38:01.2421920Z env:
Test (macos-latest)	UNKNOWN STEP	2026-05-18T13:38:01.2422100Z   CARGO_TERM_COLOR: always
Test (macos-latest)	UNKNOWN STEP	2026-05-18T13:38:01.2422330Z   RUST_BACKTRACE: 1
Test (macos-latest)	UNKNOWN STEP	2026-05-18T13:38:01.2422580Z   RUSTFLAGS: -Dwarnings
Test (macos-latest)	UNKNOWN STEP	2026-05-18T13:38:01.2422890Z   CARGO_REGISTRY_TOKEN: ***
Test (macos-latest)	UNKNOWN STEP	2026-05-18T13:38:01.2423130Z   CARGO_TOKEN: ***
Test (macos-latest)	UNKNOWN STEP	2026-05-18T13:38:01.2423350Z   CARGO_HOME: /Users/runner/.cargo
Test (macos-latest)	UNKNOWN STEP	2026-05-18T13:38:01.2423530Z ##[endgroup]
Test (macos-latest)	UNKNOWN STEP	2026-05-18T13:38:01.2678660Z ##[group]Run : enable colors in Cargo output
Test (macos-latest)	UNKNOWN STEP	2026-05-18T13:38:01.2679120Z ^[[36;1m: enable colors in Cargo output^[[0m
Test (macos-latest)	UNKNOWN STEP	2026-05-18T13:38:01.2679390Z ^[[36;1mif [ -z "${CARGO_TERM_COLOR+set}" ]; then^[[0m
Test (macos-latest)	UNKNOWN STEP	2026-05-18T13:38:01.2679660Z ^[[36;1m  echo CARGO_TERM_COLOR=always >> $GITHUB_ENV^[[0m
Test (macos-latest)	UNKNOWN STEP	2026-05-18T13:38:01.2679890Z ^[[36;1mfi^[[0m
Test (macos-latest)	UNKNOWN STEP	2026-05-18T13:38:01.2732960Z shell: /bin/bash --noprofile --norc -e -o pipefail {0}
Test (macos-latest)	UNKNOWN STEP	2026-05-18T13:38:01.2733370Z env:
Test (macos-latest)	UNKNOWN STEP	2026-05-18T13:38:01.2733640Z   CARGO_TERM_COLOR: always
Test (macos-latest)	UNKNOWN STEP	2026-05-18T13:38:01.2733840Z   RUST_BACKTRACE: 1
Test (macos-latest)	UNKNOWN STEP	2026-05-18T13:38:01.2734090Z   RUSTFLAGS: -Dwarnings
Test (macos-latest)	UNKNOWN STEP	2026-05-18T13:38:01.2734640Z   CARGO_REGISTRY_TOKEN: ***
Test (macos-latest)	UNKNOWN STEP	2026-05-18T13:38:01.2734940Z   CARGO_TOKEN: ***
Test (macos-latest)	UNKNOWN STEP	2026-05-18T13:38:01.2735210Z   CARGO_HOME: /Users/runner/.cargo
Test (macos-latest)	UNKNOWN STEP	2026-05-18T13:38:01.2737570Z   CARGO_INCREMENTAL: 0
Test (macos-latest)	UNKNOWN STEP	2026-05-18T13:38:01.2738110Z ##[endgroup]
Test (macos-latest)	UNKNOWN STEP	2026-05-18T13:38:01.3160920Z ##[group]Run : enable Cargo sparse registry
Test (macos-latest)	UNKNOWN STEP	2026-05-18T13:38:01.3161300Z ^[[36;1m: enable Cargo sparse registry^[[0m
Test (macos-latest)	UNKNOWN STEP	2026-05-18T13:38:01.3161620Z ^[[36;1m# implemented in 1.66, stabilized in 1.68, made default in 1.70^[[0m
Test (macos-latest)	UNKNOWN STEP	2026-05-18T13:38:01.3162730Z ^[[36;1mif [ -z "${CARGO_REGISTRIES_CRATES_IO_PROTOCOL+set}" -o -f "/Users/runner/work/_temp"/.implicit_cargo_registries_crates_io_protocol ]; then^[[0m
Test (macos-latest)	UNKNOWN STEP	2026-05-18T13:38:01.3163550Z ^[[36;1m  if rustc +stable --version --verbose | grep -q '^release: 1\.6[89]\.'; then^[[0m
Test (macos-latest)	UNKNOWN STEP	2026-05-18T13:38:01.3164130Z ^[[36;1m    touch "/Users/runner/work/_temp"/.implicit_cargo_registries_crates_io_protocol || true^[[0m
Test (macos-latest)	UNKNOWN STEP	2026-05-18T13:38:01.3164610Z ^[[36;1m    echo CARGO_REGISTRIES_CRATES_IO_PROTOCOL=sparse >> $GITHUB_ENV^[[0m
Test (macos-latest)	UNKNOWN STEP	2026-05-18T13:38:01.3165060Z ^[[36;1m  elif rustc +stable --version --verbose | grep -q '^release: 1\.6[67]\.'; then^[[0m
Test (macos-latest)	UNKNOWN STEP	2026-05-18T13:38:01.3165910Z ^[[36;1m    touch "/Users/runner/work/_temp"/.implicit_cargo_registries_crates_io_protocol || true^[[0m
Test (macos-latest)	UNKNOWN STEP	2026-05-18T13:38:01.3166470Z ^[[36;1m    echo CARGO_REGISTRIES_CRATES_IO_PROTOCOL=git >> $GITHUB_ENV^[[0m
Test (macos-latest)	UNKNOWN STEP	2026-05-18T13:38:01.3166790Z ^[[36;1m  fi^[[0m
Test (macos-latest)	UNKNOWN STEP	2026-05-18T13:38:01.3167020Z ^[[36;1mfi^[[0m
Test (macos-latest)	UNKNOWN STEP	2026-05-18T13:38:01.3243080Z shell: /bin/bash --noprofile --norc -e -o pipefail {0}
Test (macos-latest)	UNKNOWN STEP	2026-05-18T13:38:01.3243360Z env:
Test (macos-latest)	UNKNOWN STEP	2026-05-18T13:38:01.3243520Z   CARGO_TERM_COLOR: always
Test (macos-latest)	UNKNOWN STEP	2026-05-18T13:38:01.3243680Z   RUST_BACKTRACE: 1
Test (macos-latest)	UNKNOWN STEP	2026-05-18T13:38:01.3243830Z   RUSTFLAGS: -Dwarnings
Test (macos-latest)	UNKNOWN STEP	2026-05-18T13:38:01.3244210Z   CARGO_REGISTRY_TOKEN: ***
Test (macos-latest)	UNKNOWN STEP	2026-05-18T13:38:01.3244430Z   CARGO_TOKEN: ***
Test (macos-latest)	UNKNOWN STEP	2026-05-18T13:38:01.3244590Z   CARGO_HOME: /Users/runner/.cargo
Test (macos-latest)	UNKNOWN STEP	2026-05-18T13:38:01.3244790Z   CARGO_INCREMENTAL: 0
Test (macos-latest)	UNKNOWN STEP	2026-05-18T13:38:01.3244930Z ##[endgroup]
Test (macos-latest)	UNKNOWN STEP	2026-05-18T13:38:01.4498750Z ##[group]Run : work around spurious network errors in curl 8.0
Test (macos-latest)	UNKNOWN STEP	2026-05-18T13:38:01.4499130Z ^[[36;1m: work around spurious network errors in curl 8.0^[[0m
Test (macos-latest)	UNKNOWN STEP	2026-05-18T13:38:01.4499840Z ^[[36;1m# https://rust-lang.zulipchat.com/#narrow/stream/246057-t-cargo/topic/timeout.20investigation^[[0m
Test (macos-latest)	UNKNOWN STEP	2026-05-18T13:38:01.4500350Z ^[[36;1mif rustc +stable --version --verbose | grep -q '^release: 1\.7[01]\.'; then^[[0m
Test (macos-latest)	UNKNOWN STEP	2026-05-18T13:38:01.4500720Z ^[[36;1m  echo CARGO_HTTP_MULTIPLEXING=false >> $GITHUB_ENV^[[0m
Test (macos-latest)	UNKNOWN STEP	2026-05-18T13:38:01.4500990Z ^[[36;1mfi^[[0m
Test (macos-latest)	UNKNOWN STEP	2026-05-18T13:38:01.4531900Z shell: /bin/bash --noprofile --norc -e -o pipefail {0}
Test (macos-latest)	UNKNOWN STEP	2026-05-18T13:38:01.4532160Z env:
Test (macos-latest)	UNKNOWN STEP	2026-05-18T13:38:01.4532370Z   CARGO_TERM_COLOR: always
Test (macos-latest)	UNKNOWN STEP	2026-05-18T13:38:01.4532580Z   RUST_BACKTRACE: 1
Test (macos-latest)	UNKNOWN STEP	2026-05-18T13:38:01.4532730Z   RUSTFLAGS: -Dwarnings
Test (macos-latest)	UNKNOWN STEP	2026-05-18T13:38:01.4533110Z   CARGO_REGISTRY_TOKEN: ***
Test (macos-latest)	UNKNOWN STEP	2026-05-18T13:38:01.4533360Z   CARGO_TOKEN: ***
Test (macos-latest)	UNKNOWN STEP	2026-05-18T13:38:01.4533520Z   CARGO_HOME: /Users/runner/.cargo
Test (macos-latest)	UNKNOWN STEP	2026-05-18T13:38:01.4533710Z   CARGO_INCREMENTAL: 0
Test (macos-latest)	UNKNOWN STEP	2026-05-18T13:38:01.4533880Z ##[endgroup]
Test (macos-latest)	UNKNOWN STEP	2026-05-18T13:38:01.4954420Z ##[group]Run rustc +stable --version --verbose
Test (macos-latest)	UNKNOWN STEP	2026-05-18T13:38:01.4954800Z ^[[36;1mrustc +stable --version --verbose^[[0m
Test (macos-latest)	UNKNOWN STEP	2026-05-18T13:38:01.4985790Z shell: /bin/bash --noprofile --norc -e -o pipefail {0}
Test (macos-latest)	UNKNOWN STEP	2026-05-18T13:38:01.4986060Z env:
Test (macos-latest)	UNKNOWN STEP	2026-05-18T13:38:01.4986200Z   CARGO_TERM_COLOR: always
Test (macos-latest)	UNKNOWN STEP	2026-05-18T13:38:01.4986350Z   RUST_BACKTRACE: 1
Test (macos-latest)	UNKNOWN STEP	2026-05-18T13:38:01.4986720Z   RUSTFLAGS: -Dwarnings
Test (macos-latest)	UNKNOWN STEP	2026-05-18T13:38:01.4987070Z   CARGO_REGISTRY_TOKEN: ***
Test (macos-latest)	UNKNOWN STEP	2026-05-18T13:38:01.4987350Z   CARGO_TOKEN: ***
Test (macos-latest)	UNKNOWN STEP	2026-05-18T13:38:01.4987510Z   CARGO_HOME: /Users/runner/.cargo
Test (macos-latest)	UNKNOWN STEP	2026-05-18T13:38:01.4987690Z   CARGO_INCREMENTAL: 0
Test (macos-latest)	UNKNOWN STEP	2026-05-18T13:38:01.4987840Z ##[endgroup]
Test (macos-latest)	UNKNOWN STEP	2026-05-18T13:38:01.5381170Z rustc 1.95.0 (59807616e 2026-04-14)
Test (macos-latest)	UNKNOWN STEP	2026-05-18T13:38:01.5381470Z binary: rustc
Test (macos-latest)	UNKNOWN STEP	2026-05-18T13:38:01.5381670Z commit-hash: 59807616e1fa2540724bfbac14d7976d7e4a3860
Test (macos-latest)	UNKNOWN STEP	2026-05-18T13:38:01.5381920Z commit-date: 2026-04-14
Test (macos-latest)	UNKNOWN STEP	2026-05-18T13:38:01.5382110Z host: aarch64-apple-darwin
Test (macos-latest)	UNKNOWN STEP	2026-05-18T13:38:01.5382300Z release: 1.95.0
Test (macos-latest)	UNKNOWN STEP	2026-05-18T13:38:01.5386090Z LLVM version: 22.1.2
Test (macos-latest)	UNKNOWN STEP	2026-05-18T13:38:01.5518640Z ##[group]Run Swatinem/rust-cache@v2
Test (macos-latest)	UNKNOWN STEP	2026-05-18T13:38:01.5518870Z with:
Test (macos-latest)	UNKNOWN STEP	2026-05-18T13:38:01.5519000Z   workspaces: rust
Test (macos-latest)	UNKNOWN STEP	2026-05-18T13:38:01.5519150Z   prefix-key: v0-rust
Test (macos-latest)	UNKNOWN STEP	2026-05-18T13:38:01.5519320Z   add-job-id-key: true
Test (macos-latest)	UNKNOWN STEP	2026-05-18T13:38:01.5519500Z   add-rust-environment-hash-key: true
Test (macos-latest)	UNKNOWN STEP	2026-05-18T13:38:01.5520000Z   cache-targets: true
Test (macos-latest)	UNKNOWN STEP	2026-05-18T13:38:01.5520170Z   cache-all-crates: false
Test (macos-latest)	UNKNOWN STEP	2026-05-18T13:38:01.5520340Z   cache-workspace-crates: false
Test (macos-latest)	UNKNOWN STEP	2026-05-18T13:38:01.5520530Z   save-if: true
Test (macos-latest)	UNKNOWN STEP	2026-05-18T13:38:01.5520670Z   cache-provider: github
Test (macos-latest)	UNKNOWN STEP	2026-05-18T13:38:01.5520830Z   cache-bin: true
Test (macos-latest)	UNKNOWN STEP	2026-05-18T13:38:01.5520960Z   lookup-only: false
Test (macos-latest)	UNKNOWN STEP	2026-05-18T13:38:01.5521120Z   cmd-format: {0}
Test (macos-latest)	UNKNOWN STEP	2026-05-18T13:38:01.5521250Z env:
Test (macos-latest)	UNKNOWN STEP	2026-05-18T13:38:01.5521380Z   CARGO_TERM_COLOR: always
Test (macos-latest)	UNKNOWN STEP	2026-05-18T13:38:01.5521560Z   RUST_BACKTRACE: 1
Test (macos-latest)	UNKNOWN STEP	2026-05-18T13:38:01.5521710Z   RUSTFLAGS: -Dwarnings
Test (macos-latest)	UNKNOWN STEP	2026-05-18T13:38:01.5522050Z   CARGO_REGISTRY_TOKEN: ***
Test (macos-latest)	UNKNOWN STEP	2026-05-18T13:38:01.5522330Z   CARGO_TOKEN: ***
Test (macos-latest)	UNKNOWN STEP	2026-05-18T13:38:01.5522490Z   CARGO_HOME: /Users/runner/.cargo
Test (macos-latest)	UNKNOWN STEP	2026-05-18T13:38:01.5522670Z   CARGO_INCREMENTAL: 0
Test (macos-latest)	UNKNOWN STEP	2026-05-18T13:38:01.5522830Z ##[endgroup]
Test (macos-latest)	UNKNOWN STEP	2026-05-18T13:38:01.9368070Z (node:1866) [DEP0040] DeprecationWarning: The `punycode` module is deprecated. Please use a userland alternative instead.
Test (macos-latest)	UNKNOWN STEP	2026-05-18T13:38:01.9382160Z (Use `node --trace-deprecation ...` to show where the warning was created)
Test (macos-latest)	UNKNOWN STEP	2026-05-18T13:38:02.2839520Z ##[group]Cache Configuration
Test (macos-latest)	UNKNOWN STEP	2026-05-18T13:38:02.2839960Z Cache Provider:
Test (macos-latest)	UNKNOWN STEP	2026-05-18T13:38:02.2840120Z     github
Test (macos-latest)	UNKNOWN STEP	2026-05-18T13:38:02.2840240Z Workspaces:
Test (macos-latest)	UNKNOWN STEP	2026-05-18T13:38:02.2840400Z     /Users/runner/work/lino-i18n/lino-i18n/rust
Test (macos-latest)	UNKNOWN STEP	2026-05-18T13:38:02.2840730Z Cache Paths:
Test (macos-latest)	UNKNOWN STEP	2026-05-18T13:38:02.2841190Z     /Users/runner/.cargo/bin
Test (macos-latest)	UNKNOWN STEP	2026-05-18T13:38:02.2841400Z     /Users/runner/.cargo/.crates.toml
Test (macos-latest)	UNKNOWN STEP	2026-05-18T13:38:02.2841620Z     /Users/runner/.cargo/.crates2.json
Test (macos-latest)	UNKNOWN STEP	2026-05-18T13:38:02.2841860Z     /Users/runner/.cargo/registry
Test (macos-latest)	UNKNOWN STEP	2026-05-18T13:38:02.2842160Z     /Users/runner/.cargo/git
Test (macos-latest)	UNKNOWN STEP	2026-05-18T13:38:02.2842400Z     /Users/runner/work/lino-i18n/lino-i18n/rust/target
Test (macos-latest)	UNKNOWN STEP	2026-05-18T13:38:02.2842640Z Restore Key:
Test (macos-latest)	UNKNOWN STEP	2026-05-18T13:38:02.2842800Z     v0-rust-test-Darwin-arm64-f72f18d2
Test (macos-latest)	UNKNOWN STEP	2026-05-18T13:38:02.2843000Z Cache Key:
Test (macos-latest)	UNKNOWN STEP	2026-05-18T13:38:02.2843170Z     v0-rust-test-Darwin-arm64-f72f18d2-d2ed2b7f
Test (macos-latest)	UNKNOWN STEP	2026-05-18T13:38:02.2843420Z .. Prefix:
Test (macos-latest)	UNKNOWN STEP	2026-05-18T13:38:02.2843560Z   - v0-rust-test-Darwin-arm64
Test (macos-latest)	UNKNOWN STEP	2026-05-18T13:38:02.2843820Z .. Environment considered:
Test (macos-latest)	UNKNOWN STEP	2026-05-18T13:38:02.2844000Z   - Rust Versions:
Test (macos-latest)	UNKNOWN STEP	2026-05-18T13:38:02.2844230Z     - 1.95.0 aarch64-apple-darwin 59807616e1fa2540724bfbac14d7976d7e4a3860
Test (macos-latest)	UNKNOWN STEP	2026-05-18T13:38:02.2844590Z     - 1.95.0 aarch64-apple-darwin 59807616e1fa2540724bfbac14d7976d7e4a3860
Test (macos-latest)	UNKNOWN STEP	2026-05-18T13:38:02.2844860Z   - CARGO_HOME
Test (macos-latest)	UNKNOWN STEP	2026-05-18T13:38:02.2845000Z   - CARGO_INCREMENTAL
Test (macos-latest)	UNKNOWN STEP	2026-05-18T13:38:02.2845160Z   - CARGO_REGISTRY_TOKEN
Test (macos-latest)	UNKNOWN STEP	2026-05-18T13:38:02.2845320Z   - CARGO_TERM_COLOR
Test (macos-latest)	UNKNOWN STEP	2026-05-18T13:38:02.2845470Z   - CARGO_TOKEN
Test (macos-latest)	UNKNOWN STEP	2026-05-18T13:38:02.2845620Z   - RUST_BACKTRACE
Test (macos-latest)	UNKNOWN STEP	2026-05-18T13:38:02.2845760Z   - RUSTFLAGS
Test (macos-latest)	UNKNOWN STEP	2026-05-18T13:38:02.2845920Z .. Lockfiles considered:
Test (macos-latest)	UNKNOWN STEP	2026-05-18T13:38:02.2846140Z   - /Users/runner/work/lino-i18n/lino-i18n/rust/Cargo.lock
Test (macos-latest)	UNKNOWN STEP	2026-05-18T13:38:02.2846580Z   - /Users/runner/work/lino-i18n/lino-i18n/rust/lino-i18n-macros/Cargo.toml
Test (macos-latest)	UNKNOWN STEP	2026-05-18T13:38:02.2846950Z   - /Users/runner/work/lino-i18n/lino-i18n/rust/lino-i18n/Cargo.toml
Test (macos-latest)	UNKNOWN STEP	2026-05-18T13:38:02.2847450Z ##[endgroup]
Test (macos-latest)	UNKNOWN STEP	2026-05-18T13:38:02.2847560Z
Test (macos-latest)	UNKNOWN STEP	2026-05-18T13:38:02.2847620Z ... Restoring cache ...
Test (macos-latest)	UNKNOWN STEP	2026-05-18T13:38:02.5649020Z Cache hit for: v0-rust-test-Darwin-arm64-f72f18d2-d2ed2b7f
Test (macos-latest)	UNKNOWN STEP	2026-05-18T13:38:03.8530410Z Received 0 of 9789979 (0.0%), 0.0 MBs/sec
Test (macos-latest)	UNKNOWN STEP	2026-05-18T13:38:04.1251580Z Received 9789979 of 9789979 (100.0%), 7.3 MBs/sec
Test (macos-latest)	UNKNOWN STEP	2026-05-18T13:38:04.1260100Z Cache Size: ~9 MB (9789979 B)
Test (macos-latest)	UNKNOWN STEP	2026-05-18T13:38:04.1292450Z [command]/opt/homebrew/bin/gtar -xf /Users/runner/work/_temp/d94bb732-06af-4343-a79c-d98435a09cd6/cache.tzst -P -C /Users/runner/work/lino-i18n/lino-i18n --delay-directory-restore --use-compress-program unzstd
Test (macos-latest)	UNKNOWN STEP	2026-05-18T13:38:04.2123770Z Cache restored successfully
Test (macos-latest)	UNKNOWN STEP	2026-05-18T13:38:04.2130980Z Restored from cache key "v0-rust-test-Darwin-arm64-f72f18d2-d2ed2b7f" full match: true.
Test (macos-latest)	UNKNOWN STEP	2026-05-18T13:38:04.2207590Z ##[group]Run cargo build --manifest-path rust/Cargo.toml --all-targets
Test (macos-latest)	UNKNOWN STEP	2026-05-18T13:38:04.2208080Z ^[[36;1mcargo build --manifest-path rust/Cargo.toml --all-targets^[[0m
Test (macos-latest)	UNKNOWN STEP	2026-05-18T13:38:04.2248490Z shell: /bin/bash -e {0}
Test (macos-latest)	UNKNOWN STEP	2026-05-18T13:38:04.2248680Z env:
Test (macos-latest)	UNKNOWN STEP	2026-05-18T13:38:04.2248840Z   CARGO_TERM_COLOR: always
Test (macos-latest)	UNKNOWN STEP	2026-05-18T13:38:04.2249030Z   RUST_BACKTRACE: 1
Test (macos-latest)	UNKNOWN STEP	2026-05-18T13:38:04.2249170Z   RUSTFLAGS: -Dwarnings
Test (macos-latest)	UNKNOWN STEP	2026-05-18T13:38:04.2249750Z   CARGO_REGISTRY_TOKEN: ***
Test (macos-latest)	UNKNOWN STEP	2026-05-18T13:38:04.2250000Z   CARGO_TOKEN: ***
Test (macos-latest)	UNKNOWN STEP	2026-05-18T13:38:04.2250170Z   CARGO_HOME: /Users/runner/.cargo
Test (macos-latest)	UNKNOWN STEP	2026-05-18T13:38:04.2250370Z   CARGO_INCREMENTAL: 0
Test (macos-latest)	UNKNOWN STEP	2026-05-18T13:38:04.2250530Z   CACHE_ON_FAILURE: false
Test (macos-latest)	UNKNOWN STEP	2026-05-18T13:38:04.2250700Z ##[endgroup]
Test (macos-latest)	UNKNOWN STEP	2026-05-18T13:38:04.5880380Z ^[[1m^[[92m    Updating^[[0m crates.io index
Test (macos-latest)	UNKNOWN STEP	2026-05-18T13:38:04.7447650Z ^[[1m^[[92m   Compiling^[[0m lino-i18n-macros v0.0.1 (/Users/runner/work/lino-i18n/lino-i18n/rust/lino-i18n-macros)
Test (macos-latest)	UNKNOWN STEP	2026-05-18T13:38:08.2561590Z ^[[1m^[[92m   Compiling^[[0m lino-i18n v0.0.1 (/Users/runner/work/lino-i18n/lino-i18n/rust/lino-i18n)
Test (macos-latest)	UNKNOWN STEP	2026-05-18T13:38:09.6492760Z ^[[1m^[[92m    Finished^[[0m `dev` profile [unoptimized + debuginfo] target(s) in 5.37s
Test (macos-latest)	UNKNOWN STEP	2026-05-18T13:38:09.6598500Z ##[group]Run cargo test --manifest-path rust/Cargo.toml --all-targets
Test (macos-latest)	UNKNOWN STEP	2026-05-18T13:38:09.6599110Z ^[[36;1mcargo test --manifest-path rust/Cargo.toml --all-targets^[[0m
Test (macos-latest)	UNKNOWN STEP	2026-05-18T13:38:09.6640390Z shell: /bin/bash -e {0}
Test (macos-latest)	UNKNOWN STEP	2026-05-18T13:38:09.6640720Z env:
Test (macos-latest)	UNKNOWN STEP	2026-05-18T13:38:09.6640990Z   CARGO_TERM_COLOR: always
Test (macos-latest)	UNKNOWN STEP	2026-05-18T13:38:09.6641230Z   RUST_BACKTRACE: 1
Test (macos-latest)	UNKNOWN STEP	2026-05-18T13:38:09.6641480Z   RUSTFLAGS: -Dwarnings
Test (macos-latest)	UNKNOWN STEP	2026-05-18T13:38:09.6641960Z   CARGO_REGISTRY_TOKEN: ***
Test (macos-latest)	UNKNOWN STEP	2026-05-18T13:38:09.6642330Z   CARGO_TOKEN: ***
Test (macos-latest)	UNKNOWN STEP	2026-05-18T13:38:09.6642620Z   CARGO_HOME: /Users/runner/.cargo
Test (macos-latest)	UNKNOWN STEP	2026-05-18T13:38:09.6642840Z   CARGO_INCREMENTAL: 0
Test (macos-latest)	UNKNOWN STEP	2026-05-18T13:38:09.6643130Z   CACHE_ON_FAILURE: false
Test (macos-latest)	UNKNOWN STEP	2026-05-18T13:38:09.6643330Z ##[endgroup]
Test (macos-latest)	UNKNOWN STEP	2026-05-18T13:38:09.7211850Z ^[[1m^[[92m   Compiling^[[0m lino-i18n-macros v0.0.1 (/Users/runner/work/lino-i18n/lino-i18n/rust/lino-i18n-macros)
Test (macos-latest)	UNKNOWN STEP	2026-05-18T13:38:09.9566110Z ^[[1m^[[92m   Compiling^[[0m lino-i18n v0.0.1 (/Users/runner/work/lino-i18n/lino-i18n/rust/lino-i18n)
Test (macos-latest)	UNKNOWN STEP	2026-05-18T13:38:11.0402240Z ^[[1m^[[92m    Finished^[[0m `test` profile [unoptimized + debuginfo] target(s) in 1.33s
Test (macos-latest)	UNKNOWN STEP	2026-05-18T13:38:11.0407600Z ^[[1m^[[92m     Running^[[0m unittests src/lib.rs (rust/target/debug/deps/lino_i18n-1fe355aecb959b27)
Test (macos-latest)	UNKNOWN STEP	2026-05-18T13:38:11.0435600Z
Test (macos-latest)	UNKNOWN STEP	2026-05-18T13:38:11.0452860Z running 29 tests
Test (macos-latest)	UNKNOWN STEP	2026-05-18T13:38:11.0458500Z test format::tests::double_braces ... ok
Test (macos-latest)	UNKNOWN STEP	2026-05-18T13:38:11.0459220Z ^[[1m^[[92m     Running^[[0m tests/integration.rs (rust/target/debug/deps/integration-c89dc69d6e1bd3dd)
Test (macos-latest)	UNKNOWN STEP	2026-05-18T13:38:11.0459710Z test format::tests::dotted_names_supported ... ok
Test (macos-latest)	UNKNOWN STEP	2026-05-18T13:38:11.0460150Z test format::tests::missing_value_left_untouched ... ok
Test (macos-latest)	UNKNOWN STEP	2026-05-18T13:38:11.0460430Z test format::tests::preserves_multibyte_text ... ok
Test (macos-latest)	UNKNOWN STEP	2026-05-18T13:38:11.0460690Z test format::tests::single_braces ... ok
Test (macos-latest)	UNKNOWN STEP	2026-05-18T13:38:11.0461050Z test format::tests::whitespace_inside_braces ... ok
Test (macos-latest)	UNKNOWN STEP	2026-05-18T13:38:11.0461370Z test i18n::tests::context_suffix ... ok
Test (macos-latest)	UNKNOWN STEP	2026-05-18T13:38:11.0461730Z test i18n::tests::default_value_used_when_missing ... ok
Test (macos-latest)	UNKNOWN STEP	2026-05-18T13:38:11.0462170Z test i18n::tests::compatibility_aliases_resolve_migrated_deep_keys ... ok
Test (macos-latest)	UNKNOWN STEP	2026-05-18T13:38:11.0462600Z test i18n::tests::fallback_chain ... ok
Test (macos-latest)	UNKNOWN STEP	2026-05-18T13:38:11.0462890Z test i18n::tests::missing_key_handler ... ok
Test (macos-latest)	UNKNOWN STEP	2026-05-18T13:38:11.0463170Z test i18n::tests::interpolates ... ok
Test (macos-latest)	UNKNOWN STEP	2026-05-18T13:38:11.0463510Z test i18n::tests::resolves_label_aliases_while_explicit_keys_win ... ok
Test (macos-latest)	UNKNOWN STEP	2026-05-18T13:38:11.0463860Z test i18n::tests::plurals_in_english ... ok
Test (macos-latest)	UNKNOWN STEP	2026-05-18T13:38:11.0464190Z test i18n::tests::plurals_in_russian ... ok
Test (macos-latest)	UNKNOWN STEP	2026-05-18T13:38:11.0464560Z test loader::tests::expands_compatibility_aliases_without_overwriting_explicit_keys ... ok
Test (macos-latest)	UNKNOWN STEP	2026-05-18T13:38:11.0465040Z test loader::tests::label_aliases_preserve_selector_suffix_groups ... ok
Test (macos-latest)	UNKNOWN STEP	2026-05-18T13:38:11.0465530Z test loader::tests::parse_aliases_nested_label_children_to_their_parent_key ... ok
Test (macos-latest)	UNKNOWN STEP	2026-05-18T13:38:11.0475060Z test loader::tests::format_preserves_scalar_parent_translations_as_labels ... ok
Test (macos-latest)	UNKNOWN STEP	2026-05-18T13:38:11.0475520Z test loader::tests::parses_bundled_multi_locale_file ... ok
Test (macos-latest)	UNKNOWN STEP	2026-05-18T13:38:11.0475880Z test loader::tests::parses_nested_catalogue ... ok
Test (macos-latest)	UNKNOWN STEP	2026-05-18T13:38:11.0476290Z test loader::tests::parses_simple_catalogue ... ok
Test (macos-latest)	UNKNOWN STEP	2026-05-18T13:38:11.0476630Z test plurals::tests::arabic ... ok
Test (macos-latest)	UNKNOWN STEP	2026-05-18T13:38:11.0476870Z test loader::tests::round_trips ... ok
Test (macos-latest)	UNKNOWN STEP	2026-05-18T13:38:11.0477120Z test plurals::tests::english ... ok
Test (macos-latest)	UNKNOWN STEP	2026-05-18T13:38:11.0477690Z test plurals::tests::french_zero_is_one ... ok
Test (macos-latest)	UNKNOWN STEP	2026-05-18T13:38:11.0478000Z test plurals::tests::japanese_has_one_form ... ok
Test (macos-latest)	UNKNOWN STEP	2026-05-18T13:38:11.0478340Z test plurals::tests::polish ... ok
Test (macos-latest)	UNKNOWN STEP	2026-05-18T13:38:11.0478660Z test plurals::tests::russian ... ok
Test (macos-latest)	UNKNOWN STEP	2026-05-18T13:38:11.0478860Z
Test (macos-latest)	UNKNOWN STEP	2026-05-18T13:38:11.0479050Z test result: ok. 29 passed; 0 failed; 0 ignored; 0 measured; 0 filtered out; finished in 0.00s
Test (macos-latest)	UNKNOWN STEP	2026-05-18T13:38:11.0479390Z
Test (macos-latest)	UNKNOWN STEP	2026-05-18T13:38:11.0498910Z
Test (macos-latest)	UNKNOWN STEP	2026-05-18T13:38:11.0500140Z running 9 tests
Test (macos-latest)	UNKNOWN STEP	2026-05-18T13:38:11.0502130Z test fallback_chain_picks_first_available ... ok
Test (macos-latest)	UNKNOWN STEP	2026-05-18T13:38:11.0515480Z test macro_accepts_compatibility_alias_options ... ok
Test (macos-latest)	UNKNOWN STEP	2026-05-18T13:38:11.0518100Z test loader_and_macro_agree_on_keys ... ok
Test (macos-latest)	UNKNOWN STEP	2026-05-18T13:38:11.0519300Z test macro_loads_translations ... ok
Test (macos-latest)	UNKNOWN STEP	2026-05-18T13:38:11.0520060Z test macro_supports_locale_override_and_plurals ... ok
Test (macos-latest)	UNKNOWN STEP	2026-05-18T13:38:11.0520790Z test namespaces_and_context_resolve ... ok
Test (macos-latest)	UNKNOWN STEP	2026-05-18T13:38:11.0521890Z test parser_flattens_hive_mind_style_deep_multiline_catalogues ... ok
Test (macos-latest)	UNKNOWN STEP	2026-05-18T13:38:11.0523310Z test deeply_nested_sample_catalogues_resolve ... ok
Test (macos-latest)	UNKNOWN STEP	2026-05-18T13:38:11.0524090Z test runtime_loads_bundled_locale_file ... ok
Test (macos-latest)	UNKNOWN STEP	2026-05-18T13:38:11.0524280Z
Test (macos-latest)	UNKNOWN STEP	2026-05-18T13:38:11.0524520Z test result: ok. 9 passed; 0 failed; 0 ignored; 0 measured; 0 filtered out; finished in 0.00s
Test (macos-latest)	UNKNOWN STEP	2026-05-18T13:38:11.0524830Z
Test (macos-latest)	UNKNOWN STEP	2026-05-18T13:38:11.0529440Z ^[[1m^[[92m     Running^[[0m unittests examples/basic.rs (rust/target/debug/examples/basic-dc21bbe62a45bd82)
Test (macos-latest)	UNKNOWN STEP	2026-05-18T13:38:11.0555860Z
Test (macos-latest)	UNKNOWN STEP	2026-05-18T13:38:11.0556740Z running 0 tests
Test (macos-latest)	UNKNOWN STEP	2026-05-18T13:38:11.0557130Z
Test (macos-latest)	UNKNOWN STEP	2026-05-18T13:38:11.0557890Z test result: ok. 0 passed; 0 failed; 0 ignored; 0 measured; 0 filtered out; finished in 0.00s
Test (macos-latest)	UNKNOWN STEP	2026-05-18T13:38:11.0558880Z
Test (macos-latest)	UNKNOWN STEP	2026-05-18T13:38:11.0562230Z ^[[1m^[[92m     Running^[[0m unittests src/lib.rs (rust/target/debug/deps/lino_i18n_macros-a3f6501147f9d1e8)
Test (macos-latest)	UNKNOWN STEP	2026-05-18T13:38:11.0651460Z
Test (macos-latest)	UNKNOWN STEP	2026-05-18T13:38:11.0651930Z running 0 tests
Test (macos-latest)	UNKNOWN STEP	2026-05-18T13:38:11.0652340Z
Test (macos-latest)	UNKNOWN STEP	2026-05-18T13:38:11.0652630Z test result: ok. 0 passed; 0 failed; 0 ignored; 0 measured; 0 filtered out; finished in 0.00s
Test (macos-latest)	UNKNOWN STEP	2026-05-18T13:38:11.0653360Z
Test (macos-latest)	UNKNOWN STEP	2026-05-18T13:38:11.0708210Z ##[group]Run cargo run --manifest-path rust/lino-i18n/Cargo.toml --example basic
Test (macos-latest)	UNKNOWN STEP	2026-05-18T13:38:11.0708670Z ^[[36;1mcargo run --manifest-path rust/lino-i18n/Cargo.toml --example basic^[[0m
Test (macos-latest)	UNKNOWN STEP	2026-05-18T13:38:11.0740590Z shell: /bin/bash -e {0}
Test (macos-latest)	UNKNOWN STEP	2026-05-18T13:38:11.0740820Z env:
Test (macos-latest)	UNKNOWN STEP	2026-05-18T13:38:11.0741080Z   CARGO_TERM_COLOR: always
Test (macos-latest)	UNKNOWN STEP	2026-05-18T13:38:11.0741300Z   RUST_BACKTRACE: 1
Test (macos-latest)	UNKNOWN STEP	2026-05-18T13:38:11.0741540Z   RUSTFLAGS: -Dwarnings
Test (macos-latest)	UNKNOWN STEP	2026-05-18T13:38:11.0741850Z   CARGO_REGISTRY_TOKEN: ***
Test (macos-latest)	UNKNOWN STEP	2026-05-18T13:38:11.0742130Z   CARGO_TOKEN: ***
Test (macos-latest)	UNKNOWN STEP	2026-05-18T13:38:11.0742390Z   CARGO_HOME: /Users/runner/.cargo
Test (macos-latest)	UNKNOWN STEP	2026-05-18T13:38:11.0742660Z   CARGO_INCREMENTAL: 0
Test (macos-latest)	UNKNOWN STEP	2026-05-18T13:38:11.0742860Z   CACHE_ON_FAILURE: false
Test (macos-latest)	UNKNOWN STEP	2026-05-18T13:38:11.0743030Z ##[endgroup]
Test (macos-latest)	UNKNOWN STEP	2026-05-18T13:38:11.1237460Z ^[[1m^[[92m   Compiling^[[0m lino-i18n v0.0.1 (/Users/runner/work/lino-i18n/lino-i18n/rust/lino-i18n)
Test (macos-latest)	UNKNOWN STEP	2026-05-18T13:38:11.2635400Z ^[[1m^[[92m    Finished^[[0m `dev` profile [unoptimized + debuginfo] target(s) in 0.15s
Test (macos-latest)	UNKNOWN STEP	2026-05-18T13:38:11.2644130Z ^[[1m^[[92m     Running^[[0m `rust/target/debug/examples/basic`
Test (macos-latest)	UNKNOWN STEP	2026-05-18T13:38:11.2703160Z Hello, Alice!
Test (macos-latest)	UNKNOWN STEP	2026-05-18T13:38:11.2703440Z Your cart is empty
Test (macos-latest)	UNKNOWN STEP	2026-05-18T13:38:11.2703820Z 1 item
Test (macos-latest)	UNKNOWN STEP	2026-05-18T13:38:11.2704040Z 5 items
Test (macos-latest)	UNKNOWN STEP	2026-05-18T13:38:11.2704360Z Keep each language in its own block, nest related messages together,
Test (macos-latest)	UNKNOWN STEP	2026-05-18T13:38:11.2705550Z and still resolve the same runtime keys.
Test (macos-latest)	UNKNOWN STEP	2026-05-18T13:38:11.2706140Z Привет, Алиса!
Test (macos-latest)	UNKNOWN STEP	2026-05-18T13:38:11.2706440Z 3 товара
Test (macos-latest)	UNKNOWN STEP	2026-05-18T13:38:11.2706640Z Home
Test (macos-latest)	UNKNOWN STEP	2026-05-18T13:38:11.2706830Z She is a developer
Test (macos-latest)	UNKNOWN STEP	2026-05-18T13:38:11.2778720Z Post job cleanup.
Test (macos-latest)	UNKNOWN STEP	2026-05-18T13:38:11.5116020Z Cache up-to-date.
Test (macos-latest)	UNKNOWN STEP	2026-05-18T13:38:11.5117360Z (node:2181) [DEP0040] DeprecationWarning: The `punycode` module is deprecated. Please use a userland alternative instead.
Test (macos-latest)	UNKNOWN STEP	2026-05-18T13:38:11.5117990Z (Use `node --trace-deprecation ...` to show where the warning was created)
Test (macos-latest)	UNKNOWN STEP	2026-05-18T13:38:11.5229210Z Post job cleanup.
Test (macos-latest)	UNKNOWN STEP	2026-05-18T13:38:11.5972330Z [command]/opt/homebrew/bin/git version
Test (macos-latest)	UNKNOWN STEP	2026-05-18T13:38:11.6364450Z git version 2.54.0
Test (macos-latest)	UNKNOWN STEP	2026-05-18T13:38:11.6394660Z Copying '/Users/runner/.gitconfig' to '/Users/runner/work/_temp/fa60feb5-658b-4d57-8926-225f4378b6e0/.gitconfig'
Test (macos-latest)	UNKNOWN STEP	2026-05-18T13:38:11.6404110Z Temporarily overriding HOME='/Users/runner/work/_temp/fa60feb5-658b-4d57-8926-225f4378b6e0' before making global git config changes
Test (macos-latest)	UNKNOWN STEP	2026-05-18T13:38:11.6406830Z Adding repository directory to the temporary git global config as a safe directory
Test (macos-latest)	UNKNOWN STEP	2026-05-18T13:38:11.6408070Z [command]/opt/homebrew/bin/git config --global --add safe.directory /Users/runner/work/lino-i18n/lino-i18n
Test (macos-latest)	UNKNOWN STEP	2026-05-18T13:38:11.6541650Z Removing SSH command configuration
Test (macos-latest)	UNKNOWN STEP	2026-05-18T13:38:11.6542090Z [command]/opt/homebrew/bin/git config --local --name-only --get-regexp core\.sshCommand
Test (macos-latest)	UNKNOWN STEP	2026-05-18T13:38:11.6605780Z [command]/opt/homebrew/bin/git submodule foreach --recursive sh -c "git config --local --name-only --get-regexp 'core\.sshCommand' && git config --local --unset-all 'core.sshCommand' || :"
Test (macos-latest)	UNKNOWN STEP	2026-05-18T13:38:11.7379130Z Removing HTTP extra header
Test (macos-latest)	UNKNOWN STEP	2026-05-18T13:38:11.7383410Z [command]/opt/homebrew/bin/git config --local --name-only --get-regexp http\.https\:\/\/github\.com\/\.extraheader
Test (macos-latest)	UNKNOWN STEP	2026-05-18T13:38:11.7439690Z [command]/opt/homebrew/bin/git submodule foreach --recursive sh -c "git config --local --name-only --get-regexp 'http\.https\:\/\/github\.com\/\.extraheader' && git config --local --unset-all 'http.https://github.com/.extraheader' || :"
Test (macos-latest)	UNKNOWN STEP	2026-05-18T13:38:11.8233630Z Removing includeIf entries pointing to credentials config files
Test (macos-latest)	UNKNOWN STEP	2026-05-18T13:38:11.8234200Z [command]/opt/homebrew/bin/git config --local --name-only --get-regexp ^includeIf\.gitdir:
Test (macos-latest)	UNKNOWN STEP	2026-05-18T13:38:11.8308850Z includeif.gitdir:/Users/runner/work/lino-i18n/lino-i18n/.git.path
Test (macos-latest)	UNKNOWN STEP	2026-05-18T13:38:11.8309340Z includeif.gitdir:/Users/runner/work/lino-i18n/lino-i18n/.git/worktrees/*.path
Test (macos-latest)	UNKNOWN STEP	2026-05-18T13:38:11.8309720Z includeif.gitdir:/github/workspace/.git.path
Test (macos-latest)	UNKNOWN STEP	2026-05-18T13:38:11.8310040Z includeif.gitdir:/github/workspace/.git/worktrees/*.path
Test (macos-latest)	UNKNOWN STEP	2026-05-18T13:38:11.8316990Z [command]/opt/homebrew/bin/git config --local --get-all includeif.gitdir:/Users/runner/work/lino-i18n/lino-i18n/.git.path
Test (macos-latest)	UNKNOWN STEP	2026-05-18T13:38:11.8380670Z /Users/runner/work/_temp/git-credentials-ef373d88-e86a-447a-9e51-6ab857d9a817.config
Test (macos-latest)	UNKNOWN STEP	2026-05-18T13:38:11.8657290Z [command]/opt/homebrew/bin/git config --local --unset includeif.gitdir:/Users/runner/work/lino-i18n/lino-i18n/.git.path /Users/runner/work/_temp/git-credentials-ef373d88-e86a-447a-9e51-6ab857d9a817.config
Test (macos-latest)	UNKNOWN STEP	2026-05-18T13:38:11.8703720Z [command]/opt/homebrew/bin/git config --local --get-all includeif.gitdir:/Users/runner/work/lino-i18n/lino-i18n/.git/worktrees/*.path
Test (macos-latest)	UNKNOWN STEP	2026-05-18T13:38:11.8704560Z /Users/runner/work/_temp/git-credentials-ef373d88-e86a-447a-9e51-6ab857d9a817.config
Test (macos-latest)	UNKNOWN STEP	2026-05-18T13:38:11.8706000Z [command]/opt/homebrew/bin/git config --local --unset includeif.gitdir:/Users/runner/work/lino-i18n/lino-i18n/.git/worktrees/*.path /Users/runner/work/_temp/git-credentials-ef373d88-e86a-447a-9e51-6ab857d9a817.config
Test (macos-latest)	UNKNOWN STEP	2026-05-18T13:38:11.8707260Z [command]/opt/homebrew/bin/git config --local --get-all includeif.gitdir:/github/workspace/.git.path
Test (macos-latest)	UNKNOWN STEP	2026-05-18T13:38:11.8716200Z /github/runner_temp/git-credentials-ef373d88-e86a-447a-9e51-6ab857d9a817.config
Test (macos-latest)	UNKNOWN STEP	2026-05-18T13:38:11.8723510Z [command]/opt/homebrew/bin/git config --local --unset includeif.gitdir:/github/workspace/.git.path /github/runner_temp/git-credentials-ef373d88-e86a-447a-9e51-6ab857d9a817.config
Test (macos-latest)	UNKNOWN STEP	2026-05-18T13:38:11.8784900Z [command]/opt/homebrew/bin/git config --local --get-all includeif.gitdir:/github/workspace/.git/worktrees/*.path
Test (macos-latest)	UNKNOWN STEP	2026-05-18T13:38:11.8836910Z /github/runner_temp/git-credentials-ef373d88-e86a-447a-9e51-6ab857d9a817.config
Test (macos-latest)	UNKNOWN STEP	2026-05-18T13:38:11.8842660Z [command]/opt/homebrew/bin/git config --local --unset includeif.gitdir:/github/workspace/.git/worktrees/*.path /github/runner_temp/git-credentials-ef373d88-e86a-447a-9e51-6ab857d9a817.config
Test (macos-latest)	UNKNOWN STEP	2026-05-18T13:38:11.8903230Z [command]/opt/homebrew/bin/git submodule foreach --recursive git config --local --show-origin --name-only --get-regexp remote.origin.url
Test (macos-latest)	UNKNOWN STEP	2026-05-18T13:38:11.9642960Z Removing credentials config '/Users/runner/work/_temp/git-credentials-ef373d88-e86a-447a-9e51-6ab857d9a817.config'
Test (macos-latest)	UNKNOWN STEP	2026-05-18T13:38:11.9723790Z Cleaning up orphan processes
Test (windows-latest)	UNKNOWN STEP	﻿2026-05-18T13:37:57.9668542Z Current runner version: '2.334.0'
Test (windows-latest)	UNKNOWN STEP	2026-05-18T13:37:57.9692940Z ##[group]Runner Image Provisioner
Test (windows-latest)	UNKNOWN STEP	2026-05-18T13:37:57.9693718Z Hosted Compute Agent
Test (windows-latest)	UNKNOWN STEP	2026-05-18T13:37:57.9694204Z Version: 20260415.520
Test (windows-latest)	UNKNOWN STEP	2026-05-18T13:37:57.9694796Z Commit: af089020f5f67b61ccc91db6c07980876c02bf7b
Test (windows-latest)	UNKNOWN STEP	2026-05-18T13:37:57.9695461Z Build Date: 2026-04-15T18:07:08Z
Test (windows-latest)	UNKNOWN STEP	2026-05-18T13:37:57.9696044Z Worker ID: {ba564f0b-6b0f-4bf9-9b0f-2166ffa3362f}
Test (windows-latest)	UNKNOWN STEP	2026-05-18T13:37:57.9696671Z Azure Region: westus2
Test (windows-latest)	UNKNOWN STEP	2026-05-18T13:37:57.9697159Z ##[endgroup]
Test (windows-latest)	UNKNOWN STEP	2026-05-18T13:37:57.9698426Z ##[group]Operating System
Test (windows-latest)	UNKNOWN STEP	2026-05-18T13:37:57.9699009Z Microsoft Windows Server 2025
Test (windows-latest)	UNKNOWN STEP	2026-05-18T13:37:57.9699505Z 10.0.26100
Test (windows-latest)	UNKNOWN STEP	2026-05-18T13:37:57.9699926Z Datacenter
Test (windows-latest)	UNKNOWN STEP	2026-05-18T13:37:57.9700300Z ##[endgroup]
Test (windows-latest)	UNKNOWN STEP	2026-05-18T13:37:57.9700769Z ##[group]Runner Image
Test (windows-latest)	UNKNOWN STEP	2026-05-18T13:37:57.9701256Z Image: windows-2025-vs2026
Test (windows-latest)	UNKNOWN STEP	2026-05-18T13:37:57.9701744Z Version: 20260510.103.1
Test (windows-latest)	UNKNOWN STEP	2026-05-18T13:37:57.9703487Z Included Software: https://github.com/actions/runner-images/blob/win25-vs2026/20260510.103/images/windows/Windows2025-VS2026-Readme.md
Test (windows-latest)	UNKNOWN STEP	2026-05-18T13:37:57.9705244Z Image Release: https://github.com/actions/runner-images/releases/tag/win25-vs2026%2F20260510.103
Test (windows-latest)	UNKNOWN STEP	2026-05-18T13:37:57.9706433Z ##[endgroup]
Test (windows-latest)	UNKNOWN STEP	2026-05-18T13:37:57.9707618Z ##[group]GITHUB_TOKEN Permissions
Test (windows-latest)	UNKNOWN STEP	2026-05-18T13:37:57.9709616Z Contents: write
Test (windows-latest)	UNKNOWN STEP	2026-05-18T13:37:57.9710094Z Metadata: read
Test (windows-latest)	UNKNOWN STEP	2026-05-18T13:37:57.9710553Z Pages: write
Test (windows-latest)	UNKNOWN STEP	2026-05-18T13:37:57.9711026Z PullRequests: write
Test (windows-latest)	UNKNOWN STEP	2026-05-18T13:37:57.9711449Z ##[endgroup]
Test (windows-latest)	UNKNOWN STEP	2026-05-18T13:37:57.9713558Z Secret source: Actions
Test (windows-latest)	UNKNOWN STEP	2026-05-18T13:37:57.9714280Z Prepare workflow directory
Test (windows-latest)	UNKNOWN STEP	2026-05-18T13:37:58.0273057Z Prepare all required actions
Test (windows-latest)	UNKNOWN STEP	2026-05-18T13:37:58.0324460Z Getting action download info
Test (windows-latest)	UNKNOWN STEP	2026-05-18T13:37:58.5542702Z Download action repository 'actions/checkout@v6' (SHA:de0fac2e4500dabe0009e67214ff5f5447ce83dd)
Test (windows-latest)	UNKNOWN STEP	2026-05-18T13:37:58.6617704Z Download action repository 'dtolnay/rust-toolchain@stable' (SHA:29eef336d9b2848a0b548edc03f92a220660cdb8)
Test (windows-latest)	UNKNOWN STEP	2026-05-18T13:37:58.8984564Z Download action repository 'Swatinem/rust-cache@v2' (SHA:e18b497796c12c097a38f9edb9d0641fb99eee32)
Test (windows-latest)	UNKNOWN STEP	2026-05-18T13:37:59.4885078Z Complete job name: Test (windows-latest)
Test (windows-latest)	UNKNOWN STEP	2026-05-18T13:37:59.6065614Z ##[group]Run actions/checkout@v6
Test (windows-latest)	UNKNOWN STEP	2026-05-18T13:37:59.6066947Z with:
Test (windows-latest)	UNKNOWN STEP	2026-05-18T13:37:59.6067633Z   repository: link-foundation/lino-i18n
Test (windows-latest)	UNKNOWN STEP	2026-05-18T13:37:59.6068828Z   token: ***
Test (windows-latest)	UNKNOWN STEP	2026-05-18T13:37:59.6069513Z   ssh-strict: true
Test (windows-latest)	UNKNOWN STEP	2026-05-18T13:37:59.6070184Z   ssh-user: git
Test (windows-latest)	UNKNOWN STEP	2026-05-18T13:37:59.6070911Z   persist-credentials: true
Test (windows-latest)	UNKNOWN STEP	2026-05-18T13:37:59.6071676Z   clean: true
Test (windows-latest)	UNKNOWN STEP	2026-05-18T13:37:59.6072386Z   sparse-checkout-cone-mode: true
Test (windows-latest)	UNKNOWN STEP	2026-05-18T13:37:59.6073266Z   fetch-depth: 1
Test (windows-latest)	UNKNOWN STEP	2026-05-18T13:37:59.6073934Z   fetch-tags: false
Test (windows-latest)	UNKNOWN STEP	2026-05-18T13:37:59.6074639Z   show-progress: true
Test (windows-latest)	UNKNOWN STEP	2026-05-18T13:37:59.6075381Z   lfs: false
Test (windows-latest)	UNKNOWN STEP	2026-05-18T13:37:59.6076066Z   submodules: false
Test (windows-latest)	UNKNOWN STEP	2026-05-18T13:37:59.6077042Z   set-safe-directory: true
Test (windows-latest)	UNKNOWN STEP	2026-05-18T13:37:59.6078345Z env:
Test (windows-latest)	UNKNOWN STEP	2026-05-18T13:37:59.6079034Z   CARGO_TERM_COLOR: always
Test (windows-latest)	UNKNOWN STEP	2026-05-18T13:37:59.6079820Z   RUST_BACKTRACE: 1
Test (windows-latest)	UNKNOWN STEP	2026-05-18T13:37:59.6080553Z   RUSTFLAGS: -Dwarnings
Test (windows-latest)	UNKNOWN STEP	2026-05-18T13:37:59.6081663Z   CARGO_REGISTRY_TOKEN: ***
Test (windows-latest)	UNKNOWN STEP	2026-05-18T13:37:59.6082594Z   CARGO_TOKEN: ***
Test (windows-latest)	UNKNOWN STEP	2026-05-18T13:37:59.6083302Z ##[endgroup]
Test (windows-latest)	UNKNOWN STEP	2026-05-18T13:37:59.7453034Z Syncing repository: link-foundation/lino-i18n
Test (windows-latest)	UNKNOWN STEP	2026-05-18T13:37:59.7455595Z ##[group]Getting Git version info
Test (windows-latest)	UNKNOWN STEP	2026-05-18T13:37:59.7456650Z Working directory is 'D:\a\lino-i18n\lino-i18n'
Test (windows-latest)	UNKNOWN STEP	2026-05-18T13:37:59.8234335Z [command]"C:\Program Files\Git\bin\git.exe" version
Test (windows-latest)	UNKNOWN STEP	2026-05-18T13:37:59.9732127Z git version 2.54.0.windows.1
Test (windows-latest)	UNKNOWN STEP	2026-05-18T13:37:59.9782655Z ##[endgroup]
Test (windows-latest)	UNKNOWN STEP	2026-05-18T13:37:59.9801677Z Temporarily overriding HOME='D:\a\_temp\377afa44-a4db-4b6a-8952-c22b657976ce' before making global git config changes
Test (windows-latest)	UNKNOWN STEP	2026-05-18T13:37:59.9803843Z Adding repository directory to the temporary git global config as a safe directory
Test (windows-latest)	UNKNOWN STEP	2026-05-18T13:37:59.9811492Z [command]"C:\Program Files\Git\bin\git.exe" config --global --add safe.directory D:\a\lino-i18n\lino-i18n
Test (windows-latest)	UNKNOWN STEP	2026-05-18T13:38:00.0100688Z Deleting the contents of 'D:\a\lino-i18n\lino-i18n'
Test (windows-latest)	UNKNOWN STEP	2026-05-18T13:38:00.0106880Z ##[group]Initializing the repository
Test (windows-latest)	UNKNOWN STEP	2026-05-18T13:38:00.0129925Z [command]"C:\Program Files\Git\bin\git.exe" init D:\a\lino-i18n\lino-i18n
Test (windows-latest)	UNKNOWN STEP	2026-05-18T13:38:00.0632692Z Initialized empty Git repository in D:/a/lino-i18n/lino-i18n/.git/
Test (windows-latest)	UNKNOWN STEP	2026-05-18T13:38:00.0683805Z [command]"C:\Program Files\Git\bin\git.exe" remote add origin https://github.com/link-foundation/lino-i18n
Test (windows-latest)	UNKNOWN STEP	2026-05-18T13:38:00.1001825Z ##[endgroup]
Test (windows-latest)	UNKNOWN STEP	2026-05-18T13:38:00.1003176Z ##[group]Disabling automatic garbage collection
Test (windows-latest)	UNKNOWN STEP	2026-05-18T13:38:00.1010501Z [command]"C:\Program Files\Git\bin\git.exe" config --local gc.auto 0
Test (windows-latest)	UNKNOWN STEP	2026-05-18T13:38:00.1291986Z ##[endgroup]
Test (windows-latest)	UNKNOWN STEP	2026-05-18T13:38:00.1293966Z ##[group]Setting up auth
Test (windows-latest)	UNKNOWN STEP	2026-05-18T13:38:00.1295485Z Removing SSH command configuration
Test (windows-latest)	UNKNOWN STEP	2026-05-18T13:38:00.1305822Z [command]"C:\Program Files\Git\bin\git.exe" config --local --name-only --get-regexp core\.sshCommand
Test (windows-latest)	UNKNOWN STEP	2026-05-18T13:38:00.1586665Z [command]"C:\Program Files\Git\bin\git.exe" submodule foreach --recursive "sh -c \"git config --local --name-only --get-regexp 'core\.sshCommand' && git config --local --unset-all 'core.sshCommand' || :\""
Test (windows-latest)	UNKNOWN STEP	2026-05-18T13:38:01.0111517Z Removing HTTP extra header
Test (windows-latest)	UNKNOWN STEP	2026-05-18T13:38:01.0120718Z [command]"C:\Program Files\Git\bin\git.exe" config --local --name-only --get-regexp http\.https\:\/\/github\.com\/\.extraheader
Test (windows-latest)	UNKNOWN STEP	2026-05-18T13:38:01.0413541Z [command]"C:\Program Files\Git\bin\git.exe" submodule foreach --recursive "sh -c \"git config --local --name-only --get-regexp 'http\.https\:\/\/github\.com\/\.extraheader' && git config --local --unset-all 'http.https://github.com/.extraheader' || :\""
Test (windows-latest)	UNKNOWN STEP	2026-05-18T13:38:01.5700931Z Removing includeIf entries pointing to credentials config files
Test (windows-latest)	UNKNOWN STEP	2026-05-18T13:38:01.5713174Z [command]"C:\Program Files\Git\bin\git.exe" config --local --name-only --get-regexp ^includeIf\.gitdir:
Test (windows-latest)	UNKNOWN STEP	2026-05-18T13:38:01.6024230Z [command]"C:\Program Files\Git\bin\git.exe" submodule foreach --recursive "git config --local --show-origin --name-only --get-regexp remote.origin.url"
Test (windows-latest)	UNKNOWN STEP	2026-05-18T13:38:02.1546665Z [command]"C:\Program Files\Git\bin\git.exe" config --file D:\a\_temp\git-credentials-8395244d-3a6b-4ab7-a4c9-de835bcb4f71.config http.https://github.com/.extraheader "AUTHORIZATION: basic ***"
Test (windows-latest)	UNKNOWN STEP	2026-05-18T13:38:02.1856155Z [command]"C:\Program Files\Git\bin\git.exe" config --local includeIf.gitdir:D:/a/lino-i18n/lino-i18n/.git.path D:\a\_temp\git-credentials-8395244d-3a6b-4ab7-a4c9-de835bcb4f71.config
Test (windows-latest)	UNKNOWN STEP	2026-05-18T13:38:02.2144301Z [command]"C:\Program Files\Git\bin\git.exe" config --local includeIf.gitdir:D:/a/lino-i18n/lino-i18n/.git/worktrees/*.path D:\a\_temp\git-credentials-8395244d-3a6b-4ab7-a4c9-de835bcb4f71.config
Test (windows-latest)	UNKNOWN STEP	2026-05-18T13:38:02.2428433Z [command]"C:\Program Files\Git\bin\git.exe" config --local includeIf.gitdir:/github/workspace/.git.path /github/runner_temp/git-credentials-8395244d-3a6b-4ab7-a4c9-de835bcb4f71.config
Test (windows-latest)	UNKNOWN STEP	2026-05-18T13:38:02.2713141Z [command]"C:\Program Files\Git\bin\git.exe" config --local includeIf.gitdir:/github/workspace/.git/worktrees/*.path /github/runner_temp/git-credentials-8395244d-3a6b-4ab7-a4c9-de835bcb4f71.config
Test (windows-latest)	UNKNOWN STEP	2026-05-18T13:38:02.3000421Z ##[endgroup]
Test (windows-latest)	UNKNOWN STEP	2026-05-18T13:38:02.3001209Z ##[group]Fetching the repository
Test (windows-latest)	UNKNOWN STEP	2026-05-18T13:38:02.3014341Z [command]"C:\Program Files\Git\bin\git.exe" -c protocol.version=2 fetch --no-tags --prune --no-recurse-submodules --depth=1 origin +8910b98b665a650690c0d9e9188bbf6bec1e9d2c:refs/remotes/origin/main
Test (windows-latest)	UNKNOWN STEP	2026-05-18T13:38:03.2641415Z From https://github.com/link-foundation/lino-i18n
Test (windows-latest)	UNKNOWN STEP	2026-05-18T13:38:03.2642483Z  * [new ref]         8910b98b665a650690c0d9e9188bbf6bec1e9d2c -> origin/main
Test (windows-latest)	UNKNOWN STEP	2026-05-18T13:38:03.2852751Z [command]"C:\Program Files\Git\bin\git.exe" branch --list --remote origin/main
Test (windows-latest)	UNKNOWN STEP	2026-05-18T13:38:03.3115086Z   origin/main
Test (windows-latest)	UNKNOWN STEP	2026-05-18T13:38:03.3157808Z [command]"C:\Program Files\Git\bin\git.exe" rev-parse refs/remotes/origin/main
Test (windows-latest)	UNKNOWN STEP	2026-05-18T13:38:03.3421038Z 8910b98b665a650690c0d9e9188bbf6bec1e9d2c
Test (windows-latest)	UNKNOWN STEP	2026-05-18T13:38:03.3458661Z ##[endgroup]
Test (windows-latest)	UNKNOWN STEP	2026-05-18T13:38:03.3459176Z ##[group]Determining the checkout info
Test (windows-latest)	UNKNOWN STEP	2026-05-18T13:38:03.3460880Z ##[endgroup]
Test (windows-latest)	UNKNOWN STEP	2026-05-18T13:38:03.3473408Z [command]"C:\Program Files\Git\bin\git.exe" sparse-checkout disable
Test (windows-latest)	UNKNOWN STEP	2026-05-18T13:38:03.3861404Z [command]"C:\Program Files\Git\bin\git.exe" config --local --unset-all extensions.worktreeConfig
Test (windows-latest)	UNKNOWN STEP	2026-05-18T13:38:03.4140095Z ##[group]Checking out the ref
Test (windows-latest)	UNKNOWN STEP	2026-05-18T13:38:03.4149415Z [command]"C:\Program Files\Git\bin\git.exe" checkout --progress --force -B main refs/remotes/origin/main
Test (windows-latest)	UNKNOWN STEP	2026-05-18T13:38:03.6030169Z Switched to a new branch 'main'
Test (windows-latest)	UNKNOWN STEP	2026-05-18T13:38:03.6046376Z branch 'main' set up to track 'origin/main'.
Test (windows-latest)	UNKNOWN STEP	2026-05-18T13:38:03.6096835Z ##[endgroup]
Test (windows-latest)	UNKNOWN STEP	2026-05-18T13:38:03.6410315Z [command]"C:\Program Files\Git\bin\git.exe" log -1 --format=%H
Test (windows-latest)	UNKNOWN STEP	2026-05-18T13:38:03.6666153Z 8910b98b665a650690c0d9e9188bbf6bec1e9d2c
Test (windows-latest)	UNKNOWN STEP	2026-05-18T13:38:03.7249943Z ##[group]Run dtolnay/rust-toolchain@stable
Test (windows-latest)	UNKNOWN STEP	2026-05-18T13:38:03.7250315Z with:
Test (windows-latest)	UNKNOWN STEP	2026-05-18T13:38:03.7250479Z   toolchain: stable
Test (windows-latest)	UNKNOWN STEP	2026-05-18T13:38:03.7250674Z env:
Test (windows-latest)	UNKNOWN STEP	2026-05-18T13:38:03.7250866Z   CARGO_TERM_COLOR: always
Test (windows-latest)	UNKNOWN STEP	2026-05-18T13:38:03.7251051Z   RUST_BACKTRACE: 1
Test (windows-latest)	UNKNOWN STEP	2026-05-18T13:38:03.7251222Z   RUSTFLAGS: -Dwarnings
Test (windows-latest)	UNKNOWN STEP	2026-05-18T13:38:03.7251634Z   CARGO_REGISTRY_TOKEN: ***
Test (windows-latest)	UNKNOWN STEP	2026-05-18T13:38:03.7251889Z   CARGO_TOKEN: ***
Test (windows-latest)	UNKNOWN STEP	2026-05-18T13:38:03.7252060Z ##[endgroup]
Test (windows-latest)	UNKNOWN STEP	2026-05-18T13:38:03.7471211Z ##[group]Run : parse toolchain version
Test (windows-latest)	UNKNOWN STEP	2026-05-18T13:38:03.7471548Z ^[[36;1m: parse toolchain version^[[0m
Test (windows-latest)	UNKNOWN STEP	2026-05-18T13:38:03.7471805Z ^[[36;1mif [[ -z $toolchain ]]; then^[[0m
Test (windows-latest)	UNKNOWN STEP	2026-05-18T13:38:03.7472320Z ^[[36;1m  # GitHub does not enforce `required: true` inputs itself. https://github.com/actions/runner/issues/1070^[[0m
Test (windows-latest)	UNKNOWN STEP	2026-05-18T13:38:03.7472847Z ^[[36;1m  echo "'toolchain' is a required input" >&2^[[0m
Test (windows-latest)	UNKNOWN STEP	2026-05-18T13:38:03.7473109Z ^[[36;1m  exit 1^[[0m
Test (windows-latest)	UNKNOWN STEP	2026-05-18T13:38:03.7473450Z ^[[36;1melif [[ $toolchain =~ ^stable' '[0-9]+' '(year|month|week|day)s?' 'ago$ ]]; then^[[0m
Test (windows-latest)	UNKNOWN STEP	2026-05-18T13:38:03.7473845Z ^[[36;1m  if [[ Windows == macOS ]]; then^[[0m
Test (windows-latest)	UNKNOWN STEP	2026-05-18T13:38:03.7474347Z ^[[36;1m    echo "toolchain=1.$((($(date -v-$(sed 's/stable \([0-9]*\) \(.\).*/\1\2/' <<< $toolchain) +%s)/60/60/24-16569)/7/6))" >> $GITHUB_OUTPUT^[[0m
Test (windows-latest)	UNKNOWN STEP	2026-05-18T13:38:03.7474842Z ^[[36;1m  else^[[0m
Test (windows-latest)	UNKNOWN STEP	2026-05-18T13:38:03.7475226Z ^[[36;1m    echo "toolchain=1.$((($(date --date "${toolchain#stable }" +%s)/60/60/24-16569)/7/6))" >> $GITHUB_OUTPUT^[[0m
Test (windows-latest)	UNKNOWN STEP	2026-05-18T13:38:03.7475647Z ^[[36;1m  fi^[[0m
Test (windows-latest)	UNKNOWN STEP	2026-05-18T13:38:03.7475910Z ^[[36;1melif [[ $toolchain =~ ^stable' 'minus' '[0-9]+' 'releases?$ ]]; then^[[0m
Test (windows-latest)	UNKNOWN STEP	2026-05-18T13:38:03.7476403Z ^[[36;1m  echo "toolchain=1.$((($(date +%s)/60/60/24-16569)/7/6-${toolchain//[^0-9]/}))" >> $GITHUB_OUTPUT^[[0m
Test (windows-latest)	UNKNOWN STEP	2026-05-18T13:38:03.7476866Z ^[[36;1melif [[ $toolchain =~ ^1\.[0-9]+$ ]]; then^[[0m
Test (windows-latest)	UNKNOWN STEP	2026-05-18T13:38:03.7477387Z ^[[36;1m  echo "toolchain=1.$((i=${toolchain#1.}, c=($(date +%s)/60/60/24-16569)/7/6, i+9*i*(10*i<=c)+90*i*(100*i<=c)))" >> $GITHUB_OUTPUT^[[0m
Test (windows-latest)	UNKNOWN STEP	2026-05-18T13:38:03.7477850Z ^[[36;1melse^[[0m
Test (windows-latest)	UNKNOWN STEP	2026-05-18T13:38:03.7478063Z ^[[36;1m  echo "toolchain=$toolchain" >> $GITHUB_OUTPUT^[[0m
Test (windows-latest)	UNKNOWN STEP	2026-05-18T13:38:03.7478364Z ^[[36;1mfi^[[0m
Test (windows-latest)	UNKNOWN STEP	2026-05-18T13:38:03.7494346Z shell: C:\Program Files\Git\bin\bash.EXE --noprofile --norc -e -o pipefail {0}
Test (windows-latest)	UNKNOWN STEP	2026-05-18T13:38:03.7494722Z env:
Test (windows-latest)	UNKNOWN STEP	2026-05-18T13:38:03.7494880Z   CARGO_TERM_COLOR: always
Test (windows-latest)	UNKNOWN STEP	2026-05-18T13:38:03.7495078Z   RUST_BACKTRACE: 1
Test (windows-latest)	UNKNOWN STEP	2026-05-18T13:38:03.7495257Z   RUSTFLAGS: -Dwarnings
Test (windows-latest)	UNKNOWN STEP	2026-05-18T13:38:03.7495623Z   CARGO_REGISTRY_TOKEN: ***
Test (windows-latest)	UNKNOWN STEP	2026-05-18T13:38:03.7495878Z   CARGO_TOKEN: ***
Test (windows-latest)	UNKNOWN STEP	2026-05-18T13:38:03.7496058Z   toolchain: stable
Test (windows-latest)	UNKNOWN STEP	2026-05-18T13:38:03.7496233Z ##[endgroup]
Test (windows-latest)	UNKNOWN STEP	2026-05-18T13:38:03.8153994Z ##[group]Run : construct rustup command line
Test (windows-latest)	UNKNOWN STEP	2026-05-18T13:38:03.8154299Z ^[[36;1m: construct rustup command line^[[0m
Test (windows-latest)	UNKNOWN STEP	2026-05-18T13:38:03.8154731Z ^[[36;1mecho "targets=$(for t in ${targets//,/ }; do echo -n ' --target' $t; done)" >> $GITHUB_OUTPUT^[[0m
Test (windows-latest)	UNKNOWN STEP	2026-05-18T13:38:03.8155514Z ^[[36;1mecho "components=$(for c in ${components//,/ }; do echo -n ' --component' $c; done)" >> $GITHUB_OUTPUT^[[0m
Test (windows-latest)	UNKNOWN STEP	2026-05-18T13:38:03.8155965Z ^[[36;1mecho "downgrade=" >> $GITHUB_OUTPUT^[[0m
Test (windows-latest)	UNKNOWN STEP	2026-05-18T13:38:03.8168321Z shell: C:\Program Files\Git\bin\bash.EXE --noprofile --norc -e -o pipefail {0}
Test (windows-latest)	UNKNOWN STEP	2026-05-18T13:38:03.8168696Z env:
Test (windows-latest)	UNKNOWN STEP	2026-05-18T13:38:03.8168858Z   CARGO_TERM_COLOR: always
Test (windows-latest)	UNKNOWN STEP	2026-05-18T13:38:03.8169058Z   RUST_BACKTRACE: 1
Test (windows-latest)	UNKNOWN STEP	2026-05-18T13:38:03.8169234Z   RUSTFLAGS: -Dwarnings
Test (windows-latest)	UNKNOWN STEP	2026-05-18T13:38:03.8169586Z   CARGO_REGISTRY_TOKEN: ***
Test (windows-latest)	UNKNOWN STEP	2026-05-18T13:38:03.8169846Z   CARGO_TOKEN: ***
Test (windows-latest)	UNKNOWN STEP	2026-05-18T13:38:03.8170004Z   targets:
Test (windows-latest)	UNKNOWN STEP	2026-05-18T13:38:03.8170151Z   components:
Test (windows-latest)	UNKNOWN STEP	2026-05-18T13:38:03.8170321Z ##[endgroup]
Test (windows-latest)	UNKNOWN STEP	2026-05-18T13:38:03.8861426Z ##[group]Run : set $CARGO_HOME
Test (windows-latest)	UNKNOWN STEP	2026-05-18T13:38:03.8861683Z ^[[36;1m: set $CARGO_HOME^[[0m
Test (windows-latest)	UNKNOWN STEP	2026-05-18T13:38:03.8861990Z ^[[36;1mecho CARGO_HOME=${CARGO_HOME:-"$USERPROFILE\.cargo"} >> $GITHUB_ENV^[[0m
Test (windows-latest)	UNKNOWN STEP	2026-05-18T13:38:03.8875643Z shell: C:\Program Files\Git\bin\bash.EXE --noprofile --norc -e -o pipefail {0}
Test (windows-latest)	UNKNOWN STEP	2026-05-18T13:38:03.8876104Z env:
Test (windows-latest)	UNKNOWN STEP	2026-05-18T13:38:03.8876269Z   CARGO_TERM_COLOR: always
Test (windows-latest)	UNKNOWN STEP	2026-05-18T13:38:03.8876469Z   RUST_BACKTRACE: 1
Test (windows-latest)	UNKNOWN STEP	2026-05-18T13:38:03.8876645Z   RUSTFLAGS: -Dwarnings
Test (windows-latest)	UNKNOWN STEP	2026-05-18T13:38:03.8877017Z   CARGO_REGISTRY_TOKEN: ***
Test (windows-latest)	UNKNOWN STEP	2026-05-18T13:38:03.8877281Z   CARGO_TOKEN: ***
Test (windows-latest)	UNKNOWN STEP	2026-05-18T13:38:03.8877452Z ##[endgroup]
Test (windows-latest)	UNKNOWN STEP	2026-05-18T13:38:03.9369190Z ##[group]Run : install rustup if needed on windows
Test (windows-latest)	UNKNOWN STEP	2026-05-18T13:38:03.9369843Z ^[[36;1m: install rustup if needed on windows^[[0m
Test (windows-latest)	UNKNOWN STEP	2026-05-18T13:38:03.9370139Z ^[[36;1mif ! command -v rustup &>/dev/null; then^[[0m
Test (windows-latest)	UNKNOWN STEP	2026-05-18T13:38:03.9370878Z ^[[36;1m  curl --proto '=https' --tlsv1.2 --retry 10 --retry-connrefused --location --silent --show-error --fail https://win.rustup.rs/x86_64 --output 'D:\a\_temp\rustup-init.exe'^[[0m
Test (windows-latest)	UNKNOWN STEP	2026-05-18T13:38:03.9371707Z ^[[36;1m  'D:\a\_temp\rustup-init.exe' --default-toolchain none --no-modify-path -y^[[0m
Test (windows-latest)	UNKNOWN STEP	2026-05-18T13:38:03.9372130Z ^[[36;1m  echo "$CARGO_HOME\bin" >> $GITHUB_PATH^[[0m
Test (windows-latest)	UNKNOWN STEP	2026-05-18T13:38:03.9372382Z ^[[36;1mfi^[[0m
Test (windows-latest)	UNKNOWN STEP	2026-05-18T13:38:03.9383505Z shell: C:\Program Files\Git\bin\bash.EXE --noprofile --norc -e -o pipefail {0}
Test (windows-latest)	UNKNOWN STEP	2026-05-18T13:38:03.9383884Z env:
Test (windows-latest)	UNKNOWN STEP	2026-05-18T13:38:03.9384043Z   CARGO_TERM_COLOR: always
Test (windows-latest)	UNKNOWN STEP	2026-05-18T13:38:03.9384243Z   RUST_BACKTRACE: 1
Test (windows-latest)	UNKNOWN STEP	2026-05-18T13:38:03.9384416Z   RUSTFLAGS: -Dwarnings
Test (windows-latest)	UNKNOWN STEP	2026-05-18T13:38:03.9384779Z   CARGO_REGISTRY_TOKEN: ***
Test (windows-latest)	UNKNOWN STEP	2026-05-18T13:38:03.9385042Z   CARGO_TOKEN: ***
Test (windows-latest)	UNKNOWN STEP	2026-05-18T13:38:03.9385227Z   CARGO_HOME: C:\Users\runneradmin\.cargo
Test (windows-latest)	UNKNOWN STEP	2026-05-18T13:38:03.9385463Z ##[endgroup]
Test (windows-latest)	UNKNOWN STEP	2026-05-18T13:38:03.9956297Z ##[group]Run rustup toolchain install stable --profile minimal --no-self-update
Test (windows-latest)	UNKNOWN STEP	2026-05-18T13:38:03.9956819Z ^[[36;1mrustup toolchain install stable --profile minimal --no-self-update^[[0m
Test (windows-latest)	UNKNOWN STEP	2026-05-18T13:38:03.9969109Z shell: C:\Program Files\Git\bin\bash.EXE --noprofile --norc -e -o pipefail {0}
Test (windows-latest)	UNKNOWN STEP	2026-05-18T13:38:03.9969480Z env:
Test (windows-latest)	UNKNOWN STEP	2026-05-18T13:38:03.9969650Z   CARGO_TERM_COLOR: always
Test (windows-latest)	UNKNOWN STEP	2026-05-18T13:38:03.9969861Z   RUST_BACKTRACE: 1
Test (windows-latest)	UNKNOWN STEP	2026-05-18T13:38:03.9970037Z   RUSTFLAGS: -Dwarnings
Test (windows-latest)	UNKNOWN STEP	2026-05-18T13:38:03.9970387Z   CARGO_REGISTRY_TOKEN: ***
Test (windows-latest)	UNKNOWN STEP	2026-05-18T13:38:03.9970641Z   CARGO_TOKEN: ***
Test (windows-latest)	UNKNOWN STEP	2026-05-18T13:38:03.9970828Z   CARGO_HOME: C:\Users\runneradmin\.cargo
Test (windows-latest)	UNKNOWN STEP	2026-05-18T13:38:03.9971070Z   RUSTUP_PERMIT_COPY_RENAME: 1
Test (windows-latest)	UNKNOWN STEP	2026-05-18T13:38:03.9971276Z ##[endgroup]
Test (windows-latest)	UNKNOWN STEP	2026-05-18T13:38:06.7384305Z info: syncing channel updates for stable-x86_64-pc-windows-msvc
Test (windows-latest)	UNKNOWN STEP	2026-05-18T13:38:07.0922416Z
Test (windows-latest)	UNKNOWN STEP	2026-05-18T13:38:07.1149050Z   stable-x86_64-pc-windows-msvc unchanged - rustc 1.95.0 (59807616e 2026-04-14)
Test (windows-latest)	UNKNOWN STEP	2026-05-18T13:38:07.1149617Z
Test (windows-latest)	UNKNOWN STEP	2026-05-18T13:38:07.1394383Z ##[group]Run rustup default stable
Test (windows-latest)	UNKNOWN STEP	2026-05-18T13:38:07.1394636Z ^[[36;1mrustup default stable^[[0m
Test (windows-latest)	UNKNOWN STEP	2026-05-18T13:38:07.1406266Z shell: C:\Program Files\Git\bin\bash.EXE --noprofile --norc -e -o pipefail {0}
Test (windows-latest)	UNKNOWN STEP	2026-05-18T13:38:07.1406627Z env:
Test (windows-latest)	UNKNOWN STEP	2026-05-18T13:38:07.1406786Z   CARGO_TERM_COLOR: always
Test (windows-latest)	UNKNOWN STEP	2026-05-18T13:38:07.1406994Z   RUST_BACKTRACE: 1
Test (windows-latest)	UNKNOWN STEP	2026-05-18T13:38:07.1407331Z   RUSTFLAGS: -Dwarnings
Test (windows-latest)	UNKNOWN STEP	2026-05-18T13:38:07.1407789Z   CARGO_REGISTRY_TOKEN: ***
Test (windows-latest)	UNKNOWN STEP	2026-05-18T13:38:07.1408059Z   CARGO_TOKEN: ***
Test (windows-latest)	UNKNOWN STEP	2026-05-18T13:38:07.1408238Z   CARGO_HOME: C:\Users\runneradmin\.cargo
Test (windows-latest)	UNKNOWN STEP	2026-05-18T13:38:07.1408470Z ##[endgroup]
Test (windows-latest)	UNKNOWN STEP	2026-05-18T13:38:07.2093219Z info: using existing install for stable-x86_64-pc-windows-msvc
Test (windows-latest)	UNKNOWN STEP	2026-05-18T13:38:07.2178509Z info: default toolchain set to stable-x86_64-pc-windows-msvc
Test (windows-latest)	UNKNOWN STEP	2026-05-18T13:38:07.2178913Z
Test (windows-latest)	UNKNOWN STEP	2026-05-18T13:38:07.2368666Z   stable-x86_64-pc-windows-msvc unchanged - rustc 1.95.0 (59807616e 2026-04-14)
Test (windows-latest)	UNKNOWN STEP	2026-05-18T13:38:07.2369081Z
Test (windows-latest)	UNKNOWN STEP	2026-05-18T13:38:07.3003857Z ##[group]Run : create cachekey
Test (windows-latest)	UNKNOWN STEP	2026-05-18T13:38:07.3004091Z ^[[36;1m: create cachekey^[[0m
Test (windows-latest)	UNKNOWN STEP	2026-05-18T13:38:07.3004561Z ^[[36;1mDATE=$(rustc +stable --version --verbose | sed -ne 's/^commit-date: \(20[0-9][0-9]\)-\([01][0-9]\)-\([0-3][0-9]\)$/\1\2\3/p')^[[0m
Test (windows-latest)	UNKNOWN STEP	2026-05-18T13:38:07.3005808Z ^[[36;1mHASH=$(rustc +stable --version --verbose | sed -ne 's/^commit-hash: //p')^[[0m
Test (windows-latest)	UNKNOWN STEP	2026-05-18T13:38:07.3006308Z ^[[36;1mecho "cachekey=$(echo $DATE$HASH | head -c12)" >> $GITHUB_OUTPUT^[[0m
Test (windows-latest)	UNKNOWN STEP	2026-05-18T13:38:07.3017673Z shell: C:\Program Files\Git\bin\bash.EXE --noprofile --norc -e -o pipefail {0}
Test (windows-latest)	UNKNOWN STEP	2026-05-18T13:38:07.3018037Z env:
Test (windows-latest)	UNKNOWN STEP	2026-05-18T13:38:07.3018185Z   CARGO_TERM_COLOR: always
Test (windows-latest)	UNKNOWN STEP	2026-05-18T13:38:07.3018377Z   RUST_BACKTRACE: 1
Test (windows-latest)	UNKNOWN STEP	2026-05-18T13:38:07.3018544Z   RUSTFLAGS: -Dwarnings
Test (windows-latest)	UNKNOWN STEP	2026-05-18T13:38:07.3018955Z   CARGO_REGISTRY_TOKEN: ***
Test (windows-latest)	UNKNOWN STEP	2026-05-18T13:38:07.3019215Z   CARGO_TOKEN: ***
Test (windows-latest)	UNKNOWN STEP	2026-05-18T13:38:07.3019396Z   CARGO_HOME: C:\Users\runneradmin\.cargo
Test (windows-latest)	UNKNOWN STEP	2026-05-18T13:38:07.3019627Z ##[endgroup]
Test (windows-latest)	UNKNOWN STEP	2026-05-18T13:38:08.1069575Z ##[group]Run : disable incremental compilation
Test (windows-latest)	UNKNOWN STEP	2026-05-18T13:38:08.1069898Z ^[[36;1m: disable incremental compilation^[[0m
Test (windows-latest)	UNKNOWN STEP	2026-05-18T13:38:08.1070196Z ^[[36;1mif [ -z "${CARGO_INCREMENTAL+set}" ]; then^[[0m
Test (windows-latest)	UNKNOWN STEP	2026-05-18T13:38:08.1070485Z ^[[36;1m  echo CARGO_INCREMENTAL=0 >> $GITHUB_ENV^[[0m
Test (windows-latest)	UNKNOWN STEP	2026-05-18T13:38:08.1070748Z ^[[36;1mfi^[[0m
Test (windows-latest)	UNKNOWN STEP	2026-05-18T13:38:08.1082360Z shell: C:\Program Files\Git\bin\bash.EXE --noprofile --norc -e -o pipefail {0}
Test (windows-latest)	UNKNOWN STEP	2026-05-18T13:38:08.1082727Z env:
Test (windows-latest)	UNKNOWN STEP	2026-05-18T13:38:08.1082888Z   CARGO_TERM_COLOR: always
Test (windows-latest)	UNKNOWN STEP	2026-05-18T13:38:08.1083076Z   RUST_BACKTRACE: 1
Test (windows-latest)	UNKNOWN STEP	2026-05-18T13:38:08.1083250Z   RUSTFLAGS: -Dwarnings
Test (windows-latest)	UNKNOWN STEP	2026-05-18T13:38:08.1083566Z   CARGO_REGISTRY_TOKEN: ***
Test (windows-latest)	UNKNOWN STEP	2026-05-18T13:38:08.1083821Z   CARGO_TOKEN: ***
Test (windows-latest)	UNKNOWN STEP	2026-05-18T13:38:08.1084011Z   CARGO_HOME: C:\Users\runneradmin\.cargo
Test (windows-latest)	UNKNOWN STEP	2026-05-18T13:38:08.1084244Z ##[endgroup]
Test (windows-latest)	UNKNOWN STEP	2026-05-18T13:38:08.1558369Z ##[group]Run : enable colors in Cargo output
Test (windows-latest)	UNKNOWN STEP	2026-05-18T13:38:08.1558677Z ^[[36;1m: enable colors in Cargo output^[[0m
Test (windows-latest)	UNKNOWN STEP	2026-05-18T13:38:08.1558956Z ^[[36;1mif [ -z "${CARGO_TERM_COLOR+set}" ]; then^[[0m
Test (windows-latest)	UNKNOWN STEP	2026-05-18T13:38:08.1559254Z ^[[36;1m  echo CARGO_TERM_COLOR=always >> $GITHUB_ENV^[[0m
Test (windows-latest)	UNKNOWN STEP	2026-05-18T13:38:08.1559502Z ^[[36;1mfi^[[0m
Test (windows-latest)	UNKNOWN STEP	2026-05-18T13:38:08.1570839Z shell: C:\Program Files\Git\bin\bash.EXE --noprofile --norc -e -o pipefail {0}
Test (windows-latest)	UNKNOWN STEP	2026-05-18T13:38:08.1571208Z env:
Test (windows-latest)	UNKNOWN STEP	2026-05-18T13:38:08.1571377Z   CARGO_TERM_COLOR: always
Test (windows-latest)	UNKNOWN STEP	2026-05-18T13:38:08.1571567Z   RUST_BACKTRACE: 1
Test (windows-latest)	UNKNOWN STEP	2026-05-18T13:38:08.1571744Z   RUSTFLAGS: -Dwarnings
Test (windows-latest)	UNKNOWN STEP	2026-05-18T13:38:08.1572066Z   CARGO_REGISTRY_TOKEN: ***
Test (windows-latest)	UNKNOWN STEP	2026-05-18T13:38:08.1572324Z   CARGO_TOKEN: ***
Test (windows-latest)	UNKNOWN STEP	2026-05-18T13:38:08.1572514Z   CARGO_HOME: C:\Users\runneradmin\.cargo
Test (windows-latest)	UNKNOWN STEP	2026-05-18T13:38:08.1572751Z   CARGO_INCREMENTAL: 0
Test (windows-latest)	UNKNOWN STEP	2026-05-18T13:38:08.1572923Z ##[endgroup]
Test (windows-latest)	UNKNOWN STEP	2026-05-18T13:38:08.2049855Z ##[group]Run : enable Cargo sparse registry
Test (windows-latest)	UNKNOWN STEP	2026-05-18T13:38:08.2050172Z ^[[36;1m: enable Cargo sparse registry^[[0m
Test (windows-latest)	UNKNOWN STEP	2026-05-18T13:38:08.2050502Z ^[[36;1m# implemented in 1.66, stabilized in 1.68, made default in 1.70^[[0m
Test (windows-latest)	UNKNOWN STEP	2026-05-18T13:38:08.2051361Z ^[[36;1mif [ -z "${CARGO_REGISTRIES_CRATES_IO_PROTOCOL+set}" -o -f "D:\a\_temp"/.implicit_cargo_registries_crates_io_protocol ]; then^[[0m
Test (windows-latest)	UNKNOWN STEP	2026-05-18T13:38:08.2052020Z ^[[36;1m  if rustc +stable --version --verbose | grep -q '^release: 1\.6[89]\.'; then^[[0m
Test (windows-latest)	UNKNOWN STEP	2026-05-18T13:38:08.2052528Z ^[[36;1m    touch "D:\a\_temp"/.implicit_cargo_registries_crates_io_protocol || true^[[0m
Test (windows-latest)	UNKNOWN STEP	2026-05-18T13:38:08.2053764Z ^[[36;1m    echo CARGO_REGISTRIES_CRATES_IO_PROTOCOL=sparse >> $GITHUB_ENV^[[0m
Test (windows-latest)	UNKNOWN STEP	2026-05-18T13:38:08.2054228Z ^[[36;1m  elif rustc +stable --version --verbose | grep -q '^release: 1\.6[67]\.'; then^[[0m
Test (windows-latest)	UNKNOWN STEP	2026-05-18T13:38:08.2054723Z ^[[36;1m    touch "D:\a\_temp"/.implicit_cargo_registries_crates_io_protocol || true^[[0m
Test (windows-latest)	UNKNOWN STEP	2026-05-18T13:38:08.2055164Z ^[[36;1m    echo CARGO_REGISTRIES_CRATES_IO_PROTOCOL=git >> $GITHUB_ENV^[[0m
Test (windows-latest)	UNKNOWN STEP	2026-05-18T13:38:08.2055474Z ^[[36;1m  fi^[[0m
Test (windows-latest)	UNKNOWN STEP	2026-05-18T13:38:08.2055618Z ^[[36;1mfi^[[0m
Test (windows-latest)	UNKNOWN STEP	2026-05-18T13:38:08.2065929Z shell: C:\Program Files\Git\bin\bash.EXE --noprofile --norc -e -o pipefail {0}
Test (windows-latest)	UNKNOWN STEP	2026-05-18T13:38:08.2066298Z env:
Test (windows-latest)	UNKNOWN STEP	2026-05-18T13:38:08.2066450Z   CARGO_TERM_COLOR: always
Test (windows-latest)	UNKNOWN STEP	2026-05-18T13:38:08.2066654Z   RUST_BACKTRACE: 1
Test (windows-latest)	UNKNOWN STEP	2026-05-18T13:38:08.2066825Z   RUSTFLAGS: -Dwarnings
Test (windows-latest)	UNKNOWN STEP	2026-05-18T13:38:08.2067141Z   CARGO_REGISTRY_TOKEN: ***
Test (windows-latest)	UNKNOWN STEP	2026-05-18T13:38:08.2067571Z   CARGO_TOKEN: ***
Test (windows-latest)	UNKNOWN STEP	2026-05-18T13:38:08.2067766Z   CARGO_HOME: C:\Users\runneradmin\.cargo
Test (windows-latest)	UNKNOWN STEP	2026-05-18T13:38:08.2068012Z   CARGO_INCREMENTAL: 0
Test (windows-latest)	UNKNOWN STEP	2026-05-18T13:38:08.2068183Z ##[endgroup]
Test (windows-latest)	UNKNOWN STEP	2026-05-18T13:38:08.3765637Z ##[group]Run : work around spurious network errors in curl 8.0
Test (windows-latest)	UNKNOWN STEP	2026-05-18T13:38:08.3766031Z ^[[36;1m: work around spurious network errors in curl 8.0^[[0m
Test (windows-latest)	UNKNOWN STEP	2026-05-18T13:38:08.3766555Z ^[[36;1m# https://rust-lang.zulipchat.com/#narrow/stream/246057-t-cargo/topic/timeout.20investigation^[[0m
Test (windows-latest)	UNKNOWN STEP	2026-05-18T13:38:08.3767165Z ^[[36;1mif rustc +stable --version --verbose | grep -q '^release: 1\.7[01]\.'; then^[[0m
Test (windows-latest)	UNKNOWN STEP	2026-05-18T13:38:08.3767590Z ^[[36;1m  echo CARGO_HTTP_MULTIPLEXING=false >> $GITHUB_ENV^[[0m
Test (windows-latest)	UNKNOWN STEP	2026-05-18T13:38:08.3767866Z ^[[36;1mfi^[[0m
Test (windows-latest)	UNKNOWN STEP	2026-05-18T13:38:08.3778446Z shell: C:\Program Files\Git\bin\bash.EXE --noprofile --norc -e -o pipefail {0}
Test (windows-latest)	UNKNOWN STEP	2026-05-18T13:38:08.3779327Z env:
Test (windows-latest)	UNKNOWN STEP	2026-05-18T13:38:08.3779490Z   CARGO_TERM_COLOR: always
Test (windows-latest)	UNKNOWN STEP	2026-05-18T13:38:08.3779679Z   RUST_BACKTRACE: 1
Test (windows-latest)	UNKNOWN STEP	2026-05-18T13:38:08.3779882Z   RUSTFLAGS: -Dwarnings
Test (windows-latest)	UNKNOWN STEP	2026-05-18T13:38:08.3780226Z   CARGO_REGISTRY_TOKEN: ***
Test (windows-latest)	UNKNOWN STEP	2026-05-18T13:38:08.3780481Z   CARGO_TOKEN: ***
Test (windows-latest)	UNKNOWN STEP	2026-05-18T13:38:08.3780666Z   CARGO_HOME: C:\Users\runneradmin\.cargo
Test (windows-latest)	UNKNOWN STEP	2026-05-18T13:38:08.3780948Z   CARGO_INCREMENTAL: 0
Test (windows-latest)	UNKNOWN STEP	2026-05-18T13:38:08.3781253Z ##[endgroup]
Test (windows-latest)	UNKNOWN STEP	2026-05-18T13:38:08.4885239Z ##[group]Run rustc +stable --version --verbose
Test (windows-latest)	UNKNOWN STEP	2026-05-18T13:38:08.4885537Z ^[[36;1mrustc +stable --version --verbose^[[0m
Test (windows-latest)	UNKNOWN STEP	2026-05-18T13:38:08.4896464Z shell: C:\Program Files\Git\bin\bash.EXE --noprofile --norc -e -o pipefail {0}
Test (windows-latest)	UNKNOWN STEP	2026-05-18T13:38:08.4896824Z env:
Test (windows-latest)	UNKNOWN STEP	2026-05-18T13:38:08.4896986Z   CARGO_TERM_COLOR: always
Test (windows-latest)	UNKNOWN STEP	2026-05-18T13:38:08.4897184Z   RUST_BACKTRACE: 1
Test (windows-latest)	UNKNOWN STEP	2026-05-18T13:38:08.4897353Z   RUSTFLAGS: -Dwarnings
Test (windows-latest)	UNKNOWN STEP	2026-05-18T13:38:08.4897684Z   CARGO_REGISTRY_TOKEN: ***
Test (windows-latest)	UNKNOWN STEP	2026-05-18T13:38:08.4897943Z   CARGO_TOKEN: ***
Test (windows-latest)	UNKNOWN STEP	2026-05-18T13:38:08.4898123Z   CARGO_HOME: C:\Users\runneradmin\.cargo
Test (windows-latest)	UNKNOWN STEP	2026-05-18T13:38:08.4898359Z   CARGO_INCREMENTAL: 0
Test (windows-latest)	UNKNOWN STEP	2026-05-18T13:38:08.4898552Z ##[endgroup]
Test (windows-latest)	UNKNOWN STEP	2026-05-18T13:38:08.5676639Z rustc 1.95.0 (59807616e 2026-04-14)
Test (windows-latest)	UNKNOWN STEP	2026-05-18T13:38:08.5677044Z binary: rustc
Test (windows-latest)	UNKNOWN STEP	2026-05-18T13:38:08.5677315Z commit-hash: 59807616e1fa2540724bfbac14d7976d7e4a3860
Test (windows-latest)	UNKNOWN STEP	2026-05-18T13:38:08.5677647Z commit-date: 2026-04-14
Test (windows-latest)	UNKNOWN STEP	2026-05-18T13:38:08.5677888Z host: x86_64-pc-windows-msvc
Test (windows-latest)	UNKNOWN STEP	2026-05-18T13:38:08.5678128Z release: 1.95.0
Test (windows-latest)	UNKNOWN STEP	2026-05-18T13:38:08.5679328Z LLVM version: 22.1.2
Test (windows-latest)	UNKNOWN STEP	2026-05-18T13:38:08.5985171Z ##[group]Run Swatinem/rust-cache@v2
Test (windows-latest)	UNKNOWN STEP	2026-05-18T13:38:08.5985474Z with:
Test (windows-latest)	UNKNOWN STEP	2026-05-18T13:38:08.5985631Z   workspaces: rust
Test (windows-latest)	UNKNOWN STEP	2026-05-18T13:38:08.5985813Z   prefix-key: v0-rust
Test (windows-latest)	UNKNOWN STEP	2026-05-18T13:38:08.5986005Z   add-job-id-key: true
Test (windows-latest)	UNKNOWN STEP	2026-05-18T13:38:08.5986207Z   add-rust-environment-hash-key: true
Test (windows-latest)	UNKNOWN STEP	2026-05-18T13:38:08.5986447Z   cache-targets: true
Test (windows-latest)	UNKNOWN STEP	2026-05-18T13:38:08.5986628Z   cache-all-crates: false
Test (windows-latest)	UNKNOWN STEP	2026-05-18T13:38:08.5986831Z   cache-workspace-crates: false
Test (windows-latest)	UNKNOWN STEP	2026-05-18T13:38:08.5987037Z   save-if: true
Test (windows-latest)	UNKNOWN STEP	2026-05-18T13:38:08.5987199Z   cache-provider: github
Test (windows-latest)	UNKNOWN STEP	2026-05-18T13:38:08.5987382Z   cache-bin: true
Test (windows-latest)	UNKNOWN STEP	2026-05-18T13:38:08.5987741Z   lookup-only: false
Test (windows-latest)	UNKNOWN STEP	2026-05-18T13:38:08.5987909Z   cmd-format: {0}
Test (windows-latest)	UNKNOWN STEP	2026-05-18T13:38:08.5988061Z env:
Test (windows-latest)	UNKNOWN STEP	2026-05-18T13:38:08.5988202Z   CARGO_TERM_COLOR: always
Test (windows-latest)	UNKNOWN STEP	2026-05-18T13:38:08.5988384Z   RUST_BACKTRACE: 1
Test (windows-latest)	UNKNOWN STEP	2026-05-18T13:38:08.5988549Z   RUSTFLAGS: -Dwarnings
Test (windows-latest)	UNKNOWN STEP	2026-05-18T13:38:08.5988906Z   CARGO_REGISTRY_TOKEN: ***
Test (windows-latest)	UNKNOWN STEP	2026-05-18T13:38:08.5989225Z   CARGO_TOKEN: ***
Test (windows-latest)	UNKNOWN STEP	2026-05-18T13:38:08.5989412Z   CARGO_HOME: C:\Users\runneradmin\.cargo
Test (windows-latest)	UNKNOWN STEP	2026-05-18T13:38:08.5989650Z   CARGO_INCREMENTAL: 0
Test (windows-latest)	UNKNOWN STEP	2026-05-18T13:38:08.5989824Z ##[endgroup]
Test (windows-latest)	UNKNOWN STEP	2026-05-18T13:38:08.9362223Z (node:5420) [DEP0040] DeprecationWarning: The `punycode` module is deprecated. Please use a userland alternative instead.
Test (windows-latest)	UNKNOWN STEP	2026-05-18T13:38:08.9362920Z (Use `node --trace-deprecation ...` to show where the warning was created)
Test (windows-latest)	UNKNOWN STEP	2026-05-18T13:38:11.0002111Z ##[group]Cache Configuration
Test (windows-latest)	UNKNOWN STEP	2026-05-18T13:38:11.0002511Z Cache Provider:
Test (windows-latest)	UNKNOWN STEP	2026-05-18T13:38:11.0002881Z     github
Test (windows-latest)	UNKNOWN STEP	2026-05-18T13:38:11.0003115Z Workspaces:
Test (windows-latest)	UNKNOWN STEP	2026-05-18T13:38:11.0003406Z     D:\a\lino-i18n\lino-i18n\rust
Test (windows-latest)	UNKNOWN STEP	2026-05-18T13:38:11.0003761Z Cache Paths:
Test (windows-latest)	UNKNOWN STEP	2026-05-18T13:38:11.0004022Z     C:\Users\runneradmin\.cargo\bin
Test (windows-latest)	UNKNOWN STEP	2026-05-18T13:38:11.0004409Z     C:\Users\runneradmin\.cargo\.crates.toml
Test (windows-latest)	UNKNOWN STEP	2026-05-18T13:38:11.0004838Z     C:\Users\runneradmin\.cargo\.crates2.json
Test (windows-latest)	UNKNOWN STEP	2026-05-18T13:38:11.0005288Z     C:\Users\runneradmin\.cargo\registry
Test (windows-latest)	UNKNOWN STEP	2026-05-18T13:38:11.0005690Z     C:\Users\runneradmin\.cargo\git
Test (windows-latest)	UNKNOWN STEP	2026-05-18T13:38:11.0006107Z     D:\a\lino-i18n\lino-i18n\rust\target
Test (windows-latest)	UNKNOWN STEP	2026-05-18T13:38:11.0006494Z Restore Key:
Test (windows-latest)	UNKNOWN STEP	2026-05-18T13:38:11.0006786Z     v0-rust-test-Windows_NT-x64-7460ca64
Test (windows-latest)	UNKNOWN STEP	2026-05-18T13:38:11.0007164Z Cache Key:
Test (windows-latest)	UNKNOWN STEP	2026-05-18T13:38:11.0007476Z     v0-rust-test-Windows_NT-x64-7460ca64-d2ed2b7f
Test (windows-latest)	UNKNOWN STEP	2026-05-18T13:38:11.0007890Z .. Prefix:
Test (windows-latest)	UNKNOWN STEP	2026-05-18T13:38:11.0008177Z   - v0-rust-test-Windows_NT-x64
Test (windows-latest)	UNKNOWN STEP	2026-05-18T13:38:11.0008548Z .. Environment considered:
Test (windows-latest)	UNKNOWN STEP	2026-05-18T13:38:11.0008884Z   - Rust Versions:
Test (windows-latest)	UNKNOWN STEP	2026-05-18T13:38:11.0009360Z     - 1.95.0 x86_64-pc-windows-msvc 59807616e1fa2540724bfbac14d7976d7e4a3860
Test (windows-latest)	UNKNOWN STEP	2026-05-18T13:38:11.0010142Z     - 1.95.0 x86_64-pc-windows-msvc 59807616e1fa2540724bfbac14d7976d7e4a3860
Test (windows-latest)	UNKNOWN STEP	2026-05-18T13:38:11.0010842Z   - CARGO_HOME
Test (windows-latest)	UNKNOWN STEP	2026-05-18T13:38:11.0011109Z   - CARGO_INCREMENTAL
Test (windows-latest)	UNKNOWN STEP	2026-05-18T13:38:11.0011426Z   - CARGO_REGISTRY_TOKEN
Test (windows-latest)	UNKNOWN STEP	2026-05-18T13:38:11.0011743Z   - CARGO_TERM_COLOR
Test (windows-latest)	UNKNOWN STEP	2026-05-18T13:38:11.0012024Z   - CARGO_TOKEN
Test (windows-latest)	UNKNOWN STEP	2026-05-18T13:38:11.0012296Z   - RUST_BACKTRACE
Test (windows-latest)	UNKNOWN STEP	2026-05-18T13:38:11.0012572Z   - RUSTFLAGS
Test (windows-latest)	UNKNOWN STEP	2026-05-18T13:38:11.0012856Z .. Lockfiles considered:
Test (windows-latest)	UNKNOWN STEP	2026-05-18T13:38:11.0013264Z   - D:\a\lino-i18n\lino-i18n\rust\Cargo.lock
Test (windows-latest)	UNKNOWN STEP	2026-05-18T13:38:11.0013785Z   - D:\a\lino-i18n\lino-i18n\rust\lino-i18n-macros\Cargo.toml
Test (windows-latest)	UNKNOWN STEP	2026-05-18T13:38:11.0014460Z   - D:\a\lino-i18n\lino-i18n\rust\lino-i18n\Cargo.toml
Test (windows-latest)	UNKNOWN STEP	2026-05-18T13:38:11.0015470Z ##[endgroup]
Test (windows-latest)	UNKNOWN STEP	2026-05-18T13:38:11.0015634Z
Test (windows-latest)	UNKNOWN STEP	2026-05-18T13:38:11.0015753Z ... Restoring cache ...
Test (windows-latest)	UNKNOWN STEP	2026-05-18T13:38:11.4170161Z Cache hit for: v0-rust-test-Windows_NT-x64-7460ca64-d2ed2b7f
Test (windows-latest)	UNKNOWN STEP	2026-05-18T13:38:12.6548295Z Received 10691006 of 10691006 (100.0%), 10.8 MBs/sec
Test (windows-latest)	UNKNOWN STEP	2026-05-18T13:38:12.6550175Z Cache Size: ~10 MB (10691006 B)
Test (windows-latest)	UNKNOWN STEP	2026-05-18T13:38:12.6660823Z [command]"C:\Program Files\Git\usr\bin\tar.exe" -xf D:/a/_temp/cb127596-b53b-4eae-a65b-27e50b55a18b/cache.tzst -P -C D:/a/lino-i18n/lino-i18n --force-local --use-compress-program "zstd -d"
Test (windows-latest)	UNKNOWN STEP	2026-05-18T13:38:12.8415516Z Cache restored successfully
Test (windows-latest)	UNKNOWN STEP	2026-05-18T13:38:12.8424255Z Restored from cache key "v0-rust-test-Windows_NT-x64-7460ca64-d2ed2b7f" full match: true.
Test (windows-latest)	UNKNOWN STEP	2026-05-18T13:38:12.8776582Z ##[group]Run cargo build --manifest-path rust/Cargo.toml --all-targets
Test (windows-latest)	UNKNOWN STEP	2026-05-18T13:38:12.8777132Z ^[[36;1mcargo build --manifest-path rust/Cargo.toml --all-targets^[[0m
Test (windows-latest)	UNKNOWN STEP	2026-05-18T13:38:12.8893179Z shell: C:\Program Files\PowerShell\7\pwsh.EXE -command ". '{0}'"
Test (windows-latest)	UNKNOWN STEP	2026-05-18T13:38:12.8893501Z env:
Test (windows-latest)	UNKNOWN STEP	2026-05-18T13:38:12.8893672Z   CARGO_TERM_COLOR: always
Test (windows-latest)	UNKNOWN STEP	2026-05-18T13:38:12.8893880Z   RUST_BACKTRACE: 1
Test (windows-latest)	UNKNOWN STEP	2026-05-18T13:38:12.8894249Z   RUSTFLAGS: -Dwarnings
Test (windows-latest)	UNKNOWN STEP	2026-05-18T13:38:12.8894583Z   CARGO_REGISTRY_TOKEN: ***
Test (windows-latest)	UNKNOWN STEP	2026-05-18T13:38:12.8894865Z   CARGO_TOKEN: ***
Test (windows-latest)	UNKNOWN STEP	2026-05-18T13:38:12.8895093Z   CARGO_HOME: C:\Users\runneradmin\.cargo
Test (windows-latest)	UNKNOWN STEP	2026-05-18T13:38:12.8895345Z   CARGO_INCREMENTAL: 0
Test (windows-latest)	UNKNOWN STEP	2026-05-18T13:38:12.8895536Z   CACHE_ON_FAILURE: false
Test (windows-latest)	UNKNOWN STEP	2026-05-18T13:38:12.8895729Z ##[endgroup]
Test (windows-latest)	UNKNOWN STEP	2026-05-18T13:38:18.1743068Z ^[[1m^[[92m    Updating^[[0m crates.io index
Test (windows-latest)	UNKNOWN STEP	2026-05-18T13:38:18.7624289Z ^[[1m^[[92m   Compiling^[[0m lino-i18n-macros v0.0.1 (D:\a\lino-i18n\lino-i18n\rust\lino-i18n-macros)
Test (windows-latest)	UNKNOWN STEP	2026-05-18T13:38:26.9134381Z ^[[1m^[[92m   Compiling^[[0m lino-i18n v0.0.1 (D:\a\lino-i18n\lino-i18n\rust\lino-i18n)
Test (windows-latest)	UNKNOWN STEP	2026-05-18T13:38:29.2706695Z ^[[1m^[[92m    Finished^[[0m `dev` profile [unoptimized + debuginfo] target(s) in 12.23s
Test (windows-latest)	UNKNOWN STEP	2026-05-18T13:38:29.7436527Z ##[group]Run cargo test --manifest-path rust/Cargo.toml --all-targets
Test (windows-latest)	UNKNOWN STEP	2026-05-18T13:38:29.7437078Z ^[[36;1mcargo test --manifest-path rust/Cargo.toml --all-targets^[[0m
Test (windows-latest)	UNKNOWN STEP	2026-05-18T13:38:29.7493090Z shell: C:\Program Files\PowerShell\7\pwsh.EXE -command ". '{0}'"
Test (windows-latest)	UNKNOWN STEP	2026-05-18T13:38:29.7493437Z env:
Test (windows-latest)	UNKNOWN STEP	2026-05-18T13:38:29.7493604Z   CARGO_TERM_COLOR: always
Test (windows-latest)	UNKNOWN STEP	2026-05-18T13:38:29.7493813Z   RUST_BACKTRACE: 1
Test (windows-latest)	UNKNOWN STEP	2026-05-18T13:38:29.7493991Z   RUSTFLAGS: -Dwarnings
Test (windows-latest)	UNKNOWN STEP	2026-05-18T13:38:29.7494318Z   CARGO_REGISTRY_TOKEN: ***
Test (windows-latest)	UNKNOWN STEP	2026-05-18T13:38:29.7494580Z   CARGO_TOKEN: ***
Test (windows-latest)	UNKNOWN STEP	2026-05-18T13:38:29.7494768Z   CARGO_HOME: C:\Users\runneradmin\.cargo
Test (windows-latest)	UNKNOWN STEP	2026-05-18T13:38:29.7495005Z   CARGO_INCREMENTAL: 0
Test (windows-latest)	UNKNOWN STEP	2026-05-18T13:38:29.7495185Z   CACHE_ON_FAILURE: false
Test (windows-latest)	UNKNOWN STEP	2026-05-18T13:38:29.7495373Z ##[endgroup]
Test (windows-latest)	UNKNOWN STEP	2026-05-18T13:38:30.0855687Z ^[[1m^[[92m   Compiling^[[0m lino-i18n-macros v0.0.1 (D:\a\lino-i18n\lino-i18n\rust\lino-i18n-macros)
Test (windows-latest)	UNKNOWN STEP	2026-05-18T13:38:30.4121073Z ^[[1m^[[92m   Compiling^[[0m lino-i18n v0.0.1 (D:\a\lino-i18n\lino-i18n\rust\lino-i18n)
Test (windows-latest)	UNKNOWN STEP	2026-05-18T13:38:32.2794504Z ^[[1m^[[92m    Finished^[[0m `test` profile [unoptimized + debuginfo] target(s) in 2.23s
Test (windows-latest)	UNKNOWN STEP	2026-05-18T13:38:32.2816165Z ^[[1m^[[92m     Running^[[0m unittests src\lib.rs (rust\target\debug\deps\lino_i18n-d8c462a6e97c6a62.exe)
Test (windows-latest)	UNKNOWN STEP	2026-05-18T13:38:32.2915334Z
Test (windows-latest)	UNKNOWN STEP	2026-05-18T13:38:32.2915546Z running 29 tests
Test (windows-latest)	UNKNOWN STEP	2026-05-18T13:38:32.2930973Z test format::tests::missing_value_left_untouched ... ok
Test (windows-latest)	UNKNOWN STEP	2026-05-18T13:38:32.2931882Z test format::tests::dotted_names_supported ... ok
Test (windows-latest)	UNKNOWN STEP	2026-05-18T13:38:32.2932653Z test format::tests::double_braces ... ok
Test (windows-latest)	UNKNOWN STEP	2026-05-18T13:38:32.2933193Z test format::tests::preserves_multibyte_text ... ok
Test (windows-latest)	UNKNOWN STEP	2026-05-18T13:38:32.2934152Z test format::tests::single_braces ... ok
Test (windows-latest)	UNKNOWN STEP	2026-05-18T13:38:32.2934771Z test format::tests::whitespace_inside_braces ... ok
Test (windows-latest)	UNKNOWN STEP	2026-05-18T13:38:32.2935484Z test i18n::tests::compatibility_aliases_resolve_migrated_deep_keys ... ok
Test (windows-latest)	UNKNOWN STEP	2026-05-18T13:38:32.2936769Z test i18n::tests::context_suffix ... ok
Test (windows-latest)	UNKNOWN STEP	2026-05-18T13:38:32.2937698Z test i18n::tests::default_value_used_when_missing ... ok
Test (windows-latest)	UNKNOWN STEP	2026-05-18T13:38:32.2939763Z test i18n::tests::interpolates ... ok
Test (windows-latest)	UNKNOWN STEP	2026-05-18T13:38:32.2941075Z test i18n::tests::fallback_chain ... ok
Test (windows-latest)	UNKNOWN STEP	2026-05-18T13:38:32.2941780Z test i18n::tests::missing_key_handler ... ok
Test (windows-latest)	UNKNOWN STEP	2026-05-18T13:38:32.2942267Z test i18n::tests::plurals_in_english ... ok
Test (windows-latest)	UNKNOWN STEP	2026-05-18T13:38:32.2943390Z test i18n::tests::plurals_in_russian ... ok
Test (windows-latest)	UNKNOWN STEP	2026-05-18T13:38:32.2944043Z test i18n::tests::resolves_label_aliases_while_explicit_keys_win ... ok
Test (windows-latest)	UNKNOWN STEP	2026-05-18T13:38:32.2945013Z test loader::tests::expands_compatibility_aliases_without_overwriting_explicit_keys ... ok
Test (windows-latest)	UNKNOWN STEP	2026-05-18T13:38:32.2946863Z test loader::tests::format_preserves_scalar_parent_translations_as_labels ... ok
Test (windows-latest)	UNKNOWN STEP	2026-05-18T13:38:32.2948235Z test loader::tests::label_aliases_preserve_selector_suffix_groups ... ok
Test (windows-latest)	UNKNOWN STEP	2026-05-18T13:38:32.2949399Z test loader::tests::parse_aliases_nested_label_children_to_their_parent_key ... ok
Test (windows-latest)	UNKNOWN STEP	2026-05-18T13:38:32.2950950Z test loader::tests::parses_bundled_multi_locale_file ... ok
Test (windows-latest)	UNKNOWN STEP	2026-05-18T13:38:32.2951840Z test loader::tests::parses_nested_catalogue ... ok
Test (windows-latest)	UNKNOWN STEP	2026-05-18T13:38:32.2952800Z test loader::tests::parses_simple_catalogue ... ok
Test (windows-latest)	UNKNOWN STEP	2026-05-18T13:38:32.2956275Z test plurals::tests::arabic ... ok
Test (windows-latest)	UNKNOWN STEP	2026-05-18T13:38:32.2957212Z test plurals::tests::english ... ok
Test (windows-latest)	UNKNOWN STEP	2026-05-18T13:38:32.2958852Z test loader::tests::round_trips ... ok
Test (windows-latest)	UNKNOWN STEP	2026-05-18T13:38:32.2959477Z test plurals::tests::french_zero_is_one ... ok
Test (windows-latest)	UNKNOWN STEP	2026-05-18T13:38:32.2959937Z test plurals::tests::japanese_has_one_form ... ok
Test (windows-latest)	UNKNOWN STEP	2026-05-18T13:38:32.2960500Z test plurals::tests::polish ... ok
Test (windows-latest)	UNKNOWN STEP	2026-05-18T13:38:32.2961581Z test plurals::tests::russian ... ok
Test (windows-latest)	UNKNOWN STEP	2026-05-18T13:38:32.2962072Z
Test (windows-latest)	UNKNOWN STEP	2026-05-18T13:38:32.2962844Z test result: ok. 29 passed; 0 failed; 0 ignored; 0 measured; 0 filtered out; finished in 0.00s
Test (windows-latest)	UNKNOWN STEP	2026-05-18T13:38:32.2963184Z
Test (windows-latest)	UNKNOWN STEP	2026-05-18T13:38:32.2981573Z ^[[1m^[[92m     Running^[[0m tests\integration.rs (rust\target\debug\deps\integration-96a71729f164200c.exe)
Test (windows-latest)	UNKNOWN STEP	2026-05-18T13:38:32.3070166Z
Test (windows-latest)	UNKNOWN STEP	2026-05-18T13:38:32.3070358Z running 9 tests
Test (windows-latest)	UNKNOWN STEP	2026-05-18T13:38:32.3079203Z test fallback_chain_picks_first_available ... ok
Test (windows-latest)	UNKNOWN STEP	2026-05-18T13:38:32.3086558Z test macro_loads_translations ... ok
Test (windows-latest)	UNKNOWN STEP	2026-05-18T13:38:32.3089696Z test macro_accepts_compatibility_alias_options ... ok
Test (windows-latest)	UNKNOWN STEP	2026-05-18T13:38:32.3090948Z test macro_supports_locale_override_and_plurals ... ok
Test (windows-latest)	UNKNOWN STEP	2026-05-18T13:38:32.3095215Z test namespaces_and_context_resolve ... ok
Test (windows-latest)	UNKNOWN STEP	2026-05-18T13:38:32.3096680Z test parser_flattens_hive_mind_style_deep_multiline_catalogues ... ok
Test (windows-latest)	UNKNOWN STEP	2026-05-18T13:38:32.3098813Z test loader_and_macro_agree_on_keys ... ok
Test (windows-latest)	UNKNOWN STEP	2026-05-18T13:38:32.3099568Z test deeply_nested_sample_catalogues_resolve ... ok
Test (windows-latest)	UNKNOWN STEP	2026-05-18T13:38:32.3105879Z test runtime_loads_bundled_locale_file ... ok
Test (windows-latest)	UNKNOWN STEP	2026-05-18T13:38:32.3106128Z
Test (windows-latest)	UNKNOWN STEP	2026-05-18T13:38:32.3107003Z test result: ok. 9 passed; 0 failed; 0 ignored; 0 measured; 0 filtered out; finished in 0.00s
Test (windows-latest)	UNKNOWN STEP	2026-05-18T13:38:32.3107351Z
Test (windows-latest)	UNKNOWN STEP	2026-05-18T13:38:32.3123720Z ^[[1m^[[92m     Running^[[0m unittests examples\basic.rs (rust\target\debug\examples\basic-20286469f48deabe.exe)
Test (windows-latest)	UNKNOWN STEP	2026-05-18T13:38:32.3214083Z
Test (windows-latest)	UNKNOWN STEP	2026-05-18T13:38:32.3214554Z running 0 tests
Test (windows-latest)	UNKNOWN STEP	2026-05-18T13:38:32.3214818Z
Test (windows-latest)	UNKNOWN STEP	2026-05-18T13:38:32.3216077Z test result: ok. 0 passed; 0 failed; 0 ignored; 0 measured; 0 filtered out; finished in 0.00s
Test (windows-latest)	UNKNOWN STEP	2026-05-18T13:38:32.3216463Z
Test (windows-latest)	UNKNOWN STEP	2026-05-18T13:38:32.3232347Z ^[[1m^[[92m     Running^[[0m unittests src\lib.rs (rust\target\debug\deps\lino_i18n_macros-f48c22ea10035585.exe)
Test (windows-latest)	UNKNOWN STEP	2026-05-18T13:38:32.3969852Z
Test (windows-latest)	UNKNOWN STEP	2026-05-18T13:38:32.3970178Z running 0 tests
Test (windows-latest)	UNKNOWN STEP	2026-05-18T13:38:32.3970415Z
Test (windows-latest)	UNKNOWN STEP	2026-05-18T13:38:32.3974571Z test result: ok. 0 passed; 0 failed; 0 ignored; 0 measured; 0 filtered out; finished in 0.01s
Test (windows-latest)	UNKNOWN STEP	2026-05-18T13:38:32.3975758Z
Test (windows-latest)	UNKNOWN STEP	2026-05-18T13:38:32.5499421Z ##[group]Run cargo run --manifest-path rust/lino-i18n/Cargo.toml --example basic
Test (windows-latest)	UNKNOWN STEP	2026-05-18T13:38:32.5500041Z ^[[36;1mcargo run --manifest-path rust/lino-i18n/Cargo.toml --example basic^[[0m
Test (windows-latest)	UNKNOWN STEP	2026-05-18T13:38:32.5557617Z shell: C:\Program Files\PowerShell\7\pwsh.EXE -command ". '{0}'"
Test (windows-latest)	UNKNOWN STEP	2026-05-18T13:38:32.5557952Z env:
Test (windows-latest)	UNKNOWN STEP	2026-05-18T13:38:32.5558117Z   CARGO_TERM_COLOR: always
Test (windows-latest)	UNKNOWN STEP	2026-05-18T13:38:32.5558327Z   RUST_BACKTRACE: 1
Test (windows-latest)	UNKNOWN STEP	2026-05-18T13:38:32.5558507Z   RUSTFLAGS: -Dwarnings
Test (windows-latest)	UNKNOWN STEP	2026-05-18T13:38:32.5558864Z   CARGO_REGISTRY_TOKEN: ***
Test (windows-latest)	UNKNOWN STEP	2026-05-18T13:38:32.5559140Z   CARGO_TOKEN: ***
Test (windows-latest)	UNKNOWN STEP	2026-05-18T13:38:32.5559337Z   CARGO_HOME: C:\Users\runneradmin\.cargo
Test (windows-latest)	UNKNOWN STEP	2026-05-18T13:38:32.5559579Z   CARGO_INCREMENTAL: 0
Test (windows-latest)	UNKNOWN STEP	2026-05-18T13:38:32.5559792Z   CACHE_ON_FAILURE: false
Test (windows-latest)	UNKNOWN STEP	2026-05-18T13:38:32.5559983Z ##[endgroup]
Test (windows-latest)	UNKNOWN STEP	2026-05-18T13:38:32.8831840Z ^[[1m^[[92m   Compiling^[[0m lino-i18n v0.0.1 (D:\a\lino-i18n\lino-i18n\rust\lino-i18n)
Test (windows-latest)	UNKNOWN STEP	2026-05-18T13:38:33.1589714Z ^[[1m^[[92m    Finished^[[0m `dev` profile [unoptimized + debuginfo] target(s) in 0.31s
Test (windows-latest)	UNKNOWN STEP	2026-05-18T13:38:33.1606185Z ^[[1m^[[92m     Running^[[0m `rust\target\debug\examples\basic.exe`
Test (windows-latest)	UNKNOWN STEP	2026-05-18T13:38:33.1722467Z Hello, Alice!
Test (windows-latest)	UNKNOWN STEP	2026-05-18T13:38:33.1722803Z Your cart is empty
Test (windows-latest)	UNKNOWN STEP	2026-05-18T13:38:33.1723100Z 1 item
Test (windows-latest)	UNKNOWN STEP	2026-05-18T13:38:33.1723360Z 5 items
Test (windows-latest)	UNKNOWN STEP	2026-05-18T13:38:33.1724124Z Keep each language in its own block, nest related messages together,
Test (windows-latest)	UNKNOWN STEP	2026-05-18T13:38:33.1724776Z and still resolve the same runtime keys.
Test (windows-latest)	UNKNOWN STEP	2026-05-18T13:38:33.1726605Z Привет, Алиса!
Test (windows-latest)	UNKNOWN STEP	2026-05-18T13:38:33.1726916Z 3 товара
Test (windows-latest)	UNKNOWN STEP	2026-05-18T13:38:33.1727144Z Home
Test (windows-latest)	UNKNOWN STEP	2026-05-18T13:38:33.1727374Z She is a developer
Test (windows-latest)	UNKNOWN STEP	2026-05-18T13:38:33.2981018Z Post job cleanup.
Test (windows-latest)	UNKNOWN STEP	2026-05-18T13:38:33.6083468Z Cache up-to-date.
Test (windows-latest)	UNKNOWN STEP	2026-05-18T13:38:33.6088467Z (node:1900) [DEP0040] DeprecationWarning: The `punycode` module is deprecated. Please use a userland alternative instead.
Test (windows-latest)	UNKNOWN STEP	2026-05-18T13:38:33.6089968Z (Use `node --trace-deprecation ...` to show where the warning was created)
Test (windows-latest)	UNKNOWN STEP	2026-05-18T13:38:33.6467996Z Post job cleanup.
Test (windows-latest)	UNKNOWN STEP	2026-05-18T13:38:33.8485870Z [command]"C:\Program Files\Git\bin\git.exe" version
Test (windows-latest)	UNKNOWN STEP	2026-05-18T13:38:33.8777428Z git version 2.54.0.windows.1
Test (windows-latest)	UNKNOWN STEP	2026-05-18T13:38:33.8843399Z Temporarily overriding HOME='D:\a\_temp\9a570dd0-20c0-4e32-b9a5-9e7983aa3207' before making global git config changes
Test (windows-latest)	UNKNOWN STEP	2026-05-18T13:38:33.8844625Z Adding repository directory to the temporary git global config as a safe directory
Test (windows-latest)	UNKNOWN STEP	2026-05-18T13:38:33.8854830Z [command]"C:\Program Files\Git\bin\git.exe" config --global --add safe.directory D:\a\lino-i18n\lino-i18n
Test (windows-latest)	UNKNOWN STEP	2026-05-18T13:38:33.9154045Z Removing SSH command configuration
Test (windows-latest)	UNKNOWN STEP	2026-05-18T13:38:33.9164891Z [command]"C:\Program Files\Git\bin\git.exe" config --local --name-only --get-regexp core\.sshCommand
Test (windows-latest)	UNKNOWN STEP	2026-05-18T13:38:33.9468309Z [command]"C:\Program Files\Git\bin\git.exe" submodule foreach --recursive "sh -c \"git config --local --name-only --get-regexp 'core\.sshCommand' && git config --local --unset-all 'core.sshCommand' || :\""
Test (windows-latest)	UNKNOWN STEP	2026-05-18T13:38:34.4965926Z Removing HTTP extra header
Test (windows-latest)	UNKNOWN STEP	2026-05-18T13:38:34.4977366Z [command]"C:\Program Files\Git\bin\git.exe" config --local --name-only --get-regexp http\.https\:\/\/github\.com\/\.extraheader
Test (windows-latest)	UNKNOWN STEP	2026-05-18T13:38:34.5303818Z [command]"C:\Program Files\Git\bin\git.exe" submodule foreach --recursive "sh -c \"git config --local --name-only --get-regexp 'http\.https\:\/\/github\.com\/\.extraheader' && git config --local --unset-all 'http.https://github.com/.extraheader' || :\""
Test (windows-latest)	UNKNOWN STEP	2026-05-18T13:38:35.0494247Z Removing includeIf entries pointing to credentials config files
Test (windows-latest)	UNKNOWN STEP	2026-05-18T13:38:35.0506136Z [command]"C:\Program Files\Git\bin\git.exe" config --local --name-only --get-regexp ^includeIf\.gitdir:
Test (windows-latest)	UNKNOWN STEP	2026-05-18T13:38:35.0760230Z includeif.gitdir:D:/a/lino-i18n/lino-i18n/.git.path
Test (windows-latest)	UNKNOWN STEP	2026-05-18T13:38:35.0760971Z includeif.gitdir:D:/a/lino-i18n/lino-i18n/.git/worktrees/*.path
Test (windows-latest)	UNKNOWN STEP	2026-05-18T13:38:35.0761623Z includeif.gitdir:/github/workspace/.git.path
Test (windows-latest)	UNKNOWN STEP	2026-05-18T13:38:35.0762257Z includeif.gitdir:/github/workspace/.git/worktrees/*.path
Test (windows-latest)	UNKNOWN STEP	2026-05-18T13:38:35.0801192Z [command]"C:\Program Files\Git\bin\git.exe" config --local --get-all includeif.gitdir:D:/a/lino-i18n/lino-i18n/.git.path
Test (windows-latest)	UNKNOWN STEP	2026-05-18T13:38:35.1055912Z D:\a\_temp\git-credentials-8395244d-3a6b-4ab7-a4c9-de835bcb4f71.config
Test (windows-latest)	UNKNOWN STEP	2026-05-18T13:38:35.1098234Z [command]"C:\Program Files\Git\bin\git.exe" config --local --unset includeif.gitdir:D:/a/lino-i18n/lino-i18n/.git.path D:\a\_temp\git-credentials-8395244d-3a6b-4ab7-a4c9-de835bcb4f71.config
Test (windows-latest)	UNKNOWN STEP	2026-05-18T13:38:35.1401050Z [command]"C:\Program Files\Git\bin\git.exe" config --local --get-all includeif.gitdir:D:/a/lino-i18n/lino-i18n/.git/worktrees/*.path
Test (windows-latest)	UNKNOWN STEP	2026-05-18T13:38:35.1662891Z D:\a\_temp\git-credentials-8395244d-3a6b-4ab7-a4c9-de835bcb4f71.config
Test (windows-latest)	UNKNOWN STEP	2026-05-18T13:38:35.1703182Z [command]"C:\Program Files\Git\bin\git.exe" config --local --unset includeif.gitdir:D:/a/lino-i18n/lino-i18n/.git/worktrees/*.path D:\a\_temp\git-credentials-8395244d-3a6b-4ab7-a4c9-de835bcb4f71.config
Test (windows-latest)	UNKNOWN STEP	2026-05-18T13:38:35.1993906Z [command]"C:\Program Files\Git\bin\git.exe" config --local --get-all includeif.gitdir:/github/workspace/.git.path
Test (windows-latest)	UNKNOWN STEP	2026-05-18T13:38:35.2260049Z /github/runner_temp/git-credentials-8395244d-3a6b-4ab7-a4c9-de835bcb4f71.config
Test (windows-latest)	UNKNOWN STEP	2026-05-18T13:38:35.2301088Z [command]"C:\Program Files\Git\bin\git.exe" config --local --unset includeif.gitdir:/github/workspace/.git.path /github/runner_temp/git-credentials-8395244d-3a6b-4ab7-a4c9-de835bcb4f71.config
Test (windows-latest)	UNKNOWN STEP	2026-05-18T13:38:35.2595953Z [command]"C:\Program Files\Git\bin\git.exe" config --local --get-all includeif.gitdir:/github/workspace/.git/worktrees/*.path
Test (windows-latest)	UNKNOWN STEP	2026-05-18T13:38:35.2846869Z /github/runner_temp/git-credentials-8395244d-3a6b-4ab7-a4c9-de835bcb4f71.config
Test (windows-latest)	UNKNOWN STEP	2026-05-18T13:38:35.2895754Z [command]"C:\Program Files\Git\bin\git.exe" config --local --unset includeif.gitdir:/github/workspace/.git/worktrees/*.path /github/runner_temp/git-credentials-8395244d-3a6b-4ab7-a4c9-de835bcb4f71.config
Test (windows-latest)	UNKNOWN STEP	2026-05-18T13:38:35.3192774Z [command]"C:\Program Files\Git\bin\git.exe" submodule foreach --recursive "git config --local --show-origin --name-only --get-regexp remote.origin.url"
Test (windows-latest)	UNKNOWN STEP	2026-05-18T13:38:35.8600928Z Removing credentials config 'D:\a\_temp\git-credentials-8395244d-3a6b-4ab7-a4c9-de835bcb4f71.config'
Test (windows-latest)	UNKNOWN STEP	2026-05-18T13:38:35.8792281Z Cleaning up orphan processes
Test (windows-latest)	UNKNOWN STEP	2026-05-18T13:38:35.8937870Z Terminate orphan process: pid (2420) (vctip)
Test (ubuntu-latest)	UNKNOWN STEP	﻿2026-05-18T13:37:56.6874693Z Current runner version: '2.334.0'
Test (ubuntu-latest)	UNKNOWN STEP	2026-05-18T13:37:56.6901357Z ##[group]Runner Image Provisioner
Test (ubuntu-latest)	UNKNOWN STEP	2026-05-18T13:37:56.6902162Z Hosted Compute Agent
Test (ubuntu-latest)	UNKNOWN STEP	2026-05-18T13:37:56.6902804Z Version: 20260213.493
Test (ubuntu-latest)	UNKNOWN STEP	2026-05-18T13:37:56.6903464Z Commit: 5c115507f6dd24b8de37d8bbe0bb4509d0cc0fa3
Test (ubuntu-latest)	UNKNOWN STEP	2026-05-18T13:37:56.6904138Z Build Date: 2026-02-13T00:28:41Z
Test (ubuntu-latest)	UNKNOWN STEP	2026-05-18T13:37:56.6904849Z Worker ID: {541f2c49-3156-40c6-bb58-38de75d82567}
Test (ubuntu-latest)	UNKNOWN STEP	2026-05-18T13:37:56.6905580Z Azure Region: northcentralus
Test (ubuntu-latest)	UNKNOWN STEP	2026-05-18T13:37:56.6906180Z ##[endgroup]
Test (ubuntu-latest)	UNKNOWN STEP	2026-05-18T13:37:56.6908070Z ##[group]Operating System
Test (ubuntu-latest)	UNKNOWN STEP	2026-05-18T13:37:56.6908688Z Ubuntu
Test (ubuntu-latest)	UNKNOWN STEP	2026-05-18T13:37:56.6909188Z 24.04.4
Test (ubuntu-latest)	UNKNOWN STEP	2026-05-18T13:37:56.6909704Z LTS
Test (ubuntu-latest)	UNKNOWN STEP	2026-05-18T13:37:56.6910176Z ##[endgroup]
Test (ubuntu-latest)	UNKNOWN STEP	2026-05-18T13:37:56.6910732Z ##[group]Runner Image
Test (ubuntu-latest)	UNKNOWN STEP	2026-05-18T13:37:56.6911322Z Image: ubuntu-24.04
Test (ubuntu-latest)	UNKNOWN STEP	2026-05-18T13:37:56.6911845Z Version: 20260513.135.3
Test (ubuntu-latest)	UNKNOWN STEP	2026-05-18T13:37:56.6913059Z Included Software: https://github.com/actions/runner-images/blob/ubuntu24/20260513.135/images/ubuntu/Ubuntu2404-Readme.md
Test (ubuntu-latest)	UNKNOWN STEP	2026-05-18T13:37:56.6915039Z Image Release: https://github.com/actions/runner-images/releases/tag/ubuntu24%2F20260513.135
Test (ubuntu-latest)	UNKNOWN STEP	2026-05-18T13:37:56.6915978Z ##[endgroup]
Test (ubuntu-latest)	UNKNOWN STEP	2026-05-18T13:37:56.6917281Z ##[group]GITHUB_TOKEN Permissions
Test (ubuntu-latest)	UNKNOWN STEP	2026-05-18T13:37:56.6919743Z Contents: write
Test (ubuntu-latest)	UNKNOWN STEP	2026-05-18T13:37:56.6920396Z Metadata: read
Test (ubuntu-latest)	UNKNOWN STEP	2026-05-18T13:37:56.6920945Z Pages: write
Test (ubuntu-latest)	UNKNOWN STEP	2026-05-18T13:37:56.6921469Z PullRequests: write
Test (ubuntu-latest)	UNKNOWN STEP	2026-05-18T13:37:56.6921960Z ##[endgroup]
Test (ubuntu-latest)	UNKNOWN STEP	2026-05-18T13:37:56.6924312Z Secret source: Actions
Test (ubuntu-latest)	UNKNOWN STEP	2026-05-18T13:37:56.6925305Z Prepare workflow directory
Test (ubuntu-latest)	UNKNOWN STEP	2026-05-18T13:37:56.7484477Z Prepare all required actions
Test (ubuntu-latest)	UNKNOWN STEP	2026-05-18T13:37:56.7523006Z Getting action download info
Test (ubuntu-latest)	UNKNOWN STEP	2026-05-18T13:37:57.2530739Z Download action repository 'actions/checkout@v6' (SHA:de0fac2e4500dabe0009e67214ff5f5447ce83dd)
Test (ubuntu-latest)	UNKNOWN STEP	2026-05-18T13:37:57.4050654Z Download action repository 'dtolnay/rust-toolchain@stable' (SHA:29eef336d9b2848a0b548edc03f92a220660cdb8)
Test (ubuntu-latest)	UNKNOWN STEP	2026-05-18T13:37:57.5734052Z Download action repository 'Swatinem/rust-cache@v2' (SHA:e18b497796c12c097a38f9edb9d0641fb99eee32)
Test (ubuntu-latest)	UNKNOWN STEP	2026-05-18T13:37:58.2646210Z Complete job name: Test (ubuntu-latest)
Test (ubuntu-latest)	UNKNOWN STEP	2026-05-18T13:37:58.3465281Z ##[group]Run actions/checkout@v6
Test (ubuntu-latest)	UNKNOWN STEP	2026-05-18T13:37:58.3466621Z with:
Test (ubuntu-latest)	UNKNOWN STEP	2026-05-18T13:37:58.3467858Z   repository: link-foundation/lino-i18n
Test (ubuntu-latest)	UNKNOWN STEP	2026-05-18T13:37:58.3469407Z   token: ***
Test (ubuntu-latest)	UNKNOWN STEP	2026-05-18T13:37:58.3470192Z   ssh-strict: true
Test (ubuntu-latest)	UNKNOWN STEP	2026-05-18T13:37:58.3471009Z   ssh-user: git
Test (ubuntu-latest)	UNKNOWN STEP	2026-05-18T13:37:58.3471838Z   persist-credentials: true
Test (ubuntu-latest)	UNKNOWN STEP	2026-05-18T13:37:58.3472764Z   clean: true
Test (ubuntu-latest)	UNKNOWN STEP	2026-05-18T13:37:58.3473600Z   sparse-checkout-cone-mode: true
Test (ubuntu-latest)	UNKNOWN STEP	2026-05-18T13:37:58.3474580Z   fetch-depth: 1
Test (ubuntu-latest)	UNKNOWN STEP	2026-05-18T13:37:58.3475397Z   fetch-tags: false
Test (ubuntu-latest)	UNKNOWN STEP	2026-05-18T13:37:58.3476217Z   show-progress: true
Test (ubuntu-latest)	UNKNOWN STEP	2026-05-18T13:37:58.3477060Z   lfs: false
Test (ubuntu-latest)	UNKNOWN STEP	2026-05-18T13:37:58.3478003Z   submodules: false
Test (ubuntu-latest)	UNKNOWN STEP	2026-05-18T13:37:58.3478843Z   set-safe-directory: true
Test (ubuntu-latest)	UNKNOWN STEP	2026-05-18T13:37:58.3480062Z env:
Test (ubuntu-latest)	UNKNOWN STEP	2026-05-18T13:37:58.3480817Z   CARGO_TERM_COLOR: always
Test (ubuntu-latest)	UNKNOWN STEP	2026-05-18T13:37:58.3481719Z   RUST_BACKTRACE: 1
Test (ubuntu-latest)	UNKNOWN STEP	2026-05-18T13:37:58.3482594Z   RUSTFLAGS: -Dwarnings
Test (ubuntu-latest)	UNKNOWN STEP	2026-05-18T13:37:58.3483764Z   CARGO_REGISTRY_TOKEN: ***
Test (ubuntu-latest)	UNKNOWN STEP	2026-05-18T13:37:58.3484900Z   CARGO_TOKEN: ***
Test (ubuntu-latest)	UNKNOWN STEP	2026-05-18T13:37:58.3485699Z ##[endgroup]
Test (ubuntu-latest)	UNKNOWN STEP	2026-05-18T13:37:58.4522578Z Syncing repository: link-foundation/lino-i18n
Test (ubuntu-latest)	UNKNOWN STEP	2026-05-18T13:37:58.4525481Z ##[group]Getting Git version info
Test (ubuntu-latest)	UNKNOWN STEP	2026-05-18T13:37:58.4526790Z Working directory is '/home/runner/work/lino-i18n/lino-i18n'
Test (ubuntu-latest)	UNKNOWN STEP	2026-05-18T13:37:58.4529156Z [command]/usr/bin/git version
Test (ubuntu-latest)	UNKNOWN STEP	2026-05-18T13:37:58.4586389Z git version 2.54.0
Test (ubuntu-latest)	UNKNOWN STEP	2026-05-18T13:37:58.4645830Z ##[endgroup]
Test (ubuntu-latest)	UNKNOWN STEP	2026-05-18T13:37:58.4663380Z Temporarily overriding HOME='/home/runner/work/_temp/16bf928d-5d78-494f-ae9a-a4310ff828ec' before making global git config changes
Test (ubuntu-latest)	UNKNOWN STEP	2026-05-18T13:37:58.4668269Z Adding repository directory to the temporary git global config as a safe directory
Test (ubuntu-latest)	UNKNOWN STEP	2026-05-18T13:37:58.4672078Z [command]/usr/bin/git config --global --add safe.directory /home/runner/work/lino-i18n/lino-i18n
Test (ubuntu-latest)	UNKNOWN STEP	2026-05-18T13:37:58.4729132Z Deleting the contents of '/home/runner/work/lino-i18n/lino-i18n'
Test (ubuntu-latest)	UNKNOWN STEP	2026-05-18T13:37:58.4733398Z ##[group]Initializing the repository
Test (ubuntu-latest)	UNKNOWN STEP	2026-05-18T13:37:58.4739705Z [command]/usr/bin/git init /home/runner/work/lino-i18n/lino-i18n
Test (ubuntu-latest)	UNKNOWN STEP	2026-05-18T13:37:58.4852974Z hint: Using 'master' as the name for the initial branch. This default branch name
Test (ubuntu-latest)	UNKNOWN STEP	2026-05-18T13:37:58.4856803Z hint: will change to "main" in Git 3.0. To configure the initial branch name
Test (ubuntu-latest)	UNKNOWN STEP	2026-05-18T13:37:58.4860161Z hint: to use in all of your new repositories, which will suppress this warning,
Test (ubuntu-latest)	UNKNOWN STEP	2026-05-18T13:37:58.4861785Z hint: call:
Test (ubuntu-latest)	UNKNOWN STEP	2026-05-18T13:37:58.4862701Z hint:
Test (ubuntu-latest)	UNKNOWN STEP	2026-05-18T13:37:58.4864235Z hint: 	git config --global init.defaultBranch <name>
Test (ubuntu-latest)	UNKNOWN STEP	2026-05-18T13:37:58.4865546Z hint:
Test (ubuntu-latest)	UNKNOWN STEP	2026-05-18T13:37:58.4866745Z hint: Names commonly chosen instead of 'master' are 'main', 'trunk' and
Test (ubuntu-latest)	UNKNOWN STEP	2026-05-18T13:37:58.4869456Z hint: 'development'. The just-created branch can be renamed via this command:
Test (ubuntu-latest)	UNKNOWN STEP	2026-05-18T13:37:58.4870969Z hint:
Test (ubuntu-latest)	UNKNOWN STEP	2026-05-18T13:37:58.4871706Z hint: 	git branch -m <name>
Test (ubuntu-latest)	UNKNOWN STEP	2026-05-18T13:37:58.4872645Z hint:
Test (ubuntu-latest)	UNKNOWN STEP	2026-05-18T13:37:58.4873826Z hint: Disable this message with "git config set advice.defaultBranchName false"
Test (ubuntu-latest)	UNKNOWN STEP	2026-05-18T13:37:58.4875837Z Initialized empty Git repository in /home/runner/work/lino-i18n/lino-i18n/.git/
Test (ubuntu-latest)	UNKNOWN STEP	2026-05-18T13:37:58.4879731Z [command]/usr/bin/git remote add origin https://github.com/link-foundation/lino-i18n
Test (ubuntu-latest)	UNKNOWN STEP	2026-05-18T13:37:58.4918176Z ##[endgroup]
Test (ubuntu-latest)	UNKNOWN STEP	2026-05-18T13:37:58.4919574Z ##[group]Disabling automatic garbage collection
Test (ubuntu-latest)	UNKNOWN STEP	2026-05-18T13:37:58.4922141Z [command]/usr/bin/git config --local gc.auto 0
Test (ubuntu-latest)	UNKNOWN STEP	2026-05-18T13:37:58.4954939Z ##[endgroup]
Test (ubuntu-latest)	UNKNOWN STEP	2026-05-18T13:37:58.4957300Z ##[group]Setting up auth
Test (ubuntu-latest)	UNKNOWN STEP	2026-05-18T13:37:58.4959240Z Removing SSH command configuration
Test (ubuntu-latest)	UNKNOWN STEP	2026-05-18T13:37:58.4963055Z [command]/usr/bin/git config --local --name-only --get-regexp core\.sshCommand
Test (ubuntu-latest)	UNKNOWN STEP	2026-05-18T13:37:58.4999612Z [command]/usr/bin/git submodule foreach --recursive sh -c "git config --local --name-only --get-regexp 'core\.sshCommand' && git config --local --unset-all 'core.sshCommand' || :"
Test (ubuntu-latest)	UNKNOWN STEP	2026-05-18T13:37:58.5346174Z Removing HTTP extra header
Test (ubuntu-latest)	UNKNOWN STEP	2026-05-18T13:37:58.5354107Z [command]/usr/bin/git config --local --name-only --get-regexp http\.https\:\/\/github\.com\/\.extraheader
Test (ubuntu-latest)	UNKNOWN STEP	2026-05-18T13:37:58.5393880Z [command]/usr/bin/git submodule foreach --recursive sh -c "git config --local --name-only --get-regexp 'http\.https\:\/\/github\.com\/\.extraheader' && git config --local --unset-all 'http.https://github.com/.extraheader' || :"
Test (ubuntu-latest)	UNKNOWN STEP	2026-05-18T13:37:58.5616135Z Removing includeIf entries pointing to credentials config files
Test (ubuntu-latest)	UNKNOWN STEP	2026-05-18T13:37:58.5623471Z [command]/usr/bin/git config --local --name-only --get-regexp ^includeIf\.gitdir:
Test (ubuntu-latest)	UNKNOWN STEP	2026-05-18T13:37:58.5659795Z [command]/usr/bin/git submodule foreach --recursive git config --local --show-origin --name-only --get-regexp remote.origin.url
Test (ubuntu-latest)	UNKNOWN STEP	2026-05-18T13:37:58.5888531Z [command]/usr/bin/git config --file /home/runner/work/_temp/git-credentials-19e9f058-91df-4635-a4b0-3294d8f5b53d.config http.https://github.com/.extraheader AUTHORIZATION: basic ***
Test (ubuntu-latest)	UNKNOWN STEP	2026-05-18T13:37:58.5928730Z [command]/usr/bin/git config --local includeIf.gitdir:/home/runner/work/lino-i18n/lino-i18n/.git.path /home/runner/work/_temp/git-credentials-19e9f058-91df-4635-a4b0-3294d8f5b53d.config
Test (ubuntu-latest)	UNKNOWN STEP	2026-05-18T13:37:58.5962538Z [command]/usr/bin/git config --local includeIf.gitdir:/home/runner/work/lino-i18n/lino-i18n/.git/worktrees/*.path /home/runner/work/_temp/git-credentials-19e9f058-91df-4635-a4b0-3294d8f5b53d.config
Test (ubuntu-latest)	UNKNOWN STEP	2026-05-18T13:37:58.5997257Z [command]/usr/bin/git config --local includeIf.gitdir:/github/workspace/.git.path /github/runner_temp/git-credentials-19e9f058-91df-4635-a4b0-3294d8f5b53d.config
Test (ubuntu-latest)	UNKNOWN STEP	2026-05-18T13:37:58.6030734Z [command]/usr/bin/git config --local includeIf.gitdir:/github/workspace/.git/worktrees/*.path /github/runner_temp/git-credentials-19e9f058-91df-4635-a4b0-3294d8f5b53d.config
Test (ubuntu-latest)	UNKNOWN STEP	2026-05-18T13:37:58.6064925Z ##[endgroup]
Test (ubuntu-latest)	UNKNOWN STEP	2026-05-18T13:37:58.6067297Z ##[group]Fetching the repository
Test (ubuntu-latest)	UNKNOWN STEP	2026-05-18T13:37:58.6076888Z [command]/usr/bin/git -c protocol.version=2 fetch --no-tags --prune --no-recurse-submodules --depth=1 origin +8910b98b665a650690c0d9e9188bbf6bec1e9d2c:refs/remotes/origin/main
Test (ubuntu-latest)	UNKNOWN STEP	2026-05-18T13:37:59.2519517Z From https://github.com/link-foundation/lino-i18n
Test (ubuntu-latest)	UNKNOWN STEP	2026-05-18T13:37:59.2523574Z  * [new ref]         8910b98b665a650690c0d9e9188bbf6bec1e9d2c -> origin/main
Test (ubuntu-latest)	UNKNOWN STEP	2026-05-18T13:37:59.2564140Z [command]/usr/bin/git branch --list --remote origin/main
Test (ubuntu-latest)	UNKNOWN STEP	2026-05-18T13:37:59.2592291Z   origin/main
Test (ubuntu-latest)	UNKNOWN STEP	2026-05-18T13:37:59.2601019Z [command]/usr/bin/git rev-parse refs/remotes/origin/main
Test (ubuntu-latest)	UNKNOWN STEP	2026-05-18T13:37:59.2623512Z 8910b98b665a650690c0d9e9188bbf6bec1e9d2c
Test (ubuntu-latest)	UNKNOWN STEP	2026-05-18T13:37:59.2629114Z ##[endgroup]
Test (ubuntu-latest)	UNKNOWN STEP	2026-05-18T13:37:59.2630534Z ##[group]Determining the checkout info
Test (ubuntu-latest)	UNKNOWN STEP	2026-05-18T13:37:59.2632059Z ##[endgroup]
Test (ubuntu-latest)	UNKNOWN STEP	2026-05-18T13:37:59.2633966Z [command]/usr/bin/git sparse-checkout disable
Test (ubuntu-latest)	UNKNOWN STEP	2026-05-18T13:37:59.2677937Z [command]/usr/bin/git config --local --unset-all extensions.worktreeConfig
Test (ubuntu-latest)	UNKNOWN STEP	2026-05-18T13:37:59.2704009Z ##[group]Checking out the ref
Test (ubuntu-latest)	UNKNOWN STEP	2026-05-18T13:37:59.2708022Z [command]/usr/bin/git checkout --progress --force -B main refs/remotes/origin/main
Test (ubuntu-latest)	UNKNOWN STEP	2026-05-18T13:37:59.3239599Z Switched to a new branch 'main'
Test (ubuntu-latest)	UNKNOWN STEP	2026-05-18T13:37:59.3241943Z branch 'main' set up to track 'origin/main'.
Test (ubuntu-latest)	UNKNOWN STEP	2026-05-18T13:37:59.3250507Z ##[endgroup]
Test (ubuntu-latest)	UNKNOWN STEP	2026-05-18T13:37:59.3300507Z [command]/usr/bin/git log -1 --format=%H
Test (ubuntu-latest)	UNKNOWN STEP	2026-05-18T13:37:59.3325514Z 8910b98b665a650690c0d9e9188bbf6bec1e9d2c
Test (ubuntu-latest)	UNKNOWN STEP	2026-05-18T13:37:59.3873656Z ##[group]Run dtolnay/rust-toolchain@stable
Test (ubuntu-latest)	UNKNOWN STEP	2026-05-18T13:37:59.3874699Z with:
Test (ubuntu-latest)	UNKNOWN STEP	2026-05-18T13:37:59.3875392Z   toolchain: stable
Test (ubuntu-latest)	UNKNOWN STEP	2026-05-18T13:37:59.3876121Z env:
Test (ubuntu-latest)	UNKNOWN STEP	2026-05-18T13:37:59.3876784Z   CARGO_TERM_COLOR: always
Test (ubuntu-latest)	UNKNOWN STEP	2026-05-18T13:37:59.3877803Z   RUST_BACKTRACE: 1
Test (ubuntu-latest)	UNKNOWN STEP	2026-05-18T13:37:59.3878563Z   RUSTFLAGS: -Dwarnings
Test (ubuntu-latest)	UNKNOWN STEP	2026-05-18T13:37:59.3879796Z   CARGO_REGISTRY_TOKEN: ***
Test (ubuntu-latest)	UNKNOWN STEP	2026-05-18T13:37:59.3880804Z   CARGO_TOKEN: ***
Test (ubuntu-latest)	UNKNOWN STEP	2026-05-18T13:37:59.3881523Z ##[endgroup]
Test (ubuntu-latest)	UNKNOWN STEP	2026-05-18T13:37:59.4113659Z ##[group]Run : parse toolchain version
Test (ubuntu-latest)	UNKNOWN STEP	2026-05-18T13:37:59.4114799Z ^[[36;1m: parse toolchain version^[[0m
Test (ubuntu-latest)	UNKNOWN STEP	2026-05-18T13:37:59.4115801Z ^[[36;1mif [[ -z $toolchain ]]; then^[[0m
Test (ubuntu-latest)	UNKNOWN STEP	2026-05-18T13:37:59.4117878Z ^[[36;1m  # GitHub does not enforce `required: true` inputs itself. https://github.com/actions/runner/issues/1070^[[0m
Test (ubuntu-latest)	UNKNOWN STEP	2026-05-18T13:37:59.4119759Z ^[[36;1m  echo "'toolchain' is a required input" >&2^[[0m
Test (ubuntu-latest)	UNKNOWN STEP	2026-05-18T13:37:59.4120801Z ^[[36;1m  exit 1^[[0m
Test (ubuntu-latest)	UNKNOWN STEP	2026-05-18T13:37:59.4121992Z ^[[36;1melif [[ $toolchain =~ ^stable' '[0-9]+' '(year|month|week|day)s?' 'ago$ ]]; then^[[0m
Test (ubuntu-latest)	UNKNOWN STEP	2026-05-18T13:37:59.4123425Z ^[[36;1m  if [[ Linux == macOS ]]; then^[[0m
Test (ubuntu-latest)	UNKNOWN STEP	2026-05-18T13:37:59.4125167Z ^[[36;1m    echo "toolchain=1.$((($(date -v-$(sed 's/stable \([0-9]*\) \(.\).*/\1\2/' <<< $toolchain) +%s)/60/60/24-16569)/7/6))" >> $GITHUB_OUTPUT^[[0m
Test (ubuntu-latest)	UNKNOWN STEP	2026-05-18T13:37:59.4126900Z ^[[36;1m  else^[[0m
Test (ubuntu-latest)	UNKNOWN STEP	2026-05-18T13:37:59.4128425Z ^[[36;1m    echo "toolchain=1.$((($(date --date "${toolchain#stable }" +%s)/60/60/24-16569)/7/6))" >> $GITHUB_OUTPUT^[[0m
Test (ubuntu-latest)	UNKNOWN STEP	2026-05-18T13:37:59.4130020Z ^[[36;1m  fi^[[0m
Test (ubuntu-latest)	UNKNOWN STEP	2026-05-18T13:37:59.4131048Z ^[[36;1melif [[ $toolchain =~ ^stable' 'minus' '[0-9]+' 'releases?$ ]]; then^[[0m
Test (ubuntu-latest)	UNKNOWN STEP	2026-05-18T13:37:59.4132855Z ^[[36;1m  echo "toolchain=1.$((($(date +%s)/60/60/24-16569)/7/6-${toolchain//[^0-9]/}))" >> $GITHUB_OUTPUT^[[0m
Test (ubuntu-latest)	UNKNOWN STEP	2026-05-18T13:37:59.4134468Z ^[[36;1melif [[ $toolchain =~ ^1\.[0-9]+$ ]]; then^[[0m
Test (ubuntu-latest)	UNKNOWN STEP	2026-05-18T13:37:59.4136284Z ^[[36;1m  echo "toolchain=1.$((i=${toolchain#1.}, c=($(date +%s)/60/60/24-16569)/7/6, i+9*i*(10*i<=c)+90*i*(100*i<=c)))" >> $GITHUB_OUTPUT^[[0m
Test (ubuntu-latest)	UNKNOWN STEP	2026-05-18T13:37:59.4138170Z ^[[36;1melse^[[0m
Test (ubuntu-latest)	UNKNOWN STEP	2026-05-18T13:37:59.4139050Z ^[[36;1m  echo "toolchain=$toolchain" >> $GITHUB_OUTPUT^[[0m
Test (ubuntu-latest)	UNKNOWN STEP	2026-05-18T13:37:59.4140094Z ^[[36;1mfi^[[0m
Test (ubuntu-latest)	UNKNOWN STEP	2026-05-18T13:37:59.4183025Z shell: /usr/bin/bash --noprofile --norc -e -o pipefail {0}
Test (ubuntu-latest)	UNKNOWN STEP	2026-05-18T13:37:59.4184160Z env:
Test (ubuntu-latest)	UNKNOWN STEP	2026-05-18T13:37:59.4184854Z   CARGO_TERM_COLOR: always
Test (ubuntu-latest)	UNKNOWN STEP	2026-05-18T13:37:59.4185677Z   RUST_BACKTRACE: 1
Test (ubuntu-latest)	UNKNOWN STEP	2026-05-18T13:37:59.4186425Z   RUSTFLAGS: -Dwarnings
Test (ubuntu-latest)	UNKNOWN STEP	2026-05-18T13:37:59.4188050Z   CARGO_REGISTRY_TOKEN: ***
Test (ubuntu-latest)	UNKNOWN STEP	2026-05-18T13:37:59.4189073Z   CARGO_TOKEN: ***
Test (ubuntu-latest)	UNKNOWN STEP	2026-05-18T13:37:59.4189808Z   toolchain: stable
Test (ubuntu-latest)	UNKNOWN STEP	2026-05-18T13:37:59.4190792Z ##[endgroup]
Test (ubuntu-latest)	UNKNOWN STEP	2026-05-18T13:37:59.4369125Z ##[group]Run : construct rustup command line
Test (ubuntu-latest)	UNKNOWN STEP	2026-05-18T13:37:59.4370256Z ^[[36;1m: construct rustup command line^[[0m
Test (ubuntu-latest)	UNKNOWN STEP	2026-05-18T13:37:59.4371775Z ^[[36;1mecho "targets=$(for t in ${targets//,/ }; do echo -n ' --target' $t; done)" >> $GITHUB_OUTPUT^[[0m
Test (ubuntu-latest)	UNKNOWN STEP	2026-05-18T13:37:59.4374381Z ^[[36;1mecho "components=$(for c in ${components//,/ }; do echo -n ' --component' $c; done)" >> $GITHUB_OUTPUT^[[0m
Test (ubuntu-latest)	UNKNOWN STEP	2026-05-18T13:37:59.4376109Z ^[[36;1mecho "downgrade=" >> $GITHUB_OUTPUT^[[0m
Test (ubuntu-latest)	UNKNOWN STEP	2026-05-18T13:37:59.4414154Z shell: /usr/bin/bash --noprofile --norc -e -o pipefail {0}
Test (ubuntu-latest)	UNKNOWN STEP	2026-05-18T13:37:59.4415292Z env:
Test (ubuntu-latest)	UNKNOWN STEP	2026-05-18T13:37:59.4415974Z   CARGO_TERM_COLOR: always
Test (ubuntu-latest)	UNKNOWN STEP	2026-05-18T13:37:59.4416803Z   RUST_BACKTRACE: 1
Test (ubuntu-latest)	UNKNOWN STEP	2026-05-18T13:37:59.4417802Z   RUSTFLAGS: -Dwarnings
Test (ubuntu-latest)	UNKNOWN STEP	2026-05-18T13:37:59.4418958Z   CARGO_REGISTRY_TOKEN: ***
Test (ubuntu-latest)	UNKNOWN STEP	2026-05-18T13:37:59.4419993Z   CARGO_TOKEN: ***
Test (ubuntu-latest)	UNKNOWN STEP	2026-05-18T13:37:59.4420723Z   targets:
Test (ubuntu-latest)	UNKNOWN STEP	2026-05-18T13:37:59.4421398Z   components:
Test (ubuntu-latest)	UNKNOWN STEP	2026-05-18T13:37:59.4422133Z ##[endgroup]
Test (ubuntu-latest)	UNKNOWN STEP	2026-05-18T13:37:59.4545723Z ##[group]Run : set $CARGO_HOME
Test (ubuntu-latest)	UNKNOWN STEP	2026-05-18T13:37:59.4546622Z ^[[36;1m: set $CARGO_HOME^[[0m
Test (ubuntu-latest)	UNKNOWN STEP	2026-05-18T13:37:59.4548052Z ^[[36;1mecho CARGO_HOME=${CARGO_HOME:-"$HOME/.cargo"} >> $GITHUB_ENV^[[0m
Test (ubuntu-latest)	UNKNOWN STEP	2026-05-18T13:37:59.4583871Z shell: /usr/bin/bash --noprofile --norc -e -o pipefail {0}
Test (ubuntu-latest)	UNKNOWN STEP	2026-05-18T13:37:59.4585203Z env:
Test (ubuntu-latest)	UNKNOWN STEP	2026-05-18T13:37:59.4585900Z   CARGO_TERM_COLOR: always
Test (ubuntu-latest)	UNKNOWN STEP	2026-05-18T13:37:59.4586733Z   RUST_BACKTRACE: 1
Test (ubuntu-latest)	UNKNOWN STEP	2026-05-18T13:37:59.4587788Z   RUSTFLAGS: -Dwarnings
Test (ubuntu-latest)	UNKNOWN STEP	2026-05-18T13:37:59.4588969Z   CARGO_REGISTRY_TOKEN: ***
Test (ubuntu-latest)	UNKNOWN STEP	2026-05-18T13:37:59.4589972Z   CARGO_TOKEN: ***
Test (ubuntu-latest)	UNKNOWN STEP	2026-05-18T13:37:59.4590713Z ##[endgroup]
Test (ubuntu-latest)	UNKNOWN STEP	2026-05-18T13:37:59.4719839Z ##[group]Run : install rustup if needed
Test (ubuntu-latest)	UNKNOWN STEP	2026-05-18T13:37:59.4720927Z ^[[36;1m: install rustup if needed^[[0m
Test (ubuntu-latest)	UNKNOWN STEP	2026-05-18T13:37:59.4721990Z ^[[36;1mif ! command -v rustup &>/dev/null; then^[[0m
Test (ubuntu-latest)	UNKNOWN STEP	2026-05-18T13:37:59.4724440Z ^[[36;1m  curl --proto '=https' --tlsv1.2 --retry 10 --retry-connrefused --location --silent --show-error --fail https://sh.rustup.rs | sh -s -- --default-toolchain none -y^[[0m
Test (ubuntu-latest)	UNKNOWN STEP	2026-05-18T13:37:59.4726907Z ^[[36;1m  echo "$CARGO_HOME/bin" >> $GITHUB_PATH^[[0m
Test (ubuntu-latest)	UNKNOWN STEP	2026-05-18T13:37:59.4728189Z ^[[36;1mfi^[[0m
Test (ubuntu-latest)	UNKNOWN STEP	2026-05-18T13:37:59.4768004Z shell: /usr/bin/bash --noprofile --norc -e -o pipefail {0}
Test (ubuntu-latest)	UNKNOWN STEP	2026-05-18T13:37:59.4769150Z env:
Test (ubuntu-latest)	UNKNOWN STEP	2026-05-18T13:37:59.4769885Z   CARGO_TERM_COLOR: always
Test (ubuntu-latest)	UNKNOWN STEP	2026-05-18T13:37:59.4770723Z   RUST_BACKTRACE: 1
Test (ubuntu-latest)	UNKNOWN STEP	2026-05-18T13:37:59.4771493Z   RUSTFLAGS: -Dwarnings
Test (ubuntu-latest)	UNKNOWN STEP	2026-05-18T13:37:59.4772747Z   CARGO_REGISTRY_TOKEN: ***
Test (ubuntu-latest)	UNKNOWN STEP	2026-05-18T13:37:59.4773776Z   CARGO_TOKEN: ***
Test (ubuntu-latest)	UNKNOWN STEP	2026-05-18T13:37:59.4774565Z   CARGO_HOME: /home/runner/.cargo
Test (ubuntu-latest)	UNKNOWN STEP	2026-05-18T13:37:59.4775458Z ##[endgroup]
Test (ubuntu-latest)	UNKNOWN STEP	2026-05-18T13:37:59.4915902Z ##[group]Run rustup toolchain install stable --profile minimal --no-self-update
Test (ubuntu-latest)	UNKNOWN STEP	2026-05-18T13:37:59.4917869Z ^[[36;1mrustup toolchain install stable --profile minimal --no-self-update^[[0m
Test (ubuntu-latest)	UNKNOWN STEP	2026-05-18T13:37:59.4958446Z shell: /usr/bin/bash --noprofile --norc -e -o pipefail {0}
Test (ubuntu-latest)	UNKNOWN STEP	2026-05-18T13:37:59.4959623Z env:
Test (ubuntu-latest)	UNKNOWN STEP	2026-05-18T13:37:59.4960311Z   CARGO_TERM_COLOR: always
Test (ubuntu-latest)	UNKNOWN STEP	2026-05-18T13:37:59.4961143Z   RUST_BACKTRACE: 1
Test (ubuntu-latest)	UNKNOWN STEP	2026-05-18T13:37:59.4961895Z   RUSTFLAGS: -Dwarnings
Test (ubuntu-latest)	UNKNOWN STEP	2026-05-18T13:37:59.4963111Z   CARGO_REGISTRY_TOKEN: ***
Test (ubuntu-latest)	UNKNOWN STEP	2026-05-18T13:37:59.4964116Z   CARGO_TOKEN: ***
Test (ubuntu-latest)	UNKNOWN STEP	2026-05-18T13:37:59.4964875Z   CARGO_HOME: /home/runner/.cargo
Test (ubuntu-latest)	UNKNOWN STEP	2026-05-18T13:37:59.4965814Z   RUSTUP_PERMIT_COPY_RENAME: 1
Test (ubuntu-latest)	UNKNOWN STEP	2026-05-18T13:37:59.4967046Z ##[endgroup]
Test (ubuntu-latest)	UNKNOWN STEP	2026-05-18T13:37:59.6812106Z info: syncing channel updates for stable-x86_64-unknown-linux-gnu
Test (ubuntu-latest)	UNKNOWN STEP	2026-05-18T13:37:59.7551833Z
Test (ubuntu-latest)	UNKNOWN STEP	2026-05-18T13:37:59.7640164Z   stable-x86_64-unknown-linux-gnu unchanged - rustc 1.95.0 (59807616e 2026-04-14)
Test (ubuntu-latest)	UNKNOWN STEP	2026-05-18T13:37:59.7640815Z
Test (ubuntu-latest)	UNKNOWN STEP	2026-05-18T13:37:59.7702658Z ##[group]Run rustup default stable
Test (ubuntu-latest)	UNKNOWN STEP	2026-05-18T13:37:59.7702993Z ^[[36;1mrustup default stable^[[0m
Test (ubuntu-latest)	UNKNOWN STEP	2026-05-18T13:37:59.7741637Z shell: /usr/bin/bash --noprofile --norc -e -o pipefail {0}
Test (ubuntu-latest)	UNKNOWN STEP	2026-05-18T13:37:59.7742024Z env:
Test (ubuntu-latest)	UNKNOWN STEP	2026-05-18T13:37:59.7742249Z   CARGO_TERM_COLOR: always
Test (ubuntu-latest)	UNKNOWN STEP	2026-05-18T13:37:59.7742698Z   RUST_BACKTRACE: 1
Test (ubuntu-latest)	UNKNOWN STEP	2026-05-18T13:37:59.7742942Z   RUSTFLAGS: -Dwarnings
Test (ubuntu-latest)	UNKNOWN STEP	2026-05-18T13:37:59.7743441Z   CARGO_REGISTRY_TOKEN: ***
Test (ubuntu-latest)	UNKNOWN STEP	2026-05-18T13:37:59.7743779Z   CARGO_TOKEN: ***
Test (ubuntu-latest)	UNKNOWN STEP	2026-05-18T13:37:59.7744034Z   CARGO_HOME: /home/runner/.cargo
Test (ubuntu-latest)	UNKNOWN STEP	2026-05-18T13:37:59.7744310Z ##[endgroup]
Test (ubuntu-latest)	UNKNOWN STEP	2026-05-18T13:37:59.7860188Z info: using existing install for stable-x86_64-unknown-linux-gnu
Test (ubuntu-latest)	UNKNOWN STEP	2026-05-18T13:37:59.7868822Z info: default toolchain set to stable-x86_64-unknown-linux-gnu
Test (ubuntu-latest)	UNKNOWN STEP	2026-05-18T13:37:59.7869355Z
Test (ubuntu-latest)	UNKNOWN STEP	2026-05-18T13:37:59.7954559Z   stable-x86_64-unknown-linux-gnu unchanged - rustc 1.95.0 (59807616e 2026-04-14)
Test (ubuntu-latest)	UNKNOWN STEP	2026-05-18T13:37:59.7969134Z
Test (ubuntu-latest)	UNKNOWN STEP	2026-05-18T13:37:59.7998656Z ##[group]Run : create cachekey
Test (ubuntu-latest)	UNKNOWN STEP	2026-05-18T13:37:59.7998985Z ^[[36;1m: create cachekey^[[0m
Test (ubuntu-latest)	UNKNOWN STEP	2026-05-18T13:37:59.7999512Z ^[[36;1mDATE=$(rustc +stable --version --verbose | sed -ne 's/^commit-date: \(20[0-9][0-9]\)-\([01][0-9]\)-\([0-3][0-9]\)$/\1\2\3/p')^[[0m
Test (ubuntu-latest)	UNKNOWN STEP	2026-05-18T13:37:59.8000189Z ^[[36;1mHASH=$(rustc +stable --version --verbose | sed -ne 's/^commit-hash: //p')^[[0m
Test (ubuntu-latest)	UNKNOWN STEP	2026-05-18T13:37:59.8000722Z ^[[36;1mecho "cachekey=$(echo $DATE$HASH | head -c12)" >> $GITHUB_OUTPUT^[[0m
Test (ubuntu-latest)	UNKNOWN STEP	2026-05-18T13:37:59.8038491Z shell: /usr/bin/bash --noprofile --norc -e -o pipefail {0}
Test (ubuntu-latest)	UNKNOWN STEP	2026-05-18T13:37:59.8038874Z env:
Test (ubuntu-latest)	UNKNOWN STEP	2026-05-18T13:37:59.8039108Z   CARGO_TERM_COLOR: always
Test (ubuntu-latest)	UNKNOWN STEP	2026-05-18T13:37:59.8039379Z   RUST_BACKTRACE: 1
Test (ubuntu-latest)	UNKNOWN STEP	2026-05-18T13:37:59.8039826Z   RUSTFLAGS: -Dwarnings
Test (ubuntu-latest)	UNKNOWN STEP	2026-05-18T13:37:59.8040316Z   CARGO_REGISTRY_TOKEN: ***
Test (ubuntu-latest)	UNKNOWN STEP	2026-05-18T13:37:59.8040664Z   CARGO_TOKEN: ***
Test (ubuntu-latest)	UNKNOWN STEP	2026-05-18T13:37:59.8040928Z   CARGO_HOME: /home/runner/.cargo
Test (ubuntu-latest)	UNKNOWN STEP	2026-05-18T13:37:59.8041211Z ##[endgroup]
Test (ubuntu-latest)	UNKNOWN STEP	2026-05-18T13:37:59.8450816Z ##[group]Run : disable incremental compilation
Test (ubuntu-latest)	UNKNOWN STEP	2026-05-18T13:37:59.8451230Z ^[[36;1m: disable incremental compilation^[[0m
Test (ubuntu-latest)	UNKNOWN STEP	2026-05-18T13:37:59.8451597Z ^[[36;1mif [ -z "${CARGO_INCREMENTAL+set}" ]; then^[[0m
Test (ubuntu-latest)	UNKNOWN STEP	2026-05-18T13:37:59.8451959Z ^[[36;1m  echo CARGO_INCREMENTAL=0 >> $GITHUB_ENV^[[0m
Test (ubuntu-latest)	UNKNOWN STEP	2026-05-18T13:37:59.8452269Z ^[[36;1mfi^[[0m
Test (ubuntu-latest)	UNKNOWN STEP	2026-05-18T13:37:59.8489830Z shell: /usr/bin/bash --noprofile --norc -e -o pipefail {0}
Test (ubuntu-latest)	UNKNOWN STEP	2026-05-18T13:37:59.8490225Z env:
Test (ubuntu-latest)	UNKNOWN STEP	2026-05-18T13:37:59.8490457Z   CARGO_TERM_COLOR: always
Test (ubuntu-latest)	UNKNOWN STEP	2026-05-18T13:37:59.8490730Z   RUST_BACKTRACE: 1
Test (ubuntu-latest)	UNKNOWN STEP	2026-05-18T13:37:59.8490975Z   RUSTFLAGS: -Dwarnings
Test (ubuntu-latest)	UNKNOWN STEP	2026-05-18T13:37:59.8491447Z   CARGO_REGISTRY_TOKEN: ***
Test (ubuntu-latest)	UNKNOWN STEP	2026-05-18T13:37:59.8491782Z   CARGO_TOKEN: ***
Test (ubuntu-latest)	UNKNOWN STEP	2026-05-18T13:37:59.8492046Z   CARGO_HOME: /home/runner/.cargo
Test (ubuntu-latest)	UNKNOWN STEP	2026-05-18T13:37:59.8492323Z ##[endgroup]
Test (ubuntu-latest)	UNKNOWN STEP	2026-05-18T13:37:59.8576456Z ##[group]Run : enable colors in Cargo output
Test (ubuntu-latest)	UNKNOWN STEP	2026-05-18T13:37:59.8576846Z ^[[36;1m: enable colors in Cargo output^[[0m
Test (ubuntu-latest)	UNKNOWN STEP	2026-05-18T13:37:59.8577219Z ^[[36;1mif [ -z "${CARGO_TERM_COLOR+set}" ]; then^[[0m
Test (ubuntu-latest)	UNKNOWN STEP	2026-05-18T13:37:59.8577896Z ^[[36;1m  echo CARGO_TERM_COLOR=always >> $GITHUB_ENV^[[0m
Test (ubuntu-latest)	UNKNOWN STEP	2026-05-18T13:37:59.8578232Z ^[[36;1mfi^[[0m
Test (ubuntu-latest)	UNKNOWN STEP	2026-05-18T13:37:59.8613580Z shell: /usr/bin/bash --noprofile --norc -e -o pipefail {0}
Test (ubuntu-latest)	UNKNOWN STEP	2026-05-18T13:37:59.8613977Z env:
Test (ubuntu-latest)	UNKNOWN STEP	2026-05-18T13:37:59.8614232Z   CARGO_TERM_COLOR: always
Test (ubuntu-latest)	UNKNOWN STEP	2026-05-18T13:37:59.8614514Z   RUST_BACKTRACE: 1
Test (ubuntu-latest)	UNKNOWN STEP	2026-05-18T13:37:59.8614788Z   RUSTFLAGS: -Dwarnings
Test (ubuntu-latest)	UNKNOWN STEP	2026-05-18T13:37:59.8615240Z   CARGO_REGISTRY_TOKEN: ***
Test (ubuntu-latest)	UNKNOWN STEP	2026-05-18T13:37:59.8615595Z   CARGO_TOKEN: ***
Test (ubuntu-latest)	UNKNOWN STEP	2026-05-18T13:37:59.8615864Z   CARGO_HOME: /home/runner/.cargo
Test (ubuntu-latest)	UNKNOWN STEP	2026-05-18T13:37:59.8616170Z   CARGO_INCREMENTAL: 0
Test (ubuntu-latest)	UNKNOWN STEP	2026-05-18T13:37:59.8616443Z ##[endgroup]
Test (ubuntu-latest)	UNKNOWN STEP	2026-05-18T13:37:59.8704472Z ##[group]Run : enable Cargo sparse registry
Test (ubuntu-latest)	UNKNOWN STEP	2026-05-18T13:37:59.8704851Z ^[[36;1m: enable Cargo sparse registry^[[0m
Test (ubuntu-latest)	UNKNOWN STEP	2026-05-18T13:37:59.8705251Z ^[[36;1m# implemented in 1.66, stabilized in 1.68, made default in 1.70^[[0m
Test (ubuntu-latest)	UNKNOWN STEP	2026-05-18T13:37:59.8705991Z ^[[36;1mif [ -z "${CARGO_REGISTRIES_CRATES_IO_PROTOCOL+set}" -o -f "/home/runner/work/_temp"/.implicit_cargo_registries_crates_io_protocol ]; then^[[0m
Test (ubuntu-latest)	UNKNOWN STEP	2026-05-18T13:37:59.8706738Z ^[[36;1m  if rustc +stable --version --verbose | grep -q '^release: 1\.6[89]\.'; then^[[0m
Test (ubuntu-latest)	UNKNOWN STEP	2026-05-18T13:37:59.8707608Z ^[[36;1m    touch "/home/runner/work/_temp"/.implicit_cargo_registries_crates_io_protocol || true^[[0m
Test (ubuntu-latest)	UNKNOWN STEP	2026-05-18T13:37:59.8708310Z ^[[36;1m    echo CARGO_REGISTRIES_CRATES_IO_PROTOCOL=sparse >> $GITHUB_ENV^[[0m
Test (ubuntu-latest)	UNKNOWN STEP	2026-05-18T13:37:59.8709202Z ^[[36;1m  elif rustc +stable --version --verbose | grep -q '^release: 1\.6[67]\.'; then^[[0m
Test (ubuntu-latest)	UNKNOWN STEP	2026-05-18T13:37:59.8709817Z ^[[36;1m    touch "/home/runner/work/_temp"/.implicit_cargo_registries_crates_io_protocol || true^[[0m
Test (ubuntu-latest)	UNKNOWN STEP	2026-05-18T13:37:59.8710383Z ^[[36;1m    echo CARGO_REGISTRIES_CRATES_IO_PROTOCOL=git >> $GITHUB_ENV^[[0m
Test (ubuntu-latest)	UNKNOWN STEP	2026-05-18T13:37:59.8710749Z ^[[36;1m  fi^[[0m
Test (ubuntu-latest)	UNKNOWN STEP	2026-05-18T13:37:59.8710970Z ^[[36;1mfi^[[0m
Test (ubuntu-latest)	UNKNOWN STEP	2026-05-18T13:37:59.8746408Z shell: /usr/bin/bash --noprofile --norc -e -o pipefail {0}
Test (ubuntu-latest)	UNKNOWN STEP	2026-05-18T13:37:59.8746773Z env:
Test (ubuntu-latest)	UNKNOWN STEP	2026-05-18T13:37:59.8747001Z   CARGO_TERM_COLOR: always
Test (ubuntu-latest)	UNKNOWN STEP	2026-05-18T13:37:59.8747271Z   RUST_BACKTRACE: 1
Test (ubuntu-latest)	UNKNOWN STEP	2026-05-18T13:37:59.8747715Z   RUSTFLAGS: -Dwarnings
Test (ubuntu-latest)	UNKNOWN STEP	2026-05-18T13:37:59.8748162Z   CARGO_REGISTRY_TOKEN: ***
Test (ubuntu-latest)	UNKNOWN STEP	2026-05-18T13:37:59.8748536Z   CARGO_TOKEN: ***
Test (ubuntu-latest)	UNKNOWN STEP	2026-05-18T13:37:59.8748785Z   CARGO_HOME: /home/runner/.cargo
Test (ubuntu-latest)	UNKNOWN STEP	2026-05-18T13:37:59.8749065Z   CARGO_INCREMENTAL: 0
Test (ubuntu-latest)	UNKNOWN STEP	2026-05-18T13:37:59.8749309Z ##[endgroup]
Test (ubuntu-latest)	UNKNOWN STEP	2026-05-18T13:37:59.9144729Z ##[group]Run : work around spurious network errors in curl 8.0
Test (ubuntu-latest)	UNKNOWN STEP	2026-05-18T13:37:59.9145267Z ^[[36;1m: work around spurious network errors in curl 8.0^[[0m
Test (ubuntu-latest)	UNKNOWN STEP	2026-05-18T13:37:59.9146069Z ^[[36;1m# https://rust-lang.zulipchat.com/#narrow/stream/246057-t-cargo/topic/timeout.20investigation^[[0m
Test (ubuntu-latest)	UNKNOWN STEP	2026-05-18T13:37:59.9146941Z ^[[36;1mif rustc +stable --version --verbose | grep -q '^release: 1\.7[01]\.'; then^[[0m
Test (ubuntu-latest)	UNKNOWN STEP	2026-05-18T13:37:59.9147803Z ^[[36;1m  echo CARGO_HTTP_MULTIPLEXING=false >> $GITHUB_ENV^[[0m
Test (ubuntu-latest)	UNKNOWN STEP	2026-05-18T13:37:59.9148189Z ^[[36;1mfi^[[0m
Test (ubuntu-latest)	UNKNOWN STEP	2026-05-18T13:37:59.9186180Z shell: /usr/bin/bash --noprofile --norc -e -o pipefail {0}
Test (ubuntu-latest)	UNKNOWN STEP	2026-05-18T13:37:59.9186573Z env:
Test (ubuntu-latest)	UNKNOWN STEP	2026-05-18T13:37:59.9186828Z   CARGO_TERM_COLOR: always
Test (ubuntu-latest)	UNKNOWN STEP	2026-05-18T13:37:59.9187120Z   RUST_BACKTRACE: 1
Test (ubuntu-latest)	UNKNOWN STEP	2026-05-18T13:37:59.9187530Z   RUSTFLAGS: -Dwarnings
Test (ubuntu-latest)	UNKNOWN STEP	2026-05-18T13:37:59.9188038Z   CARGO_REGISTRY_TOKEN: ***
Test (ubuntu-latest)	UNKNOWN STEP	2026-05-18T13:37:59.9188397Z   CARGO_TOKEN: ***
Test (ubuntu-latest)	UNKNOWN STEP	2026-05-18T13:37:59.9188662Z   CARGO_HOME: /home/runner/.cargo
Test (ubuntu-latest)	UNKNOWN STEP	2026-05-18T13:37:59.9188981Z   CARGO_INCREMENTAL: 0
Test (ubuntu-latest)	UNKNOWN STEP	2026-05-18T13:37:59.9189248Z ##[endgroup]
Test (ubuntu-latest)	UNKNOWN STEP	2026-05-18T13:37:59.9425153Z ##[group]Run rustc +stable --version --verbose
Test (ubuntu-latest)	UNKNOWN STEP	2026-05-18T13:37:59.9425548Z ^[[36;1mrustc +stable --version --verbose^[[0m
Test (ubuntu-latest)	UNKNOWN STEP	2026-05-18T13:37:59.9464735Z shell: /usr/bin/bash --noprofile --norc -e -o pipefail {0}
Test (ubuntu-latest)	UNKNOWN STEP	2026-05-18T13:37:59.9465166Z env:
Test (ubuntu-latest)	UNKNOWN STEP	2026-05-18T13:37:59.9465402Z   CARGO_TERM_COLOR: always
Test (ubuntu-latest)	UNKNOWN STEP	2026-05-18T13:37:59.9465681Z   RUST_BACKTRACE: 1
Test (ubuntu-latest)	UNKNOWN STEP	2026-05-18T13:37:59.9465930Z   RUSTFLAGS: -Dwarnings
Test (ubuntu-latest)	UNKNOWN STEP	2026-05-18T13:37:59.9466471Z   CARGO_REGISTRY_TOKEN: ***
Test (ubuntu-latest)	UNKNOWN STEP	2026-05-18T13:37:59.9466819Z   CARGO_TOKEN: ***
Test (ubuntu-latest)	UNKNOWN STEP	2026-05-18T13:37:59.9467079Z   CARGO_HOME: /home/runner/.cargo
Test (ubuntu-latest)	UNKNOWN STEP	2026-05-18T13:37:59.9467618Z   CARGO_INCREMENTAL: 0
Test (ubuntu-latest)	UNKNOWN STEP	2026-05-18T13:37:59.9467949Z ##[endgroup]
Test (ubuntu-latest)	UNKNOWN STEP	2026-05-18T13:37:59.9658612Z rustc 1.95.0 (59807616e 2026-04-14)
Test (ubuntu-latest)	UNKNOWN STEP	2026-05-18T13:37:59.9659425Z binary: rustc
Test (ubuntu-latest)	UNKNOWN STEP	2026-05-18T13:37:59.9660039Z commit-hash: 59807616e1fa2540724bfbac14d7976d7e4a3860
Test (ubuntu-latest)	UNKNOWN STEP	2026-05-18T13:37:59.9660643Z commit-date: 2026-04-14
Test (ubuntu-latest)	UNKNOWN STEP	2026-05-18T13:37:59.9660993Z host: x86_64-unknown-linux-gnu
Test (ubuntu-latest)	UNKNOWN STEP	2026-05-18T13:37:59.9661350Z release: 1.95.0
Test (ubuntu-latest)	UNKNOWN STEP	2026-05-18T13:37:59.9661673Z LLVM version: 22.1.2
Test (ubuntu-latest)	UNKNOWN STEP	2026-05-18T13:37:59.9792325Z ##[group]Run Swatinem/rust-cache@v2
Test (ubuntu-latest)	UNKNOWN STEP	2026-05-18T13:37:59.9792657Z with:
Test (ubuntu-latest)	UNKNOWN STEP	2026-05-18T13:37:59.9792875Z   workspaces: rust
Test (ubuntu-latest)	UNKNOWN STEP	2026-05-18T13:37:59.9793118Z   prefix-key: v0-rust
Test (ubuntu-latest)	UNKNOWN STEP	2026-05-18T13:37:59.9793372Z   add-job-id-key: true
Test (ubuntu-latest)	UNKNOWN STEP	2026-05-18T13:37:59.9793640Z   add-rust-environment-hash-key: true
Test (ubuntu-latest)	UNKNOWN STEP	2026-05-18T13:37:59.9793946Z   cache-targets: true
Test (ubuntu-latest)	UNKNOWN STEP	2026-05-18T13:37:59.9794198Z   cache-all-crates: false
Test (ubuntu-latest)	UNKNOWN STEP	2026-05-18T13:37:59.9794477Z   cache-workspace-crates: false
Test (ubuntu-latest)	UNKNOWN STEP	2026-05-18T13:37:59.9794748Z   save-if: true
Test (ubuntu-latest)	UNKNOWN STEP	2026-05-18T13:37:59.9794979Z   cache-provider: github
Test (ubuntu-latest)	UNKNOWN STEP	2026-05-18T13:37:59.9795231Z   cache-bin: true
Test (ubuntu-latest)	UNKNOWN STEP	2026-05-18T13:37:59.9795453Z   lookup-only: false
Test (ubuntu-latest)	UNKNOWN STEP	2026-05-18T13:37:59.9795687Z   cmd-format: {0}
Test (ubuntu-latest)	UNKNOWN STEP	2026-05-18T13:37:59.9795906Z env:
Test (ubuntu-latest)	UNKNOWN STEP	2026-05-18T13:37:59.9796110Z   CARGO_TERM_COLOR: always
Test (ubuntu-latest)	UNKNOWN STEP	2026-05-18T13:37:59.9796543Z   RUST_BACKTRACE: 1
Test (ubuntu-latest)	UNKNOWN STEP	2026-05-18T13:37:59.9796778Z   RUSTFLAGS: -Dwarnings
Test (ubuntu-latest)	UNKNOWN STEP	2026-05-18T13:37:59.9797243Z   CARGO_REGISTRY_TOKEN: ***
Test (ubuntu-latest)	UNKNOWN STEP	2026-05-18T13:37:59.9797925Z   CARGO_TOKEN: ***
Test (ubuntu-latest)	UNKNOWN STEP	2026-05-18T13:37:59.9798177Z   CARGO_HOME: /home/runner/.cargo
Test (ubuntu-latest)	UNKNOWN STEP	2026-05-18T13:37:59.9798466Z   CARGO_INCREMENTAL: 0
Test (ubuntu-latest)	UNKNOWN STEP	2026-05-18T13:37:59.9798711Z ##[endgroup]
Test (ubuntu-latest)	UNKNOWN STEP	2026-05-18T13:38:00.2835097Z (node:2278) [DEP0040] DeprecationWarning: The `punycode` module is deprecated. Please use a userland alternative instead.
Test (ubuntu-latest)	UNKNOWN STEP	2026-05-18T13:38:00.3569090Z (Use `node --trace-deprecation ...` to show where the warning was created)
Test (ubuntu-latest)	UNKNOWN STEP	2026-05-18T13:38:00.4932754Z ##[group]Cache Configuration
Test (ubuntu-latest)	UNKNOWN STEP	2026-05-18T13:38:00.4933516Z Cache Provider:
Test (ubuntu-latest)	UNKNOWN STEP	2026-05-18T13:38:00.4934019Z     github
Test (ubuntu-latest)	UNKNOWN STEP	2026-05-18T13:38:00.4934566Z Workspaces:
Test (ubuntu-latest)	UNKNOWN STEP	2026-05-18T13:38:00.4935214Z     /home/runner/work/lino-i18n/lino-i18n/rust
Test (ubuntu-latest)	UNKNOWN STEP	2026-05-18T13:38:00.4936005Z Cache Paths:
Test (ubuntu-latest)	UNKNOWN STEP	2026-05-18T13:38:00.4936573Z     /home/runner/.cargo/bin
Test (ubuntu-latest)	UNKNOWN STEP	2026-05-18T13:38:00.4937272Z     /home/runner/.cargo/.crates.toml
Test (ubuntu-latest)	UNKNOWN STEP	2026-05-18T13:38:00.4938326Z     /home/runner/.cargo/.crates2.json
Test (ubuntu-latest)	UNKNOWN STEP	2026-05-18T13:38:00.4939114Z     /home/runner/.cargo/registry
Test (ubuntu-latest)	UNKNOWN STEP	2026-05-18T13:38:00.4939843Z     /home/runner/.cargo/git
Test (ubuntu-latest)	UNKNOWN STEP	2026-05-18T13:38:00.4940654Z     /home/runner/work/lino-i18n/lino-i18n/rust/target
Test (ubuntu-latest)	UNKNOWN STEP	2026-05-18T13:38:00.4941482Z Restore Key:
Test (ubuntu-latest)	UNKNOWN STEP	2026-05-18T13:38:00.4942096Z     v0-rust-test-Linux-x64-27ed6b6c
Test (ubuntu-latest)	UNKNOWN STEP	2026-05-18T13:38:00.4942823Z Cache Key:
Test (ubuntu-latest)	UNKNOWN STEP	2026-05-18T13:38:00.4943470Z     v0-rust-test-Linux-x64-27ed6b6c-d2ed2b7f
Test (ubuntu-latest)	UNKNOWN STEP	2026-05-18T13:38:00.4944212Z .. Prefix:
Test (ubuntu-latest)	UNKNOWN STEP	2026-05-18T13:38:00.4944815Z   - v0-rust-test-Linux-x64
Test (ubuntu-latest)	UNKNOWN STEP	2026-05-18T13:38:00.4945536Z .. Environment considered:
Test (ubuntu-latest)	UNKNOWN STEP	2026-05-18T13:38:00.4946210Z   - Rust Versions:
Test (ubuntu-latest)	UNKNOWN STEP	2026-05-18T13:38:00.4946851Z     - 1.95.0 x86_64-unknown-linux-gnu 59807616e1fa2540724bfbac14d7976d7e4a3860
Test (ubuntu-latest)	UNKNOWN STEP	2026-05-18T13:38:00.4947980Z     - 1.95.0 x86_64-unknown-linux-gnu 59807616e1fa2540724bfbac14d7976d7e4a3860
Test (ubuntu-latest)	UNKNOWN STEP	2026-05-18T13:38:00.4948656Z   - CARGO_HOME
Test (ubuntu-latest)	UNKNOWN STEP	2026-05-18T13:38:00.4949034Z   - CARGO_INCREMENTAL
Test (ubuntu-latest)	UNKNOWN STEP	2026-05-18T13:38:00.4949478Z   - CARGO_REGISTRY_TOKEN
Test (ubuntu-latest)	UNKNOWN STEP	2026-05-18T13:38:00.4949909Z   - CARGO_TERM_COLOR
Test (ubuntu-latest)	UNKNOWN STEP	2026-05-18T13:38:00.4950308Z   - CARGO_TOKEN
Test (ubuntu-latest)	UNKNOWN STEP	2026-05-18T13:38:00.4950609Z   - RUST_BACKTRACE
Test (ubuntu-latest)	UNKNOWN STEP	2026-05-18T13:38:00.4950871Z   - RUSTFLAGS
Test (ubuntu-latest)	UNKNOWN STEP	2026-05-18T13:38:00.4951122Z .. Lockfiles considered:
Test (ubuntu-latest)	UNKNOWN STEP	2026-05-18T13:38:00.4951763Z   - /home/runner/work/lino-i18n/lino-i18n/rust/Cargo.lock
Test (ubuntu-latest)	UNKNOWN STEP	2026-05-18T13:38:00.4952557Z   - /home/runner/work/lino-i18n/lino-i18n/rust/lino-i18n-macros/Cargo.toml
Test (ubuntu-latest)	UNKNOWN STEP	2026-05-18T13:38:00.4953397Z   - /home/runner/work/lino-i18n/lino-i18n/rust/lino-i18n/Cargo.toml
Test (ubuntu-latest)	UNKNOWN STEP	2026-05-18T13:38:00.4954340Z ##[endgroup]
Test (ubuntu-latest)	UNKNOWN STEP	2026-05-18T13:38:00.4954559Z
Test (ubuntu-latest)	UNKNOWN STEP	2026-05-18T13:38:00.4954728Z ... Restoring cache ...
Test (ubuntu-latest)	UNKNOWN STEP	2026-05-18T13:38:00.6008202Z Cache hit for: v0-rust-test-Linux-x64-27ed6b6c-d2ed2b7f
Test (ubuntu-latest)	UNKNOWN STEP	2026-05-18T13:38:01.2569481Z Received 11919523 of 11919523 (100.0%), 20.7 MBs/sec
Test (ubuntu-latest)	UNKNOWN STEP	2026-05-18T13:38:01.2570657Z Cache Size: ~11 MB (11919523 B)
Test (ubuntu-latest)	UNKNOWN STEP	2026-05-18T13:38:01.2601149Z [command]/usr/bin/tar -xf /home/runner/work/_temp/f7fa92f4-0789-4599-b8e2-5a19b2910128/cache.tzst -P -C /home/runner/work/lino-i18n/lino-i18n --use-compress-program unzstd
Test (ubuntu-latest)	UNKNOWN STEP	2026-05-18T13:38:01.3397963Z Cache restored successfully
Test (ubuntu-latest)	UNKNOWN STEP	2026-05-18T13:38:01.3408560Z Restored from cache key "v0-rust-test-Linux-x64-27ed6b6c-d2ed2b7f" full match: true.
Test (ubuntu-latest)	UNKNOWN STEP	2026-05-18T13:38:01.3541136Z ##[group]Run cargo build --manifest-path rust/Cargo.toml --all-targets
Test (ubuntu-latest)	UNKNOWN STEP	2026-05-18T13:38:01.3541742Z ^[[36;1mcargo build --manifest-path rust/Cargo.toml --all-targets^[[0m
Test (ubuntu-latest)	UNKNOWN STEP	2026-05-18T13:38:01.3579499Z shell: /usr/bin/bash -e {0}
Test (ubuntu-latest)	UNKNOWN STEP	2026-05-18T13:38:01.3579797Z env:
Test (ubuntu-latest)	UNKNOWN STEP	2026-05-18T13:38:01.3580022Z   CARGO_TERM_COLOR: always
Test (ubuntu-latest)	UNKNOWN STEP	2026-05-18T13:38:01.3580292Z   RUST_BACKTRACE: 1
Test (ubuntu-latest)	UNKNOWN STEP	2026-05-18T13:38:01.3580538Z   RUSTFLAGS: -Dwarnings
Test (ubuntu-latest)	UNKNOWN STEP	2026-05-18T13:38:01.3581149Z   CARGO_REGISTRY_TOKEN: ***
Test (ubuntu-latest)	UNKNOWN STEP	2026-05-18T13:38:01.3581502Z   CARGO_TOKEN: ***
Test (ubuntu-latest)	UNKNOWN STEP	2026-05-18T13:38:01.3581749Z   CARGO_HOME: /home/runner/.cargo
Test (ubuntu-latest)	UNKNOWN STEP	2026-05-18T13:38:01.3582057Z   CARGO_INCREMENTAL: 0
Test (ubuntu-latest)	UNKNOWN STEP	2026-05-18T13:38:01.3582331Z   CACHE_ON_FAILURE: false
Test (ubuntu-latest)	UNKNOWN STEP	2026-05-18T13:38:01.3582608Z ##[endgroup]
Test (ubuntu-latest)	UNKNOWN STEP	2026-05-18T13:38:01.4472892Z ^[[1m^[[92m    Updating^[[0m crates.io index
Test (ubuntu-latest)	UNKNOWN STEP	2026-05-18T13:38:01.5258729Z ^[[1m^[[92m   Compiling^[[0m lino-i18n-macros v0.0.1 (/home/runner/work/lino-i18n/lino-i18n/rust/lino-i18n-macros)
Test (ubuntu-latest)	UNKNOWN STEP	2026-05-18T13:38:02.5209240Z ^[[1m^[[92m   Compiling^[[0m lino-i18n v0.0.1 (/home/runner/work/lino-i18n/lino-i18n/rust/lino-i18n)
Test (ubuntu-latest)	UNKNOWN STEP	2026-05-18T13:38:03.6166332Z ^[[1m^[[92m    Finished^[[0m `dev` profile [unoptimized + debuginfo] target(s) in 2.24s
Test (ubuntu-latest)	UNKNOWN STEP	2026-05-18T13:38:03.6254330Z ##[group]Run cargo test --manifest-path rust/Cargo.toml --all-targets
Test (ubuntu-latest)	UNKNOWN STEP	2026-05-18T13:38:03.6254937Z ^[[36;1mcargo test --manifest-path rust/Cargo.toml --all-targets^[[0m
Test (ubuntu-latest)	UNKNOWN STEP	2026-05-18T13:38:03.6288433Z shell: /usr/bin/bash -e {0}
Test (ubuntu-latest)	UNKNOWN STEP	2026-05-18T13:38:03.6288712Z env:
Test (ubuntu-latest)	UNKNOWN STEP	2026-05-18T13:38:03.6288931Z   CARGO_TERM_COLOR: always
Test (ubuntu-latest)	UNKNOWN STEP	2026-05-18T13:38:03.6289179Z   RUST_BACKTRACE: 1
Test (ubuntu-latest)	UNKNOWN STEP	2026-05-18T13:38:03.6289438Z   RUSTFLAGS: -Dwarnings
Test (ubuntu-latest)	UNKNOWN STEP	2026-05-18T13:38:03.6289872Z   CARGO_REGISTRY_TOKEN: ***
Test (ubuntu-latest)	UNKNOWN STEP	2026-05-18T13:38:03.6290204Z   CARGO_TOKEN: ***
Test (ubuntu-latest)	UNKNOWN STEP	2026-05-18T13:38:03.6290454Z   CARGO_HOME: /home/runner/.cargo
Test (ubuntu-latest)	UNKNOWN STEP	2026-05-18T13:38:03.6290713Z   CARGO_INCREMENTAL: 0
Test (ubuntu-latest)	UNKNOWN STEP	2026-05-18T13:38:03.6290945Z   CACHE_ON_FAILURE: false
Test (ubuntu-latest)	UNKNOWN STEP	2026-05-18T13:38:03.6291186Z ##[endgroup]
Test (ubuntu-latest)	UNKNOWN STEP	2026-05-18T13:38:03.6609675Z ^[[1m^[[92m   Compiling^[[0m lino-i18n-macros v0.0.1 (/home/runner/work/lino-i18n/lino-i18n/rust/lino-i18n-macros)
Test (ubuntu-latest)	UNKNOWN STEP	2026-05-18T13:38:03.8138686Z ^[[1m^[[92m   Compiling^[[0m lino-i18n v0.0.1 (/home/runner/work/lino-i18n/lino-i18n/rust/lino-i18n)
Test (ubuntu-latest)	UNKNOWN STEP	2026-05-18T13:38:04.7169644Z ^[[1m^[[92m    Finished^[[0m `test` profile [unoptimized + debuginfo] target(s) in 1.07s
Test (ubuntu-latest)	UNKNOWN STEP	2026-05-18T13:38:04.7178861Z ^[[1m^[[92m     Running^[[0m unittests src/lib.rs (rust/target/debug/deps/lino_i18n-02194a187c7744e1)
Test (ubuntu-latest)	UNKNOWN STEP	2026-05-18T13:38:04.7190179Z
Test (ubuntu-latest)	UNKNOWN STEP	2026-05-18T13:38:04.7194812Z running 29 tests
Test (ubuntu-latest)	UNKNOWN STEP	2026-05-18T13:38:04.7200642Z test format::tests::dotted_names_supported ... ok
Test (ubuntu-latest)	UNKNOWN STEP	2026-05-18T13:38:04.7201330Z test format::tests::double_braces ... ok
Test (ubuntu-latest)	UNKNOWN STEP	2026-05-18T13:38:04.7201922Z test format::tests::missing_value_left_untouched ... ok
Test (ubuntu-latest)	UNKNOWN STEP	2026-05-18T13:38:04.7202666Z test format::tests::preserves_multibyte_text ... ok
Test (ubuntu-latest)	UNKNOWN STEP	2026-05-18T13:38:04.7203295Z test format::tests::whitespace_inside_braces ... ok
Test (ubuntu-latest)	UNKNOWN STEP	2026-05-18T13:38:04.7203882Z test format::tests::single_braces ... ok
Test (ubuntu-latest)	UNKNOWN STEP	2026-05-18T13:38:04.7204562Z test i18n::tests::compatibility_aliases_resolve_migrated_deep_keys ... ok
Test (ubuntu-latest)	UNKNOWN STEP	2026-05-18T13:38:04.7205295Z test i18n::tests::context_suffix ... ok
Test (ubuntu-latest)	UNKNOWN STEP	2026-05-18T13:38:04.7205884Z test i18n::tests::default_value_used_when_missing ... ok
Test (ubuntu-latest)	UNKNOWN STEP	2026-05-18T13:38:04.7206519Z test i18n::tests::fallback_chain ... ok
Test (ubuntu-latest)	UNKNOWN STEP	2026-05-18T13:38:04.7207040Z test i18n::tests::plurals_in_english ... ok
Test (ubuntu-latest)	UNKNOWN STEP	2026-05-18T13:38:04.7207844Z test i18n::tests::plurals_in_russian ... ok
Test (ubuntu-latest)	UNKNOWN STEP	2026-05-18T13:38:04.7208528Z test i18n::tests::resolves_label_aliases_while_explicit_keys_win ... ok
Test (ubuntu-latest)	UNKNOWN STEP	2026-05-18T13:38:04.7209532Z test loader::tests::expands_compatibility_aliases_without_overwriting_explicit_keys ... ok
Test (ubuntu-latest)	UNKNOWN STEP	2026-05-18T13:38:04.7210399Z test i18n::tests::interpolates ... ok
Test (ubuntu-latest)	UNKNOWN STEP	2026-05-18T13:38:04.7211063Z test loader::tests::label_aliases_preserve_selector_suffix_groups ... ok
Test (ubuntu-latest)	UNKNOWN STEP	2026-05-18T13:38:04.7211982Z test loader::tests::parse_aliases_nested_label_children_to_their_parent_key ... ok
Test (ubuntu-latest)	UNKNOWN STEP	2026-05-18T13:38:04.7212862Z test loader::tests::parses_bundled_multi_locale_file ... ok
Test (ubuntu-latest)	UNKNOWN STEP	2026-05-18T13:38:04.7214893Z test loader::tests::parses_simple_catalogue ... ok
Test (ubuntu-latest)	UNKNOWN STEP	2026-05-18T13:38:04.7218461Z test loader::tests::parses_nested_catalogue ... ok
Test (ubuntu-latest)	UNKNOWN STEP	2026-05-18T13:38:04.7219492Z test loader::tests::format_preserves_scalar_parent_translations_as_labels ... ok
Test (ubuntu-latest)	UNKNOWN STEP	2026-05-18T13:38:04.7220446Z test loader::tests::round_trips ... ok
Test (ubuntu-latest)	UNKNOWN STEP	2026-05-18T13:38:04.7221660Z ^[[1m^[[92m     Running^[[0m tests/integration.rs (rust/target/debug/deps/integration-11eaeaccfec2a73f)
Test (ubuntu-latest)	UNKNOWN STEP	2026-05-18T13:38:04.7222504Z test plurals::tests::arabic ... ok
Test (ubuntu-latest)	UNKNOWN STEP	2026-05-18T13:38:04.7223224Z test i18n::tests::missing_key_handler ... ok
Test (ubuntu-latest)	UNKNOWN STEP	2026-05-18T13:38:04.7224045Z test plurals::tests::english ... ok
Test (ubuntu-latest)	UNKNOWN STEP	2026-05-18T13:38:04.7224674Z test plurals::tests::polish ... ok
Test (ubuntu-latest)	UNKNOWN STEP	2026-05-18T13:38:04.7225544Z test plurals::tests::french_zero_is_one ... ok
Test (ubuntu-latest)	UNKNOWN STEP	2026-05-18T13:38:04.7226120Z test plurals::tests::japanese_has_one_form ... ok
Test (ubuntu-latest)	UNKNOWN STEP	2026-05-18T13:38:04.7226668Z test plurals::tests::russian ... ok
Test (ubuntu-latest)	UNKNOWN STEP	2026-05-18T13:38:04.7226970Z
Test (ubuntu-latest)	UNKNOWN STEP	2026-05-18T13:38:04.7227751Z test result: ok. 29 passed; 0 failed; 0 ignored; 0 measured; 0 filtered out; finished in 0.00s
Test (ubuntu-latest)	UNKNOWN STEP	2026-05-18T13:38:04.7228401Z
Test (ubuntu-latest)	UNKNOWN STEP	2026-05-18T13:38:04.7232398Z
Test (ubuntu-latest)	UNKNOWN STEP	2026-05-18T13:38:04.7232672Z running 9 tests
Test (ubuntu-latest)	UNKNOWN STEP	2026-05-18T13:38:04.7239195Z test fallback_chain_picks_first_available ... ok
Test (ubuntu-latest)	UNKNOWN STEP	2026-05-18T13:38:04.7241001Z test macro_loads_translations ... ok
Test (ubuntu-latest)	UNKNOWN STEP	2026-05-18T13:38:04.7246932Z test macro_accepts_compatibility_alias_options ... ok
Test (ubuntu-latest)	UNKNOWN STEP	2026-05-18T13:38:04.7254057Z test deeply_nested_sample_catalogues_resolve ... ok
Test (ubuntu-latest)	UNKNOWN STEP	2026-05-18T13:38:04.7254707Z test macro_supports_locale_override_and_plurals ... ok
Test (ubuntu-latest)	UNKNOWN STEP	2026-05-18T13:38:04.7255292Z test namespaces_and_context_resolve ... ok
Test (ubuntu-latest)	UNKNOWN STEP	2026-05-18T13:38:04.7255947Z test parser_flattens_hive_mind_style_deep_multiline_catalogues ... ok
Test (ubuntu-latest)	UNKNOWN STEP	2026-05-18T13:38:04.7256635Z test runtime_loads_bundled_locale_file ... ok
Test (ubuntu-latest)	UNKNOWN STEP	2026-05-18T13:38:04.7257221Z test loader_and_macro_agree_on_keys ... ok
Test (ubuntu-latest)	UNKNOWN STEP	2026-05-18T13:38:04.7257979Z
Test (ubuntu-latest)	UNKNOWN STEP	2026-05-18T13:38:04.7258378Z test result: ok. 9 passed; 0 failed; 0 ignored; 0 measured; 0 filtered out; finished in 0.00s
Test (ubuntu-latest)	UNKNOWN STEP	2026-05-18T13:38:04.7258963Z
Test (ubuntu-latest)	UNKNOWN STEP	2026-05-18T13:38:04.7261537Z ^[[1m^[[92m     Running^[[0m unittests examples/basic.rs (rust/target/debug/examples/basic-07343f2980ec6208)
Test (ubuntu-latest)	UNKNOWN STEP	2026-05-18T13:38:04.7272602Z
Test (ubuntu-latest)	UNKNOWN STEP	2026-05-18T13:38:04.7275479Z running 0 tests
Test (ubuntu-latest)	UNKNOWN STEP	2026-05-18T13:38:04.7276446Z ^[[1m^[[92m     Running^[[0m unittests src/lib.rs (rust/target/debug/deps/lino_i18n_macros-3e16493a0f462937)
Test (ubuntu-latest)	UNKNOWN STEP	2026-05-18T13:38:04.7277308Z
Test (ubuntu-latest)	UNKNOWN STEP	2026-05-18T13:38:04.7278074Z test result: ok. 0 passed; 0 failed; 0 ignored; 0 measured; 0 filtered out; finished in 0.00s
Test (ubuntu-latest)	UNKNOWN STEP	2026-05-18T13:38:04.7278803Z
Test (ubuntu-latest)	UNKNOWN STEP	2026-05-18T13:38:04.8621626Z
Test (ubuntu-latest)	UNKNOWN STEP	2026-05-18T13:38:04.8622160Z running 0 tests
Test (ubuntu-latest)	UNKNOWN STEP	2026-05-18T13:38:04.8622462Z
Test (ubuntu-latest)	UNKNOWN STEP	2026-05-18T13:38:04.8622966Z test result: ok. 0 passed; 0 failed; 0 ignored; 0 measured; 0 filtered out; finished in 0.00s
Test (ubuntu-latest)	UNKNOWN STEP	2026-05-18T13:38:04.8623703Z
Test (ubuntu-latest)	UNKNOWN STEP	2026-05-18T13:38:04.8681329Z ##[group]Run cargo run --manifest-path rust/lino-i18n/Cargo.toml --example basic
Test (ubuntu-latest)	UNKNOWN STEP	2026-05-18T13:38:04.8681995Z ^[[36;1mcargo run --manifest-path rust/lino-i18n/Cargo.toml --example basic^[[0m
Test (ubuntu-latest)	UNKNOWN STEP	2026-05-18T13:38:04.8715629Z shell: /usr/bin/bash -e {0}
Test (ubuntu-latest)	UNKNOWN STEP	2026-05-18T13:38:04.8715911Z env:
Test (ubuntu-latest)	UNKNOWN STEP	2026-05-18T13:38:04.8716129Z   CARGO_TERM_COLOR: always
Test (ubuntu-latest)	UNKNOWN STEP	2026-05-18T13:38:04.8716398Z   RUST_BACKTRACE: 1
Test (ubuntu-latest)	UNKNOWN STEP	2026-05-18T13:38:04.8716649Z   RUSTFLAGS: -Dwarnings
Test (ubuntu-latest)	UNKNOWN STEP	2026-05-18T13:38:04.8717079Z   CARGO_REGISTRY_TOKEN: ***
Test (ubuntu-latest)	UNKNOWN STEP	2026-05-18T13:38:04.8717694Z   CARGO_TOKEN: ***
Test (ubuntu-latest)	UNKNOWN STEP	2026-05-18T13:38:04.8718017Z   CARGO_HOME: /home/runner/.cargo
Test (ubuntu-latest)	UNKNOWN STEP	2026-05-18T13:38:04.8718305Z   CARGO_INCREMENTAL: 0
Test (ubuntu-latest)	UNKNOWN STEP	2026-05-18T13:38:04.8718556Z   CACHE_ON_FAILURE: false
Test (ubuntu-latest)	UNKNOWN STEP	2026-05-18T13:38:04.8718811Z ##[endgroup]
Test (ubuntu-latest)	UNKNOWN STEP	2026-05-18T13:38:04.9080014Z ^[[1m^[[92m   Compiling^[[0m lino-i18n v0.0.1 (/home/runner/work/lino-i18n/lino-i18n/rust/lino-i18n)
Test (ubuntu-latest)	UNKNOWN STEP	2026-05-18T13:38:05.0183617Z ^[[1m^[[92m    Finished^[[0m `dev` profile [unoptimized + debuginfo] target(s) in 0.13s
Test (ubuntu-latest)	UNKNOWN STEP	2026-05-18T13:38:05.0192407Z ^[[1m^[[92m     Running^[[0m `rust/target/debug/examples/basic`
Test (ubuntu-latest)	UNKNOWN STEP	2026-05-18T13:38:05.0216024Z Hello, Alice!
Test (ubuntu-latest)	UNKNOWN STEP	2026-05-18T13:38:05.0216401Z Your cart is empty
Test (ubuntu-latest)	UNKNOWN STEP	2026-05-18T13:38:05.0216751Z 1 item
Test (ubuntu-latest)	UNKNOWN STEP	2026-05-18T13:38:05.0217025Z 5 items
Test (ubuntu-latest)	UNKNOWN STEP	2026-05-18T13:38:05.0218086Z Keep each language in its own block, nest related messages together,
Test (ubuntu-latest)	UNKNOWN STEP	2026-05-18T13:38:05.0218504Z and still resolve the same runtime keys.
Test (ubuntu-latest)	UNKNOWN STEP	2026-05-18T13:38:05.0218869Z Привет, Алиса!
Test (ubuntu-latest)	UNKNOWN STEP	2026-05-18T13:38:05.0219070Z 3 товара
Test (ubuntu-latest)	UNKNOWN STEP	2026-05-18T13:38:05.0219269Z Home
Test (ubuntu-latest)	UNKNOWN STEP	2026-05-18T13:38:05.0219438Z She is a developer
Test (ubuntu-latest)	UNKNOWN STEP	2026-05-18T13:38:05.0318683Z Post job cleanup.
Test (ubuntu-latest)	UNKNOWN STEP	2026-05-18T13:38:05.3108746Z Cache up-to-date.
Test (ubuntu-latest)	UNKNOWN STEP	2026-05-18T13:38:05.3112050Z (node:2633) [DEP0040] DeprecationWarning: The `punycode` module is deprecated. Please use a userland alternative instead.
Test (ubuntu-latest)	UNKNOWN STEP	2026-05-18T13:38:05.3113325Z (Use `node --trace-deprecation ...` to show where the warning was created)
Test (ubuntu-latest)	UNKNOWN STEP	2026-05-18T13:38:05.3282167Z Post job cleanup.
Test (ubuntu-latest)	UNKNOWN STEP	2026-05-18T13:38:05.4093863Z [command]/usr/bin/git version
Test (ubuntu-latest)	UNKNOWN STEP	2026-05-18T13:38:05.4131070Z git version 2.54.0
Test (ubuntu-latest)	UNKNOWN STEP	2026-05-18T13:38:05.4172872Z Temporarily overriding HOME='/home/runner/work/_temp/1009ad02-3223-460f-9c17-a6251e1738e2' before making global git config changes
Test (ubuntu-latest)	UNKNOWN STEP	2026-05-18T13:38:05.4174478Z Adding repository directory to the temporary git global config as a safe directory
Test (ubuntu-latest)	UNKNOWN STEP	2026-05-18T13:38:05.4179381Z [command]/usr/bin/git config --global --add safe.directory /home/runner/work/lino-i18n/lino-i18n
Test (ubuntu-latest)	UNKNOWN STEP	2026-05-18T13:38:05.4210580Z Removing SSH command configuration
Test (ubuntu-latest)	UNKNOWN STEP	2026-05-18T13:38:05.4216895Z [command]/usr/bin/git config --local --name-only --get-regexp core\.sshCommand
Test (ubuntu-latest)	UNKNOWN STEP	2026-05-18T13:38:05.4251622Z [command]/usr/bin/git submodule foreach --recursive sh -c "git config --local --name-only --get-regexp 'core\.sshCommand' && git config --local --unset-all 'core.sshCommand' || :"
Test (ubuntu-latest)	UNKNOWN STEP	2026-05-18T13:38:05.4469888Z Removing HTTP extra header
Test (ubuntu-latest)	UNKNOWN STEP	2026-05-18T13:38:05.4474326Z [command]/usr/bin/git config --local --name-only --get-regexp http\.https\:\/\/github\.com\/\.extraheader
Test (ubuntu-latest)	UNKNOWN STEP	2026-05-18T13:38:05.4507979Z [command]/usr/bin/git submodule foreach --recursive sh -c "git config --local --name-only --get-regexp 'http\.https\:\/\/github\.com\/\.extraheader' && git config --local --unset-all 'http.https://github.com/.extraheader' || :"
Test (ubuntu-latest)	UNKNOWN STEP	2026-05-18T13:38:05.4736137Z Removing includeIf entries pointing to credentials config files
Test (ubuntu-latest)	UNKNOWN STEP	2026-05-18T13:38:05.4743991Z [command]/usr/bin/git config --local --name-only --get-regexp ^includeIf\.gitdir:
Test (ubuntu-latest)	UNKNOWN STEP	2026-05-18T13:38:05.4770481Z includeif.gitdir:/home/runner/work/lino-i18n/lino-i18n/.git.path
Test (ubuntu-latest)	UNKNOWN STEP	2026-05-18T13:38:05.4771376Z includeif.gitdir:/home/runner/work/lino-i18n/lino-i18n/.git/worktrees/*.path
Test (ubuntu-latest)	UNKNOWN STEP	2026-05-18T13:38:05.4772188Z includeif.gitdir:/github/workspace/.git.path
Test (ubuntu-latest)	UNKNOWN STEP	2026-05-18T13:38:05.4772852Z includeif.gitdir:/github/workspace/.git/worktrees/*.path
Test (ubuntu-latest)	UNKNOWN STEP	2026-05-18T13:38:05.4780213Z [command]/usr/bin/git config --local --get-all includeif.gitdir:/home/runner/work/lino-i18n/lino-i18n/.git.path
Test (ubuntu-latest)	UNKNOWN STEP	2026-05-18T13:38:05.4801961Z /home/runner/work/_temp/git-credentials-19e9f058-91df-4635-a4b0-3294d8f5b53d.config
Test (ubuntu-latest)	UNKNOWN STEP	2026-05-18T13:38:05.4813006Z [command]/usr/bin/git config --local --unset includeif.gitdir:/home/runner/work/lino-i18n/lino-i18n/.git.path /home/runner/work/_temp/git-credentials-19e9f058-91df-4635-a4b0-3294d8f5b53d.config
Test (ubuntu-latest)	UNKNOWN STEP	2026-05-18T13:38:05.4846672Z [command]/usr/bin/git config --local --get-all includeif.gitdir:/home/runner/work/lino-i18n/lino-i18n/.git/worktrees/*.path
Test (ubuntu-latest)	UNKNOWN STEP	2026-05-18T13:38:05.4867698Z /home/runner/work/_temp/git-credentials-19e9f058-91df-4635-a4b0-3294d8f5b53d.config
Test (ubuntu-latest)	UNKNOWN STEP	2026-05-18T13:38:05.4877084Z [command]/usr/bin/git config --local --unset includeif.gitdir:/home/runner/work/lino-i18n/lino-i18n/.git/worktrees/*.path /home/runner/work/_temp/git-credentials-19e9f058-91df-4635-a4b0-3294d8f5b53d.config
Test (ubuntu-latest)	UNKNOWN STEP	2026-05-18T13:38:05.4906686Z [command]/usr/bin/git config --local --get-all includeif.gitdir:/github/workspace/.git.path
Test (ubuntu-latest)	UNKNOWN STEP	2026-05-18T13:38:05.4928275Z /github/runner_temp/git-credentials-19e9f058-91df-4635-a4b0-3294d8f5b53d.config
Test (ubuntu-latest)	UNKNOWN STEP	2026-05-18T13:38:05.4936072Z [command]/usr/bin/git config --local --unset includeif.gitdir:/github/workspace/.git.path /github/runner_temp/git-credentials-19e9f058-91df-4635-a4b0-3294d8f5b53d.config
Test (ubuntu-latest)	UNKNOWN STEP	2026-05-18T13:38:05.4968114Z [command]/usr/bin/git config --local --get-all includeif.gitdir:/github/workspace/.git/worktrees/*.path
Test (ubuntu-latest)	UNKNOWN STEP	2026-05-18T13:38:05.4988475Z /github/runner_temp/git-credentials-19e9f058-91df-4635-a4b0-3294d8f5b53d.config
Test (ubuntu-latest)	UNKNOWN STEP	2026-05-18T13:38:05.4997284Z [command]/usr/bin/git config --local --unset includeif.gitdir:/github/workspace/.git/worktrees/*.path /github/runner_temp/git-credentials-19e9f058-91df-4635-a4b0-3294d8f5b53d.config
Test (ubuntu-latest)	UNKNOWN STEP	2026-05-18T13:38:05.5028480Z [command]/usr/bin/git submodule foreach --recursive git config --local --show-origin --name-only --get-regexp remote.origin.url
Test (ubuntu-latest)	UNKNOWN STEP	2026-05-18T13:38:05.5246606Z Removing credentials config '/home/runner/work/_temp/git-credentials-19e9f058-91df-4635-a4b0-3294d8f5b53d.config'
Test (ubuntu-latest)	UNKNOWN STEP	2026-05-18T13:38:05.5386521Z Cleaning up orphan processes
Package Dry Run	UNKNOWN STEP	﻿2026-05-18T13:38:42.5351840Z Current runner version: '2.334.0'
Package Dry Run	UNKNOWN STEP	2026-05-18T13:38:42.5377961Z ##[group]Runner Image Provisioner
Package Dry Run	UNKNOWN STEP	2026-05-18T13:38:42.5378858Z Hosted Compute Agent
Package Dry Run	UNKNOWN STEP	2026-05-18T13:38:42.5379422Z Version: 20260213.493
Package Dry Run	UNKNOWN STEP	2026-05-18T13:38:42.5380005Z Commit: 5c115507f6dd24b8de37d8bbe0bb4509d0cc0fa3
Package Dry Run	UNKNOWN STEP	2026-05-18T13:38:42.5380774Z Build Date: 2026-02-13T00:28:41Z
Package Dry Run	UNKNOWN STEP	2026-05-18T13:38:42.5381440Z Worker ID: {7ed40ac3-d582-4c4d-897a-ea3b0c49001e}
Package Dry Run	UNKNOWN STEP	2026-05-18T13:38:42.5382095Z Azure Region: eastus2
Package Dry Run	UNKNOWN STEP	2026-05-18T13:38:42.5382732Z ##[endgroup]
Package Dry Run	UNKNOWN STEP	2026-05-18T13:38:42.5384085Z ##[group]Operating System
Package Dry Run	UNKNOWN STEP	2026-05-18T13:38:42.5384636Z Ubuntu
Package Dry Run	UNKNOWN STEP	2026-05-18T13:38:42.5385182Z 24.04.4
Package Dry Run	UNKNOWN STEP	2026-05-18T13:38:42.5385617Z LTS
Package Dry Run	UNKNOWN STEP	2026-05-18T13:38:42.5386121Z ##[endgroup]
Package Dry Run	UNKNOWN STEP	2026-05-18T13:38:42.5386889Z ##[group]Runner Image
Package Dry Run	UNKNOWN STEP	2026-05-18T13:38:42.5387424Z Image: ubuntu-24.04
Package Dry Run	UNKNOWN STEP	2026-05-18T13:38:42.5387953Z Version: 20260513.135.3
Package Dry Run	UNKNOWN STEP	2026-05-18T13:38:42.5389159Z Included Software: https://github.com/actions/runner-images/blob/ubuntu24/20260513.135/images/ubuntu/Ubuntu2404-Readme.md
Package Dry Run	UNKNOWN STEP	2026-05-18T13:38:42.5390690Z Image Release: https://github.com/actions/runner-images/releases/tag/ubuntu24%2F20260513.135
Package Dry Run	UNKNOWN STEP	2026-05-18T13:38:42.5392043Z ##[endgroup]
Package Dry Run	UNKNOWN STEP	2026-05-18T13:38:42.5393277Z ##[group]GITHUB_TOKEN Permissions
Package Dry Run	UNKNOWN STEP	2026-05-18T13:38:42.5395525Z Contents: write
Package Dry Run	UNKNOWN STEP	2026-05-18T13:38:42.5396115Z Metadata: read
Package Dry Run	UNKNOWN STEP	2026-05-18T13:38:42.5397177Z Pages: write
Package Dry Run	UNKNOWN STEP	2026-05-18T13:38:42.5397843Z PullRequests: write
Package Dry Run	UNKNOWN STEP	2026-05-18T13:38:42.5398400Z ##[endgroup]
Package Dry Run	UNKNOWN STEP	2026-05-18T13:38:42.5400422Z Secret source: Actions
Package Dry Run	UNKNOWN STEP	2026-05-18T13:38:42.5401476Z Prepare workflow directory
Package Dry Run	UNKNOWN STEP	2026-05-18T13:38:42.5931720Z Prepare all required actions
Package Dry Run	UNKNOWN STEP	2026-05-18T13:38:42.5968767Z Getting action download info
Package Dry Run	UNKNOWN STEP	2026-05-18T13:38:43.0322772Z Download action repository 'actions/checkout@v6' (SHA:de0fac2e4500dabe0009e67214ff5f5447ce83dd)
Package Dry Run	UNKNOWN STEP	2026-05-18T13:38:43.6588721Z Download action repository 'dtolnay/rust-toolchain@stable' (SHA:29eef336d9b2848a0b548edc03f92a220660cdb8)
Package Dry Run	UNKNOWN STEP	2026-05-18T13:38:43.7759618Z Download action repository 'Swatinem/rust-cache@v2' (SHA:e18b497796c12c097a38f9edb9d0641fb99eee32)
Package Dry Run	UNKNOWN STEP	2026-05-18T13:38:44.2820056Z Complete job name: Package Dry Run
Package Dry Run	UNKNOWN STEP	2026-05-18T13:38:44.3630252Z ##[group]Run actions/checkout@v6
Package Dry Run	UNKNOWN STEP	2026-05-18T13:38:44.3631592Z with:
Package Dry Run	UNKNOWN STEP	2026-05-18T13:38:44.3632406Z   repository: link-foundation/lino-i18n
Package Dry Run	UNKNOWN STEP	2026-05-18T13:38:44.3633751Z   token: ***
Package Dry Run	UNKNOWN STEP	2026-05-18T13:38:44.3634556Z   ssh-strict: true
Package Dry Run	UNKNOWN STEP	2026-05-18T13:38:44.3635353Z   ssh-user: git
Package Dry Run	UNKNOWN STEP	2026-05-18T13:38:44.3636151Z   persist-credentials: true
Package Dry Run	UNKNOWN STEP	2026-05-18T13:38:44.3637547Z   clean: true
Package Dry Run	UNKNOWN STEP	2026-05-18T13:38:44.3638380Z   sparse-checkout-cone-mode: true
Package Dry Run	UNKNOWN STEP	2026-05-18T13:38:44.3639342Z   fetch-depth: 1
Package Dry Run	UNKNOWN STEP	2026-05-18T13:38:44.3640133Z   fetch-tags: false
Package Dry Run	UNKNOWN STEP	2026-05-18T13:38:44.3640957Z   show-progress: true
Package Dry Run	UNKNOWN STEP	2026-05-18T13:38:44.3641774Z   lfs: false
Package Dry Run	UNKNOWN STEP	2026-05-18T13:38:44.3642528Z   submodules: false
Package Dry Run	UNKNOWN STEP	2026-05-18T13:38:44.3643349Z   set-safe-directory: true
Package Dry Run	UNKNOWN STEP	2026-05-18T13:38:44.3644590Z env:
Package Dry Run	UNKNOWN STEP	2026-05-18T13:38:44.3645326Z   CARGO_TERM_COLOR: always
Package Dry Run	UNKNOWN STEP	2026-05-18T13:38:44.3646211Z   RUST_BACKTRACE: 1
Package Dry Run	UNKNOWN STEP	2026-05-18T13:38:44.3647241Z   RUSTFLAGS: -Dwarnings
Package Dry Run	UNKNOWN STEP	2026-05-18T13:38:44.3648429Z   CARGO_REGISTRY_TOKEN: ***
Package Dry Run	UNKNOWN STEP	2026-05-18T13:38:44.3649529Z   CARGO_TOKEN: ***
Package Dry Run	UNKNOWN STEP	2026-05-18T13:38:44.3650300Z ##[endgroup]
Package Dry Run	UNKNOWN STEP	2026-05-18T13:38:44.4657271Z Syncing repository: link-foundation/lino-i18n
Package Dry Run	UNKNOWN STEP	2026-05-18T13:38:44.4660345Z ##[group]Getting Git version info
Package Dry Run	UNKNOWN STEP	2026-05-18T13:38:44.4661841Z Working directory is '/home/runner/work/lino-i18n/lino-i18n'
Package Dry Run	UNKNOWN STEP	2026-05-18T13:38:44.4663733Z [command]/usr/bin/git version
Package Dry Run	UNKNOWN STEP	2026-05-18T13:38:44.6647561Z git version 2.54.0
Package Dry Run	UNKNOWN STEP	2026-05-18T13:38:44.6674921Z ##[endgroup]
Package Dry Run	UNKNOWN STEP	2026-05-18T13:38:44.6693290Z Temporarily overriding HOME='/home/runner/work/_temp/720ff7fe-7899-41a2-9882-319e9724fc78' before making global git config changes
Package Dry Run	UNKNOWN STEP	2026-05-18T13:38:44.6698303Z Adding repository directory to the temporary git global config as a safe directory
Package Dry Run	UNKNOWN STEP	2026-05-18T13:38:44.6701730Z [command]/usr/bin/git config --global --add safe.directory /home/runner/work/lino-i18n/lino-i18n
Package Dry Run	UNKNOWN STEP	2026-05-18T13:38:44.6965328Z Deleting the contents of '/home/runner/work/lino-i18n/lino-i18n'
Package Dry Run	UNKNOWN STEP	2026-05-18T13:38:44.6969982Z ##[group]Initializing the repository
Package Dry Run	UNKNOWN STEP	2026-05-18T13:38:44.6975967Z [command]/usr/bin/git init /home/runner/work/lino-i18n/lino-i18n
Package Dry Run	UNKNOWN STEP	2026-05-18T13:38:44.7580143Z hint: Using 'master' as the name for the initial branch. This default branch name
Package Dry Run	UNKNOWN STEP	2026-05-18T13:38:44.7582671Z hint: will change to "main" in Git 3.0. To configure the initial branch name
Package Dry Run	UNKNOWN STEP	2026-05-18T13:38:44.7585151Z hint: to use in all of your new repositories, which will suppress this warning,
Package Dry Run	UNKNOWN STEP	2026-05-18T13:38:44.7588157Z hint: call:
Package Dry Run	UNKNOWN STEP	2026-05-18T13:38:44.7589570Z hint:
Package Dry Run	UNKNOWN STEP	2026-05-18T13:38:44.7591203Z hint: 	git config --global init.defaultBranch <name>
Package Dry Run	UNKNOWN STEP	2026-05-18T13:38:44.7592933Z hint:
Package Dry Run	UNKNOWN STEP	2026-05-18T13:38:44.7594473Z hint: Names commonly chosen instead of 'master' are 'main', 'trunk' and
Package Dry Run	UNKNOWN STEP	2026-05-18T13:38:44.7596254Z hint: 'development'. The just-created branch can be renamed via this command:
Package Dry Run	UNKNOWN STEP	2026-05-18T13:38:44.7598193Z hint:
Package Dry Run	UNKNOWN STEP	2026-05-18T13:38:44.7599309Z hint: 	git branch -m <name>
Package Dry Run	UNKNOWN STEP	2026-05-18T13:38:44.7600315Z hint:
Package Dry Run	UNKNOWN STEP	2026-05-18T13:38:44.7601548Z hint: Disable this message with "git config set advice.defaultBranchName false"
Package Dry Run	UNKNOWN STEP	2026-05-18T13:38:44.7603503Z Initialized empty Git repository in /home/runner/work/lino-i18n/lino-i18n/.git/
Package Dry Run	UNKNOWN STEP	2026-05-18T13:38:44.7607296Z [command]/usr/bin/git remote add origin https://github.com/link-foundation/lino-i18n
Package Dry Run	UNKNOWN STEP	2026-05-18T13:38:44.7823109Z ##[endgroup]
Package Dry Run	UNKNOWN STEP	2026-05-18T13:38:44.7825095Z ##[group]Disabling automatic garbage collection
Package Dry Run	UNKNOWN STEP	2026-05-18T13:38:44.7827629Z [command]/usr/bin/git config --local gc.auto 0
Package Dry Run	UNKNOWN STEP	2026-05-18T13:38:44.7859772Z ##[endgroup]
Package Dry Run	UNKNOWN STEP	2026-05-18T13:38:44.7861318Z ##[group]Setting up auth
Package Dry Run	UNKNOWN STEP	2026-05-18T13:38:44.7862310Z Removing SSH command configuration
Package Dry Run	UNKNOWN STEP	2026-05-18T13:38:44.7867407Z [command]/usr/bin/git config --local --name-only --get-regexp core\.sshCommand
Package Dry Run	UNKNOWN STEP	2026-05-18T13:38:44.7905062Z [command]/usr/bin/git submodule foreach --recursive sh -c "git config --local --name-only --get-regexp 'core\.sshCommand' && git config --local --unset-all 'core.sshCommand' || :"
Package Dry Run	UNKNOWN STEP	2026-05-18T13:38:45.0482671Z Removing HTTP extra header
Package Dry Run	UNKNOWN STEP	2026-05-18T13:38:45.0492572Z [command]/usr/bin/git config --local --name-only --get-regexp http\.https\:\/\/github\.com\/\.extraheader
Package Dry Run	UNKNOWN STEP	2026-05-18T13:38:45.0532447Z [command]/usr/bin/git submodule foreach --recursive sh -c "git config --local --name-only --get-regexp 'http\.https\:\/\/github\.com\/\.extraheader' && git config --local --unset-all 'http.https://github.com/.extraheader' || :"
Package Dry Run	UNKNOWN STEP	2026-05-18T13:38:45.0780156Z Removing includeIf entries pointing to credentials config files
Package Dry Run	UNKNOWN STEP	2026-05-18T13:38:45.0785955Z [command]/usr/bin/git config --local --name-only --get-regexp ^includeIf\.gitdir:
Package Dry Run	UNKNOWN STEP	2026-05-18T13:38:45.0822980Z [command]/usr/bin/git submodule foreach --recursive git config --local --show-origin --name-only --get-regexp remote.origin.url
Package Dry Run	UNKNOWN STEP	2026-05-18T13:38:45.1077832Z [command]/usr/bin/git config --file /home/runner/work/_temp/git-credentials-ae65344d-dec2-48ac-83b2-8d1a1b5b4be6.config http.https://github.com/.extraheader AUTHORIZATION: basic ***
Package Dry Run	UNKNOWN STEP	2026-05-18T13:38:45.1124668Z [command]/usr/bin/git config --local includeIf.gitdir:/home/runner/work/lino-i18n/lino-i18n/.git.path /home/runner/work/_temp/git-credentials-ae65344d-dec2-48ac-83b2-8d1a1b5b4be6.config
Package Dry Run	UNKNOWN STEP	2026-05-18T13:38:45.1161222Z [command]/usr/bin/git config --local includeIf.gitdir:/home/runner/work/lino-i18n/lino-i18n/.git/worktrees/*.path /home/runner/work/_temp/git-credentials-ae65344d-dec2-48ac-83b2-8d1a1b5b4be6.config
Package Dry Run	UNKNOWN STEP	2026-05-18T13:38:45.1237852Z [command]/usr/bin/git config --local includeIf.gitdir:/github/workspace/.git.path /github/runner_temp/git-credentials-ae65344d-dec2-48ac-83b2-8d1a1b5b4be6.config
Package Dry Run	UNKNOWN STEP	2026-05-18T13:38:45.1268867Z [command]/usr/bin/git config --local includeIf.gitdir:/github/workspace/.git/worktrees/*.path /github/runner_temp/git-credentials-ae65344d-dec2-48ac-83b2-8d1a1b5b4be6.config
Package Dry Run	UNKNOWN STEP	2026-05-18T13:38:45.1297732Z ##[endgroup]
Package Dry Run	UNKNOWN STEP	2026-05-18T13:38:45.1299061Z ##[group]Fetching the repository
Package Dry Run	UNKNOWN STEP	2026-05-18T13:38:45.1306468Z [command]/usr/bin/git -c protocol.version=2 fetch --no-tags --prune --no-recurse-submodules --depth=1 origin +8910b98b665a650690c0d9e9188bbf6bec1e9d2c:refs/remotes/origin/main
Package Dry Run	UNKNOWN STEP	2026-05-18T13:38:45.7684023Z From https://github.com/link-foundation/lino-i18n
Package Dry Run	UNKNOWN STEP	2026-05-18T13:38:45.7686010Z  * [new ref]         8910b98b665a650690c0d9e9188bbf6bec1e9d2c -> origin/main
Package Dry Run	UNKNOWN STEP	2026-05-18T13:38:45.7899505Z [command]/usr/bin/git branch --list --remote origin/main
Package Dry Run	UNKNOWN STEP	2026-05-18T13:38:45.7982375Z   origin/main
Package Dry Run	UNKNOWN STEP	2026-05-18T13:38:45.7992198Z [command]/usr/bin/git rev-parse refs/remotes/origin/main
Package Dry Run	UNKNOWN STEP	2026-05-18T13:38:45.8017438Z 8910b98b665a650690c0d9e9188bbf6bec1e9d2c
Package Dry Run	UNKNOWN STEP	2026-05-18T13:38:45.8021948Z ##[endgroup]
Package Dry Run	UNKNOWN STEP	2026-05-18T13:38:45.8022608Z ##[group]Determining the checkout info
Package Dry Run	UNKNOWN STEP	2026-05-18T13:38:45.8023806Z ##[endgroup]
Package Dry Run	UNKNOWN STEP	2026-05-18T13:38:45.8029048Z [command]/usr/bin/git sparse-checkout disable
Package Dry Run	UNKNOWN STEP	2026-05-18T13:38:45.8123959Z [command]/usr/bin/git config --local --unset-all extensions.worktreeConfig
Package Dry Run	UNKNOWN STEP	2026-05-18T13:38:45.8153442Z ##[group]Checking out the ref
Package Dry Run	UNKNOWN STEP	2026-05-18T13:38:45.8157652Z [command]/usr/bin/git checkout --progress --force -B main refs/remotes/origin/main
Package Dry Run	UNKNOWN STEP	2026-05-18T13:38:45.8732034Z Switched to a new branch 'main'
Package Dry Run	UNKNOWN STEP	2026-05-18T13:38:45.8733774Z branch 'main' set up to track 'origin/main'.
Package Dry Run	UNKNOWN STEP	2026-05-18T13:38:45.8742664Z ##[endgroup]
Package Dry Run	UNKNOWN STEP	2026-05-18T13:38:45.8790519Z [command]/usr/bin/git log -1 --format=%H
Package Dry Run	UNKNOWN STEP	2026-05-18T13:38:45.8815137Z 8910b98b665a650690c0d9e9188bbf6bec1e9d2c
Package Dry Run	UNKNOWN STEP	2026-05-18T13:38:45.9146356Z ##[group]Run dtolnay/rust-toolchain@stable
Package Dry Run	UNKNOWN STEP	2026-05-18T13:38:45.9147038Z with:
Package Dry Run	UNKNOWN STEP	2026-05-18T13:38:45.9147271Z   toolchain: stable
Package Dry Run	UNKNOWN STEP	2026-05-18T13:38:45.9147507Z env:
Package Dry Run	UNKNOWN STEP	2026-05-18T13:38:45.9147720Z   CARGO_TERM_COLOR: always
Package Dry Run	UNKNOWN STEP	2026-05-18T13:38:45.9147999Z   RUST_BACKTRACE: 1
Package Dry Run	UNKNOWN STEP	2026-05-18T13:38:45.9148242Z   RUSTFLAGS: -Dwarnings
Package Dry Run	UNKNOWN STEP	2026-05-18T13:38:45.9148768Z   CARGO_REGISTRY_TOKEN: ***
Package Dry Run	UNKNOWN STEP	2026-05-18T13:38:45.9149112Z   CARGO_TOKEN: ***
Package Dry Run	UNKNOWN STEP	2026-05-18T13:38:45.9149342Z ##[endgroup]
Package Dry Run	UNKNOWN STEP	2026-05-18T13:38:45.9350405Z ##[group]Run : parse toolchain version
Package Dry Run	UNKNOWN STEP	2026-05-18T13:38:45.9350845Z ^[[36;1m: parse toolchain version^[[0m
Package Dry Run	UNKNOWN STEP	2026-05-18T13:38:45.9351162Z ^[[36;1mif [[ -z $toolchain ]]; then^[[0m
Package Dry Run	UNKNOWN STEP	2026-05-18T13:38:45.9351772Z ^[[36;1m  # GitHub does not enforce `required: true` inputs itself. https://github.com/actions/runner/issues/1070^[[0m
Package Dry Run	UNKNOWN STEP	2026-05-18T13:38:45.9352396Z ^[[36;1m  echo "'toolchain' is a required input" >&2^[[0m
Package Dry Run	UNKNOWN STEP	2026-05-18T13:38:45.9352855Z ^[[36;1m  exit 1^[[0m
Package Dry Run	UNKNOWN STEP	2026-05-18T13:38:45.9353280Z ^[[36;1melif [[ $toolchain =~ ^stable' '[0-9]+' '(year|month|week|day)s?' 'ago$ ]]; then^[[0m
Package Dry Run	UNKNOWN STEP	2026-05-18T13:38:45.9353728Z ^[[36;1m  if [[ Linux == macOS ]]; then^[[0m
Package Dry Run	UNKNOWN STEP	2026-05-18T13:38:45.9354294Z ^[[36;1m    echo "toolchain=1.$((($(date -v-$(sed 's/stable \([0-9]*\) \(.\).*/\1\2/' <<< $toolchain) +%s)/60/60/24-16569)/7/6))" >> $GITHUB_OUTPUT^[[0m
Package Dry Run	UNKNOWN STEP	2026-05-18T13:38:45.9354836Z ^[[36;1m  else^[[0m
Package Dry Run	UNKNOWN STEP	2026-05-18T13:38:45.9355264Z ^[[36;1m    echo "toolchain=1.$((($(date --date "${toolchain#stable }" +%s)/60/60/24-16569)/7/6))" >> $GITHUB_OUTPUT^[[0m
Package Dry Run	UNKNOWN STEP	2026-05-18T13:38:45.9355783Z ^[[36;1m  fi^[[0m
Package Dry Run	UNKNOWN STEP	2026-05-18T13:38:45.9356127Z ^[[36;1melif [[ $toolchain =~ ^stable' 'minus' '[0-9]+' 'releases?$ ]]; then^[[0m
Package Dry Run	UNKNOWN STEP	2026-05-18T13:38:45.9357023Z ^[[36;1m  echo "toolchain=1.$((($(date +%s)/60/60/24-16569)/7/6-${toolchain//[^0-9]/}))" >> $GITHUB_OUTPUT^[[0m
Package Dry Run	UNKNOWN STEP	2026-05-18T13:38:45.9357560Z ^[[36;1melif [[ $toolchain =~ ^1\.[0-9]+$ ]]; then^[[0m
Package Dry Run	UNKNOWN STEP	2026-05-18T13:38:45.9358134Z ^[[36;1m  echo "toolchain=1.$((i=${toolchain#1.}, c=($(date +%s)/60/60/24-16569)/7/6, i+9*i*(10*i<=c)+90*i*(100*i<=c)))" >> $GITHUB_OUTPUT^[[0m
Package Dry Run	UNKNOWN STEP	2026-05-18T13:38:45.9358683Z ^[[36;1melse^[[0m
Package Dry Run	UNKNOWN STEP	2026-05-18T13:38:45.9358968Z ^[[36;1m  echo "toolchain=$toolchain" >> $GITHUB_OUTPUT^[[0m
Package Dry Run	UNKNOWN STEP	2026-05-18T13:38:45.9359297Z ^[[36;1mfi^[[0m
Package Dry Run	UNKNOWN STEP	2026-05-18T13:38:45.9399800Z shell: /usr/bin/bash --noprofile --norc -e -o pipefail {0}
Package Dry Run	UNKNOWN STEP	2026-05-18T13:38:45.9400197Z env:
Package Dry Run	UNKNOWN STEP	2026-05-18T13:38:45.9400425Z   CARGO_TERM_COLOR: always
Package Dry Run	UNKNOWN STEP	2026-05-18T13:38:45.9400682Z   RUST_BACKTRACE: 1
Package Dry Run	UNKNOWN STEP	2026-05-18T13:38:45.9400926Z   RUSTFLAGS: -Dwarnings
Package Dry Run	UNKNOWN STEP	2026-05-18T13:38:45.9401417Z   CARGO_REGISTRY_TOKEN: ***
Package Dry Run	UNKNOWN STEP	2026-05-18T13:38:45.9401749Z   CARGO_TOKEN: ***
Package Dry Run	UNKNOWN STEP	2026-05-18T13:38:45.9401989Z   toolchain: stable
Package Dry Run	UNKNOWN STEP	2026-05-18T13:38:45.9402450Z ##[endgroup]
Package Dry Run	UNKNOWN STEP	2026-05-18T13:38:45.9551533Z ##[group]Run : construct rustup command line
Package Dry Run	UNKNOWN STEP	2026-05-18T13:38:45.9551921Z ^[[36;1m: construct rustup command line^[[0m
Package Dry Run	UNKNOWN STEP	2026-05-18T13:38:45.9552413Z ^[[36;1mecho "targets=$(for t in ${targets//,/ }; do echo -n ' --target' $t; done)" >> $GITHUB_OUTPUT^[[0m
Package Dry Run	UNKNOWN STEP	2026-05-18T13:38:45.9553145Z ^[[36;1mecho "components=$(for c in ${components//,/ }; do echo -n ' --component' $c; done)" >> $GITHUB_OUTPUT^[[0m
Package Dry Run	UNKNOWN STEP	2026-05-18T13:38:45.9553676Z ^[[36;1mecho "downgrade=" >> $GITHUB_OUTPUT^[[0m
Package Dry Run	UNKNOWN STEP	2026-05-18T13:38:45.9589200Z shell: /usr/bin/bash --noprofile --norc -e -o pipefail {0}
Package Dry Run	UNKNOWN STEP	2026-05-18T13:38:45.9589583Z env:
Package Dry Run	UNKNOWN STEP	2026-05-18T13:38:45.9589812Z   CARGO_TERM_COLOR: always
Package Dry Run	UNKNOWN STEP	2026-05-18T13:38:45.9590074Z   RUST_BACKTRACE: 1
Package Dry Run	UNKNOWN STEP	2026-05-18T13:38:45.9590317Z   RUSTFLAGS: -Dwarnings
Package Dry Run	UNKNOWN STEP	2026-05-18T13:38:45.9590759Z   CARGO_REGISTRY_TOKEN: ***
Package Dry Run	UNKNOWN STEP	2026-05-18T13:38:45.9591099Z   CARGO_TOKEN: ***
Package Dry Run	UNKNOWN STEP	2026-05-18T13:38:45.9591328Z   targets:
Package Dry Run	UNKNOWN STEP	2026-05-18T13:38:45.9591531Z   components:
Package Dry Run	UNKNOWN STEP	2026-05-18T13:38:45.9591760Z ##[endgroup]
Package Dry Run	UNKNOWN STEP	2026-05-18T13:38:45.9686103Z ##[group]Run : set $CARGO_HOME
Package Dry Run	UNKNOWN STEP	2026-05-18T13:38:45.9686422Z ^[[36;1m: set $CARGO_HOME^[[0m
Package Dry Run	UNKNOWN STEP	2026-05-18T13:38:45.9687205Z ^[[36;1mecho CARGO_HOME=${CARGO_HOME:-"$HOME/.cargo"} >> $GITHUB_ENV^[[0m
Package Dry Run	UNKNOWN STEP	2026-05-18T13:38:45.9720657Z shell: /usr/bin/bash --noprofile --norc -e -o pipefail {0}
Package Dry Run	UNKNOWN STEP	2026-05-18T13:38:45.9721240Z env:
Package Dry Run	UNKNOWN STEP	2026-05-18T13:38:45.9721480Z   CARGO_TERM_COLOR: always
Package Dry Run	UNKNOWN STEP	2026-05-18T13:38:45.9721749Z   RUST_BACKTRACE: 1
Package Dry Run	UNKNOWN STEP	2026-05-18T13:38:45.9721987Z   RUSTFLAGS: -Dwarnings
Package Dry Run	UNKNOWN STEP	2026-05-18T13:38:45.9722425Z   CARGO_REGISTRY_TOKEN: ***
Package Dry Run	UNKNOWN STEP	2026-05-18T13:38:45.9722774Z   CARGO_TOKEN: ***
Package Dry Run	UNKNOWN STEP	2026-05-18T13:38:45.9723005Z ##[endgroup]
Package Dry Run	UNKNOWN STEP	2026-05-18T13:38:45.9815261Z ##[group]Run : install rustup if needed
Package Dry Run	UNKNOWN STEP	2026-05-18T13:38:45.9815619Z ^[[36;1m: install rustup if needed^[[0m
Package Dry Run	UNKNOWN STEP	2026-05-18T13:38:45.9815957Z ^[[36;1mif ! command -v rustup &>/dev/null; then^[[0m
Package Dry Run	UNKNOWN STEP	2026-05-18T13:38:45.9817175Z ^[[36;1m  curl --proto '=https' --tlsv1.2 --retry 10 --retry-connrefused --location --silent --show-error --fail https://sh.rustup.rs | sh -s -- --default-toolchain none -y^[[0m
Package Dry Run	UNKNOWN STEP	2026-05-18T13:38:45.9818013Z ^[[36;1m  echo "$CARGO_HOME/bin" >> $GITHUB_PATH^[[0m
Package Dry Run	UNKNOWN STEP	2026-05-18T13:38:45.9818323Z ^[[36;1mfi^[[0m
Package Dry Run	UNKNOWN STEP	2026-05-18T13:38:45.9853289Z shell: /usr/bin/bash --noprofile --norc -e -o pipefail {0}
Package Dry Run	UNKNOWN STEP	2026-05-18T13:38:45.9853663Z env:
Package Dry Run	UNKNOWN STEP	2026-05-18T13:38:45.9853901Z   CARGO_TERM_COLOR: always
Package Dry Run	UNKNOWN STEP	2026-05-18T13:38:45.9854170Z   RUST_BACKTRACE: 1
Package Dry Run	UNKNOWN STEP	2026-05-18T13:38:45.9854404Z   RUSTFLAGS: -Dwarnings
Package Dry Run	UNKNOWN STEP	2026-05-18T13:38:45.9854832Z   CARGO_REGISTRY_TOKEN: ***
Package Dry Run	UNKNOWN STEP	2026-05-18T13:38:45.9855169Z   CARGO_TOKEN: ***
Package Dry Run	UNKNOWN STEP	2026-05-18T13:38:45.9855414Z   CARGO_HOME: /home/runner/.cargo
Package Dry Run	UNKNOWN STEP	2026-05-18T13:38:45.9855691Z ##[endgroup]
Package Dry Run	UNKNOWN STEP	2026-05-18T13:38:45.9949293Z ##[group]Run rustup toolchain install stable --profile minimal --no-self-update
Package Dry Run	UNKNOWN STEP	2026-05-18T13:38:45.9949892Z ^[[36;1mrustup toolchain install stable --profile minimal --no-self-update^[[0m
Package Dry Run	UNKNOWN STEP	2026-05-18T13:38:45.9984911Z shell: /usr/bin/bash --noprofile --norc -e -o pipefail {0}
Package Dry Run	UNKNOWN STEP	2026-05-18T13:38:45.9985285Z env:
Package Dry Run	UNKNOWN STEP	2026-05-18T13:38:45.9985518Z   CARGO_TERM_COLOR: always
Package Dry Run	UNKNOWN STEP	2026-05-18T13:38:45.9985786Z   RUST_BACKTRACE: 1
Package Dry Run	UNKNOWN STEP	2026-05-18T13:38:45.9986023Z   RUSTFLAGS: -Dwarnings
Package Dry Run	UNKNOWN STEP	2026-05-18T13:38:45.9986426Z   CARGO_REGISTRY_TOKEN: ***
Package Dry Run	UNKNOWN STEP	2026-05-18T13:38:45.9987089Z   CARGO_TOKEN: ***
Package Dry Run	UNKNOWN STEP	2026-05-18T13:38:45.9987352Z   CARGO_HOME: /home/runner/.cargo
Package Dry Run	UNKNOWN STEP	2026-05-18T13:38:45.9987678Z   RUSTUP_PERMIT_COPY_RENAME: 1
Package Dry Run	UNKNOWN STEP	2026-05-18T13:38:45.9987946Z ##[endgroup]
Package Dry Run	UNKNOWN STEP	2026-05-18T13:38:48.0630572Z info: syncing channel updates for stable-x86_64-unknown-linux-gnu
Package Dry Run	UNKNOWN STEP	2026-05-18T13:38:48.2993695Z
Package Dry Run	UNKNOWN STEP	2026-05-18T13:38:48.3077582Z   stable-x86_64-unknown-linux-gnu unchanged - rustc 1.95.0 (59807616e 2026-04-14)
Package Dry Run	UNKNOWN STEP	2026-05-18T13:38:48.3078305Z
Package Dry Run	UNKNOWN STEP	2026-05-18T13:38:48.3173812Z ##[group]Run rustup default stable
Package Dry Run	UNKNOWN STEP	2026-05-18T13:38:48.3174115Z ^[[36;1mrustup default stable^[[0m
Package Dry Run	UNKNOWN STEP	2026-05-18T13:38:48.3207035Z shell: /usr/bin/bash --noprofile --norc -e -o pipefail {0}
Package Dry Run	UNKNOWN STEP	2026-05-18T13:38:48.3207425Z env:
Package Dry Run	UNKNOWN STEP	2026-05-18T13:38:48.3207614Z   CARGO_TERM_COLOR: always
Package Dry Run	UNKNOWN STEP	2026-05-18T13:38:48.3207844Z   RUST_BACKTRACE: 1
Package Dry Run	UNKNOWN STEP	2026-05-18T13:38:48.3208245Z   RUSTFLAGS: -Dwarnings
Package Dry Run	UNKNOWN STEP	2026-05-18T13:38:48.3208786Z   CARGO_REGISTRY_TOKEN: ***
Package Dry Run	UNKNOWN STEP	2026-05-18T13:38:48.3209110Z   CARGO_TOKEN: ***
Package Dry Run	UNKNOWN STEP	2026-05-18T13:38:48.3209328Z   CARGO_HOME: /home/runner/.cargo
Package Dry Run	UNKNOWN STEP	2026-05-18T13:38:48.3209578Z ##[endgroup]
Package Dry Run	UNKNOWN STEP	2026-05-18T13:38:48.3317111Z info: using existing install for stable-x86_64-unknown-linux-gnu
Package Dry Run	UNKNOWN STEP	2026-05-18T13:38:48.3323736Z info: default toolchain set to stable-x86_64-unknown-linux-gnu
Package Dry Run	UNKNOWN STEP	2026-05-18T13:38:48.3324356Z
Package Dry Run	UNKNOWN STEP	2026-05-18T13:38:48.3406497Z   stable-x86_64-unknown-linux-gnu unchanged - rustc 1.95.0 (59807616e 2026-04-14)
Package Dry Run	UNKNOWN STEP	2026-05-18T13:38:48.3420802Z
Package Dry Run	UNKNOWN STEP	2026-05-18T13:38:48.3442916Z ##[group]Run : create cachekey
Package Dry Run	UNKNOWN STEP	2026-05-18T13:38:48.3443210Z ^[[36;1m: create cachekey^[[0m
Package Dry Run	UNKNOWN STEP	2026-05-18T13:38:48.3443722Z ^[[36;1mDATE=$(rustc +stable --version --verbose | sed -ne 's/^commit-date: \(20[0-9][0-9]\)-\([01][0-9]\)-\([0-3][0-9]\)$/\1\2\3/p')^[[0m
Package Dry Run	UNKNOWN STEP	2026-05-18T13:38:48.3444393Z ^[[36;1mHASH=$(rustc +stable --version --verbose | sed -ne 's/^commit-hash: //p')^[[0m
Package Dry Run	UNKNOWN STEP	2026-05-18T13:38:48.3444898Z ^[[36;1mecho "cachekey=$(echo $DATE$HASH | head -c12)" >> $GITHUB_OUTPUT^[[0m
Package Dry Run	UNKNOWN STEP	2026-05-18T13:38:48.3477877Z shell: /usr/bin/bash --noprofile --norc -e -o pipefail {0}
Package Dry Run	UNKNOWN STEP	2026-05-18T13:38:48.3478216Z env:
Package Dry Run	UNKNOWN STEP	2026-05-18T13:38:48.3478405Z   CARGO_TERM_COLOR: always
Package Dry Run	UNKNOWN STEP	2026-05-18T13:38:48.3478625Z   RUST_BACKTRACE: 1
Package Dry Run	UNKNOWN STEP	2026-05-18T13:38:48.3479052Z   RUSTFLAGS: -Dwarnings
Package Dry Run	UNKNOWN STEP	2026-05-18T13:38:48.3479447Z   CARGO_REGISTRY_TOKEN: ***
Package Dry Run	UNKNOWN STEP	2026-05-18T13:38:48.3479734Z   CARGO_TOKEN: ***
Package Dry Run	UNKNOWN STEP	2026-05-18T13:38:48.3479946Z   CARGO_HOME: /home/runner/.cargo
Package Dry Run	UNKNOWN STEP	2026-05-18T13:38:48.3480182Z ##[endgroup]
Package Dry Run	UNKNOWN STEP	2026-05-18T13:38:48.4028298Z ##[group]Run : disable incremental compilation
Package Dry Run	UNKNOWN STEP	2026-05-18T13:38:48.4028690Z ^[[36;1m: disable incremental compilation^[[0m
Package Dry Run	UNKNOWN STEP	2026-05-18T13:38:48.4029026Z ^[[36;1mif [ -z "${CARGO_INCREMENTAL+set}" ]; then^[[0m
Package Dry Run	UNKNOWN STEP	2026-05-18T13:38:48.4029356Z ^[[36;1m  echo CARGO_INCREMENTAL=0 >> $GITHUB_ENV^[[0m
Package Dry Run	UNKNOWN STEP	2026-05-18T13:38:48.4029635Z ^[[36;1mfi^[[0m
Package Dry Run	UNKNOWN STEP	2026-05-18T13:38:48.4063032Z shell: /usr/bin/bash --noprofile --norc -e -o pipefail {0}
Package Dry Run	UNKNOWN STEP	2026-05-18T13:38:48.4063398Z env:
Package Dry Run	UNKNOWN STEP	2026-05-18T13:38:48.4063586Z   CARGO_TERM_COLOR: always
Package Dry Run	UNKNOWN STEP	2026-05-18T13:38:48.4063813Z   RUST_BACKTRACE: 1
Package Dry Run	UNKNOWN STEP	2026-05-18T13:38:48.4064020Z   RUSTFLAGS: -Dwarnings
Package Dry Run	UNKNOWN STEP	2026-05-18T13:38:48.4064388Z   CARGO_REGISTRY_TOKEN: ***
Package Dry Run	UNKNOWN STEP	2026-05-18T13:38:48.4064696Z   CARGO_TOKEN: ***
Package Dry Run	UNKNOWN STEP	2026-05-18T13:38:48.4064919Z   CARGO_HOME: /home/runner/.cargo
Package Dry Run	UNKNOWN STEP	2026-05-18T13:38:48.4065153Z ##[endgroup]
Package Dry Run	UNKNOWN STEP	2026-05-18T13:38:48.4139139Z ##[group]Run : enable colors in Cargo output
Package Dry Run	UNKNOWN STEP	2026-05-18T13:38:48.4139466Z ^[[36;1m: enable colors in Cargo output^[[0m
Package Dry Run	UNKNOWN STEP	2026-05-18T13:38:48.4139785Z ^[[36;1mif [ -z "${CARGO_TERM_COLOR+set}" ]; then^[[0m
Package Dry Run	UNKNOWN STEP	2026-05-18T13:38:48.4140107Z ^[[36;1m  echo CARGO_TERM_COLOR=always >> $GITHUB_ENV^[[0m
Package Dry Run	UNKNOWN STEP	2026-05-18T13:38:48.4140393Z ^[[36;1mfi^[[0m
Package Dry Run	UNKNOWN STEP	2026-05-18T13:38:48.4170908Z shell: /usr/bin/bash --noprofile --norc -e -o pipefail {0}
Package Dry Run	UNKNOWN STEP	2026-05-18T13:38:48.4171239Z env:
Package Dry Run	UNKNOWN STEP	2026-05-18T13:38:48.4171430Z   CARGO_TERM_COLOR: always
Package Dry Run	UNKNOWN STEP	2026-05-18T13:38:48.4171655Z   RUST_BACKTRACE: 1
Package Dry Run	UNKNOWN STEP	2026-05-18T13:38:48.4171873Z   RUSTFLAGS: -Dwarnings
Package Dry Run	UNKNOWN STEP	2026-05-18T13:38:48.4172247Z   CARGO_REGISTRY_TOKEN: ***
Package Dry Run	UNKNOWN STEP	2026-05-18T13:38:48.4172547Z   CARGO_TOKEN: ***
Package Dry Run	UNKNOWN STEP	2026-05-18T13:38:48.4172749Z   CARGO_HOME: /home/runner/.cargo
Package Dry Run	UNKNOWN STEP	2026-05-18T13:38:48.4172992Z   CARGO_INCREMENTAL: 0
Package Dry Run	UNKNOWN STEP	2026-05-18T13:38:48.4173203Z ##[endgroup]
Package Dry Run	UNKNOWN STEP	2026-05-18T13:38:48.4247242Z ##[group]Run : enable Cargo sparse registry
Package Dry Run	UNKNOWN STEP	2026-05-18T13:38:48.4247581Z ^[[36;1m: enable Cargo sparse registry^[[0m
Package Dry Run	UNKNOWN STEP	2026-05-18T13:38:48.4247943Z ^[[36;1m# implemented in 1.66, stabilized in 1.68, made default in 1.70^[[0m
Package Dry Run	UNKNOWN STEP	2026-05-18T13:38:48.4248634Z ^[[36;1mif [ -z "${CARGO_REGISTRIES_CRATES_IO_PROTOCOL+set}" -o -f "/home/runner/work/_temp"/.implicit_cargo_registries_crates_io_protocol ]; then^[[0m
Package Dry Run	UNKNOWN STEP	2026-05-18T13:38:48.4249344Z ^[[36;1m  if rustc +stable --version --verbose | grep -q '^release: 1\.6[89]\.'; then^[[0m
Package Dry Run	UNKNOWN STEP	2026-05-18T13:38:48.4249902Z ^[[36;1m    touch "/home/runner/work/_temp"/.implicit_cargo_registries_crates_io_protocol || true^[[0m
Package Dry Run	UNKNOWN STEP	2026-05-18T13:38:48.4250420Z ^[[36;1m    echo CARGO_REGISTRIES_CRATES_IO_PROTOCOL=sparse >> $GITHUB_ENV^[[0m
Package Dry Run	UNKNOWN STEP	2026-05-18T13:38:48.4251074Z ^[[36;1m  elif rustc +stable --version --verbose | grep -q '^release: 1\.6[67]\.'; then^[[0m
Package Dry Run	UNKNOWN STEP	2026-05-18T13:38:48.4251623Z ^[[36;1m    touch "/home/runner/work/_temp"/.implicit_cargo_registries_crates_io_protocol || true^[[0m
Package Dry Run	UNKNOWN STEP	2026-05-18T13:38:48.4252136Z ^[[36;1m    echo CARGO_REGISTRIES_CRATES_IO_PROTOCOL=git >> $GITHUB_ENV^[[0m
Package Dry Run	UNKNOWN STEP	2026-05-18T13:38:48.4252471Z ^[[36;1m  fi^[[0m
Package Dry Run	UNKNOWN STEP	2026-05-18T13:38:48.4252651Z ^[[36;1mfi^[[0m
Package Dry Run	UNKNOWN STEP	2026-05-18T13:38:48.4283651Z shell: /usr/bin/bash --noprofile --norc -e -o pipefail {0}
Package Dry Run	UNKNOWN STEP	2026-05-18T13:38:48.4283983Z env:
Package Dry Run	UNKNOWN STEP	2026-05-18T13:38:48.4284174Z   CARGO_TERM_COLOR: always
Package Dry Run	UNKNOWN STEP	2026-05-18T13:38:48.4284388Z   RUST_BACKTRACE: 1
Package Dry Run	UNKNOWN STEP	2026-05-18T13:38:48.4284589Z   RUSTFLAGS: -Dwarnings
Package Dry Run	UNKNOWN STEP	2026-05-18T13:38:48.4284942Z   CARGO_REGISTRY_TOKEN: ***
Package Dry Run	UNKNOWN STEP	2026-05-18T13:38:48.4285246Z   CARGO_TOKEN: ***
Package Dry Run	UNKNOWN STEP	2026-05-18T13:38:48.4285455Z   CARGO_HOME: /home/runner/.cargo
Package Dry Run	UNKNOWN STEP	2026-05-18T13:38:48.4285700Z   CARGO_INCREMENTAL: 0
Package Dry Run	UNKNOWN STEP	2026-05-18T13:38:48.4285930Z ##[endgroup]
Package Dry Run	UNKNOWN STEP	2026-05-18T13:38:48.4668141Z ##[group]Run : work around spurious network errors in curl 8.0
Package Dry Run	UNKNOWN STEP	2026-05-18T13:38:48.4668586Z ^[[36;1m: work around spurious network errors in curl 8.0^[[0m
Package Dry Run	UNKNOWN STEP	2026-05-18T13:38:48.4669131Z ^[[36;1m# https://rust-lang.zulipchat.com/#narrow/stream/246057-t-cargo/topic/timeout.20investigation^[[0m
Package Dry Run	UNKNOWN STEP	2026-05-18T13:38:48.4669939Z ^[[36;1mif rustc +stable --version --verbose | grep -q '^release: 1\.7[01]\.'; then^[[0m
Package Dry Run	UNKNOWN STEP	2026-05-18T13:38:48.4670419Z ^[[36;1m  echo CARGO_HTTP_MULTIPLEXING=false >> $GITHUB_ENV^[[0m
Package Dry Run	UNKNOWN STEP	2026-05-18T13:38:48.4670721Z ^[[36;1mfi^[[0m
Package Dry Run	UNKNOWN STEP	2026-05-18T13:38:48.4703686Z shell: /usr/bin/bash --noprofile --norc -e -o pipefail {0}
Package Dry Run	UNKNOWN STEP	2026-05-18T13:38:48.4704024Z env:
Package Dry Run	UNKNOWN STEP	2026-05-18T13:38:48.4704209Z   CARGO_TERM_COLOR: always
Package Dry Run	UNKNOWN STEP	2026-05-18T13:38:48.4704430Z   RUST_BACKTRACE: 1
Package Dry Run	UNKNOWN STEP	2026-05-18T13:38:48.4704635Z   RUSTFLAGS: -Dwarnings
Package Dry Run	UNKNOWN STEP	2026-05-18T13:38:48.4705004Z   CARGO_REGISTRY_TOKEN: ***
Package Dry Run	UNKNOWN STEP	2026-05-18T13:38:48.4705306Z   CARGO_TOKEN: ***
Package Dry Run	UNKNOWN STEP	2026-05-18T13:38:48.4705521Z   CARGO_HOME: /home/runner/.cargo
Package Dry Run	UNKNOWN STEP	2026-05-18T13:38:48.4705778Z   CARGO_INCREMENTAL: 0
Package Dry Run	UNKNOWN STEP	2026-05-18T13:38:48.4705986Z ##[endgroup]
Package Dry Run	UNKNOWN STEP	2026-05-18T13:38:48.4924038Z ##[group]Run rustc +stable --version --verbose
Package Dry Run	UNKNOWN STEP	2026-05-18T13:38:48.4924387Z ^[[36;1mrustc +stable --version --verbose^[[0m
Package Dry Run	UNKNOWN STEP	2026-05-18T13:38:48.4957623Z shell: /usr/bin/bash --noprofile --norc -e -o pipefail {0}
Package Dry Run	UNKNOWN STEP	2026-05-18T13:38:48.4957979Z env:
Package Dry Run	UNKNOWN STEP	2026-05-18T13:38:48.4958163Z   CARGO_TERM_COLOR: always
Package Dry Run	UNKNOWN STEP	2026-05-18T13:38:48.4958383Z   RUST_BACKTRACE: 1
Package Dry Run	UNKNOWN STEP	2026-05-18T13:38:48.4958584Z   RUSTFLAGS: -Dwarnings
Package Dry Run	UNKNOWN STEP	2026-05-18T13:38:48.4958972Z   CARGO_REGISTRY_TOKEN: ***
Package Dry Run	UNKNOWN STEP	2026-05-18T13:38:48.4959270Z   CARGO_TOKEN: ***
Package Dry Run	UNKNOWN STEP	2026-05-18T13:38:48.4959485Z   CARGO_HOME: /home/runner/.cargo
Package Dry Run	UNKNOWN STEP	2026-05-18T13:38:48.4959725Z   CARGO_INCREMENTAL: 0
Package Dry Run	UNKNOWN STEP	2026-05-18T13:38:48.4959946Z ##[endgroup]
Package Dry Run	UNKNOWN STEP	2026-05-18T13:38:48.5144662Z rustc 1.95.0 (59807616e 2026-04-14)
Package Dry Run	UNKNOWN STEP	2026-05-18T13:38:48.5145479Z binary: rustc
Package Dry Run	UNKNOWN STEP	2026-05-18T13:38:48.5147703Z commit-hash: 59807616e1fa2540724bfbac14d7976d7e4a3860
Package Dry Run	UNKNOWN STEP	2026-05-18T13:38:48.5148572Z commit-date: 2026-04-14
Package Dry Run	UNKNOWN STEP	2026-05-18T13:38:48.5149192Z host: x86_64-unknown-linux-gnu
Package Dry Run	UNKNOWN STEP	2026-05-18T13:38:48.5149791Z release: 1.95.0
Package Dry Run	UNKNOWN STEP	2026-05-18T13:38:48.5150362Z LLVM version: 22.1.2
Package Dry Run	UNKNOWN STEP	2026-05-18T13:38:48.5279018Z ##[group]Run Swatinem/rust-cache@v2
Package Dry Run	UNKNOWN STEP	2026-05-18T13:38:48.5279306Z with:
Package Dry Run	UNKNOWN STEP	2026-05-18T13:38:48.5279487Z   workspaces: rust
Package Dry Run	UNKNOWN STEP	2026-05-18T13:38:48.5279693Z   prefix-key: v0-rust
Package Dry Run	UNKNOWN STEP	2026-05-18T13:38:48.5279905Z   add-job-id-key: true
Package Dry Run	UNKNOWN STEP	2026-05-18T13:38:48.5280126Z   add-rust-environment-hash-key: true
Package Dry Run	UNKNOWN STEP	2026-05-18T13:38:48.5280390Z   cache-targets: true
Package Dry Run	UNKNOWN STEP	2026-05-18T13:38:48.5280593Z   cache-all-crates: false
Package Dry Run	UNKNOWN STEP	2026-05-18T13:38:48.5280828Z   cache-workspace-crates: false
Package Dry Run	UNKNOWN STEP	2026-05-18T13:38:48.5281061Z   save-if: true
Package Dry Run	UNKNOWN STEP	2026-05-18T13:38:48.5281251Z   cache-provider: github
Package Dry Run	UNKNOWN STEP	2026-05-18T13:38:48.5281464Z   cache-bin: true
Package Dry Run	UNKNOWN STEP	2026-05-18T13:38:48.5281651Z   lookup-only: false
Package Dry Run	UNKNOWN STEP	2026-05-18T13:38:48.5281850Z   cmd-format: {0}
Package Dry Run	UNKNOWN STEP	2026-05-18T13:38:48.5282034Z env:
Package Dry Run	UNKNOWN STEP	2026-05-18T13:38:48.5282206Z   CARGO_TERM_COLOR: always
Package Dry Run	UNKNOWN STEP	2026-05-18T13:38:48.5282421Z   RUST_BACKTRACE: 1
Package Dry Run	UNKNOWN STEP	2026-05-18T13:38:48.5282799Z   RUSTFLAGS: -Dwarnings
Package Dry Run	UNKNOWN STEP	2026-05-18T13:38:48.5283176Z   CARGO_REGISTRY_TOKEN: ***
Package Dry Run	UNKNOWN STEP	2026-05-18T13:38:48.5283499Z   CARGO_TOKEN: ***
Package Dry Run	UNKNOWN STEP	2026-05-18T13:38:48.5283699Z   CARGO_HOME: /home/runner/.cargo
Package Dry Run	UNKNOWN STEP	2026-05-18T13:38:48.5283943Z   CARGO_INCREMENTAL: 0
Package Dry Run	UNKNOWN STEP	2026-05-18T13:38:48.5284147Z ##[endgroup]
Package Dry Run	UNKNOWN STEP	2026-05-18T13:38:48.8074381Z (node:2389) [DEP0040] DeprecationWarning: The `punycode` module is deprecated. Please use a userland alternative instead.
Package Dry Run	UNKNOWN STEP	2026-05-18T13:38:48.8075364Z (Use `node --trace-deprecation ...` to show where the warning was created)
Package Dry Run	UNKNOWN STEP	2026-05-18T13:38:50.0495678Z ##[group]Cache Configuration
Package Dry Run	UNKNOWN STEP	2026-05-18T13:38:50.0496149Z Cache Provider:
Package Dry Run	UNKNOWN STEP	2026-05-18T13:38:50.0498302Z     github
Package Dry Run	UNKNOWN STEP	2026-05-18T13:38:50.0498651Z Workspaces:
Package Dry Run	UNKNOWN STEP	2026-05-18T13:38:50.0499018Z     /home/runner/work/lino-i18n/lino-i18n/rust
Package Dry Run	UNKNOWN STEP	2026-05-18T13:38:50.0499527Z Cache Paths:
Package Dry Run	UNKNOWN STEP	2026-05-18T13:38:50.0499869Z     /home/runner/.cargo/bin
Package Dry Run	UNKNOWN STEP	2026-05-18T13:38:50.0500283Z     /home/runner/.cargo/.crates.toml
Package Dry Run	UNKNOWN STEP	2026-05-18T13:38:50.0500774Z     /home/runner/.cargo/.crates2.json
Package Dry Run	UNKNOWN STEP	2026-05-18T13:38:50.0501185Z     /home/runner/.cargo/registry
Package Dry Run	UNKNOWN STEP	2026-05-18T13:38:50.0501580Z     /home/runner/.cargo/git
Package Dry Run	UNKNOWN STEP	2026-05-18T13:38:50.0502056Z     /home/runner/work/lino-i18n/lino-i18n/rust/target
Package Dry Run	UNKNOWN STEP	2026-05-18T13:38:50.0502556Z Restore Key:
Package Dry Run	UNKNOWN STEP	2026-05-18T13:38:50.0502932Z     v0-rust-package-Linux-x64-27ed6b6c
Package Dry Run	UNKNOWN STEP	2026-05-18T13:38:50.0503391Z Cache Key:
Package Dry Run	UNKNOWN STEP	2026-05-18T13:38:50.0503796Z     v0-rust-package-Linux-x64-27ed6b6c-d2ed2b7f
Package Dry Run	UNKNOWN STEP	2026-05-18T13:38:50.0504300Z .. Prefix:
Package Dry Run	UNKNOWN STEP	2026-05-18T13:38:50.0504630Z   - v0-rust-package-Linux-x64
Package Dry Run	UNKNOWN STEP	2026-05-18T13:38:50.0505060Z .. Environment considered:
Package Dry Run	UNKNOWN STEP	2026-05-18T13:38:50.0505445Z   - Rust Versions:
Package Dry Run	UNKNOWN STEP	2026-05-18T13:38:50.0505968Z     - 1.95.0 x86_64-unknown-linux-gnu 59807616e1fa2540724bfbac14d7976d7e4a3860
Package Dry Run	UNKNOWN STEP	2026-05-18T13:38:50.0507177Z     - 1.95.0 x86_64-unknown-linux-gnu 59807616e1fa2540724bfbac14d7976d7e4a3860
Package Dry Run	UNKNOWN STEP	2026-05-18T13:38:50.0507800Z   - CARGO_HOME
Package Dry Run	UNKNOWN STEP	2026-05-18T13:38:50.0508134Z   - CARGO_INCREMENTAL
Package Dry Run	UNKNOWN STEP	2026-05-18T13:38:50.0508502Z   - CARGO_REGISTRY_TOKEN
Package Dry Run	UNKNOWN STEP	2026-05-18T13:38:50.0508842Z   - CARGO_TERM_COLOR
Package Dry Run	UNKNOWN STEP	2026-05-18T13:38:50.0509154Z   - CARGO_TOKEN
Package Dry Run	UNKNOWN STEP	2026-05-18T13:38:50.0509449Z   - RUST_BACKTRACE
Package Dry Run	UNKNOWN STEP	2026-05-18T13:38:50.0509760Z   - RUSTFLAGS
Package Dry Run	UNKNOWN STEP	2026-05-18T13:38:50.0510057Z .. Lockfiles considered:
Package Dry Run	UNKNOWN STEP	2026-05-18T13:38:50.0510501Z   - /home/runner/work/lino-i18n/lino-i18n/rust/Cargo.lock
Package Dry Run	UNKNOWN STEP	2026-05-18T13:38:50.0511224Z   - /home/runner/work/lino-i18n/lino-i18n/rust/lino-i18n-macros/Cargo.toml
Package Dry Run	UNKNOWN STEP	2026-05-18T13:38:50.0512014Z   - /home/runner/work/lino-i18n/lino-i18n/rust/lino-i18n/Cargo.toml
Package Dry Run	UNKNOWN STEP	2026-05-18T13:38:50.0512885Z ##[endgroup]
Package Dry Run	UNKNOWN STEP	2026-05-18T13:38:50.0513093Z
Package Dry Run	UNKNOWN STEP	2026-05-18T13:38:50.0513242Z ... Restoring cache ...
Package Dry Run	UNKNOWN STEP	2026-05-18T13:38:50.1812955Z Cache hit for: v0-rust-package-Linux-x64-27ed6b6c-d2ed2b7f
Package Dry Run	UNKNOWN STEP	2026-05-18T13:38:50.3553720Z Received 10585406 of 10585406 (100.0%), 71.6 MBs/sec
Package Dry Run	UNKNOWN STEP	2026-05-18T13:38:50.3554454Z Cache Size: ~10 MB (10585406 B)
Package Dry Run	UNKNOWN STEP	2026-05-18T13:38:50.3611294Z [command]/usr/bin/tar -xf /home/runner/work/_temp/020f65ca-42a2-4211-b62b-be86dfc22a66/cache.tzst -P -C /home/runner/work/lino-i18n/lino-i18n --use-compress-program unzstd
Package Dry Run	UNKNOWN STEP	2026-05-18T13:38:50.4605487Z Cache restored successfully
Package Dry Run	UNKNOWN STEP	2026-05-18T13:38:50.4614361Z Restored from cache key "v0-rust-package-Linux-x64-27ed6b6c-d2ed2b7f" full match: true.
Package Dry Run	UNKNOWN STEP	2026-05-18T13:38:50.4726551Z ##[group]Run cargo package --manifest-path rust/lino-i18n-macros/Cargo.toml --allow-dirty
Package Dry Run	UNKNOWN STEP	2026-05-18T13:38:50.4727726Z ^[[36;1mcargo package --manifest-path rust/lino-i18n-macros/Cargo.toml --allow-dirty^[[0m
Package Dry Run	UNKNOWN STEP	2026-05-18T13:38:50.4763418Z shell: /usr/bin/bash -e {0}
Package Dry Run	UNKNOWN STEP	2026-05-18T13:38:50.4763668Z env:
Package Dry Run	UNKNOWN STEP	2026-05-18T13:38:50.4763864Z   CARGO_TERM_COLOR: always
Package Dry Run	UNKNOWN STEP	2026-05-18T13:38:50.4764093Z   RUST_BACKTRACE: 1
Package Dry Run	UNKNOWN STEP	2026-05-18T13:38:50.4764303Z   RUSTFLAGS: -Dwarnings
Package Dry Run	UNKNOWN STEP	2026-05-18T13:38:50.4764668Z   CARGO_REGISTRY_TOKEN: ***
Package Dry Run	UNKNOWN STEP	2026-05-18T13:38:50.4764966Z   CARGO_TOKEN: ***
Package Dry Run	UNKNOWN STEP	2026-05-18T13:38:50.4765177Z   CARGO_HOME: /home/runner/.cargo
Package Dry Run	UNKNOWN STEP	2026-05-18T13:38:50.4765418Z   CARGO_INCREMENTAL: 0
Package Dry Run	UNKNOWN STEP	2026-05-18T13:38:50.4765635Z   CACHE_ON_FAILURE: false
Package Dry Run	UNKNOWN STEP	2026-05-18T13:38:50.4766026Z ##[endgroup]
Package Dry Run	UNKNOWN STEP	2026-05-18T13:38:50.8639180Z ^[[1m^[[92m   Packaging^[[0m lino-i18n-macros v0.0.1 (/home/runner/work/lino-i18n/lino-i18n/rust/lino-i18n-macros)
Package Dry Run	UNKNOWN STEP	2026-05-18T13:38:50.8672509Z ^[[1m^[[92m    Updating^[[0m crates.io index
Package Dry Run	UNKNOWN STEP	2026-05-18T13:38:51.2482370Z ^[[1m^[[92m    Packaged^[[0m 6 files, 13.4KiB (4.5KiB compressed)
Package Dry Run	UNKNOWN STEP	2026-05-18T13:38:51.2483120Z ^[[1m^[[92m   Verifying^[[0m lino-i18n-macros v0.0.1 (/home/runner/work/lino-i18n/lino-i18n/rust/lino-i18n-macros)
Package Dry Run	UNKNOWN STEP	2026-05-18T13:38:51.8168607Z ^[[1m^[[92m   Compiling^[[0m lino-i18n-macros v0.0.1 (/home/runner/work/lino-i18n/lino-i18n/rust/target/package/lino-i18n-macros-0.0.1)
Package Dry Run	UNKNOWN STEP	2026-05-18T13:38:58.3371674Z ^[[1m^[[92m    Finished^[[0m `dev` profile [unoptimized + debuginfo] target(s) in 7.84s
Package Dry Run	UNKNOWN STEP	2026-05-18T13:38:58.3488980Z ##[group]Run cargo package --manifest-path rust/lino-i18n/Cargo.toml --allow-dirty --list
Package Dry Run	UNKNOWN STEP	2026-05-18T13:38:58.3489663Z ^[[36;1mcargo package --manifest-path rust/lino-i18n/Cargo.toml --allow-dirty --list^[[0m
Package Dry Run	UNKNOWN STEP	2026-05-18T13:38:58.3522708Z shell: /usr/bin/bash -e {0}
Package Dry Run	UNKNOWN STEP	2026-05-18T13:38:58.3522951Z env:
Package Dry Run	UNKNOWN STEP	2026-05-18T13:38:58.3523141Z   CARGO_TERM_COLOR: always
Package Dry Run	UNKNOWN STEP	2026-05-18T13:38:58.3523359Z   RUST_BACKTRACE: 1
Package Dry Run	UNKNOWN STEP	2026-05-18T13:38:58.3523565Z   RUSTFLAGS: -Dwarnings
Package Dry Run	UNKNOWN STEP	2026-05-18T13:38:58.3523925Z   CARGO_REGISTRY_TOKEN: ***
Package Dry Run	UNKNOWN STEP	2026-05-18T13:38:58.3524218Z   CARGO_TOKEN: ***
Package Dry Run	UNKNOWN STEP	2026-05-18T13:38:58.3524434Z   CARGO_HOME: /home/runner/.cargo
Package Dry Run	UNKNOWN STEP	2026-05-18T13:38:58.3524677Z   CARGO_INCREMENTAL: 0
Package Dry Run	UNKNOWN STEP	2026-05-18T13:38:58.3524897Z   CACHE_ON_FAILURE: false
Package Dry Run	UNKNOWN STEP	2026-05-18T13:38:58.3525115Z ##[endgroup]
Package Dry Run	UNKNOWN STEP	2026-05-18T13:38:58.3843796Z ^[[1m^[[33mwarning^[[0m: readme `../../README.md` appears to be a path outside of the package, but there is already a file named `README.md` in the root of the package. The archived crate will contain the copy in the root of the package. Update the readme to point to the path relative to the root of the package to remove this warning.
Package Dry Run	UNKNOWN STEP	2026-05-18T13:38:58.3845691Z .cargo_vcs_info.json
Package Dry Run	UNKNOWN STEP	2026-05-18T13:38:58.3846050Z Cargo.lock
Package Dry Run	UNKNOWN STEP	2026-05-18T13:38:58.3846356Z Cargo.toml
Package Dry Run	UNKNOWN STEP	2026-05-18T13:38:58.3846880Z Cargo.toml.orig
Package Dry Run	UNKNOWN STEP	2026-05-18T13:38:58.3847156Z README.md
Package Dry Run	UNKNOWN STEP	2026-05-18T13:38:58.3847405Z examples/basic.rs
Package Dry Run	UNKNOWN STEP	2026-05-18T13:38:58.3847694Z locales/en.lino
Package Dry Run	UNKNOWN STEP	2026-05-18T13:38:58.3847987Z locales/ru.lino
Package Dry Run	UNKNOWN STEP	2026-05-18T13:38:58.3848284Z src/format.rs
Package Dry Run	UNKNOWN STEP	2026-05-18T13:38:58.3848564Z src/i18n.rs
Package Dry Run	UNKNOWN STEP	2026-05-18T13:38:58.3848831Z src/lib.rs
Package Dry Run	UNKNOWN STEP	2026-05-18T13:38:58.3849105Z src/loader.rs
Package Dry Run	UNKNOWN STEP	2026-05-18T13:38:58.3849401Z src/plurals.rs
Package Dry Run	UNKNOWN STEP	2026-05-18T13:38:58.3849703Z tests/integration.rs
Package Dry Run	UNKNOWN STEP	2026-05-18T13:38:58.3923458Z Post job cleanup.
Package Dry Run	UNKNOWN STEP	2026-05-18T13:38:58.6882939Z Cache up-to-date.
Package Dry Run	UNKNOWN STEP	2026-05-18T13:38:58.6886028Z (node:2498) [DEP0040] DeprecationWarning: The `punycode` module is deprecated. Please use a userland alternative instead.
Package Dry Run	UNKNOWN STEP	2026-05-18T13:38:58.6887319Z (Use `node --trace-deprecation ...` to show where the warning was created)
Package Dry Run	UNKNOWN STEP	2026-05-18T13:38:58.7059155Z Post job cleanup.
Package Dry Run	UNKNOWN STEP	2026-05-18T13:38:58.7905300Z [command]/usr/bin/git version
Package Dry Run	UNKNOWN STEP	2026-05-18T13:38:58.7942615Z git version 2.54.0
Package Dry Run	UNKNOWN STEP	2026-05-18T13:38:58.7982811Z Temporarily overriding HOME='/home/runner/work/_temp/5f0df740-76f9-4a22-a603-6b372d125085' before making global git config changes
Package Dry Run	UNKNOWN STEP	2026-05-18T13:38:58.7983894Z Adding repository directory to the temporary git global config as a safe directory
Package Dry Run	UNKNOWN STEP	2026-05-18T13:38:58.7989288Z [command]/usr/bin/git config --global --add safe.directory /home/runner/work/lino-i18n/lino-i18n
Package Dry Run	UNKNOWN STEP	2026-05-18T13:38:58.8021293Z Removing SSH command configuration
Package Dry Run	UNKNOWN STEP	2026-05-18T13:38:58.8028505Z [command]/usr/bin/git config --local --name-only --get-regexp core\.sshCommand
Package Dry Run	UNKNOWN STEP	2026-05-18T13:38:58.8088375Z [command]/usr/bin/git submodule foreach --recursive sh -c "git config --local --name-only --get-regexp 'core\.sshCommand' && git config --local --unset-all 'core.sshCommand' || :"
Package Dry Run	UNKNOWN STEP	2026-05-18T13:38:58.8316873Z Removing HTTP extra header
Package Dry Run	UNKNOWN STEP	2026-05-18T13:38:58.8322735Z [command]/usr/bin/git config --local --name-only --get-regexp http\.https\:\/\/github\.com\/\.extraheader
Package Dry Run	UNKNOWN STEP	2026-05-18T13:38:58.8357924Z [command]/usr/bin/git submodule foreach --recursive sh -c "git config --local --name-only --get-regexp 'http\.https\:\/\/github\.com\/\.extraheader' && git config --local --unset-all 'http.https://github.com/.extraheader' || :"
Package Dry Run	UNKNOWN STEP	2026-05-18T13:38:58.8592459Z Removing includeIf entries pointing to credentials config files
Package Dry Run	UNKNOWN STEP	2026-05-18T13:38:58.8603332Z [command]/usr/bin/git config --local --name-only --get-regexp ^includeIf\.gitdir:
Package Dry Run	UNKNOWN STEP	2026-05-18T13:38:58.8635257Z includeif.gitdir:/home/runner/work/lino-i18n/lino-i18n/.git.path
Package Dry Run	UNKNOWN STEP	2026-05-18T13:38:58.8636166Z includeif.gitdir:/home/runner/work/lino-i18n/lino-i18n/.git/worktrees/*.path
Package Dry Run	UNKNOWN STEP	2026-05-18T13:38:58.8637147Z includeif.gitdir:/github/workspace/.git.path
Package Dry Run	UNKNOWN STEP	2026-05-18T13:38:58.8637732Z includeif.gitdir:/github/workspace/.git/worktrees/*.path
Package Dry Run	UNKNOWN STEP	2026-05-18T13:38:58.8647982Z [command]/usr/bin/git config --local --get-all includeif.gitdir:/home/runner/work/lino-i18n/lino-i18n/.git.path
Package Dry Run	UNKNOWN STEP	2026-05-18T13:38:58.8671971Z /home/runner/work/_temp/git-credentials-ae65344d-dec2-48ac-83b2-8d1a1b5b4be6.config
Package Dry Run	UNKNOWN STEP	2026-05-18T13:38:58.8687781Z [command]/usr/bin/git config --local --unset includeif.gitdir:/home/runner/work/lino-i18n/lino-i18n/.git.path /home/runner/work/_temp/git-credentials-ae65344d-dec2-48ac-83b2-8d1a1b5b4be6.config
Package Dry Run	UNKNOWN STEP	2026-05-18T13:38:58.8730144Z [command]/usr/bin/git config --local --get-all includeif.gitdir:/home/runner/work/lino-i18n/lino-i18n/.git/worktrees/*.path
Package Dry Run	UNKNOWN STEP	2026-05-18T13:38:58.8756097Z /home/runner/work/_temp/git-credentials-ae65344d-dec2-48ac-83b2-8d1a1b5b4be6.config
Package Dry Run	UNKNOWN STEP	2026-05-18T13:38:58.8769372Z [command]/usr/bin/git config --local --unset includeif.gitdir:/home/runner/work/lino-i18n/lino-i18n/.git/worktrees/*.path /home/runner/work/_temp/git-credentials-ae65344d-dec2-48ac-83b2-8d1a1b5b4be6.config
Package Dry Run	UNKNOWN STEP	2026-05-18T13:38:58.8807333Z [command]/usr/bin/git config --local --get-all includeif.gitdir:/github/workspace/.git.path
Package Dry Run	UNKNOWN STEP	2026-05-18T13:38:58.8832298Z /github/runner_temp/git-credentials-ae65344d-dec2-48ac-83b2-8d1a1b5b4be6.config
Package Dry Run	UNKNOWN STEP	2026-05-18T13:38:58.8844875Z [command]/usr/bin/git config --local --unset includeif.gitdir:/github/workspace/.git.path /github/runner_temp/git-credentials-ae65344d-dec2-48ac-83b2-8d1a1b5b4be6.config
Package Dry Run	UNKNOWN STEP	2026-05-18T13:38:58.8880695Z [command]/usr/bin/git config --local --get-all includeif.gitdir:/github/workspace/.git/worktrees/*.path
Package Dry Run	UNKNOWN STEP	2026-05-18T13:38:58.8904173Z /github/runner_temp/git-credentials-ae65344d-dec2-48ac-83b2-8d1a1b5b4be6.config
Package Dry Run	UNKNOWN STEP	2026-05-18T13:38:58.8915329Z [command]/usr/bin/git config --local --unset includeif.gitdir:/github/workspace/.git/worktrees/*.path /github/runner_temp/git-credentials-ae65344d-dec2-48ac-83b2-8d1a1b5b4be6.config
Package Dry Run	UNKNOWN STEP	2026-05-18T13:38:58.8950813Z [command]/usr/bin/git submodule foreach --recursive git config --local --show-origin --name-only --get-regexp remote.origin.url
Package Dry Run	UNKNOWN STEP	2026-05-18T13:38:58.9190293Z Removing credentials config '/home/runner/work/_temp/git-credentials-ae65344d-dec2-48ac-83b2-8d1a1b5b4be6.config'
Package Dry Run	UNKNOWN STEP	2026-05-18T13:38:58.9330031Z Cleaning up orphan processes
Publish Crates and GitHub Release	UNKNOWN STEP	﻿2026-05-18T13:39:07.5531342Z Current runner version: '2.334.0'
Publish Crates and GitHub Release	UNKNOWN STEP	2026-05-18T13:39:07.5556923Z ##[group]Runner Image Provisioner
Publish Crates and GitHub Release	UNKNOWN STEP	2026-05-18T13:39:07.5557734Z Hosted Compute Agent
Publish Crates and GitHub Release	UNKNOWN STEP	2026-05-18T13:39:07.5558841Z Version: 20260213.493
Publish Crates and GitHub Release	UNKNOWN STEP	2026-05-18T13:39:07.5559477Z Commit: 5c115507f6dd24b8de37d8bbe0bb4509d0cc0fa3
Publish Crates and GitHub Release	UNKNOWN STEP	2026-05-18T13:39:07.5560160Z Build Date: 2026-02-13T00:28:41Z
Publish Crates and GitHub Release	UNKNOWN STEP	2026-05-18T13:39:07.5560873Z Worker ID: {6f32edf0-b1f6-4a2b-ace7-9964c8f7ace6}
Publish Crates and GitHub Release	UNKNOWN STEP	2026-05-18T13:39:07.5561576Z Azure Region: westus
Publish Crates and GitHub Release	UNKNOWN STEP	2026-05-18T13:39:07.5562419Z ##[endgroup]
Publish Crates and GitHub Release	UNKNOWN STEP	2026-05-18T13:39:07.5564062Z ##[group]Operating System
Publish Crates and GitHub Release	UNKNOWN STEP	2026-05-18T13:39:07.5564629Z Ubuntu
Publish Crates and GitHub Release	UNKNOWN STEP	2026-05-18T13:39:07.5565106Z 24.04.4
Publish Crates and GitHub Release	UNKNOWN STEP	2026-05-18T13:39:07.5565620Z LTS
Publish Crates and GitHub Release	UNKNOWN STEP	2026-05-18T13:39:07.5566050Z ##[endgroup]
Publish Crates and GitHub Release	UNKNOWN STEP	2026-05-18T13:39:07.5566564Z ##[group]Runner Image
Publish Crates and GitHub Release	UNKNOWN STEP	2026-05-18T13:39:07.5567149Z Image: ubuntu-24.04
Publish Crates and GitHub Release	UNKNOWN STEP	2026-05-18T13:39:07.5567691Z Version: 20260513.135.3
Publish Crates and GitHub Release	UNKNOWN STEP	2026-05-18T13:39:07.5568987Z Included Software: https://github.com/actions/runner-images/blob/ubuntu24/20260513.135/images/ubuntu/Ubuntu2404-Readme.md
Publish Crates and GitHub Release	UNKNOWN STEP	2026-05-18T13:39:07.5570424Z Image Release: https://github.com/actions/runner-images/releases/tag/ubuntu24%2F20260513.135
Publish Crates and GitHub Release	UNKNOWN STEP	2026-05-18T13:39:07.5571365Z ##[endgroup]
Publish Crates and GitHub Release	UNKNOWN STEP	2026-05-18T13:39:07.5572882Z ##[group]GITHUB_TOKEN Permissions
Publish Crates and GitHub Release	UNKNOWN STEP	2026-05-18T13:39:07.5574883Z Contents: write
Publish Crates and GitHub Release	UNKNOWN STEP	2026-05-18T13:39:07.5575584Z Metadata: read
Publish Crates and GitHub Release	UNKNOWN STEP	2026-05-18T13:39:07.5576141Z Pages: write
Publish Crates and GitHub Release	UNKNOWN STEP	2026-05-18T13:39:07.5576621Z PullRequests: write
Publish Crates and GitHub Release	UNKNOWN STEP	2026-05-18T13:39:07.5577236Z ##[endgroup]
Publish Crates and GitHub Release	UNKNOWN STEP	2026-05-18T13:39:07.5579546Z Secret source: Actions
Publish Crates and GitHub Release	UNKNOWN STEP	2026-05-18T13:39:07.5580240Z Prepare workflow directory
Publish Crates and GitHub Release	UNKNOWN STEP	2026-05-18T13:39:07.6223122Z Prepare all required actions
Publish Crates and GitHub Release	UNKNOWN STEP	2026-05-18T13:39:07.6261148Z Getting action download info
Publish Crates and GitHub Release	UNKNOWN STEP	2026-05-18T13:39:08.1326970Z Download action repository 'actions/checkout@v6' (SHA:de0fac2e4500dabe0009e67214ff5f5447ce83dd)
Publish Crates and GitHub Release	UNKNOWN STEP	2026-05-18T13:39:08.2646653Z Download action repository 'dtolnay/rust-toolchain@stable' (SHA:29eef336d9b2848a0b548edc03f92a220660cdb8)
Publish Crates and GitHub Release	UNKNOWN STEP	2026-05-18T13:39:08.5619453Z Download action repository 'Swatinem/rust-cache@v2' (SHA:e18b497796c12c097a38f9edb9d0641fb99eee32)
Publish Crates and GitHub Release	UNKNOWN STEP	2026-05-18T13:39:09.5166428Z Complete job name: Publish Crates and GitHub Release
Publish Crates and GitHub Release	UNKNOWN STEP	2026-05-18T13:39:09.6015807Z ##[group]Run actions/checkout@v6
Publish Crates and GitHub Release	UNKNOWN STEP	2026-05-18T13:39:09.6016927Z with:
Publish Crates and GitHub Release	UNKNOWN STEP	2026-05-18T13:39:09.6017457Z   fetch-depth: 0
Publish Crates and GitHub Release	UNKNOWN STEP	2026-05-18T13:39:09.6018090Z   repository: link-foundation/lino-i18n
Publish Crates and GitHub Release	UNKNOWN STEP	2026-05-18T13:39:09.6019231Z   token: ***
Publish Crates and GitHub Release	UNKNOWN STEP	2026-05-18T13:39:09.6019771Z   ssh-strict: true
Publish Crates and GitHub Release	UNKNOWN STEP	2026-05-18T13:39:09.6020352Z   ssh-user: git
Publish Crates and GitHub Release	UNKNOWN STEP	2026-05-18T13:39:09.6020946Z   persist-credentials: true
Publish Crates and GitHub Release	UNKNOWN STEP	2026-05-18T13:39:09.6021624Z   clean: true
Publish Crates and GitHub Release	UNKNOWN STEP	2026-05-18T13:39:09.6022626Z   sparse-checkout-cone-mode: true
Publish Crates and GitHub Release	UNKNOWN STEP	2026-05-18T13:39:09.6023480Z   fetch-tags: false
Publish Crates and GitHub Release	UNKNOWN STEP	2026-05-18T13:39:09.6024082Z   show-progress: true
Publish Crates and GitHub Release	UNKNOWN STEP	2026-05-18T13:39:09.6024679Z   lfs: false
Publish Crates and GitHub Release	UNKNOWN STEP	2026-05-18T13:39:09.6025201Z   submodules: false
Publish Crates and GitHub Release	UNKNOWN STEP	2026-05-18T13:39:09.6025809Z   set-safe-directory: true
Publish Crates and GitHub Release	UNKNOWN STEP	2026-05-18T13:39:09.6026785Z env:
Publish Crates and GitHub Release	UNKNOWN STEP	2026-05-18T13:39:09.6027304Z   CARGO_TERM_COLOR: always
Publish Crates and GitHub Release	UNKNOWN STEP	2026-05-18T13:39:09.6027966Z   RUST_BACKTRACE: 1
Publish Crates and GitHub Release	UNKNOWN STEP	2026-05-18T13:39:09.6028600Z   RUSTFLAGS: -Dwarnings
Publish Crates and GitHub Release	UNKNOWN STEP	2026-05-18T13:39:09.6029542Z   CARGO_REGISTRY_TOKEN: ***
Publish Crates and GitHub Release	UNKNOWN STEP	2026-05-18T13:39:09.6030411Z   CARGO_TOKEN: ***
Publish Crates and GitHub Release	UNKNOWN STEP	2026-05-18T13:39:09.6030978Z ##[endgroup]
Publish Crates and GitHub Release	UNKNOWN STEP	2026-05-18T13:39:09.7071820Z Syncing repository: link-foundation/lino-i18n
Publish Crates and GitHub Release	UNKNOWN STEP	2026-05-18T13:39:09.7074714Z ##[group]Getting Git version info
Publish Crates and GitHub Release	UNKNOWN STEP	2026-05-18T13:39:09.7075778Z Working directory is '/home/runner/work/lino-i18n/lino-i18n'
Publish Crates and GitHub Release	UNKNOWN STEP	2026-05-18T13:39:09.7077371Z [command]/usr/bin/git version
Publish Crates and GitHub Release	UNKNOWN STEP	2026-05-18T13:39:09.7139670Z git version 2.54.0
Publish Crates and GitHub Release	UNKNOWN STEP	2026-05-18T13:39:09.7198945Z ##[endgroup]
Publish Crates and GitHub Release	UNKNOWN STEP	2026-05-18T13:39:09.7216108Z Temporarily overriding HOME='/home/runner/work/_temp/375c1a9a-17fa-4dd7-ab0b-695ddeeddd1c' before making global git config changes
Publish Crates and GitHub Release	UNKNOWN STEP	2026-05-18T13:39:09.7219148Z Adding repository directory to the temporary git global config as a safe directory
Publish Crates and GitHub Release	UNKNOWN STEP	2026-05-18T13:39:09.7222365Z [command]/usr/bin/git config --global --add safe.directory /home/runner/work/lino-i18n/lino-i18n
Publish Crates and GitHub Release	UNKNOWN STEP	2026-05-18T13:39:09.7278175Z Deleting the contents of '/home/runner/work/lino-i18n/lino-i18n'
Publish Crates and GitHub Release	UNKNOWN STEP	2026-05-18T13:39:09.7283419Z ##[group]Initializing the repository
Publish Crates and GitHub Release	UNKNOWN STEP	2026-05-18T13:39:09.7288980Z [command]/usr/bin/git init /home/runner/work/lino-i18n/lino-i18n
Publish Crates and GitHub Release	UNKNOWN STEP	2026-05-18T13:39:09.7480454Z hint: Using 'master' as the name for the initial branch. This default branch name
Publish Crates and GitHub Release	UNKNOWN STEP	2026-05-18T13:39:09.7488095Z hint: will change to "main" in Git 3.0. To configure the initial branch name
Publish Crates and GitHub Release	UNKNOWN STEP	2026-05-18T13:39:09.7491081Z hint: to use in all of your new repositories, which will suppress this warning,
Publish Crates and GitHub Release	UNKNOWN STEP	2026-05-18T13:39:09.7493067Z hint: call:
Publish Crates and GitHub Release	UNKNOWN STEP	2026-05-18T13:39:09.7493831Z hint:
Publish Crates and GitHub Release	UNKNOWN STEP	2026-05-18T13:39:09.7495288Z hint: 	git config --global init.defaultBranch <name>
Publish Crates and GitHub Release	UNKNOWN STEP	2026-05-18T13:39:09.7496570Z hint:
Publish Crates and GitHub Release	UNKNOWN STEP	2026-05-18T13:39:09.7497746Z hint: Names commonly chosen instead of 'master' are 'main', 'trunk' and
Publish Crates and GitHub Release	UNKNOWN STEP	2026-05-18T13:39:09.7500555Z hint: 'development'. The just-created branch can be renamed via this command:
Publish Crates and GitHub Release	UNKNOWN STEP	2026-05-18T13:39:09.7501887Z hint:
Publish Crates and GitHub Release	UNKNOWN STEP	2026-05-18T13:39:09.7502748Z hint: 	git branch -m <name>
Publish Crates and GitHub Release	UNKNOWN STEP	2026-05-18T13:39:09.7503465Z hint:
Publish Crates and GitHub Release	UNKNOWN STEP	2026-05-18T13:39:09.7504425Z hint: Disable this message with "git config set advice.defaultBranchName false"
Publish Crates and GitHub Release	UNKNOWN STEP	2026-05-18T13:39:09.7506063Z Initialized empty Git repository in /home/runner/work/lino-i18n/lino-i18n/.git/
Publish Crates and GitHub Release	UNKNOWN STEP	2026-05-18T13:39:09.7509063Z [command]/usr/bin/git remote add origin https://github.com/link-foundation/lino-i18n
Publish Crates and GitHub Release	UNKNOWN STEP	2026-05-18T13:39:09.7550091Z ##[endgroup]
Publish Crates and GitHub Release	UNKNOWN STEP	2026-05-18T13:39:09.7551158Z ##[group]Disabling automatic garbage collection
Publish Crates and GitHub Release	UNKNOWN STEP	2026-05-18T13:39:09.7554239Z [command]/usr/bin/git config --local gc.auto 0
Publish Crates and GitHub Release	UNKNOWN STEP	2026-05-18T13:39:09.7587118Z ##[endgroup]
Publish Crates and GitHub Release	UNKNOWN STEP	2026-05-18T13:39:09.7588592Z ##[group]Setting up auth
Publish Crates and GitHub Release	UNKNOWN STEP	2026-05-18T13:39:09.7589433Z Removing SSH command configuration
Publish Crates and GitHub Release	UNKNOWN STEP	2026-05-18T13:39:09.7594931Z [command]/usr/bin/git config --local --name-only --get-regexp core\.sshCommand
Publish Crates and GitHub Release	UNKNOWN STEP	2026-05-18T13:39:09.7631193Z [command]/usr/bin/git submodule foreach --recursive sh -c "git config --local --name-only --get-regexp 'core\.sshCommand' && git config --local --unset-all 'core.sshCommand' || :"
Publish Crates and GitHub Release	UNKNOWN STEP	2026-05-18T13:39:09.7997636Z Removing HTTP extra header
Publish Crates and GitHub Release	UNKNOWN STEP	2026-05-18T13:39:09.8005233Z [command]/usr/bin/git config --local --name-only --get-regexp http\.https\:\/\/github\.com\/\.extraheader
Publish Crates and GitHub Release	UNKNOWN STEP	2026-05-18T13:39:09.8039827Z [command]/usr/bin/git submodule foreach --recursive sh -c "git config --local --name-only --get-regexp 'http\.https\:\/\/github\.com\/\.extraheader' && git config --local --unset-all 'http.https://github.com/.extraheader' || :"
Publish Crates and GitHub Release	UNKNOWN STEP	2026-05-18T13:39:09.8269493Z Removing includeIf entries pointing to credentials config files
Publish Crates and GitHub Release	UNKNOWN STEP	2026-05-18T13:39:09.8275361Z [command]/usr/bin/git config --local --name-only --get-regexp ^includeIf\.gitdir:
Publish Crates and GitHub Release	UNKNOWN STEP	2026-05-18T13:39:09.8308336Z [command]/usr/bin/git submodule foreach --recursive git config --local --show-origin --name-only --get-regexp remote.origin.url
Publish Crates and GitHub Release	UNKNOWN STEP	2026-05-18T13:39:09.8537053Z [command]/usr/bin/git config --file /home/runner/work/_temp/git-credentials-49381084-e190-4c3c-8901-d835a05f489f.config http.https://github.com/.extraheader AUTHORIZATION: basic ***
Publish Crates and GitHub Release	UNKNOWN STEP	2026-05-18T13:39:09.8577247Z [command]/usr/bin/git config --local includeIf.gitdir:/home/runner/work/lino-i18n/lino-i18n/.git.path /home/runner/work/_temp/git-credentials-49381084-e190-4c3c-8901-d835a05f489f.config
Publish Crates and GitHub Release	UNKNOWN STEP	2026-05-18T13:39:09.8609100Z [command]/usr/bin/git config --local includeIf.gitdir:/home/runner/work/lino-i18n/lino-i18n/.git/worktrees/*.path /home/runner/work/_temp/git-credentials-49381084-e190-4c3c-8901-d835a05f489f.config
Publish Crates and GitHub Release	UNKNOWN STEP	2026-05-18T13:39:09.8644147Z [command]/usr/bin/git config --local includeIf.gitdir:/github/workspace/.git.path /github/runner_temp/git-credentials-49381084-e190-4c3c-8901-d835a05f489f.config
Publish Crates and GitHub Release	UNKNOWN STEP	2026-05-18T13:39:09.8677456Z [command]/usr/bin/git config --local includeIf.gitdir:/github/workspace/.git/worktrees/*.path /github/runner_temp/git-credentials-49381084-e190-4c3c-8901-d835a05f489f.config
Publish Crates and GitHub Release	UNKNOWN STEP	2026-05-18T13:39:09.8710941Z ##[endgroup]
Publish Crates and GitHub Release	UNKNOWN STEP	2026-05-18T13:39:09.8713050Z ##[group]Fetching the repository
Publish Crates and GitHub Release	UNKNOWN STEP	2026-05-18T13:39:09.8722861Z [command]/usr/bin/git -c protocol.version=2 fetch --no-tags --prune --no-recurse-submodules origin +refs/heads/*:refs/remotes/origin/* +refs/tags/*:refs/tags/*
Publish Crates and GitHub Release	UNKNOWN STEP	2026-05-18T13:39:10.8348860Z From https://github.com/link-foundation/lino-i18n
Publish Crates and GitHub Release	UNKNOWN STEP	2026-05-18T13:39:10.8349450Z  * [new branch]      issue-1-76ffa2dc55cc  -> origin/issue-1-76ffa2dc55cc
Publish Crates and GitHub Release	UNKNOWN STEP	2026-05-18T13:39:10.8350010Z  * [new branch]      issue-10-6657adb31046 -> origin/issue-10-6657adb31046
Publish Crates and GitHub Release	UNKNOWN STEP	2026-05-18T13:39:10.8350545Z  * [new branch]      issue-11-b5c8ef3bbd84 -> origin/issue-11-b5c8ef3bbd84
Publish Crates and GitHub Release	UNKNOWN STEP	2026-05-18T13:39:10.8351071Z  * [new branch]      issue-12-3c4f596e0c67 -> origin/issue-12-3c4f596e0c67
Publish Crates and GitHub Release	UNKNOWN STEP	2026-05-18T13:39:10.8351623Z  * [new branch]      issue-3-b3eb0917c317  -> origin/issue-3-b3eb0917c317
Publish Crates and GitHub Release	UNKNOWN STEP	2026-05-18T13:39:10.8352321Z  * [new branch]      issue-5-169afc4a2006  -> origin/issue-5-169afc4a2006
Publish Crates and GitHub Release	UNKNOWN STEP	2026-05-18T13:39:10.8352836Z  * [new branch]      issue-5-35d32a59c464  -> origin/issue-5-35d32a59c464
Publish Crates and GitHub Release	UNKNOWN STEP	2026-05-18T13:39:10.8353343Z  * [new branch]      issue-8-ca918c4d7d4c  -> origin/issue-8-ca918c4d7d4c
Publish Crates and GitHub Release	UNKNOWN STEP	2026-05-18T13:39:10.8353817Z  * [new branch]      main                  -> origin/main
Publish Crates and GitHub Release	UNKNOWN STEP	2026-05-18T13:39:10.8354223Z  * [new tag]         js-v0.0.1             -> js-v0.0.1
Publish Crates and GitHub Release	UNKNOWN STEP	2026-05-18T13:39:10.8354622Z  * [new tag]         rust-v0.0.1           -> rust-v0.0.1
Publish Crates and GitHub Release	UNKNOWN STEP	2026-05-18T13:39:10.8392911Z [command]/usr/bin/git branch --list --remote origin/main
Publish Crates and GitHub Release	UNKNOWN STEP	2026-05-18T13:39:10.8421113Z   origin/main
Publish Crates and GitHub Release	UNKNOWN STEP	2026-05-18T13:39:10.8431264Z [command]/usr/bin/git rev-parse refs/remotes/origin/main
Publish Crates and GitHub Release	UNKNOWN STEP	2026-05-18T13:39:10.8453580Z 8910b98b665a650690c0d9e9188bbf6bec1e9d2c
Publish Crates and GitHub Release	UNKNOWN STEP	2026-05-18T13:39:10.8457504Z ##[endgroup]
Publish Crates and GitHub Release	UNKNOWN STEP	2026-05-18T13:39:10.8457860Z ##[group]Determining the checkout info
Publish Crates and GitHub Release	UNKNOWN STEP	2026-05-18T13:39:10.8459092Z ##[endgroup]
Publish Crates and GitHub Release	UNKNOWN STEP	2026-05-18T13:39:10.8463815Z [command]/usr/bin/git sparse-checkout disable
Publish Crates and GitHub Release	UNKNOWN STEP	2026-05-18T13:39:10.8508806Z [command]/usr/bin/git config --local --unset-all extensions.worktreeConfig
Publish Crates and GitHub Release	UNKNOWN STEP	2026-05-18T13:39:10.8537219Z ##[group]Checking out the ref
Publish Crates and GitHub Release	UNKNOWN STEP	2026-05-18T13:39:10.8541044Z [command]/usr/bin/git checkout --progress --force -B main refs/remotes/origin/main
Publish Crates and GitHub Release	UNKNOWN STEP	2026-05-18T13:39:10.9121411Z Switched to a new branch 'main'
Publish Crates and GitHub Release	UNKNOWN STEP	2026-05-18T13:39:10.9122530Z branch 'main' set up to track 'origin/main'.
Publish Crates and GitHub Release	UNKNOWN STEP	2026-05-18T13:39:10.9131280Z ##[endgroup]
Publish Crates and GitHub Release	UNKNOWN STEP	2026-05-18T13:39:10.9181694Z [command]/usr/bin/git log -1 --format=%H
Publish Crates and GitHub Release	UNKNOWN STEP	2026-05-18T13:39:10.9209308Z 8910b98b665a650690c0d9e9188bbf6bec1e9d2c
Publish Crates and GitHub Release	UNKNOWN STEP	2026-05-18T13:39:10.9659148Z ##[group]Run dtolnay/rust-toolchain@stable
Publish Crates and GitHub Release	UNKNOWN STEP	2026-05-18T13:39:10.9659729Z with:
Publish Crates and GitHub Release	UNKNOWN STEP	2026-05-18T13:39:10.9660060Z   toolchain: stable
Publish Crates and GitHub Release	UNKNOWN STEP	2026-05-18T13:39:10.9660411Z env:
Publish Crates and GitHub Release	UNKNOWN STEP	2026-05-18T13:39:10.9660721Z   CARGO_TERM_COLOR: always
Publish Crates and GitHub Release	UNKNOWN STEP	2026-05-18T13:39:10.9661143Z   RUST_BACKTRACE: 1
Publish Crates and GitHub Release	UNKNOWN STEP	2026-05-18T13:39:10.9661499Z   RUSTFLAGS: -Dwarnings
Publish Crates and GitHub Release	UNKNOWN STEP	2026-05-18T13:39:10.9662414Z   CARGO_REGISTRY_TOKEN: ***
Publish Crates and GitHub Release	UNKNOWN STEP	2026-05-18T13:39:10.9663058Z   CARGO_TOKEN: ***
Publish Crates and GitHub Release	UNKNOWN STEP	2026-05-18T13:39:10.9663415Z ##[endgroup]
Publish Crates and GitHub Release	UNKNOWN STEP	2026-05-18T13:39:10.9799313Z ##[group]Run : parse toolchain version
Publish Crates and GitHub Release	UNKNOWN STEP	2026-05-18T13:39:10.9799739Z ^[[36;1m: parse toolchain version^[[0m
Publish Crates and GitHub Release	UNKNOWN STEP	2026-05-18T13:39:10.9800028Z ^[[36;1mif [[ -z $toolchain ]]; then^[[0m
Publish Crates and GitHub Release	UNKNOWN STEP	2026-05-18T13:39:10.9800590Z ^[[36;1m  # GitHub does not enforce `required: true` inputs itself. https://github.com/actions/runner/issues/1070^[[0m
Publish Crates and GitHub Release	UNKNOWN STEP	2026-05-18T13:39:10.9801162Z ^[[36;1m  echo "'toolchain' is a required input" >&2^[[0m
Publish Crates and GitHub Release	UNKNOWN STEP	2026-05-18T13:39:10.9801453Z ^[[36;1m  exit 1^[[0m
Publish Crates and GitHub Release	UNKNOWN STEP	2026-05-18T13:39:10.9801838Z ^[[36;1melif [[ $toolchain =~ ^stable' '[0-9]+' '(year|month|week|day)s?' 'ago$ ]]; then^[[0m
Publish Crates and GitHub Release	UNKNOWN STEP	2026-05-18T13:39:10.9802548Z ^[[36;1m  if [[ Linux == macOS ]]; then^[[0m
Publish Crates and GitHub Release	UNKNOWN STEP	2026-05-18T13:39:10.9803100Z ^[[36;1m    echo "toolchain=1.$((($(date -v-$(sed 's/stable \([0-9]*\) \(.\).*/\1\2/' <<< $toolchain) +%s)/60/60/24-16569)/7/6))" >> $GITHUB_OUTPUT^[[0m
Publish Crates and GitHub Release	UNKNOWN STEP	2026-05-18T13:39:10.9803608Z ^[[36;1m  else^[[0m
Publish Crates and GitHub Release	UNKNOWN STEP	2026-05-18T13:39:10.9804012Z ^[[36;1m    echo "toolchain=1.$((($(date --date "${toolchain#stable }" +%s)/60/60/24-16569)/7/6))" >> $GITHUB_OUTPUT^[[0m
Publish Crates and GitHub Release	UNKNOWN STEP	2026-05-18T13:39:10.9804467Z ^[[36;1m  fi^[[0m
Publish Crates and GitHub Release	UNKNOWN STEP	2026-05-18T13:39:10.9804762Z ^[[36;1melif [[ $toolchain =~ ^stable' 'minus' '[0-9]+' 'releases?$ ]]; then^[[0m
Publish Crates and GitHub Release	UNKNOWN STEP	2026-05-18T13:39:10.9805495Z ^[[36;1m  echo "toolchain=1.$((($(date +%s)/60/60/24-16569)/7/6-${toolchain//[^0-9]/}))" >> $GITHUB_OUTPUT^[[0m
Publish Crates and GitHub Release	UNKNOWN STEP	2026-05-18T13:39:10.9806001Z ^[[36;1melif [[ $toolchain =~ ^1\.[0-9]+$ ]]; then^[[0m
Publish Crates and GitHub Release	UNKNOWN STEP	2026-05-18T13:39:10.9806544Z ^[[36;1m  echo "toolchain=1.$((i=${toolchain#1.}, c=($(date +%s)/60/60/24-16569)/7/6, i+9*i*(10*i<=c)+90*i*(100*i<=c)))" >> $GITHUB_OUTPUT^[[0m
Publish Crates and GitHub Release	UNKNOWN STEP	2026-05-18T13:39:10.9807029Z ^[[36;1melse^[[0m
Publish Crates and GitHub Release	UNKNOWN STEP	2026-05-18T13:39:10.9807272Z ^[[36;1m  echo "toolchain=$toolchain" >> $GITHUB_OUTPUT^[[0m
Publish Crates and GitHub Release	UNKNOWN STEP	2026-05-18T13:39:10.9807562Z ^[[36;1mfi^[[0m
Publish Crates and GitHub Release	UNKNOWN STEP	2026-05-18T13:39:10.9844972Z shell: /usr/bin/bash --noprofile --norc -e -o pipefail {0}
Publish Crates and GitHub Release	UNKNOWN STEP	2026-05-18T13:39:10.9845331Z env:
Publish Crates and GitHub Release	UNKNOWN STEP	2026-05-18T13:39:10.9845524Z   CARGO_TERM_COLOR: always
Publish Crates and GitHub Release	UNKNOWN STEP	2026-05-18T13:39:10.9845748Z   RUST_BACKTRACE: 1
Publish Crates and GitHub Release	UNKNOWN STEP	2026-05-18T13:39:10.9845954Z   RUSTFLAGS: -Dwarnings
Publish Crates and GitHub Release	UNKNOWN STEP	2026-05-18T13:39:10.9846435Z   CARGO_REGISTRY_TOKEN: ***
Publish Crates and GitHub Release	UNKNOWN STEP	2026-05-18T13:39:10.9846727Z   CARGO_TOKEN: ***
Publish Crates and GitHub Release	UNKNOWN STEP	2026-05-18T13:39:10.9846923Z   toolchain: stable
Publish Crates and GitHub Release	UNKNOWN STEP	2026-05-18T13:39:10.9847118Z ##[endgroup]
Publish Crates and GitHub Release	UNKNOWN STEP	2026-05-18T13:39:10.9993852Z ##[group]Run : construct rustup command line
Publish Crates and GitHub Release	UNKNOWN STEP	2026-05-18T13:39:10.9994245Z ^[[36;1m: construct rustup command line^[[0m
Publish Crates and GitHub Release	UNKNOWN STEP	2026-05-18T13:39:10.9994723Z ^[[36;1mecho "targets=$(for t in ${targets//,/ }; do echo -n ' --target' $t; done)" >> $GITHUB_OUTPUT^[[0m
Publish Crates and GitHub Release	UNKNOWN STEP	2026-05-18T13:39:10.9995404Z ^[[36;1mecho "components=$(for c in ${components//,/ }; do echo -n ' --component' $c; done)" >> $GITHUB_OUTPUT^[[0m
Publish Crates and GitHub Release	UNKNOWN STEP	2026-05-18T13:39:10.9995928Z ^[[36;1mecho "downgrade=" >> $GITHUB_OUTPUT^[[0m
Publish Crates and GitHub Release	UNKNOWN STEP	2026-05-18T13:39:11.0029241Z shell: /usr/bin/bash --noprofile --norc -e -o pipefail {0}
Publish Crates and GitHub Release	UNKNOWN STEP	2026-05-18T13:39:11.0029610Z env:
Publish Crates and GitHub Release	UNKNOWN STEP	2026-05-18T13:39:11.0029808Z   CARGO_TERM_COLOR: always
Publish Crates and GitHub Release	UNKNOWN STEP	2026-05-18T13:39:11.0030035Z   RUST_BACKTRACE: 1
Publish Crates and GitHub Release	UNKNOWN STEP	2026-05-18T13:39:11.0030248Z   RUSTFLAGS: -Dwarnings
Publish Crates and GitHub Release	UNKNOWN STEP	2026-05-18T13:39:11.0030665Z   CARGO_REGISTRY_TOKEN: ***
Publish Crates and GitHub Release	UNKNOWN STEP	2026-05-18T13:39:11.0030958Z   CARGO_TOKEN: ***
Publish Crates and GitHub Release	UNKNOWN STEP	2026-05-18T13:39:11.0031153Z   targets:
Publish Crates and GitHub Release	UNKNOWN STEP	2026-05-18T13:39:11.0031326Z   components:
Publish Crates and GitHub Release	UNKNOWN STEP	2026-05-18T13:39:11.0031519Z ##[endgroup]
Publish Crates and GitHub Release	UNKNOWN STEP	2026-05-18T13:39:11.0122013Z ##[group]Run : set $CARGO_HOME
Publish Crates and GitHub Release	UNKNOWN STEP	2026-05-18T13:39:11.0122622Z ^[[36;1m: set $CARGO_HOME^[[0m
Publish Crates and GitHub Release	UNKNOWN STEP	2026-05-18T13:39:11.0122955Z ^[[36;1mecho CARGO_HOME=${CARGO_HOME:-"$HOME/.cargo"} >> $GITHUB_ENV^[[0m
Publish Crates and GitHub Release	UNKNOWN STEP	2026-05-18T13:39:11.0154810Z shell: /usr/bin/bash --noprofile --norc -e -o pipefail {0}
Publish Crates and GitHub Release	UNKNOWN STEP	2026-05-18T13:39:11.0155347Z env:
Publish Crates and GitHub Release	UNKNOWN STEP	2026-05-18T13:39:11.0155536Z   CARGO_TERM_COLOR: always
Publish Crates and GitHub Release	UNKNOWN STEP	2026-05-18T13:39:11.0155750Z   RUST_BACKTRACE: 1
Publish Crates and GitHub Release	UNKNOWN STEP	2026-05-18T13:39:11.0156052Z   RUSTFLAGS: -Dwarnings
Publish Crates and GitHub Release	UNKNOWN STEP	2026-05-18T13:39:11.0156437Z   CARGO_REGISTRY_TOKEN: ***
Publish Crates and GitHub Release	UNKNOWN STEP	2026-05-18T13:39:11.0156725Z   CARGO_TOKEN: ***
Publish Crates and GitHub Release	UNKNOWN STEP	2026-05-18T13:39:11.0156918Z ##[endgroup]
Publish Crates and GitHub Release	UNKNOWN STEP	2026-05-18T13:39:11.0243656Z ##[group]Run : install rustup if needed
Publish Crates and GitHub Release	UNKNOWN STEP	2026-05-18T13:39:11.0243990Z ^[[36;1m: install rustup if needed^[[0m
Publish Crates and GitHub Release	UNKNOWN STEP	2026-05-18T13:39:11.0244284Z ^[[36;1mif ! command -v rustup &>/dev/null; then^[[0m
Publish Crates and GitHub Release	UNKNOWN STEP	2026-05-18T13:39:11.0245046Z ^[[36;1m  curl --proto '=https' --tlsv1.2 --retry 10 --retry-connrefused --location --silent --show-error --fail https://sh.rustup.rs | sh -s -- --default-toolchain none -y^[[0m
Publish Crates and GitHub Release	UNKNOWN STEP	2026-05-18T13:39:11.0245806Z ^[[36;1m  echo "$CARGO_HOME/bin" >> $GITHUB_PATH^[[0m
Publish Crates and GitHub Release	UNKNOWN STEP	2026-05-18T13:39:11.0246077Z ^[[36;1mfi^[[0m
Publish Crates and GitHub Release	UNKNOWN STEP	2026-05-18T13:39:11.0278161Z shell: /usr/bin/bash --noprofile --norc -e -o pipefail {0}
Publish Crates and GitHub Release	UNKNOWN STEP	2026-05-18T13:39:11.0278501Z env:
Publish Crates and GitHub Release	UNKNOWN STEP	2026-05-18T13:39:11.0278703Z   CARGO_TERM_COLOR: always
Publish Crates and GitHub Release	UNKNOWN STEP	2026-05-18T13:39:11.0278921Z   RUST_BACKTRACE: 1
Publish Crates and GitHub Release	UNKNOWN STEP	2026-05-18T13:39:11.0279114Z   RUSTFLAGS: -Dwarnings
Publish Crates and GitHub Release	UNKNOWN STEP	2026-05-18T13:39:11.0279510Z   CARGO_REGISTRY_TOKEN: ***
Publish Crates and GitHub Release	UNKNOWN STEP	2026-05-18T13:39:11.0279796Z   CARGO_TOKEN: ***
Publish Crates and GitHub Release	UNKNOWN STEP	2026-05-18T13:39:11.0279994Z   CARGO_HOME: /home/runner/.cargo
Publish Crates and GitHub Release	UNKNOWN STEP	2026-05-18T13:39:11.0280229Z ##[endgroup]
Publish Crates and GitHub Release	UNKNOWN STEP	2026-05-18T13:39:11.0367902Z ##[group]Run rustup toolchain install stable --profile minimal --no-self-update
Publish Crates and GitHub Release	UNKNOWN STEP	2026-05-18T13:39:11.0368471Z ^[[36;1mrustup toolchain install stable --profile minimal --no-self-update^[[0m
Publish Crates and GitHub Release	UNKNOWN STEP	2026-05-18T13:39:11.0401428Z shell: /usr/bin/bash --noprofile --norc -e -o pipefail {0}
Publish Crates and GitHub Release	UNKNOWN STEP	2026-05-18T13:39:11.0401767Z env:
Publish Crates and GitHub Release	UNKNOWN STEP	2026-05-18T13:39:11.0401943Z   CARGO_TERM_COLOR: always
Publish Crates and GitHub Release	UNKNOWN STEP	2026-05-18T13:39:11.0402694Z   RUST_BACKTRACE: 1
Publish Crates and GitHub Release	UNKNOWN STEP	2026-05-18T13:39:11.0402893Z   RUSTFLAGS: -Dwarnings
Publish Crates and GitHub Release	UNKNOWN STEP	2026-05-18T13:39:11.0403289Z   CARGO_REGISTRY_TOKEN: ***
Publish Crates and GitHub Release	UNKNOWN STEP	2026-05-18T13:39:11.0403775Z   CARGO_TOKEN: ***
Publish Crates and GitHub Release	UNKNOWN STEP	2026-05-18T13:39:11.0404111Z   CARGO_HOME: /home/runner/.cargo
Publish Crates and GitHub Release	UNKNOWN STEP	2026-05-18T13:39:11.0404519Z   RUSTUP_PERMIT_COPY_RENAME: 1
Publish Crates and GitHub Release	UNKNOWN STEP	2026-05-18T13:39:11.0404864Z ##[endgroup]
Publish Crates and GitHub Release	UNKNOWN STEP	2026-05-18T13:39:11.3201041Z info: syncing channel updates for stable-x86_64-unknown-linux-gnu
Publish Crates and GitHub Release	UNKNOWN STEP	2026-05-18T13:39:11.5867888Z
Publish Crates and GitHub Release	UNKNOWN STEP	2026-05-18T13:39:11.5954846Z   stable-x86_64-unknown-linux-gnu unchanged - rustc 1.95.0 (59807616e 2026-04-14)
Publish Crates and GitHub Release	UNKNOWN STEP	2026-05-18T13:39:11.5955504Z
Publish Crates and GitHub Release	UNKNOWN STEP	2026-05-18T13:39:11.6062683Z ##[group]Run rustup default stable
Publish Crates and GitHub Release	UNKNOWN STEP	2026-05-18T13:39:11.6063032Z ^[[36;1mrustup default stable^[[0m
Publish Crates and GitHub Release	UNKNOWN STEP	2026-05-18T13:39:11.6095804Z shell: /usr/bin/bash --noprofile --norc -e -o pipefail {0}
Publish Crates and GitHub Release	UNKNOWN STEP	2026-05-18T13:39:11.6096129Z env:
Publish Crates and GitHub Release	UNKNOWN STEP	2026-05-18T13:39:11.6096310Z   CARGO_TERM_COLOR: always
Publish Crates and GitHub Release	UNKNOWN STEP	2026-05-18T13:39:11.6096522Z   RUST_BACKTRACE: 1
Publish Crates and GitHub Release	UNKNOWN STEP	2026-05-18T13:39:11.6096731Z   RUSTFLAGS: -Dwarnings
Publish Crates and GitHub Release	UNKNOWN STEP	2026-05-18T13:39:11.6097140Z   CARGO_REGISTRY_TOKEN: ***
Publish Crates and GitHub Release	UNKNOWN STEP	2026-05-18T13:39:11.6097443Z   CARGO_TOKEN: ***
Publish Crates and GitHub Release	UNKNOWN STEP	2026-05-18T13:39:11.6097643Z   CARGO_HOME: /home/runner/.cargo
Publish Crates and GitHub Release	UNKNOWN STEP	2026-05-18T13:39:11.6097875Z ##[endgroup]
Publish Crates and GitHub Release	UNKNOWN STEP	2026-05-18T13:39:11.6204665Z info: using existing install for stable-x86_64-unknown-linux-gnu
Publish Crates and GitHub Release	UNKNOWN STEP	2026-05-18T13:39:11.6211743Z info: default toolchain set to stable-x86_64-unknown-linux-gnu
Publish Crates and GitHub Release	UNKNOWN STEP	2026-05-18T13:39:11.6212506Z
Publish Crates and GitHub Release	UNKNOWN STEP	2026-05-18T13:39:11.6295557Z   stable-x86_64-unknown-linux-gnu unchanged - rustc 1.95.0 (59807616e 2026-04-14)
Publish Crates and GitHub Release	UNKNOWN STEP	2026-05-18T13:39:11.6296208Z
Publish Crates and GitHub Release	UNKNOWN STEP	2026-05-18T13:39:11.6334252Z ##[group]Run : create cachekey
Publish Crates and GitHub Release	UNKNOWN STEP	2026-05-18T13:39:11.6334531Z ^[[36;1m: create cachekey^[[0m
Publish Crates and GitHub Release	UNKNOWN STEP	2026-05-18T13:39:11.6335031Z ^[[36;1mDATE=$(rustc +stable --version --verbose | sed -ne 's/^commit-date: \(20[0-9][0-9]\)-\([01][0-9]\)-\([0-3][0-9]\)$/\1\2\3/p')^[[0m
Publish Crates and GitHub Release	UNKNOWN STEP	2026-05-18T13:39:11.6335673Z ^[[36;1mHASH=$(rustc +stable --version --verbose | sed -ne 's/^commit-hash: //p')^[[0m
Publish Crates and GitHub Release	UNKNOWN STEP	2026-05-18T13:39:11.6336178Z ^[[36;1mecho "cachekey=$(echo $DATE$HASH | head -c12)" >> $GITHUB_OUTPUT^[[0m
Publish Crates and GitHub Release	UNKNOWN STEP	2026-05-18T13:39:11.6369450Z shell: /usr/bin/bash --noprofile --norc -e -o pipefail {0}
Publish Crates and GitHub Release	UNKNOWN STEP	2026-05-18T13:39:11.6369790Z env:
Publish Crates and GitHub Release	UNKNOWN STEP	2026-05-18T13:39:11.6369975Z   CARGO_TERM_COLOR: always
Publish Crates and GitHub Release	UNKNOWN STEP	2026-05-18T13:39:11.6370193Z   RUST_BACKTRACE: 1
Publish Crates and GitHub Release	UNKNOWN STEP	2026-05-18T13:39:11.6370624Z   RUSTFLAGS: -Dwarnings
Publish Crates and GitHub Release	UNKNOWN STEP	2026-05-18T13:39:11.6371036Z   CARGO_REGISTRY_TOKEN: ***
Publish Crates and GitHub Release	UNKNOWN STEP	2026-05-18T13:39:11.6371335Z   CARGO_TOKEN: ***
Publish Crates and GitHub Release	UNKNOWN STEP	2026-05-18T13:39:11.6371534Z   CARGO_HOME: /home/runner/.cargo
Publish Crates and GitHub Release	UNKNOWN STEP	2026-05-18T13:39:11.6371759Z ##[endgroup]
Publish Crates and GitHub Release	UNKNOWN STEP	2026-05-18T13:39:11.6957894Z ##[group]Run : disable incremental compilation
Publish Crates and GitHub Release	UNKNOWN STEP	2026-05-18T13:39:11.6958288Z ^[[36;1m: disable incremental compilation^[[0m
Publish Crates and GitHub Release	UNKNOWN STEP	2026-05-18T13:39:11.6958625Z ^[[36;1mif [ -z "${CARGO_INCREMENTAL+set}" ]; then^[[0m
Publish Crates and GitHub Release	UNKNOWN STEP	2026-05-18T13:39:11.6958957Z ^[[36;1m  echo CARGO_INCREMENTAL=0 >> $GITHUB_ENV^[[0m
Publish Crates and GitHub Release	UNKNOWN STEP	2026-05-18T13:39:11.6959234Z ^[[36;1mfi^[[0m
Publish Crates and GitHub Release	UNKNOWN STEP	2026-05-18T13:39:11.6992988Z shell: /usr/bin/bash --noprofile --norc -e -o pipefail {0}
Publish Crates and GitHub Release	UNKNOWN STEP	2026-05-18T13:39:11.6993337Z env:
Publish Crates and GitHub Release	UNKNOWN STEP	2026-05-18T13:39:11.6993527Z   CARGO_TERM_COLOR: always
Publish Crates and GitHub Release	UNKNOWN STEP	2026-05-18T13:39:11.6993761Z   RUST_BACKTRACE: 1
Publish Crates and GitHub Release	UNKNOWN STEP	2026-05-18T13:39:11.6993955Z   RUSTFLAGS: -Dwarnings
Publish Crates and GitHub Release	UNKNOWN STEP	2026-05-18T13:39:11.6994349Z   CARGO_REGISTRY_TOKEN: ***
Publish Crates and GitHub Release	UNKNOWN STEP	2026-05-18T13:39:11.6994632Z   CARGO_TOKEN: ***
Publish Crates and GitHub Release	UNKNOWN STEP	2026-05-18T13:39:11.6994837Z   CARGO_HOME: /home/runner/.cargo
Publish Crates and GitHub Release	UNKNOWN STEP	2026-05-18T13:39:11.6995071Z ##[endgroup]
Publish Crates and GitHub Release	UNKNOWN STEP	2026-05-18T13:39:11.7074216Z ##[group]Run : enable colors in Cargo output
Publish Crates and GitHub Release	UNKNOWN STEP	2026-05-18T13:39:11.7074574Z ^[[36;1m: enable colors in Cargo output^[[0m
Publish Crates and GitHub Release	UNKNOWN STEP	2026-05-18T13:39:11.7074904Z ^[[36;1mif [ -z "${CARGO_TERM_COLOR+set}" ]; then^[[0m
Publish Crates and GitHub Release	UNKNOWN STEP	2026-05-18T13:39:11.7075264Z ^[[36;1m  echo CARGO_TERM_COLOR=always >> $GITHUB_ENV^[[0m
Publish Crates and GitHub Release	UNKNOWN STEP	2026-05-18T13:39:11.7075560Z ^[[36;1mfi^[[0m
Publish Crates and GitHub Release	UNKNOWN STEP	2026-05-18T13:39:11.7107704Z shell: /usr/bin/bash --noprofile --norc -e -o pipefail {0}
Publish Crates and GitHub Release	UNKNOWN STEP	2026-05-18T13:39:11.7108055Z env:
Publish Crates and GitHub Release	UNKNOWN STEP	2026-05-18T13:39:11.7108255Z   CARGO_TERM_COLOR: always
Publish Crates and GitHub Release	UNKNOWN STEP	2026-05-18T13:39:11.7108495Z   RUST_BACKTRACE: 1
Publish Crates and GitHub Release	UNKNOWN STEP	2026-05-18T13:39:11.7108702Z   RUSTFLAGS: -Dwarnings
Publish Crates and GitHub Release	UNKNOWN STEP	2026-05-18T13:39:11.7109271Z   CARGO_REGISTRY_TOKEN: ***
Publish Crates and GitHub Release	UNKNOWN STEP	2026-05-18T13:39:11.7109577Z   CARGO_TOKEN: ***
Publish Crates and GitHub Release	UNKNOWN STEP	2026-05-18T13:39:11.7109789Z   CARGO_HOME: /home/runner/.cargo
Publish Crates and GitHub Release	UNKNOWN STEP	2026-05-18T13:39:11.7110038Z   CARGO_INCREMENTAL: 0
Publish Crates and GitHub Release	UNKNOWN STEP	2026-05-18T13:39:11.7110253Z ##[endgroup]
Publish Crates and GitHub Release	UNKNOWN STEP	2026-05-18T13:39:11.7210717Z ##[group]Run : enable Cargo sparse registry
Publish Crates and GitHub Release	UNKNOWN STEP	2026-05-18T13:39:11.7211056Z ^[[36;1m: enable Cargo sparse registry^[[0m
Publish Crates and GitHub Release	UNKNOWN STEP	2026-05-18T13:39:11.7211405Z ^[[36;1m# implemented in 1.66, stabilized in 1.68, made default in 1.70^[[0m
Publish Crates and GitHub Release	UNKNOWN STEP	2026-05-18T13:39:11.7212381Z ^[[36;1mif [ -z "${CARGO_REGISTRIES_CRATES_IO_PROTOCOL+set}" -o -f "/home/runner/work/_temp"/.implicit_cargo_registries_crates_io_protocol ]; then^[[0m
Publish Crates and GitHub Release	UNKNOWN STEP	2026-05-18T13:39:11.7213162Z ^[[36;1m  if rustc +stable --version --verbose | grep -q '^release: 1\.6[89]\.'; then^[[0m
Publish Crates and GitHub Release	UNKNOWN STEP	2026-05-18T13:39:11.7213706Z ^[[36;1m    touch "/home/runner/work/_temp"/.implicit_cargo_registries_crates_io_protocol || true^[[0m
Publish Crates and GitHub Release	UNKNOWN STEP	2026-05-18T13:39:11.7214233Z ^[[36;1m    echo CARGO_REGISTRIES_CRATES_IO_PROTOCOL=sparse >> $GITHUB_ENV^[[0m
Publish Crates and GitHub Release	UNKNOWN STEP	2026-05-18T13:39:11.7214719Z ^[[36;1m  elif rustc +stable --version --verbose | grep -q '^release: 1\.6[67]\.'; then^[[0m
Publish Crates and GitHub Release	UNKNOWN STEP	2026-05-18T13:39:11.7215255Z ^[[36;1m    touch "/home/runner/work/_temp"/.implicit_cargo_registries_crates_io_protocol || true^[[0m
Publish Crates and GitHub Release	UNKNOWN STEP	2026-05-18T13:39:11.7215760Z ^[[36;1m    echo CARGO_REGISTRIES_CRATES_IO_PROTOCOL=git >> $GITHUB_ENV^[[0m
Publish Crates and GitHub Release	UNKNOWN STEP	2026-05-18T13:39:11.7216087Z ^[[36;1m  fi^[[0m
Publish Crates and GitHub Release	UNKNOWN STEP	2026-05-18T13:39:11.7216263Z ^[[36;1mfi^[[0m
Publish Crates and GitHub Release	UNKNOWN STEP	2026-05-18T13:39:11.7248418Z shell: /usr/bin/bash --noprofile --norc -e -o pipefail {0}
Publish Crates and GitHub Release	UNKNOWN STEP	2026-05-18T13:39:11.7248742Z env:
Publish Crates and GitHub Release	UNKNOWN STEP	2026-05-18T13:39:11.7248916Z   CARGO_TERM_COLOR: always
Publish Crates and GitHub Release	UNKNOWN STEP	2026-05-18T13:39:11.7249130Z   RUST_BACKTRACE: 1
Publish Crates and GitHub Release	UNKNOWN STEP	2026-05-18T13:39:11.7249319Z   RUSTFLAGS: -Dwarnings
Publish Crates and GitHub Release	UNKNOWN STEP	2026-05-18T13:39:11.7249697Z   CARGO_REGISTRY_TOKEN: ***
Publish Crates and GitHub Release	UNKNOWN STEP	2026-05-18T13:39:11.7249995Z   CARGO_TOKEN: ***
Publish Crates and GitHub Release	UNKNOWN STEP	2026-05-18T13:39:11.7250191Z   CARGO_HOME: /home/runner/.cargo
Publish Crates and GitHub Release	UNKNOWN STEP	2026-05-18T13:39:11.7250424Z   CARGO_INCREMENTAL: 0
Publish Crates and GitHub Release	UNKNOWN STEP	2026-05-18T13:39:11.7250619Z ##[endgroup]
Publish Crates and GitHub Release	UNKNOWN STEP	2026-05-18T13:39:11.7607190Z ##[group]Run : work around spurious network errors in curl 8.0
Publish Crates and GitHub Release	UNKNOWN STEP	2026-05-18T13:39:11.7607624Z ^[[36;1m: work around spurious network errors in curl 8.0^[[0m
Publish Crates and GitHub Release	UNKNOWN STEP	2026-05-18T13:39:11.7608180Z ^[[36;1m# https://rust-lang.zulipchat.com/#narrow/stream/246057-t-cargo/topic/timeout.20investigation^[[0m
Publish Crates and GitHub Release	UNKNOWN STEP	2026-05-18T13:39:11.7608988Z ^[[36;1mif rustc +stable --version --verbose | grep -q '^release: 1\.7[01]\.'; then^[[0m
Publish Crates and GitHub Release	UNKNOWN STEP	2026-05-18T13:39:11.7609443Z ^[[36;1m  echo CARGO_HTTP_MULTIPLEXING=false >> $GITHUB_ENV^[[0m
Publish Crates and GitHub Release	UNKNOWN STEP	2026-05-18T13:39:11.7609787Z ^[[36;1mfi^[[0m
Publish Crates and GitHub Release	UNKNOWN STEP	2026-05-18T13:39:11.7642903Z shell: /usr/bin/bash --noprofile --norc -e -o pipefail {0}
Publish Crates and GitHub Release	UNKNOWN STEP	2026-05-18T13:39:11.7643237Z env:
Publish Crates and GitHub Release	UNKNOWN STEP	2026-05-18T13:39:11.7643420Z   CARGO_TERM_COLOR: always
Publish Crates and GitHub Release	UNKNOWN STEP	2026-05-18T13:39:11.7643638Z   RUST_BACKTRACE: 1
Publish Crates and GitHub Release	UNKNOWN STEP	2026-05-18T13:39:11.7643828Z   RUSTFLAGS: -Dwarnings
Publish Crates and GitHub Release	UNKNOWN STEP	2026-05-18T13:39:11.7644221Z   CARGO_REGISTRY_TOKEN: ***
Publish Crates and GitHub Release	UNKNOWN STEP	2026-05-18T13:39:11.7644499Z   CARGO_TOKEN: ***
Publish Crates and GitHub Release	UNKNOWN STEP	2026-05-18T13:39:11.7644691Z   CARGO_HOME: /home/runner/.cargo
Publish Crates and GitHub Release	UNKNOWN STEP	2026-05-18T13:39:11.7644935Z   CARGO_INCREMENTAL: 0
Publish Crates and GitHub Release	UNKNOWN STEP	2026-05-18T13:39:11.7645127Z ##[endgroup]
Publish Crates and GitHub Release	UNKNOWN STEP	2026-05-18T13:39:11.7859917Z ##[group]Run rustc +stable --version --verbose
Publish Crates and GitHub Release	UNKNOWN STEP	2026-05-18T13:39:11.7860279Z ^[[36;1mrustc +stable --version --verbose^[[0m
Publish Crates and GitHub Release	UNKNOWN STEP	2026-05-18T13:39:11.7893388Z shell: /usr/bin/bash --noprofile --norc -e -o pipefail {0}
Publish Crates and GitHub Release	UNKNOWN STEP	2026-05-18T13:39:11.7893733Z env:
Publish Crates and GitHub Release	UNKNOWN STEP	2026-05-18T13:39:11.7893909Z   CARGO_TERM_COLOR: always
Publish Crates and GitHub Release	UNKNOWN STEP	2026-05-18T13:39:11.7894126Z   RUST_BACKTRACE: 1
Publish Crates and GitHub Release	UNKNOWN STEP	2026-05-18T13:39:11.7894340Z   RUSTFLAGS: -Dwarnings
Publish Crates and GitHub Release	UNKNOWN STEP	2026-05-18T13:39:11.7894735Z   CARGO_REGISTRY_TOKEN: ***
Publish Crates and GitHub Release	UNKNOWN STEP	2026-05-18T13:39:11.7895014Z   CARGO_TOKEN: ***
Publish Crates and GitHub Release	UNKNOWN STEP	2026-05-18T13:39:11.7895221Z   CARGO_HOME: /home/runner/.cargo
Publish Crates and GitHub Release	UNKNOWN STEP	2026-05-18T13:39:11.7895453Z   CARGO_INCREMENTAL: 0
Publish Crates and GitHub Release	UNKNOWN STEP	2026-05-18T13:39:11.7895655Z ##[endgroup]
Publish Crates and GitHub Release	UNKNOWN STEP	2026-05-18T13:39:11.8069430Z rustc 1.95.0 (59807616e 2026-04-14)
Publish Crates and GitHub Release	UNKNOWN STEP	2026-05-18T13:39:11.8070042Z binary: rustc
Publish Crates and GitHub Release	UNKNOWN STEP	2026-05-18T13:39:11.8070529Z commit-hash: 59807616e1fa2540724bfbac14d7976d7e4a3860
Publish Crates and GitHub Release	UNKNOWN STEP	2026-05-18T13:39:11.8071136Z commit-date: 2026-04-14
Publish Crates and GitHub Release	UNKNOWN STEP	2026-05-18T13:39:11.8071994Z host: x86_64-unknown-linux-gnu
Publish Crates and GitHub Release	UNKNOWN STEP	2026-05-18T13:39:11.8072706Z release: 1.95.0
Publish Crates and GitHub Release	UNKNOWN STEP	2026-05-18T13:39:11.8073052Z LLVM version: 22.1.2
Publish Crates and GitHub Release	UNKNOWN STEP	2026-05-18T13:39:11.8196929Z ##[group]Run Swatinem/rust-cache@v2
Publish Crates and GitHub Release	UNKNOWN STEP	2026-05-18T13:39:11.8197233Z with:
Publish Crates and GitHub Release	UNKNOWN STEP	2026-05-18T13:39:11.8197424Z   workspaces: rust
Publish Crates and GitHub Release	UNKNOWN STEP	2026-05-18T13:39:11.8197643Z   prefix-key: v0-rust
Publish Crates and GitHub Release	UNKNOWN STEP	2026-05-18T13:39:11.8197870Z   add-job-id-key: true
Publish Crates and GitHub Release	UNKNOWN STEP	2026-05-18T13:39:11.8198104Z   add-rust-environment-hash-key: true
Publish Crates and GitHub Release	UNKNOWN STEP	2026-05-18T13:39:11.8198376Z   cache-targets: true
Publish Crates and GitHub Release	UNKNOWN STEP	2026-05-18T13:39:11.8198586Z   cache-all-crates: false
Publish Crates and GitHub Release	UNKNOWN STEP	2026-05-18T13:39:11.8198824Z   cache-workspace-crates: false
Publish Crates and GitHub Release	UNKNOWN STEP	2026-05-18T13:39:11.8199065Z   save-if: true
Publish Crates and GitHub Release	UNKNOWN STEP	2026-05-18T13:39:11.8199267Z   cache-provider: github
Publish Crates and GitHub Release	UNKNOWN STEP	2026-05-18T13:39:11.8199492Z   cache-bin: true
Publish Crates and GitHub Release	UNKNOWN STEP	2026-05-18T13:39:11.8199684Z   lookup-only: false
Publish Crates and GitHub Release	UNKNOWN STEP	2026-05-18T13:39:11.8199893Z   cmd-format: {0}
Publish Crates and GitHub Release	UNKNOWN STEP	2026-05-18T13:39:11.8200091Z env:
Publish Crates and GitHub Release	UNKNOWN STEP	2026-05-18T13:39:11.8200267Z   CARGO_TERM_COLOR: always
Publish Crates and GitHub Release	UNKNOWN STEP	2026-05-18T13:39:11.8200491Z   RUST_BACKTRACE: 1
Publish Crates and GitHub Release	UNKNOWN STEP	2026-05-18T13:39:11.8200712Z   RUSTFLAGS: -Dwarnings
Publish Crates and GitHub Release	UNKNOWN STEP	2026-05-18T13:39:11.8201126Z   CARGO_REGISTRY_TOKEN: ***
Publish Crates and GitHub Release	UNKNOWN STEP	2026-05-18T13:39:11.8201449Z   CARGO_TOKEN: ***
Publish Crates and GitHub Release	UNKNOWN STEP	2026-05-18T13:39:11.8201662Z   CARGO_HOME: /home/runner/.cargo
Publish Crates and GitHub Release	UNKNOWN STEP	2026-05-18T13:39:11.8201918Z   CARGO_INCREMENTAL: 0
Publish Crates and GitHub Release	UNKNOWN STEP	2026-05-18T13:39:11.8202316Z ##[endgroup]
Publish Crates and GitHub Release	UNKNOWN STEP	2026-05-18T13:39:12.1126521Z (node:2344) [DEP0040] DeprecationWarning: The `punycode` module is deprecated. Please use a userland alternative instead.
Publish Crates and GitHub Release	UNKNOWN STEP	2026-05-18T13:39:12.1127857Z (Use `node --trace-deprecation ...` to show where the warning was created)
Publish Crates and GitHub Release	UNKNOWN STEP	2026-05-18T13:39:13.5757946Z ##[group]Cache Configuration
Publish Crates and GitHub Release	UNKNOWN STEP	2026-05-18T13:39:13.5758453Z Cache Provider:
Publish Crates and GitHub Release	UNKNOWN STEP	2026-05-18T13:39:13.5758776Z     github
Publish Crates and GitHub Release	UNKNOWN STEP	2026-05-18T13:39:13.5759072Z Workspaces:
Publish Crates and GitHub Release	UNKNOWN STEP	2026-05-18T13:39:13.5759443Z     /home/runner/work/lino-i18n/lino-i18n/rust
Publish Crates and GitHub Release	UNKNOWN STEP	2026-05-18T13:39:13.5759925Z Cache Paths:
Publish Crates and GitHub Release	UNKNOWN STEP	2026-05-18T13:39:13.5760255Z     /home/runner/.cargo/bin
Publish Crates and GitHub Release	UNKNOWN STEP	2026-05-18T13:39:13.5760667Z     /home/runner/.cargo/.crates.toml
Publish Crates and GitHub Release	UNKNOWN STEP	2026-05-18T13:39:13.5761121Z     /home/runner/.cargo/.crates2.json
Publish Crates and GitHub Release	UNKNOWN STEP	2026-05-18T13:39:13.5761627Z     /home/runner/.cargo/registry
Publish Crates and GitHub Release	UNKNOWN STEP	2026-05-18T13:39:13.5762062Z     /home/runner/.cargo/git
Publish Crates and GitHub Release	UNKNOWN STEP	2026-05-18T13:39:13.5762831Z     /home/runner/work/lino-i18n/lino-i18n/rust/target
Publish Crates and GitHub Release	UNKNOWN STEP	2026-05-18T13:39:13.5763327Z Restore Key:
Publish Crates and GitHub Release	UNKNOWN STEP	2026-05-18T13:39:13.5763716Z     v0-rust-auto-release-Linux-x64-27ed6b6c
Publish Crates and GitHub Release	UNKNOWN STEP	2026-05-18T13:39:13.5764194Z Cache Key:
Publish Crates and GitHub Release	UNKNOWN STEP	2026-05-18T13:39:13.5764599Z     v0-rust-auto-release-Linux-x64-27ed6b6c-d2ed2b7f
Publish Crates and GitHub Release	UNKNOWN STEP	2026-05-18T13:39:13.5765145Z .. Prefix:
Publish Crates and GitHub Release	UNKNOWN STEP	2026-05-18T13:39:13.5765477Z   - v0-rust-auto-release-Linux-x64
Publish Crates and GitHub Release	UNKNOWN STEP	2026-05-18T13:39:13.5765945Z .. Environment considered:
Publish Crates and GitHub Release	UNKNOWN STEP	2026-05-18T13:39:13.5766344Z   - Rust Versions:
Publish Crates and GitHub Release	UNKNOWN STEP	2026-05-18T13:39:13.5766894Z     - 1.95.0 x86_64-unknown-linux-gnu 59807616e1fa2540724bfbac14d7976d7e4a3860
Publish Crates and GitHub Release	UNKNOWN STEP	2026-05-18T13:39:13.5767753Z     - 1.95.0 x86_64-unknown-linux-gnu 59807616e1fa2540724bfbac14d7976d7e4a3860
Publish Crates and GitHub Release	UNKNOWN STEP	2026-05-18T13:39:13.5768365Z   - CARGO_HOME
Publish Crates and GitHub Release	UNKNOWN STEP	2026-05-18T13:39:13.5768685Z   - CARGO_INCREMENTAL
Publish Crates and GitHub Release	UNKNOWN STEP	2026-05-18T13:39:13.5769047Z   - CARGO_REGISTRY_TOKEN
Publish Crates and GitHub Release	UNKNOWN STEP	2026-05-18T13:39:13.5769418Z   - CARGO_TERM_COLOR
Publish Crates and GitHub Release	UNKNOWN STEP	2026-05-18T13:39:13.5769747Z   - CARGO_TOKEN
Publish Crates and GitHub Release	UNKNOWN STEP	2026-05-18T13:39:13.5770075Z   - RUST_BACKTRACE
Publish Crates and GitHub Release	UNKNOWN STEP	2026-05-18T13:39:13.5770429Z   - RUSTFLAGS
Publish Crates and GitHub Release	UNKNOWN STEP	2026-05-18T13:39:13.5770778Z .. Lockfiles considered:
Publish Crates and GitHub Release	UNKNOWN STEP	2026-05-18T13:39:13.5771252Z   - /home/runner/work/lino-i18n/lino-i18n/rust/Cargo.lock
Publish Crates and GitHub Release	UNKNOWN STEP	2026-05-18T13:39:13.5772008Z   - /home/runner/work/lino-i18n/lino-i18n/rust/lino-i18n-macros/Cargo.toml
Publish Crates and GitHub Release	UNKNOWN STEP	2026-05-18T13:39:13.5773143Z   - /home/runner/work/lino-i18n/lino-i18n/rust/lino-i18n/Cargo.toml
Publish Crates and GitHub Release	UNKNOWN STEP	2026-05-18T13:39:13.5774049Z ##[endgroup]
Publish Crates and GitHub Release	UNKNOWN STEP	2026-05-18T13:39:13.5774234Z
Publish Crates and GitHub Release	UNKNOWN STEP	2026-05-18T13:39:13.5774364Z ... Restoring cache ...
Publish Crates and GitHub Release	UNKNOWN STEP	2026-05-18T13:39:13.9065623Z Cache hit for: v0-rust-auto-release-Linux-x64-27ed6b6c-d2ed2b7f
Publish Crates and GitHub Release	UNKNOWN STEP	2026-05-18T13:39:15.2063314Z Received 0 of 30543749 (0.0%), 0.0 MBs/sec
Publish Crates and GitHub Release	UNKNOWN STEP	2026-05-18T13:39:15.6715956Z Received 30543749 of 30543749 (100.0%), 19.8 MBs/sec
Publish Crates and GitHub Release	UNKNOWN STEP	2026-05-18T13:39:15.6718702Z Cache Size: ~29 MB (30543749 B)
Publish Crates and GitHub Release	UNKNOWN STEP	2026-05-18T13:39:15.6752971Z [command]/usr/bin/tar -xf /home/runner/work/_temp/95fbf0f8-4987-4acd-8e3d-c537f66ca0e2/cache.tzst -P -C /home/runner/work/lino-i18n/lino-i18n --use-compress-program unzstd
Publish Crates and GitHub Release	UNKNOWN STEP	2026-05-18T13:39:15.8475341Z Cache restored successfully
Publish Crates and GitHub Release	UNKNOWN STEP	2026-05-18T13:39:15.8492297Z Restored from cache key "v0-rust-auto-release-Linux-x64-27ed6b6c-d2ed2b7f" full match: true.
Publish Crates and GitHub Release	UNKNOWN STEP	2026-05-18T13:39:15.8631878Z ##[group]Run cargo install rust-script
Publish Crates and GitHub Release	UNKNOWN STEP	2026-05-18T13:39:15.8632604Z ^[[36;1mcargo install rust-script^[[0m
Publish Crates and GitHub Release	UNKNOWN STEP	2026-05-18T13:39:15.8667846Z shell: /usr/bin/bash -e {0}
Publish Crates and GitHub Release	UNKNOWN STEP	2026-05-18T13:39:15.8668106Z env:
Publish Crates and GitHub Release	UNKNOWN STEP	2026-05-18T13:39:15.8668297Z   CARGO_TERM_COLOR: always
Publish Crates and GitHub Release	UNKNOWN STEP	2026-05-18T13:39:15.8668540Z   RUST_BACKTRACE: 1
Publish Crates and GitHub Release	UNKNOWN STEP	2026-05-18T13:39:15.8668762Z   RUSTFLAGS: -Dwarnings
Publish Crates and GitHub Release	UNKNOWN STEP	2026-05-18T13:39:15.8669357Z   CARGO_REGISTRY_TOKEN: ***
Publish Crates and GitHub Release	UNKNOWN STEP	2026-05-18T13:39:15.8669678Z   CARGO_TOKEN: ***
Publish Crates and GitHub Release	UNKNOWN STEP	2026-05-18T13:39:15.8669900Z   CARGO_HOME: /home/runner/.cargo
Publish Crates and GitHub Release	UNKNOWN STEP	2026-05-18T13:39:15.8670161Z   CARGO_INCREMENTAL: 0
Publish Crates and GitHub Release	UNKNOWN STEP	2026-05-18T13:39:15.8670391Z   CACHE_ON_FAILURE: false
Publish Crates and GitHub Release	UNKNOWN STEP	2026-05-18T13:39:15.8670620Z ##[endgroup]
Publish Crates and GitHub Release	UNKNOWN STEP	2026-05-18T13:39:15.9341942Z ^[[1m^[[92m    Updating^[[0m crates.io index
Publish Crates and GitHub Release	UNKNOWN STEP	2026-05-18T13:39:16.0434832Z ^[[1m^[[92m Downloading^[[0m crates ...
Publish Crates and GitHub Release	UNKNOWN STEP	2026-05-18T13:39:16.0689513Z ^[[1m^[[92m  Downloaded^[[0m rust-script v0.36.0
Publish Crates and GitHub Release	UNKNOWN STEP	2026-05-18T13:39:16.2259605Z ^[[1m^[[92m     Ignored^[[0m package `rust-script v0.36.0` is already installed, use --force to override
Publish Crates and GitHub Release	UNKNOWN STEP	2026-05-18T13:39:16.2368977Z ##[group]Run rust-script rust/scripts/get-bump-type.rs --rust-root rust
Publish Crates and GitHub Release	UNKNOWN STEP	2026-05-18T13:39:16.2369495Z ^[[36;1mrust-script rust/scripts/get-bump-type.rs --rust-root rust^[[0m
Publish Crates and GitHub Release	UNKNOWN STEP	2026-05-18T13:39:16.2403672Z shell: /usr/bin/bash -e {0}
Publish Crates and GitHub Release	UNKNOWN STEP	2026-05-18T13:39:16.2403913Z env:
Publish Crates and GitHub Release	UNKNOWN STEP	2026-05-18T13:39:16.2404277Z   CARGO_TERM_COLOR: always
Publish Crates and GitHub Release	UNKNOWN STEP	2026-05-18T13:39:16.2404563Z   RUST_BACKTRACE: 1
Publish Crates and GitHub Release	UNKNOWN STEP	2026-05-18T13:39:16.2404767Z   RUSTFLAGS: -Dwarnings
Publish Crates and GitHub Release	UNKNOWN STEP	2026-05-18T13:39:16.2405135Z   CARGO_REGISTRY_TOKEN: ***
Publish Crates and GitHub Release	UNKNOWN STEP	2026-05-18T13:39:16.2405420Z   CARGO_TOKEN: ***
Publish Crates and GitHub Release	UNKNOWN STEP	2026-05-18T13:39:16.2405625Z   CARGO_HOME: /home/runner/.cargo
Publish Crates and GitHub Release	UNKNOWN STEP	2026-05-18T13:39:16.2405871Z   CARGO_INCREMENTAL: 0
Publish Crates and GitHub Release	UNKNOWN STEP	2026-05-18T13:39:16.2406101Z   CACHE_ON_FAILURE: false
Publish Crates and GitHub Release	UNKNOWN STEP	2026-05-18T13:39:16.2406306Z ##[endgroup]
Publish Crates and GitHub Release	UNKNOWN STEP	2026-05-18T13:39:31.8763694Z Using explicitly configured Rust root: rust
Publish Crates and GitHub Release	UNKNOWN STEP	2026-05-18T13:39:31.8769553Z Fragment 20260517_111500_parent_label_aliases.md: bump=patch
Publish Crates and GitHub Release	UNKNOWN STEP	2026-05-18T13:39:31.8773078Z Fragment 20260517_compatibility_aliases.md: bump=minor
Publish Crates and GitHub Release	UNKNOWN STEP	2026-05-18T13:39:31.8773625Z
Publish Crates and GitHub Release	UNKNOWN STEP	2026-05-18T13:39:31.8776062Z Determined bump type: minor (from 2 fragment(s))
Publish Crates and GitHub Release	UNKNOWN STEP	2026-05-18T13:39:31.8776622Z Output: bump_type=minor
Publish Crates and GitHub Release	UNKNOWN STEP	2026-05-18T13:39:31.8777058Z Output: fragment_count=2
Publish Crates and GitHub Release	UNKNOWN STEP	2026-05-18T13:39:31.8777497Z Output: has_fragments=true
Publish Crates and GitHub Release	UNKNOWN STEP	2026-05-18T13:39:31.8809831Z ##[group]Run rust-script rust/scripts/check-release-needed.rs --rust-root rust --tag-prefix rust-v
Publish Crates and GitHub Release	UNKNOWN STEP	2026-05-18T13:39:31.8810561Z ^[[36;1mrust-script rust/scripts/check-release-needed.rs --rust-root rust --tag-prefix rust-v^[[0m
Publish Crates and GitHub Release	UNKNOWN STEP	2026-05-18T13:39:31.8844936Z shell: /usr/bin/bash -e {0}
Publish Crates and GitHub Release	UNKNOWN STEP	2026-05-18T13:39:31.8845177Z env:
Publish Crates and GitHub Release	UNKNOWN STEP	2026-05-18T13:39:31.8845363Z   CARGO_TERM_COLOR: always
Publish Crates and GitHub Release	UNKNOWN STEP	2026-05-18T13:39:31.8845613Z   RUST_BACKTRACE: 1
Publish Crates and GitHub Release	UNKNOWN STEP	2026-05-18T13:39:31.8845817Z   RUSTFLAGS: -Dwarnings
Publish Crates and GitHub Release	UNKNOWN STEP	2026-05-18T13:39:31.8846195Z   CARGO_REGISTRY_TOKEN: ***
Publish Crates and GitHub Release	UNKNOWN STEP	2026-05-18T13:39:31.8846494Z   CARGO_TOKEN: ***
Publish Crates and GitHub Release	UNKNOWN STEP	2026-05-18T13:39:31.8846706Z   CARGO_HOME: /home/runner/.cargo
Publish Crates and GitHub Release	UNKNOWN STEP	2026-05-18T13:39:31.8846956Z   CARGO_INCREMENTAL: 0
Publish Crates and GitHub Release	UNKNOWN STEP	2026-05-18T13:39:31.8847190Z   CACHE_ON_FAILURE: false
Publish Crates and GitHub Release	UNKNOWN STEP	2026-05-18T13:39:31.8847404Z   HAS_FRAGMENTS: true
Publish Crates and GitHub Release	UNKNOWN STEP	2026-05-18T13:39:31.8847756Z   GITHUB_TOKEN: ***
Publish Crates and GitHub Release	UNKNOWN STEP	2026-05-18T13:39:31.8848001Z   GITHUB_REPOSITORY: link-foundation/lino-i18n
Publish Crates and GitHub Release	UNKNOWN STEP	2026-05-18T13:39:31.8848290Z ##[endgroup]
Publish Crates and GitHub Release	UNKNOWN STEP	2026-05-18T13:39:58.3075990Z Using CLI configured Rust root: rust
Publish Crates and GitHub Release	UNKNOWN STEP	2026-05-18T13:39:58.3976184Z Max published version on crates.io for lino-i18n: 0.0.1
Publish Crates and GitHub Release	UNKNOWN STEP	2026-05-18T13:39:58.3976894Z Output: max_published_version=0.0.1
Publish Crates and GitHub Release	UNKNOWN STEP	2026-05-18T13:39:58.3977386Z Found changelog fragments, proceeding with release
Publish Crates and GitHub Release	UNKNOWN STEP	2026-05-18T13:39:58.3977895Z Output: should_release=true
Publish Crates and GitHub Release	UNKNOWN STEP	2026-05-18T13:39:58.3978290Z Output: skip_bump=false
Publish Crates and GitHub Release	UNKNOWN STEP	2026-05-18T13:39:58.4009620Z ##[group]Run rust-script rust/scripts/version-and-commit.rs --rust-root rust --tag-prefix rust-v --bump-type "minor"
Publish Crates and GitHub Release	UNKNOWN STEP	2026-05-18T13:39:58.4010633Z ^[[36;1mrust-script rust/scripts/version-and-commit.rs --rust-root rust --tag-prefix rust-v --bump-type "minor"^[[0m
Publish Crates and GitHub Release	UNKNOWN STEP	2026-05-18T13:39:58.4044147Z shell: /usr/bin/bash -e {0}
Publish Crates and GitHub Release	UNKNOWN STEP	2026-05-18T13:39:58.4044398Z env:
Publish Crates and GitHub Release	UNKNOWN STEP	2026-05-18T13:39:58.4044586Z   CARGO_TERM_COLOR: always
Publish Crates and GitHub Release	UNKNOWN STEP	2026-05-18T13:39:58.4044832Z   RUST_BACKTRACE: 1
Publish Crates and GitHub Release	UNKNOWN STEP	2026-05-18T13:39:58.4045071Z   RUSTFLAGS: -Dwarnings
Publish Crates and GitHub Release	UNKNOWN STEP	2026-05-18T13:39:58.4045442Z   CARGO_REGISTRY_TOKEN: ***
Publish Crates and GitHub Release	UNKNOWN STEP	2026-05-18T13:39:58.4045747Z   CARGO_TOKEN: ***
Publish Crates and GitHub Release	UNKNOWN STEP	2026-05-18T13:39:58.4045962Z   CARGO_HOME: /home/runner/.cargo
Publish Crates and GitHub Release	UNKNOWN STEP	2026-05-18T13:39:58.4046239Z   CARGO_INCREMENTAL: 0
Publish Crates and GitHub Release	UNKNOWN STEP	2026-05-18T13:39:58.4046487Z   CACHE_ON_FAILURE: false
Publish Crates and GitHub Release	UNKNOWN STEP	2026-05-18T13:39:58.4046711Z ##[endgroup]
Publish Crates and GitHub Release	UNKNOWN STEP	2026-05-18T13:40:01.1690006Z ^[[1m^[[91merror^[[0m^[[1m: function `get_crate_name` is never used^[[0m
Publish Crates and GitHub Release	UNKNOWN STEP	2026-05-18T13:40:01.1692466Z    ^[[1m^[[94m--> ^[[0m/home/runner/work/lino-i18n/lino-i18n/rust/scripts/version-and-commit.rs:156:4
Publish Crates and GitHub Release	UNKNOWN STEP	2026-05-18T13:40:01.1693847Z     ^[[1m^[[94m|^[[0m
Publish Crates and GitHub Release	UNKNOWN STEP	2026-05-18T13:40:01.1694921Z ^[[1m^[[94m156^[[0m ^[[1m^[[94m|^[[0m fn get_crate_name(cargo_toml_path: &str) -> Result<String, String> {
Publish Crates and GitHub Release	UNKNOWN STEP	2026-05-18T13:40:01.1695841Z     ^[[1m^[[94m|^[[0m    ^[[1m^[[91m^^^^^^^^^^^^^^^[[0m
Publish Crates and GitHub Release	UNKNOWN STEP	2026-05-18T13:40:01.1696319Z     ^[[1m^[[94m|^[[0m
Publish Crates and GitHub Release	UNKNOWN STEP	2026-05-18T13:40:01.1696816Z     ^[[1m^[[94m= ^[[0m^[[1mnote^[[0m: `-D dead-code` implied by `-D warnings`
Publish Crates and GitHub Release	UNKNOWN STEP	2026-05-18T13:40:01.1697746Z     ^[[1m^[[94m= ^[[0m^[[1mhelp^[[0m: to override `-D warnings` add `#[expect(dead_code)]` or `#[allow(dead_code)]`
Publish Crates and GitHub Release	UNKNOWN STEP	2026-05-18T13:40:01.1698332Z
Publish Crates and GitHub Release	UNKNOWN STEP	2026-05-18T13:40:01.1874790Z ^[[1m^[[91merror^[[0m: could not compile `version-and-commit_7f3c45423b91f3661ac45ed1` (bin "version-and-commit_7f3c45423b91f3661ac45ed1") due to 1 previous error
Publish Crates and GitHub Release	UNKNOWN STEP	2026-05-18T13:40:01.2135920Z error: Could not execute cargo
Publish Crates and GitHub Release	UNKNOWN STEP	2026-05-18T13:40:01.2154263Z ##[error]Process completed with exit code 1.
Publish Crates and GitHub Release	UNKNOWN STEP	2026-05-18T13:40:01.2287328Z Post job cleanup.
Publish Crates and GitHub Release	UNKNOWN STEP	2026-05-18T13:40:01.3151759Z [command]/usr/bin/git version
Publish Crates and GitHub Release	UNKNOWN STEP	2026-05-18T13:40:01.3193860Z git version 2.54.0
Publish Crates and GitHub Release	UNKNOWN STEP	2026-05-18T13:40:01.3237251Z Temporarily overriding HOME='/home/runner/work/_temp/98411165-4f85-4016-bca9-66a85dd1d977' before making global git config changes
Publish Crates and GitHub Release	UNKNOWN STEP	2026-05-18T13:40:01.3238597Z Adding repository directory to the temporary git global config as a safe directory
Publish Crates and GitHub Release	UNKNOWN STEP	2026-05-18T13:40:01.3244113Z [command]/usr/bin/git config --global --add safe.directory /home/runner/work/lino-i18n/lino-i18n
Publish Crates and GitHub Release	UNKNOWN STEP	2026-05-18T13:40:01.3277919Z Removing SSH command configuration
Publish Crates and GitHub Release	UNKNOWN STEP	2026-05-18T13:40:01.3285211Z [command]/usr/bin/git config --local --name-only --get-regexp core\.sshCommand
Publish Crates and GitHub Release	UNKNOWN STEP	2026-05-18T13:40:01.3321207Z [command]/usr/bin/git submodule foreach --recursive sh -c "git config --local --name-only --get-regexp 'core\.sshCommand' && git config --local --unset-all 'core.sshCommand' || :"
Publish Crates and GitHub Release	UNKNOWN STEP	2026-05-18T13:40:01.3587627Z Removing HTTP extra header
Publish Crates and GitHub Release	UNKNOWN STEP	2026-05-18T13:40:01.3595092Z [command]/usr/bin/git config --local --name-only --get-regexp http\.https\:\/\/github\.com\/\.extraheader
Publish Crates and GitHub Release	UNKNOWN STEP	2026-05-18T13:40:01.3635122Z [command]/usr/bin/git submodule foreach --recursive sh -c "git config --local --name-only --get-regexp 'http\.https\:\/\/github\.com\/\.extraheader' && git config --local --unset-all 'http.https://github.com/.extraheader' || :"
Publish Crates and GitHub Release	UNKNOWN STEP	2026-05-18T13:40:01.3863576Z Removing includeIf entries pointing to credentials config files
Publish Crates and GitHub Release	UNKNOWN STEP	2026-05-18T13:40:01.3870837Z [command]/usr/bin/git config --local --name-only --get-regexp ^includeIf\.gitdir:
Publish Crates and GitHub Release	UNKNOWN STEP	2026-05-18T13:40:01.3900382Z includeif.gitdir:/home/runner/work/lino-i18n/lino-i18n/.git.path
Publish Crates and GitHub Release	UNKNOWN STEP	2026-05-18T13:40:01.3901345Z includeif.gitdir:/home/runner/work/lino-i18n/lino-i18n/.git/worktrees/*.path
Publish Crates and GitHub Release	UNKNOWN STEP	2026-05-18T13:40:01.3903827Z includeif.gitdir:/github/workspace/.git.path
Publish Crates and GitHub Release	UNKNOWN STEP	2026-05-18T13:40:01.3904505Z includeif.gitdir:/github/workspace/.git/worktrees/*.path
Publish Crates and GitHub Release	UNKNOWN STEP	2026-05-18T13:40:01.3910449Z [command]/usr/bin/git config --local --get-all includeif.gitdir:/home/runner/work/lino-i18n/lino-i18n/.git.path
Publish Crates and GitHub Release	UNKNOWN STEP	2026-05-18T13:40:01.3934940Z /home/runner/work/_temp/git-credentials-49381084-e190-4c3c-8901-d835a05f489f.config
Publish Crates and GitHub Release	UNKNOWN STEP	2026-05-18T13:40:01.3946923Z [command]/usr/bin/git config --local --unset includeif.gitdir:/home/runner/work/lino-i18n/lino-i18n/.git.path /home/runner/work/_temp/git-credentials-49381084-e190-4c3c-8901-d835a05f489f.config
Publish Crates and GitHub Release	UNKNOWN STEP	2026-05-18T13:40:01.3984209Z [command]/usr/bin/git config --local --get-all includeif.gitdir:/home/runner/work/lino-i18n/lino-i18n/.git/worktrees/*.path
Publish Crates and GitHub Release	UNKNOWN STEP	2026-05-18T13:40:01.4007302Z /home/runner/work/_temp/git-credentials-49381084-e190-4c3c-8901-d835a05f489f.config
Publish Crates and GitHub Release	UNKNOWN STEP	2026-05-18T13:40:01.4017034Z [command]/usr/bin/git config --local --unset includeif.gitdir:/home/runner/work/lino-i18n/lino-i18n/.git/worktrees/*.path /home/runner/work/_temp/git-credentials-49381084-e190-4c3c-8901-d835a05f489f.config
Publish Crates and GitHub Release	UNKNOWN STEP	2026-05-18T13:40:01.4050322Z [command]/usr/bin/git config --local --get-all includeif.gitdir:/github/workspace/.git.path
Publish Crates and GitHub Release	UNKNOWN STEP	2026-05-18T13:40:01.4073152Z /github/runner_temp/git-credentials-49381084-e190-4c3c-8901-d835a05f489f.config
Publish Crates and GitHub Release	UNKNOWN STEP	2026-05-18T13:40:01.4082356Z [command]/usr/bin/git config --local --unset includeif.gitdir:/github/workspace/.git.path /github/runner_temp/git-credentials-49381084-e190-4c3c-8901-d835a05f489f.config
Publish Crates and GitHub Release	UNKNOWN STEP	2026-05-18T13:40:01.4114472Z [command]/usr/bin/git config --local --get-all includeif.gitdir:/github/workspace/.git/worktrees/*.path
Publish Crates and GitHub Release	UNKNOWN STEP	2026-05-18T13:40:01.4135923Z /github/runner_temp/git-credentials-49381084-e190-4c3c-8901-d835a05f489f.config
Publish Crates and GitHub Release	UNKNOWN STEP	2026-05-18T13:40:01.4146273Z [command]/usr/bin/git config --local --unset includeif.gitdir:/github/workspace/.git/worktrees/*.path /github/runner_temp/git-credentials-49381084-e190-4c3c-8901-d835a05f489f.config
Publish Crates and GitHub Release	UNKNOWN STEP	2026-05-18T13:40:01.4182418Z [command]/usr/bin/git submodule foreach --recursive git config --local --show-origin --name-only --get-regexp remote.origin.url
Publish Crates and GitHub Release	UNKNOWN STEP	2026-05-18T13:40:01.4427597Z Removing credentials config '/home/runner/work/_temp/git-credentials-49381084-e190-4c3c-8901-d835a05f489f.config'
Publish Crates and GitHub Release	UNKNOWN STEP	2026-05-18T13:40:01.4611875Z Evaluate and set environment url
Publish Crates and GitHub Release	UNKNOWN STEP	2026-05-18T13:40:01.4615023Z Evaluated environment url: https://crates.io/crates/lino-i18n
Publish Crates and GitHub Release	UNKNOWN STEP	2026-05-18T13:40:01.4615905Z Cleaning up orphan processes
Deploy Rust Docs	UNKNOWN STEP	﻿2026-05-18T13:39:07.1817111Z Current runner version: '2.334.0'
Deploy Rust Docs	UNKNOWN STEP	2026-05-18T13:39:07.1841558Z ##[group]Runner Image Provisioner
Deploy Rust Docs	UNKNOWN STEP	2026-05-18T13:39:07.1842353Z Hosted Compute Agent
Deploy Rust Docs	UNKNOWN STEP	2026-05-18T13:39:07.1842992Z Version: 20260213.493
Deploy Rust Docs	UNKNOWN STEP	2026-05-18T13:39:07.1843607Z Commit: 5c115507f6dd24b8de37d8bbe0bb4509d0cc0fa3
Deploy Rust Docs	UNKNOWN STEP	2026-05-18T13:39:07.1844645Z Build Date: 2026-02-13T00:28:41Z
Deploy Rust Docs	UNKNOWN STEP	2026-05-18T13:39:07.1845349Z Worker ID: {6794a7ff-ba73-4243-ae3e-d09d10e80502}
Deploy Rust Docs	UNKNOWN STEP	2026-05-18T13:39:07.1846095Z Azure Region: westcentralus
Deploy Rust Docs	UNKNOWN STEP	2026-05-18T13:39:07.1846671Z ##[endgroup]
Deploy Rust Docs	UNKNOWN STEP	2026-05-18T13:39:07.1848119Z ##[group]Operating System
Deploy Rust Docs	UNKNOWN STEP	2026-05-18T13:39:07.1848748Z Ubuntu
Deploy Rust Docs	UNKNOWN STEP	2026-05-18T13:39:07.1849182Z 24.04.4
Deploy Rust Docs	UNKNOWN STEP	2026-05-18T13:39:07.1849726Z LTS
Deploy Rust Docs	UNKNOWN STEP	2026-05-18T13:39:07.1850189Z ##[endgroup]
Deploy Rust Docs	UNKNOWN STEP	2026-05-18T13:39:07.1850669Z ##[group]Runner Image
Deploy Rust Docs	UNKNOWN STEP	2026-05-18T13:39:07.1851660Z Image: ubuntu-24.04
Deploy Rust Docs	UNKNOWN STEP	2026-05-18T13:39:07.1852237Z Version: 20260513.135.3
Deploy Rust Docs	UNKNOWN STEP	2026-05-18T13:39:07.1853480Z Included Software: https://github.com/actions/runner-images/blob/ubuntu24/20260513.135/images/ubuntu/Ubuntu2404-Readme.md
Deploy Rust Docs	UNKNOWN STEP	2026-05-18T13:39:07.1855111Z Image Release: https://github.com/actions/runner-images/releases/tag/ubuntu24%2F20260513.135
Deploy Rust Docs	UNKNOWN STEP	2026-05-18T13:39:07.1856016Z ##[endgroup]
Deploy Rust Docs	UNKNOWN STEP	2026-05-18T13:39:07.1857209Z ##[group]GITHUB_TOKEN Permissions
Deploy Rust Docs	UNKNOWN STEP	2026-05-18T13:39:07.1859058Z Contents: read
Deploy Rust Docs	UNKNOWN STEP	2026-05-18T13:39:07.1859701Z Metadata: read
Deploy Rust Docs	UNKNOWN STEP	2026-05-18T13:39:07.1860188Z Pages: write
Deploy Rust Docs	UNKNOWN STEP	2026-05-18T13:39:07.1860691Z ##[endgroup]
Deploy Rust Docs	UNKNOWN STEP	2026-05-18T13:39:07.1862914Z Secret source: Actions
Deploy Rust Docs	UNKNOWN STEP	2026-05-18T13:39:07.1863685Z Prepare workflow directory
Deploy Rust Docs	UNKNOWN STEP	2026-05-18T13:39:07.2419399Z Prepare all required actions
Deploy Rust Docs	UNKNOWN STEP	2026-05-18T13:39:07.2457488Z Getting action download info
Deploy Rust Docs	UNKNOWN STEP	2026-05-18T13:39:07.9220955Z Download action repository 'actions/checkout@v6' (SHA:de0fac2e4500dabe0009e67214ff5f5447ce83dd)
Deploy Rust Docs	UNKNOWN STEP	2026-05-18T13:39:08.0736821Z Download action repository 'dtolnay/rust-toolchain@stable' (SHA:29eef336d9b2848a0b548edc03f92a220660cdb8)
Deploy Rust Docs	UNKNOWN STEP	2026-05-18T13:39:08.5666395Z Download action repository 'actions/configure-pages@v6' (SHA:45bfe0192ca1faeb007ade9deae92b16b8254a0d)
Deploy Rust Docs	UNKNOWN STEP	2026-05-18T13:39:09.2494886Z Download action repository 'actions/upload-pages-artifact@v5' (SHA:fc324d3547104276b827a68afc52ff2a11cc49c9)
Deploy Rust Docs	UNKNOWN STEP	2026-05-18T13:39:09.5599448Z Download action repository 'actions/deploy-pages@v5' (SHA:cd2ce8fcbc39b97be8ca5fce6e763baed58fa128)
Deploy Rust Docs	UNKNOWN STEP	2026-05-18T13:39:10.6090284Z Getting action download info
Deploy Rust Docs	UNKNOWN STEP	2026-05-18T13:39:10.8407238Z Download action repository 'actions/upload-artifact@bbbca2ddaa5d8feaa63e36b76fdaad77386f024f' (SHA:bbbca2ddaa5d8feaa63e36b76fdaad77386f024f)
Deploy Rust Docs	UNKNOWN STEP	2026-05-18T13:39:11.0299608Z Complete job name: Deploy Rust Docs
Deploy Rust Docs	UNKNOWN STEP	2026-05-18T13:39:11.0925211Z ##[group]Run actions/checkout@v6
Deploy Rust Docs	UNKNOWN STEP	2026-05-18T13:39:11.0925975Z with:
Deploy Rust Docs	UNKNOWN STEP	2026-05-18T13:39:11.0926411Z   repository: link-foundation/lino-i18n
Deploy Rust Docs	UNKNOWN STEP	2026-05-18T13:39:11.0927010Z   token: ***
Deploy Rust Docs	UNKNOWN STEP	2026-05-18T13:39:11.0927287Z   ssh-strict: true
Deploy Rust Docs	UNKNOWN STEP	2026-05-18T13:39:11.0927622Z   ssh-user: git
Deploy Rust Docs	UNKNOWN STEP	2026-05-18T13:39:11.0927926Z   persist-credentials: true
Deploy Rust Docs	UNKNOWN STEP	2026-05-18T13:39:11.0928234Z   clean: true
Deploy Rust Docs	UNKNOWN STEP	2026-05-18T13:39:11.0928607Z   sparse-checkout-cone-mode: true
Deploy Rust Docs	UNKNOWN STEP	2026-05-18T13:39:11.0928975Z   fetch-depth: 1
Deploy Rust Docs	UNKNOWN STEP	2026-05-18T13:39:11.0929215Z   fetch-tags: false
Deploy Rust Docs	UNKNOWN STEP	2026-05-18T13:39:11.0929547Z   show-progress: true
Deploy Rust Docs	UNKNOWN STEP	2026-05-18T13:39:11.0929804Z   lfs: false
Deploy Rust Docs	UNKNOWN STEP	2026-05-18T13:39:11.0930068Z   submodules: false
Deploy Rust Docs	UNKNOWN STEP	2026-05-18T13:39:11.0930428Z   set-safe-directory: true
Deploy Rust Docs	UNKNOWN STEP	2026-05-18T13:39:11.0930950Z env:
Deploy Rust Docs	UNKNOWN STEP	2026-05-18T13:39:11.0931224Z   CARGO_TERM_COLOR: always
Deploy Rust Docs	UNKNOWN STEP	2026-05-18T13:39:11.0931591Z   RUST_BACKTRACE: 1
Deploy Rust Docs	UNKNOWN STEP	2026-05-18T13:39:11.0931863Z   RUSTFLAGS: -Dwarnings
Deploy Rust Docs	UNKNOWN STEP	2026-05-18T13:39:11.0932282Z   CARGO_REGISTRY_TOKEN: ***
Deploy Rust Docs	UNKNOWN STEP	2026-05-18T13:39:11.0932814Z   CARGO_TOKEN: ***
Deploy Rust Docs	UNKNOWN STEP	2026-05-18T13:39:11.0933107Z ##[endgroup]
Deploy Rust Docs	UNKNOWN STEP	2026-05-18T13:39:11.1976696Z Syncing repository: link-foundation/lino-i18n
Deploy Rust Docs	UNKNOWN STEP	2026-05-18T13:39:11.1978626Z ##[group]Getting Git version info
Deploy Rust Docs	UNKNOWN STEP	2026-05-18T13:39:11.1979139Z Working directory is '/home/runner/work/lino-i18n/lino-i18n'
Deploy Rust Docs	UNKNOWN STEP	2026-05-18T13:39:11.1979956Z [command]/usr/bin/git version
Deploy Rust Docs	UNKNOWN STEP	2026-05-18T13:39:11.2041180Z git version 2.54.0
Deploy Rust Docs	UNKNOWN STEP	2026-05-18T13:39:11.2099012Z ##[endgroup]
Deploy Rust Docs	UNKNOWN STEP	2026-05-18T13:39:11.2115441Z Temporarily overriding HOME='/home/runner/work/_temp/22696f8b-b6d4-4386-99bf-21226090d2f3' before making global git config changes
Deploy Rust Docs	UNKNOWN STEP	2026-05-18T13:39:11.2116974Z Adding repository directory to the temporary git global config as a safe directory
Deploy Rust Docs	UNKNOWN STEP	2026-05-18T13:39:11.2121510Z [command]/usr/bin/git config --global --add safe.directory /home/runner/work/lino-i18n/lino-i18n
Deploy Rust Docs	UNKNOWN STEP	2026-05-18T13:39:11.2173456Z Deleting the contents of '/home/runner/work/lino-i18n/lino-i18n'
Deploy Rust Docs	UNKNOWN STEP	2026-05-18T13:39:11.2178774Z ##[group]Initializing the repository
Deploy Rust Docs	UNKNOWN STEP	2026-05-18T13:39:11.2183003Z [command]/usr/bin/git init /home/runner/work/lino-i18n/lino-i18n
Deploy Rust Docs	UNKNOWN STEP	2026-05-18T13:39:11.2291227Z hint: Using 'master' as the name for the initial branch. This default branch name
Deploy Rust Docs	UNKNOWN STEP	2026-05-18T13:39:11.2292578Z hint: will change to "main" in Git 3.0. To configure the initial branch name
Deploy Rust Docs	UNKNOWN STEP	2026-05-18T13:39:11.2293311Z hint: to use in all of your new repositories, which will suppress this warning,
Deploy Rust Docs	UNKNOWN STEP	2026-05-18T13:39:11.2294625Z hint: call:
Deploy Rust Docs	UNKNOWN STEP	2026-05-18T13:39:11.2295109Z hint:
Deploy Rust Docs	UNKNOWN STEP	2026-05-18T13:39:11.2295640Z hint: 	git config --global init.defaultBranch <name>
Deploy Rust Docs	UNKNOWN STEP	2026-05-18T13:39:11.2296390Z hint:
Deploy Rust Docs	UNKNOWN STEP	2026-05-18T13:39:11.2297058Z hint: Names commonly chosen instead of 'master' are 'main', 'trunk' and
Deploy Rust Docs	UNKNOWN STEP	2026-05-18T13:39:11.2298165Z hint: 'development'. The just-created branch can be renamed via this command:
Deploy Rust Docs	UNKNOWN STEP	2026-05-18T13:39:11.2299168Z hint:
Deploy Rust Docs	UNKNOWN STEP	2026-05-18T13:39:11.2299649Z hint: 	git branch -m <name>
Deploy Rust Docs	UNKNOWN STEP	2026-05-18T13:39:11.2300332Z hint:
Deploy Rust Docs	UNKNOWN STEP	2026-05-18T13:39:11.2301098Z hint: Disable this message with "git config set advice.defaultBranchName false"
Deploy Rust Docs	UNKNOWN STEP	2026-05-18T13:39:11.2302400Z Initialized empty Git repository in /home/runner/work/lino-i18n/lino-i18n/.git/
Deploy Rust Docs	UNKNOWN STEP	2026-05-18T13:39:11.2310499Z [command]/usr/bin/git remote add origin https://github.com/link-foundation/lino-i18n
Deploy Rust Docs	UNKNOWN STEP	2026-05-18T13:39:11.2358541Z ##[endgroup]
Deploy Rust Docs	UNKNOWN STEP	2026-05-18T13:39:11.2359515Z ##[group]Disabling automatic garbage collection
Deploy Rust Docs	UNKNOWN STEP	2026-05-18T13:39:11.2362307Z [command]/usr/bin/git config --local gc.auto 0
Deploy Rust Docs	UNKNOWN STEP	2026-05-18T13:39:11.2395637Z ##[endgroup]
Deploy Rust Docs	UNKNOWN STEP	2026-05-18T13:39:11.2396601Z ##[group]Setting up auth
Deploy Rust Docs	UNKNOWN STEP	2026-05-18T13:39:11.2397473Z Removing SSH command configuration
Deploy Rust Docs	UNKNOWN STEP	2026-05-18T13:39:11.2404118Z [command]/usr/bin/git config --local --name-only --get-regexp core\.sshCommand
Deploy Rust Docs	UNKNOWN STEP	2026-05-18T13:39:11.2443666Z [command]/usr/bin/git submodule foreach --recursive sh -c "git config --local --name-only --get-regexp 'core\.sshCommand' && git config --local --unset-all 'core.sshCommand' || :"
Deploy Rust Docs	UNKNOWN STEP	2026-05-18T13:39:11.2815665Z Removing HTTP extra header
Deploy Rust Docs	UNKNOWN STEP	2026-05-18T13:39:11.2817820Z [command]/usr/bin/git config --local --name-only --get-regexp http\.https\:\/\/github\.com\/\.extraheader
Deploy Rust Docs	UNKNOWN STEP	2026-05-18T13:39:11.2862494Z [command]/usr/bin/git submodule foreach --recursive sh -c "git config --local --name-only --get-regexp 'http\.https\:\/\/github\.com\/\.extraheader' && git config --local --unset-all 'http.https://github.com/.extraheader' || :"
Deploy Rust Docs	UNKNOWN STEP	2026-05-18T13:39:11.3166834Z Removing includeIf entries pointing to credentials config files
Deploy Rust Docs	UNKNOWN STEP	2026-05-18T13:39:11.3167879Z [command]/usr/bin/git config --local --name-only --get-regexp ^includeIf\.gitdir:
Deploy Rust Docs	UNKNOWN STEP	2026-05-18T13:39:11.3169778Z [command]/usr/bin/git submodule foreach --recursive git config --local --show-origin --name-only --get-regexp remote.origin.url
Deploy Rust Docs	UNKNOWN STEP	2026-05-18T13:39:11.3372538Z [command]/usr/bin/git config --file /home/runner/work/_temp/git-credentials-d5f0e03b-ec23-440e-b313-dab6aba5711a.config http.https://github.com/.extraheader AUTHORIZATION: basic ***
Deploy Rust Docs	UNKNOWN STEP	2026-05-18T13:39:11.3411546Z [command]/usr/bin/git config --local includeIf.gitdir:/home/runner/work/lino-i18n/lino-i18n/.git.path /home/runner/work/_temp/git-credentials-d5f0e03b-ec23-440e-b313-dab6aba5711a.config
Deploy Rust Docs	UNKNOWN STEP	2026-05-18T13:39:11.3442529Z [command]/usr/bin/git config --local includeIf.gitdir:/home/runner/work/lino-i18n/lino-i18n/.git/worktrees/*.path /home/runner/work/_temp/git-credentials-d5f0e03b-ec23-440e-b313-dab6aba5711a.config
Deploy Rust Docs	UNKNOWN STEP	2026-05-18T13:39:11.3477651Z [command]/usr/bin/git config --local includeIf.gitdir:/github/workspace/.git.path /github/runner_temp/git-credentials-d5f0e03b-ec23-440e-b313-dab6aba5711a.config
Deploy Rust Docs	UNKNOWN STEP	2026-05-18T13:39:11.3509954Z [command]/usr/bin/git config --local includeIf.gitdir:/github/workspace/.git/worktrees/*.path /github/runner_temp/git-credentials-d5f0e03b-ec23-440e-b313-dab6aba5711a.config
Deploy Rust Docs	UNKNOWN STEP	2026-05-18T13:39:11.3543413Z ##[endgroup]
Deploy Rust Docs	UNKNOWN STEP	2026-05-18T13:39:11.3544019Z ##[group]Fetching the repository
Deploy Rust Docs	UNKNOWN STEP	2026-05-18T13:39:11.3553710Z [command]/usr/bin/git -c protocol.version=2 fetch --no-tags --prune --no-recurse-submodules --depth=1 origin +8910b98b665a650690c0d9e9188bbf6bec1e9d2c:refs/remotes/origin/main
Deploy Rust Docs	UNKNOWN STEP	2026-05-18T13:39:12.4905144Z From https://github.com/link-foundation/lino-i18n
Deploy Rust Docs	UNKNOWN STEP	2026-05-18T13:39:12.4905903Z  * [new ref]         8910b98b665a650690c0d9e9188bbf6bec1e9d2c -> origin/main
Deploy Rust Docs	UNKNOWN STEP	2026-05-18T13:39:12.4947120Z [command]/usr/bin/git branch --list --remote origin/main
Deploy Rust Docs	UNKNOWN STEP	2026-05-18T13:39:12.4974741Z   origin/main
Deploy Rust Docs	UNKNOWN STEP	2026-05-18T13:39:12.4985902Z [command]/usr/bin/git rev-parse refs/remotes/origin/main
Deploy Rust Docs	UNKNOWN STEP	2026-05-18T13:39:12.5009969Z 8910b98b665a650690c0d9e9188bbf6bec1e9d2c
Deploy Rust Docs	UNKNOWN STEP	2026-05-18T13:39:12.5014424Z ##[endgroup]
Deploy Rust Docs	UNKNOWN STEP	2026-05-18T13:39:12.5015016Z ##[group]Determining the checkout info
Deploy Rust Docs	UNKNOWN STEP	2026-05-18T13:39:12.5016019Z ##[endgroup]
Deploy Rust Docs	UNKNOWN STEP	2026-05-18T13:39:12.5020536Z [command]/usr/bin/git sparse-checkout disable
Deploy Rust Docs	UNKNOWN STEP	2026-05-18T13:39:12.5066635Z [command]/usr/bin/git config --local --unset-all extensions.worktreeConfig
Deploy Rust Docs	UNKNOWN STEP	2026-05-18T13:39:12.5094572Z ##[group]Checking out the ref
Deploy Rust Docs	UNKNOWN STEP	2026-05-18T13:39:12.5099269Z [command]/usr/bin/git checkout --progress --force -B main refs/remotes/origin/main
Deploy Rust Docs	UNKNOWN STEP	2026-05-18T13:39:12.5631437Z Switched to a new branch 'main'
Deploy Rust Docs	UNKNOWN STEP	2026-05-18T13:39:12.5632193Z branch 'main' set up to track 'origin/main'.
Deploy Rust Docs	UNKNOWN STEP	2026-05-18T13:39:12.5645036Z ##[endgroup]
Deploy Rust Docs	UNKNOWN STEP	2026-05-18T13:39:12.5692783Z [command]/usr/bin/git log -1 --format=%H
Deploy Rust Docs	UNKNOWN STEP	2026-05-18T13:39:12.5717633Z 8910b98b665a650690c0d9e9188bbf6bec1e9d2c
Deploy Rust Docs	UNKNOWN STEP	2026-05-18T13:39:12.6028697Z ##[group]Run dtolnay/rust-toolchain@stable
Deploy Rust Docs	UNKNOWN STEP	2026-05-18T13:39:12.6029026Z with:
Deploy Rust Docs	UNKNOWN STEP	2026-05-18T13:39:12.6029201Z   toolchain: stable
Deploy Rust Docs	UNKNOWN STEP	2026-05-18T13:39:12.6029387Z env:
Deploy Rust Docs	UNKNOWN STEP	2026-05-18T13:39:12.6029570Z   CARGO_TERM_COLOR: always
Deploy Rust Docs	UNKNOWN STEP	2026-05-18T13:39:12.6029796Z   RUST_BACKTRACE: 1
Deploy Rust Docs	UNKNOWN STEP	2026-05-18T13:39:12.6029988Z   RUSTFLAGS: -Dwarnings
Deploy Rust Docs	UNKNOWN STEP	2026-05-18T13:39:12.6030378Z   CARGO_REGISTRY_TOKEN: ***
Deploy Rust Docs	UNKNOWN STEP	2026-05-18T13:39:12.6030701Z   CARGO_TOKEN: ***
Deploy Rust Docs	UNKNOWN STEP	2026-05-18T13:39:12.6030885Z ##[endgroup]
Deploy Rust Docs	UNKNOWN STEP	2026-05-18T13:39:12.6141776Z ##[group]Run : parse toolchain version
Deploy Rust Docs	UNKNOWN STEP	2026-05-18T13:39:12.6142189Z ^[[36;1m: parse toolchain version^[[0m
Deploy Rust Docs	UNKNOWN STEP	2026-05-18T13:39:12.6142502Z ^[[36;1mif [[ -z $toolchain ]]; then^[[0m
Deploy Rust Docs	UNKNOWN STEP	2026-05-18T13:39:12.6143014Z ^[[36;1m  # GitHub does not enforce `required: true` inputs itself. https://github.com/actions/runner/issues/1070^[[0m
Deploy Rust Docs	UNKNOWN STEP	2026-05-18T13:39:12.6143584Z ^[[36;1m  echo "'toolchain' is a required input" >&2^[[0m
Deploy Rust Docs	UNKNOWN STEP	2026-05-18T13:39:12.6143864Z ^[[36;1m  exit 1^[[0m
Deploy Rust Docs	UNKNOWN STEP	2026-05-18T13:39:12.6144426Z ^[[36;1melif [[ $toolchain =~ ^stable' '[0-9]+' '(year|month|week|day)s?' 'ago$ ]]; then^[[0m
Deploy Rust Docs	UNKNOWN STEP	2026-05-18T13:39:12.6144838Z ^[[36;1m  if [[ Linux == macOS ]]; then^[[0m
Deploy Rust Docs	UNKNOWN STEP	2026-05-18T13:39:12.6145365Z ^[[36;1m    echo "toolchain=1.$((($(date -v-$(sed 's/stable \([0-9]*\) \(.\).*/\1\2/' <<< $toolchain) +%s)/60/60/24-16569)/7/6))" >> $GITHUB_OUTPUT^[[0m
Deploy Rust Docs	UNKNOWN STEP	2026-05-18T13:39:12.6145891Z ^[[36;1m  else^[[0m
Deploy Rust Docs	UNKNOWN STEP	2026-05-18T13:39:12.6146270Z ^[[36;1m    echo "toolchain=1.$((($(date --date "${toolchain#stable }" +%s)/60/60/24-16569)/7/6))" >> $GITHUB_OUTPUT^[[0m
Deploy Rust Docs	UNKNOWN STEP	2026-05-18T13:39:12.6146710Z ^[[36;1m  fi^[[0m
Deploy Rust Docs	UNKNOWN STEP	2026-05-18T13:39:12.6146987Z ^[[36;1melif [[ $toolchain =~ ^stable' 'minus' '[0-9]+' 'releases?$ ]]; then^[[0m
Deploy Rust Docs	UNKNOWN STEP	2026-05-18T13:39:12.6147489Z ^[[36;1m  echo "toolchain=1.$((($(date +%s)/60/60/24-16569)/7/6-${toolchain//[^0-9]/}))" >> $GITHUB_OUTPUT^[[0m
Deploy Rust Docs	UNKNOWN STEP	2026-05-18T13:39:12.6147934Z ^[[36;1melif [[ $toolchain =~ ^1\.[0-9]+$ ]]; then^[[0m
Deploy Rust Docs	UNKNOWN STEP	2026-05-18T13:39:12.6148437Z ^[[36;1m  echo "toolchain=1.$((i=${toolchain#1.}, c=($(date +%s)/60/60/24-16569)/7/6, i+9*i*(10*i<=c)+90*i*(100*i<=c)))" >> $GITHUB_OUTPUT^[[0m
Deploy Rust Docs	UNKNOWN STEP	2026-05-18T13:39:12.6148913Z ^[[36;1melse^[[0m
Deploy Rust Docs	UNKNOWN STEP	2026-05-18T13:39:12.6149143Z ^[[36;1m  echo "toolchain=$toolchain" >> $GITHUB_OUTPUT^[[0m
Deploy Rust Docs	UNKNOWN STEP	2026-05-18T13:39:12.6149619Z ^[[36;1mfi^[[0m
Deploy Rust Docs	UNKNOWN STEP	2026-05-18T13:39:12.6186439Z shell: /usr/bin/bash --noprofile --norc -e -o pipefail {0}
Deploy Rust Docs	UNKNOWN STEP	2026-05-18T13:39:12.6186775Z env:
Deploy Rust Docs	UNKNOWN STEP	2026-05-18T13:39:12.6186954Z   CARGO_TERM_COLOR: always
Deploy Rust Docs	UNKNOWN STEP	2026-05-18T13:39:12.6187170Z   RUST_BACKTRACE: 1
Deploy Rust Docs	UNKNOWN STEP	2026-05-18T13:39:12.6187367Z   RUSTFLAGS: -Dwarnings
Deploy Rust Docs	UNKNOWN STEP	2026-05-18T13:39:12.6187722Z   CARGO_REGISTRY_TOKEN: ***
Deploy Rust Docs	UNKNOWN STEP	2026-05-18T13:39:12.6187999Z   CARGO_TOKEN: ***
Deploy Rust Docs	UNKNOWN STEP	2026-05-18T13:39:12.6188188Z   toolchain: stable
Deploy Rust Docs	UNKNOWN STEP	2026-05-18T13:39:12.6188374Z ##[endgroup]
Deploy Rust Docs	UNKNOWN STEP	2026-05-18T13:39:12.6320351Z ##[group]Run : construct rustup command line
Deploy Rust Docs	UNKNOWN STEP	2026-05-18T13:39:12.6320676Z ^[[36;1m: construct rustup command line^[[0m
Deploy Rust Docs	UNKNOWN STEP	2026-05-18T13:39:12.6321114Z ^[[36;1mecho "targets=$(for t in ${targets//,/ }; do echo -n ' --target' $t; done)" >> $GITHUB_OUTPUT^[[0m
Deploy Rust Docs	UNKNOWN STEP	2026-05-18T13:39:12.6321739Z ^[[36;1mecho "components=$(for c in ${components//,/ }; do echo -n ' --component' $c; done)" >> $GITHUB_OUTPUT^[[0m
Deploy Rust Docs	UNKNOWN STEP	2026-05-18T13:39:12.6322216Z ^[[36;1mecho "downgrade=" >> $GITHUB_OUTPUT^[[0m
Deploy Rust Docs	UNKNOWN STEP	2026-05-18T13:39:12.6352587Z shell: /usr/bin/bash --noprofile --norc -e -o pipefail {0}
Deploy Rust Docs	UNKNOWN STEP	2026-05-18T13:39:12.6352920Z env:
Deploy Rust Docs	UNKNOWN STEP	2026-05-18T13:39:12.6353089Z   CARGO_TERM_COLOR: always
Deploy Rust Docs	UNKNOWN STEP	2026-05-18T13:39:12.6353301Z   RUST_BACKTRACE: 1
Deploy Rust Docs	UNKNOWN STEP	2026-05-18T13:39:12.6353485Z   RUSTFLAGS: -Dwarnings
Deploy Rust Docs	UNKNOWN STEP	2026-05-18T13:39:12.6353856Z   CARGO_REGISTRY_TOKEN: ***
Deploy Rust Docs	UNKNOWN STEP	2026-05-18T13:39:12.6354128Z   CARGO_TOKEN: ***
Deploy Rust Docs	UNKNOWN STEP	2026-05-18T13:39:12.6354539Z   targets:
Deploy Rust Docs	UNKNOWN STEP	2026-05-18T13:39:12.6354730Z   components:
Deploy Rust Docs	UNKNOWN STEP	2026-05-18T13:39:12.6354942Z ##[endgroup]
Deploy Rust Docs	UNKNOWN STEP	2026-05-18T13:39:12.6436623Z ##[group]Run : set $CARGO_HOME
Deploy Rust Docs	UNKNOWN STEP	2026-05-18T13:39:12.6436883Z ^[[36;1m: set $CARGO_HOME^[[0m
Deploy Rust Docs	UNKNOWN STEP	2026-05-18T13:39:12.6437197Z ^[[36;1mecho CARGO_HOME=${CARGO_HOME:-"$HOME/.cargo"} >> $GITHUB_ENV^[[0m
Deploy Rust Docs	UNKNOWN STEP	2026-05-18T13:39:12.6467081Z shell: /usr/bin/bash --noprofile --norc -e -o pipefail {0}
Deploy Rust Docs	UNKNOWN STEP	2026-05-18T13:39:12.6467625Z env:
Deploy Rust Docs	UNKNOWN STEP	2026-05-18T13:39:12.6467820Z   CARGO_TERM_COLOR: always
Deploy Rust Docs	UNKNOWN STEP	2026-05-18T13:39:12.6468039Z   RUST_BACKTRACE: 1
Deploy Rust Docs	UNKNOWN STEP	2026-05-18T13:39:12.6468239Z   RUSTFLAGS: -Dwarnings
Deploy Rust Docs	UNKNOWN STEP	2026-05-18T13:39:12.6468608Z   CARGO_REGISTRY_TOKEN: ***
Deploy Rust Docs	UNKNOWN STEP	2026-05-18T13:39:12.6468894Z   CARGO_TOKEN: ***
Deploy Rust Docs	UNKNOWN STEP	2026-05-18T13:39:12.6469080Z ##[endgroup]
Deploy Rust Docs	UNKNOWN STEP	2026-05-18T13:39:12.6550484Z ##[group]Run : install rustup if needed
Deploy Rust Docs	UNKNOWN STEP	2026-05-18T13:39:12.6550785Z ^[[36;1m: install rustup if needed^[[0m
Deploy Rust Docs	UNKNOWN STEP	2026-05-18T13:39:12.6551080Z ^[[36;1mif ! command -v rustup &>/dev/null; then^[[0m
Deploy Rust Docs	UNKNOWN STEP	2026-05-18T13:39:12.6551820Z ^[[36;1m  curl --proto '=https' --tlsv1.2 --retry 10 --retry-connrefused --location --silent --show-error --fail https://sh.rustup.rs | sh -s -- --default-toolchain none -y^[[0m
Deploy Rust Docs	UNKNOWN STEP	2026-05-18T13:39:12.6552550Z ^[[36;1m  echo "$CARGO_HOME/bin" >> $GITHUB_PATH^[[0m
Deploy Rust Docs	UNKNOWN STEP	2026-05-18T13:39:12.6552811Z ^[[36;1mfi^[[0m
Deploy Rust Docs	UNKNOWN STEP	2026-05-18T13:39:12.6582892Z shell: /usr/bin/bash --noprofile --norc -e -o pipefail {0}
Deploy Rust Docs	UNKNOWN STEP	2026-05-18T13:39:12.6583214Z env:
Deploy Rust Docs	UNKNOWN STEP	2026-05-18T13:39:12.6583402Z   CARGO_TERM_COLOR: always
Deploy Rust Docs	UNKNOWN STEP	2026-05-18T13:39:12.6583618Z   RUST_BACKTRACE: 1
Deploy Rust Docs	UNKNOWN STEP	2026-05-18T13:39:12.6583803Z   RUSTFLAGS: -Dwarnings
Deploy Rust Docs	UNKNOWN STEP	2026-05-18T13:39:12.6584435Z   CARGO_REGISTRY_TOKEN: ***
Deploy Rust Docs	UNKNOWN STEP	2026-05-18T13:39:12.6584738Z   CARGO_TOKEN: ***
Deploy Rust Docs	UNKNOWN STEP	2026-05-18T13:39:12.6584948Z   CARGO_HOME: /home/runner/.cargo
Deploy Rust Docs	UNKNOWN STEP	2026-05-18T13:39:12.6585174Z ##[endgroup]
Deploy Rust Docs	UNKNOWN STEP	2026-05-18T13:39:12.6664857Z ##[group]Run rustup toolchain install stable --profile minimal --no-self-update
Deploy Rust Docs	UNKNOWN STEP	2026-05-18T13:39:12.6665410Z ^[[36;1mrustup toolchain install stable --profile minimal --no-self-update^[[0m
Deploy Rust Docs	UNKNOWN STEP	2026-05-18T13:39:12.6695584Z shell: /usr/bin/bash --noprofile --norc -e -o pipefail {0}
Deploy Rust Docs	UNKNOWN STEP	2026-05-18T13:39:12.6695919Z env:
Deploy Rust Docs	UNKNOWN STEP	2026-05-18T13:39:12.6696135Z   CARGO_TERM_COLOR: always
Deploy Rust Docs	UNKNOWN STEP	2026-05-18T13:39:12.6696363Z   RUST_BACKTRACE: 1
Deploy Rust Docs	UNKNOWN STEP	2026-05-18T13:39:12.6696558Z   RUSTFLAGS: -Dwarnings
Deploy Rust Docs	UNKNOWN STEP	2026-05-18T13:39:12.6696926Z   CARGO_REGISTRY_TOKEN: ***
Deploy Rust Docs	UNKNOWN STEP	2026-05-18T13:39:12.6697209Z   CARGO_TOKEN: ***
Deploy Rust Docs	UNKNOWN STEP	2026-05-18T13:39:12.6697403Z   CARGO_HOME: /home/runner/.cargo
Deploy Rust Docs	UNKNOWN STEP	2026-05-18T13:39:12.6697658Z   RUSTUP_PERMIT_COPY_RENAME: 1
Deploy Rust Docs	UNKNOWN STEP	2026-05-18T13:39:12.6697869Z ##[endgroup]
Deploy Rust Docs	UNKNOWN STEP	2026-05-18T13:39:12.9348801Z info: syncing channel updates for stable-x86_64-unknown-linux-gnu
Deploy Rust Docs	UNKNOWN STEP	2026-05-18T13:39:13.2393674Z
Deploy Rust Docs	UNKNOWN STEP	2026-05-18T13:39:13.2477409Z   stable-x86_64-unknown-linux-gnu unchanged - rustc 1.95.0 (59807616e 2026-04-14)
Deploy Rust Docs	UNKNOWN STEP	2026-05-18T13:39:13.2477841Z
Deploy Rust Docs	UNKNOWN STEP	2026-05-18T13:39:13.2570734Z ##[group]Run rustup default stable
Deploy Rust Docs	UNKNOWN STEP	2026-05-18T13:39:13.2571022Z ^[[36;1mrustup default stable^[[0m
Deploy Rust Docs	UNKNOWN STEP	2026-05-18T13:39:13.2604746Z shell: /usr/bin/bash --noprofile --norc -e -o pipefail {0}
Deploy Rust Docs	UNKNOWN STEP	2026-05-18T13:39:13.2605070Z env:
Deploy Rust Docs	UNKNOWN STEP	2026-05-18T13:39:13.2605237Z   CARGO_TERM_COLOR: always
Deploy Rust Docs	UNKNOWN STEP	2026-05-18T13:39:13.2605453Z   RUST_BACKTRACE: 1
Deploy Rust Docs	UNKNOWN STEP	2026-05-18T13:39:13.2605647Z   RUSTFLAGS: -Dwarnings
Deploy Rust Docs	UNKNOWN STEP	2026-05-18T13:39:13.2606196Z   CARGO_REGISTRY_TOKEN: ***
Deploy Rust Docs	UNKNOWN STEP	2026-05-18T13:39:13.2606488Z   CARGO_TOKEN: ***
Deploy Rust Docs	UNKNOWN STEP	2026-05-18T13:39:13.2606681Z   CARGO_HOME: /home/runner/.cargo
Deploy Rust Docs	UNKNOWN STEP	2026-05-18T13:39:13.2606899Z ##[endgroup]
Deploy Rust Docs	UNKNOWN STEP	2026-05-18T13:39:13.2714455Z info: using existing install for stable-x86_64-unknown-linux-gnu
Deploy Rust Docs	UNKNOWN STEP	2026-05-18T13:39:13.2721485Z info: default toolchain set to stable-x86_64-unknown-linux-gnu
Deploy Rust Docs	UNKNOWN STEP	2026-05-18T13:39:13.2721948Z
Deploy Rust Docs	UNKNOWN STEP	2026-05-18T13:39:13.2803822Z   stable-x86_64-unknown-linux-gnu unchanged - rustc 1.95.0 (59807616e 2026-04-14)
Deploy Rust Docs	UNKNOWN STEP	2026-05-18T13:39:13.2804508Z
Deploy Rust Docs	UNKNOWN STEP	2026-05-18T13:39:13.2838766Z ##[group]Run : create cachekey
Deploy Rust Docs	UNKNOWN STEP	2026-05-18T13:39:13.2839037Z ^[[36;1m: create cachekey^[[0m
Deploy Rust Docs	UNKNOWN STEP	2026-05-18T13:39:13.2839525Z ^[[36;1mDATE=$(rustc +stable --version --verbose | sed -ne 's/^commit-date: \(20[0-9][0-9]\)-\([01][0-9]\)-\([0-3][0-9]\)$/\1\2\3/p')^[[0m
Deploy Rust Docs	UNKNOWN STEP	2026-05-18T13:39:13.2840189Z ^[[36;1mHASH=$(rustc +stable --version --verbose | sed -ne 's/^commit-hash: //p')^[[0m
Deploy Rust Docs	UNKNOWN STEP	2026-05-18T13:39:13.2840682Z ^[[36;1mecho "cachekey=$(echo $DATE$HASH | head -c12)" >> $GITHUB_OUTPUT^[[0m
Deploy Rust Docs	UNKNOWN STEP	2026-05-18T13:39:13.2873293Z shell: /usr/bin/bash --noprofile --norc -e -o pipefail {0}
Deploy Rust Docs	UNKNOWN STEP	2026-05-18T13:39:13.2873607Z env:
Deploy Rust Docs	UNKNOWN STEP	2026-05-18T13:39:13.2873777Z   CARGO_TERM_COLOR: always
Deploy Rust Docs	UNKNOWN STEP	2026-05-18T13:39:13.2873982Z   RUST_BACKTRACE: 1
Deploy Rust Docs	UNKNOWN STEP	2026-05-18T13:39:13.2874654Z   RUSTFLAGS: -Dwarnings
Deploy Rust Docs	UNKNOWN STEP	2026-05-18T13:39:13.2875040Z   CARGO_REGISTRY_TOKEN: ***
Deploy Rust Docs	UNKNOWN STEP	2026-05-18T13:39:13.2875312Z   CARGO_TOKEN: ***
Deploy Rust Docs	UNKNOWN STEP	2026-05-18T13:39:13.2875504Z   CARGO_HOME: /home/runner/.cargo
Deploy Rust Docs	UNKNOWN STEP	2026-05-18T13:39:13.2875730Z ##[endgroup]
Deploy Rust Docs	UNKNOWN STEP	2026-05-18T13:39:13.3491633Z ##[group]Run : disable incremental compilation
Deploy Rust Docs	UNKNOWN STEP	2026-05-18T13:39:13.3492012Z ^[[36;1m: disable incremental compilation^[[0m
Deploy Rust Docs	UNKNOWN STEP	2026-05-18T13:39:13.3492329Z ^[[36;1mif [ -z "${CARGO_INCREMENTAL+set}" ]; then^[[0m
Deploy Rust Docs	UNKNOWN STEP	2026-05-18T13:39:13.3492643Z ^[[36;1m  echo CARGO_INCREMENTAL=0 >> $GITHUB_ENV^[[0m
Deploy Rust Docs	UNKNOWN STEP	2026-05-18T13:39:13.3492900Z ^[[36;1mfi^[[0m
Deploy Rust Docs	UNKNOWN STEP	2026-05-18T13:39:13.3526127Z shell: /usr/bin/bash --noprofile --norc -e -o pipefail {0}
Deploy Rust Docs	UNKNOWN STEP	2026-05-18T13:39:13.3526451Z env:
Deploy Rust Docs	UNKNOWN STEP	2026-05-18T13:39:13.3526625Z   CARGO_TERM_COLOR: always
Deploy Rust Docs	UNKNOWN STEP	2026-05-18T13:39:13.3526832Z   RUST_BACKTRACE: 1
Deploy Rust Docs	UNKNOWN STEP	2026-05-18T13:39:13.3527022Z   RUSTFLAGS: -Dwarnings
Deploy Rust Docs	UNKNOWN STEP	2026-05-18T13:39:13.3527368Z   CARGO_REGISTRY_TOKEN: ***
Deploy Rust Docs	UNKNOWN STEP	2026-05-18T13:39:13.3527640Z   CARGO_TOKEN: ***
Deploy Rust Docs	UNKNOWN STEP	2026-05-18T13:39:13.3527846Z   CARGO_HOME: /home/runner/.cargo
Deploy Rust Docs	UNKNOWN STEP	2026-05-18T13:39:13.3528073Z ##[endgroup]
Deploy Rust Docs	UNKNOWN STEP	2026-05-18T13:39:13.3596920Z ##[group]Run : enable colors in Cargo output
Deploy Rust Docs	UNKNOWN STEP	2026-05-18T13:39:13.3597235Z ^[[36;1m: enable colors in Cargo output^[[0m
Deploy Rust Docs	UNKNOWN STEP	2026-05-18T13:39:13.3597540Z ^[[36;1mif [ -z "${CARGO_TERM_COLOR+set}" ]; then^[[0m
Deploy Rust Docs	UNKNOWN STEP	2026-05-18T13:39:13.3597848Z ^[[36;1m  echo CARGO_TERM_COLOR=always >> $GITHUB_ENV^[[0m
Deploy Rust Docs	UNKNOWN STEP	2026-05-18T13:39:13.3598116Z ^[[36;1mfi^[[0m
Deploy Rust Docs	UNKNOWN STEP	2026-05-18T13:39:13.3627356Z shell: /usr/bin/bash --noprofile --norc -e -o pipefail {0}
Deploy Rust Docs	UNKNOWN STEP	2026-05-18T13:39:13.3627668Z env:
Deploy Rust Docs	UNKNOWN STEP	2026-05-18T13:39:13.3627838Z   CARGO_TERM_COLOR: always
Deploy Rust Docs	UNKNOWN STEP	2026-05-18T13:39:13.3628047Z   RUST_BACKTRACE: 1
Deploy Rust Docs	UNKNOWN STEP	2026-05-18T13:39:13.3628227Z   RUSTFLAGS: -Dwarnings
Deploy Rust Docs	UNKNOWN STEP	2026-05-18T13:39:13.3628551Z   CARGO_REGISTRY_TOKEN: ***
Deploy Rust Docs	UNKNOWN STEP	2026-05-18T13:39:13.3628826Z   CARGO_TOKEN: ***
Deploy Rust Docs	UNKNOWN STEP	2026-05-18T13:39:13.3629014Z   CARGO_HOME: /home/runner/.cargo
Deploy Rust Docs	UNKNOWN STEP	2026-05-18T13:39:13.3629246Z   CARGO_INCREMENTAL: 0
Deploy Rust Docs	UNKNOWN STEP	2026-05-18T13:39:13.3629437Z ##[endgroup]
Deploy Rust Docs	UNKNOWN STEP	2026-05-18T13:39:13.3698577Z ##[group]Run : enable Cargo sparse registry
Deploy Rust Docs	UNKNOWN STEP	2026-05-18T13:39:13.3698903Z ^[[36;1m: enable Cargo sparse registry^[[0m
Deploy Rust Docs	UNKNOWN STEP	2026-05-18T13:39:13.3699253Z ^[[36;1m# implemented in 1.66, stabilized in 1.68, made default in 1.70^[[0m
Deploy Rust Docs	UNKNOWN STEP	2026-05-18T13:39:13.3700089Z ^[[36;1mif [ -z "${CARGO_REGISTRIES_CRATES_IO_PROTOCOL+set}" -o -f "/home/runner/work/_temp"/.implicit_cargo_registries_crates_io_protocol ]; then^[[0m
Deploy Rust Docs	UNKNOWN STEP	2026-05-18T13:39:13.3700800Z ^[[36;1m  if rustc +stable --version --verbose | grep -q '^release: 1\.6[89]\.'; then^[[0m
Deploy Rust Docs	UNKNOWN STEP	2026-05-18T13:39:13.3701348Z ^[[36;1m    touch "/home/runner/work/_temp"/.implicit_cargo_registries_crates_io_protocol || true^[[0m
Deploy Rust Docs	UNKNOWN STEP	2026-05-18T13:39:13.3701866Z ^[[36;1m    echo CARGO_REGISTRIES_CRATES_IO_PROTOCOL=sparse >> $GITHUB_ENV^[[0m
Deploy Rust Docs	UNKNOWN STEP	2026-05-18T13:39:13.3702346Z ^[[36;1m  elif rustc +stable --version --verbose | grep -q '^release: 1\.6[67]\.'; then^[[0m
Deploy Rust Docs	UNKNOWN STEP	2026-05-18T13:39:13.3702903Z ^[[36;1m    touch "/home/runner/work/_temp"/.implicit_cargo_registries_crates_io_protocol || true^[[0m
Deploy Rust Docs	UNKNOWN STEP	2026-05-18T13:39:13.3703418Z ^[[36;1m    echo CARGO_REGISTRIES_CRATES_IO_PROTOCOL=git >> $GITHUB_ENV^[[0m
Deploy Rust Docs	UNKNOWN STEP	2026-05-18T13:39:13.3703759Z ^[[36;1m  fi^[[0m
Deploy Rust Docs	UNKNOWN STEP	2026-05-18T13:39:13.3703924Z ^[[36;1mfi^[[0m
Deploy Rust Docs	UNKNOWN STEP	2026-05-18T13:39:13.3734519Z shell: /usr/bin/bash --noprofile --norc -e -o pipefail {0}
Deploy Rust Docs	UNKNOWN STEP	2026-05-18T13:39:13.3734865Z env:
Deploy Rust Docs	UNKNOWN STEP	2026-05-18T13:39:13.3735034Z   CARGO_TERM_COLOR: always
Deploy Rust Docs	UNKNOWN STEP	2026-05-18T13:39:13.3735251Z   RUST_BACKTRACE: 1
Deploy Rust Docs	UNKNOWN STEP	2026-05-18T13:39:13.3735447Z   RUSTFLAGS: -Dwarnings
Deploy Rust Docs	UNKNOWN STEP	2026-05-18T13:39:13.3735790Z   CARGO_REGISTRY_TOKEN: ***
Deploy Rust Docs	UNKNOWN STEP	2026-05-18T13:39:13.3736073Z   CARGO_TOKEN: ***
Deploy Rust Docs	UNKNOWN STEP	2026-05-18T13:39:13.3736267Z   CARGO_HOME: /home/runner/.cargo
Deploy Rust Docs	UNKNOWN STEP	2026-05-18T13:39:13.3736495Z   CARGO_INCREMENTAL: 0
Deploy Rust Docs	UNKNOWN STEP	2026-05-18T13:39:13.3736690Z ##[endgroup]
Deploy Rust Docs	UNKNOWN STEP	2026-05-18T13:39:13.4122006Z ##[group]Run : work around spurious network errors in curl 8.0
Deploy Rust Docs	UNKNOWN STEP	2026-05-18T13:39:13.4122432Z ^[[36;1m: work around spurious network errors in curl 8.0^[[0m
Deploy Rust Docs	UNKNOWN STEP	2026-05-18T13:39:13.4122970Z ^[[36;1m# https://rust-lang.zulipchat.com/#narrow/stream/246057-t-cargo/topic/timeout.20investigation^[[0m
Deploy Rust Docs	UNKNOWN STEP	2026-05-18T13:39:13.4123763Z ^[[36;1mif rustc +stable --version --verbose | grep -q '^release: 1\.7[01]\.'; then^[[0m
Deploy Rust Docs	UNKNOWN STEP	2026-05-18T13:39:13.4124696Z ^[[36;1m  echo CARGO_HTTP_MULTIPLEXING=false >> $GITHUB_ENV^[[0m
Deploy Rust Docs	UNKNOWN STEP	2026-05-18T13:39:13.4125110Z ^[[36;1mfi^[[0m
Deploy Rust Docs	UNKNOWN STEP	2026-05-18T13:39:13.4157972Z shell: /usr/bin/bash --noprofile --norc -e -o pipefail {0}
Deploy Rust Docs	UNKNOWN STEP	2026-05-18T13:39:13.4158288Z env:
Deploy Rust Docs	UNKNOWN STEP	2026-05-18T13:39:13.4158464Z   CARGO_TERM_COLOR: always
Deploy Rust Docs	UNKNOWN STEP	2026-05-18T13:39:13.4158673Z   RUST_BACKTRACE: 1
Deploy Rust Docs	UNKNOWN STEP	2026-05-18T13:39:13.4158859Z   RUSTFLAGS: -Dwarnings
Deploy Rust Docs	UNKNOWN STEP	2026-05-18T13:39:13.4159213Z   CARGO_REGISTRY_TOKEN: ***
Deploy Rust Docs	UNKNOWN STEP	2026-05-18T13:39:13.4159493Z   CARGO_TOKEN: ***
Deploy Rust Docs	UNKNOWN STEP	2026-05-18T13:39:13.4159687Z   CARGO_HOME: /home/runner/.cargo
Deploy Rust Docs	UNKNOWN STEP	2026-05-18T13:39:13.4159920Z   CARGO_INCREMENTAL: 0
Deploy Rust Docs	UNKNOWN STEP	2026-05-18T13:39:13.4160103Z ##[endgroup]
Deploy Rust Docs	UNKNOWN STEP	2026-05-18T13:39:13.4380006Z ##[group]Run rustc +stable --version --verbose
Deploy Rust Docs	UNKNOWN STEP	2026-05-18T13:39:13.4380343Z ^[[36;1mrustc +stable --version --verbose^[[0m
Deploy Rust Docs	UNKNOWN STEP	2026-05-18T13:39:13.4412995Z shell: /usr/bin/bash --noprofile --norc -e -o pipefail {0}
Deploy Rust Docs	UNKNOWN STEP	2026-05-18T13:39:13.4413328Z env:
Deploy Rust Docs	UNKNOWN STEP	2026-05-18T13:39:13.4413499Z   CARGO_TERM_COLOR: always
Deploy Rust Docs	UNKNOWN STEP	2026-05-18T13:39:13.4413709Z   RUST_BACKTRACE: 1
Deploy Rust Docs	UNKNOWN STEP	2026-05-18T13:39:13.4413900Z   RUSTFLAGS: -Dwarnings
Deploy Rust Docs	UNKNOWN STEP	2026-05-18T13:39:13.4414559Z   CARGO_REGISTRY_TOKEN: ***
Deploy Rust Docs	UNKNOWN STEP	2026-05-18T13:39:13.4414845Z   CARGO_TOKEN: ***
Deploy Rust Docs	UNKNOWN STEP	2026-05-18T13:39:13.4415039Z   CARGO_HOME: /home/runner/.cargo
Deploy Rust Docs	UNKNOWN STEP	2026-05-18T13:39:13.4415267Z   CARGO_INCREMENTAL: 0
Deploy Rust Docs	UNKNOWN STEP	2026-05-18T13:39:13.4415470Z ##[endgroup]
Deploy Rust Docs	UNKNOWN STEP	2026-05-18T13:39:13.4591830Z rustc 1.95.0 (59807616e 2026-04-14)
Deploy Rust Docs	UNKNOWN STEP	2026-05-18T13:39:13.4592400Z binary: rustc
Deploy Rust Docs	UNKNOWN STEP	2026-05-18T13:39:13.4592720Z commit-hash: 59807616e1fa2540724bfbac14d7976d7e4a3860
Deploy Rust Docs	UNKNOWN STEP	2026-05-18T13:39:13.4593055Z commit-date: 2026-04-14
Deploy Rust Docs	UNKNOWN STEP	2026-05-18T13:39:13.4593288Z host: x86_64-unknown-linux-gnu
Deploy Rust Docs	UNKNOWN STEP	2026-05-18T13:39:13.4593531Z release: 1.95.0
Deploy Rust Docs	UNKNOWN STEP	2026-05-18T13:39:13.4593736Z LLVM version: 22.1.2
Deploy Rust Docs	UNKNOWN STEP	2026-05-18T13:39:13.4666294Z ##[group]Run cargo install rust-script
Deploy Rust Docs	UNKNOWN STEP	2026-05-18T13:39:13.4666634Z ^[[36;1mcargo install rust-script^[[0m
Deploy Rust Docs	UNKNOWN STEP	2026-05-18T13:39:13.4699723Z shell: /usr/bin/bash -e {0}
Deploy Rust Docs	UNKNOWN STEP	2026-05-18T13:39:13.4699955Z env:
Deploy Rust Docs	UNKNOWN STEP	2026-05-18T13:39:13.4700132Z   CARGO_TERM_COLOR: always
Deploy Rust Docs	UNKNOWN STEP	2026-05-18T13:39:13.4700343Z   RUST_BACKTRACE: 1
Deploy Rust Docs	UNKNOWN STEP	2026-05-18T13:39:13.4700538Z   RUSTFLAGS: -Dwarnings
Deploy Rust Docs	UNKNOWN STEP	2026-05-18T13:39:13.4701108Z   CARGO_REGISTRY_TOKEN: ***
Deploy Rust Docs	UNKNOWN STEP	2026-05-18T13:39:13.4701380Z   CARGO_TOKEN: ***
Deploy Rust Docs	UNKNOWN STEP	2026-05-18T13:39:13.4701573Z   CARGO_HOME: /home/runner/.cargo
Deploy Rust Docs	UNKNOWN STEP	2026-05-18T13:39:13.4701815Z   CARGO_INCREMENTAL: 0
Deploy Rust Docs	UNKNOWN STEP	2026-05-18T13:39:13.4702005Z ##[endgroup]
Deploy Rust Docs	UNKNOWN STEP	2026-05-18T13:39:14.4906382Z ^[[1m^[[92m    Updating^[[0m crates.io index
Deploy Rust Docs	UNKNOWN STEP	2026-05-18T13:39:14.8763868Z ^[[1m^[[92m Downloading^[[0m crates ...
Deploy Rust Docs	UNKNOWN STEP	2026-05-18T13:39:14.9630260Z ^[[1m^[[92m  Downloaded^[[0m rust-script v0.36.0
Deploy Rust Docs	UNKNOWN STEP	2026-05-18T13:39:15.2329946Z ^[[1m^[[92m  Installing^[[0m rust-script v0.36.0
Deploy Rust Docs	UNKNOWN STEP	2026-05-18T13:39:15.6062419Z ^[[1m^[[92m    Updating^[[0m crates.io index
Deploy Rust Docs	UNKNOWN STEP	2026-05-18T13:39:16.2921197Z ^[[1m^[[92m     Locking^[[0m 113 packages to latest compatible versions
Deploy Rust Docs	UNKNOWN STEP	2026-05-18T13:39:16.2953717Z ^[[1m^[[92m      Adding^[[0m generic-array v0.14.7 ^[[1m^[[33m(available: v0.14.9)^[[0m
Deploy Rust Docs	UNKNOWN STEP	2026-05-18T13:39:16.3044085Z ^[[1m^[[92m      Adding^[[0m sha1 v0.10.6 ^[[1m^[[33m(available: v0.11.0)^[[0m
Deploy Rust Docs	UNKNOWN STEP	2026-05-18T13:39:16.3064299Z ^[[1m^[[92m      Adding^[[0m toml v0.9.12+spec-1.1.0 ^[[1m^[[33m(available: v1.1.2+spec-1.1.0)^[[0m
Deploy Rust Docs	UNKNOWN STEP	2026-05-18T13:39:16.3099936Z ^[[1m^[[92m      Adding^[[0m winreg v0.55.0 ^[[1m^[[33m(available: v0.56.0)^[[0m
Deploy Rust Docs	UNKNOWN STEP	2026-05-18T13:39:16.3122202Z ^[[1m^[[92m Downloading^[[0m crates ...
Deploy Rust Docs	UNKNOWN STEP	2026-05-18T13:39:16.4233381Z ^[[1m^[[92m  Downloaded^[[0m block-buffer v0.10.4
Deploy Rust Docs	UNKNOWN STEP	2026-05-18T13:39:16.4326381Z ^[[1m^[[92m  Downloaded^[[0m anstyle-query v1.1.5
Deploy Rust Docs	UNKNOWN STEP	2026-05-18T13:39:16.4495641Z ^[[1m^[[92m  Downloaded^[[0m dirs-sys v0.5.0
Deploy Rust Docs	UNKNOWN STEP	2026-05-18T13:39:16.4510243Z ^[[1m^[[92m  Downloaded^[[0m crypto-common v0.1.7
Deploy Rust Docs	UNKNOWN STEP	2026-05-18T13:39:16.4521460Z ^[[1m^[[92m  Downloaded^[[0m colorchoice v1.0.5
Deploy Rust Docs	UNKNOWN STEP	2026-05-18T13:39:16.4532117Z ^[[1m^[[92m  Downloaded^[[0m cfg-if v1.0.4
Deploy Rust Docs	UNKNOWN STEP	2026-05-18T13:39:16.4674742Z ^[[1m^[[92m  Downloaded^[[0m cpufeatures v0.2.17
Deploy Rust Docs	UNKNOWN STEP	2026-05-18T13:39:16.4693774Z ^[[1m^[[92m  Downloaded^[[0m env_filter v1.0.1
Deploy Rust Docs	UNKNOWN STEP	2026-05-18T13:39:16.4708736Z ^[[1m^[[92m  Downloaded^[[0m anstyle v1.0.14
Deploy Rust Docs	UNKNOWN STEP	2026-05-18T13:39:16.4832850Z ^[[1m^[[92m  Downloaded^[[0m utf8parse v0.2.2
Deploy Rust Docs	UNKNOWN STEP	2026-05-18T13:39:16.4845833Z ^[[1m^[[92m  Downloaded^[[0m is_terminal_polyfill v1.70.2
Deploy Rust Docs	UNKNOWN STEP	2026-05-18T13:39:16.4857370Z ^[[1m^[[92m  Downloaded^[[0m sha1 v0.10.6
Deploy Rust Docs	UNKNOWN STEP	2026-05-18T13:39:16.4876612Z ^[[1m^[[92m  Downloaded^[[0m pulldown-cmark-escape v0.11.0
Deploy Rust Docs	UNKNOWN STEP	2026-05-18T13:39:16.4885750Z ^[[1m^[[92m  Downloaded^[[0m generic-array v0.14.7
Deploy Rust Docs	UNKNOWN STEP	2026-05-18T13:39:16.4900538Z ^[[1m^[[92m  Downloaded^[[0m equivalent v1.0.2
Deploy Rust Docs	UNKNOWN STEP	2026-05-18T13:39:16.4911595Z ^[[1m^[[92m  Downloaded^[[0m serde_spanned v1.1.1
Deploy Rust Docs	UNKNOWN STEP	2026-05-18T13:39:16.5014068Z ^[[1m^[[92m  Downloaded^[[0m version_check v0.9.5
Deploy Rust Docs	UNKNOWN STEP	2026-05-18T13:39:16.5067935Z ^[[1m^[[92m  Downloaded^[[0m option-ext v0.2.0
Deploy Rust Docs	UNKNOWN STEP	2026-05-18T13:39:16.5078490Z ^[[1m^[[92m  Downloaded^[[0m anstyle-parse v1.0.0
Deploy Rust Docs	UNKNOWN STEP	2026-05-18T13:39:16.5094939Z ^[[1m^[[92m  Downloaded^[[0m env_logger v0.11.10
Deploy Rust Docs	UNKNOWN STEP	2026-05-18T13:39:16.5116736Z ^[[1m^[[92m  Downloaded^[[0m dirs v6.0.0
Deploy Rust Docs	UNKNOWN STEP	2026-05-18T13:39:16.5191380Z ^[[1m^[[92m  Downloaded^[[0m strsim v0.11.1
Deploy Rust Docs	UNKNOWN STEP	2026-05-18T13:39:16.5208057Z ^[[1m^[[92m  Downloaded^[[0m shell-words v1.1.1
Deploy Rust Docs	UNKNOWN STEP	2026-05-18T13:39:16.5218051Z ^[[1m^[[92m  Downloaded^[[0m anstream v1.0.0
Deploy Rust Docs	UNKNOWN STEP	2026-05-18T13:39:16.5238114Z ^[[1m^[[92m  Downloaded^[[0m errno v0.3.14
Deploy Rust Docs	UNKNOWN STEP	2026-05-18T13:39:16.5261273Z ^[[1m^[[92m  Downloaded^[[0m toml_writer v1.1.1+spec-1.1.0
Deploy Rust Docs	UNKNOWN STEP	2026-05-18T13:39:16.5275180Z ^[[1m^[[92m  Downloaded^[[0m toml_datetime v0.7.5+spec-1.1.0
Deploy Rust Docs	UNKNOWN STEP	2026-05-18T13:39:16.5287777Z ^[[1m^[[92m  Downloaded^[[0m digest v0.10.7
Deploy Rust Docs	UNKNOWN STEP	2026-05-18T13:39:16.5306044Z ^[[1m^[[92m  Downloaded^[[0m clap_lex v1.1.0
Deploy Rust Docs	UNKNOWN STEP	2026-05-18T13:39:16.5353500Z ^[[1m^[[92m  Downloaded^[[0m bitflags v2.11.1
Deploy Rust Docs	UNKNOWN STEP	2026-05-18T13:39:16.5400393Z ^[[1m^[[92m  Downloaded^[[0m unicase v2.9.0
Deploy Rust Docs	UNKNOWN STEP	2026-05-18T13:39:16.5510443Z ^[[1m^[[92m  Downloaded^[[0m fastrand v2.4.1
Deploy Rust Docs	UNKNOWN STEP	2026-05-18T13:39:16.5528549Z ^[[1m^[[92m  Downloaded^[[0m toml_parser v1.1.2+spec-1.1.0
Deploy Rust Docs	UNKNOWN STEP	2026-05-18T13:39:16.5557317Z ^[[1m^[[92m  Downloaded^[[0m tempfile v3.27.0
Deploy Rust Docs	UNKNOWN STEP	2026-05-18T13:39:16.5585060Z ^[[1m^[[92m  Downloaded^[[0m clap v4.6.1
Deploy Rust Docs	UNKNOWN STEP	2026-05-18T13:39:16.5688638Z ^[[1m^[[92m  Downloaded^[[0m toml v0.9.12+spec-1.1.0
Deploy Rust Docs	UNKNOWN STEP	2026-05-18T13:39:16.5733481Z ^[[1m^[[92m  Downloaded^[[0m getrandom v0.4.2
Deploy Rust Docs	UNKNOWN STEP	2026-05-18T13:39:16.5778838Z ^[[1m^[[92m  Downloaded^[[0m memchr v2.8.0
Deploy Rust Docs	UNKNOWN STEP	2026-05-18T13:39:16.5832148Z ^[[1m^[[92m  Downloaded^[[0m typenum v1.20.0
Deploy Rust Docs	UNKNOWN STEP	2026-05-18T13:39:16.5876704Z ^[[1m^[[92m  Downloaded^[[0m indexmap v2.14.0
Deploy Rust Docs	UNKNOWN STEP	2026-05-18T13:39:16.5929426Z ^[[1m^[[92m  Downloaded^[[0m aho-corasick v1.1.4
Deploy Rust Docs	UNKNOWN STEP	2026-05-18T13:39:16.5983389Z ^[[1m^[[92m  Downloaded^[[0m clap_builder v4.6.0
Deploy Rust Docs	UNKNOWN STEP	2026-05-18T13:39:16.6054275Z ^[[1m^[[92m  Downloaded^[[0m regex v1.12.3
Deploy Rust Docs	UNKNOWN STEP	2026-05-18T13:39:16.6109028Z ^[[1m^[[92m  Downloaded^[[0m winnow v1.0.3
Deploy Rust Docs	UNKNOWN STEP	2026-05-18T13:39:16.6209638Z ^[[1m^[[92m  Downloaded^[[0m winnow v0.7.15
Deploy Rust Docs	UNKNOWN STEP	2026-05-18T13:39:16.6309296Z ^[[1m^[[92m  Downloaded^[[0m pulldown-cmark v0.13.3
Deploy Rust Docs	UNKNOWN STEP	2026-05-18T13:39:16.6359717Z ^[[1m^[[92m  Downloaded^[[0m hashbrown v0.17.1
Deploy Rust Docs	UNKNOWN STEP	2026-05-18T13:39:16.6418151Z ^[[1m^[[92m  Downloaded^[[0m serde_core v1.0.228
Deploy Rust Docs	UNKNOWN STEP	2026-05-18T13:39:16.6447516Z ^[[1m^[[92m  Downloaded^[[0m unicode-width v0.2.2
Deploy Rust Docs	UNKNOWN STEP	2026-05-18T13:39:16.6503525Z ^[[1m^[[92m  Downloaded^[[0m log v0.4.29
Deploy Rust Docs	UNKNOWN STEP	2026-05-18T13:39:16.6530059Z ^[[1m^[[92m  Downloaded^[[0m once_cell v1.21.4
Deploy Rust Docs	UNKNOWN STEP	2026-05-18T13:39:16.6556977Z ^[[1m^[[92m  Downloaded^[[0m getopts v0.2.24
Deploy Rust Docs	UNKNOWN STEP	2026-05-18T13:39:16.6574445Z ^[[1m^[[92m  Downloaded^[[0m regex-syntax v0.8.10
Deploy Rust Docs	UNKNOWN STEP	2026-05-18T13:39:16.6643054Z ^[[1m^[[92m  Downloaded^[[0m rustix v1.1.4
Deploy Rust Docs	UNKNOWN STEP	2026-05-18T13:39:16.6935700Z ^[[1m^[[92m  Downloaded^[[0m regex-automata v0.4.14
Deploy Rust Docs	UNKNOWN STEP	2026-05-18T13:39:16.7096970Z ^[[1m^[[92m  Downloaded^[[0m jiff v0.2.24
Deploy Rust Docs	UNKNOWN STEP	2026-05-18T13:39:16.7274947Z ^[[1m^[[92m  Downloaded^[[0m libc v0.2.186
Deploy Rust Docs	UNKNOWN STEP	2026-05-18T13:39:16.7844526Z ^[[1m^[[92m  Downloaded^[[0m linux-raw-sys v0.12.1
Deploy Rust Docs	UNKNOWN STEP	2026-05-18T13:39:16.8852638Z ^[[1m^[[92m   Compiling^[[0m version_check v0.9.5
Deploy Rust Docs	UNKNOWN STEP	2026-05-18T13:39:16.8853274Z ^[[1m^[[92m   Compiling^[[0m libc v0.2.186
Deploy Rust Docs	UNKNOWN STEP	2026-05-18T13:39:16.8853778Z ^[[1m^[[92m   Compiling^[[0m memchr v2.8.0
Deploy Rust Docs	UNKNOWN STEP	2026-05-18T13:39:16.8854622Z ^[[1m^[[92m   Compiling^[[0m serde_core v1.0.228
Deploy Rust Docs	UNKNOWN STEP	2026-05-18T13:39:19.4733869Z ^[[1m^[[92m   Compiling^[[0m generic-array v0.14.7
Deploy Rust Docs	UNKNOWN STEP	2026-05-18T13:39:19.8374912Z ^[[1m^[[92m   Compiling^[[0m typenum v1.20.0
Deploy Rust Docs	UNKNOWN STEP	2026-05-18T13:39:20.3514016Z ^[[1m^[[92m   Compiling^[[0m utf8parse v0.2.2
Deploy Rust Docs	UNKNOWN STEP	2026-05-18T13:39:20.3897396Z ^[[1m^[[92m   Compiling^[[0m anstyle-parse v1.0.0
Deploy Rust Docs	UNKNOWN STEP	2026-05-18T13:39:20.5330821Z ^[[1m^[[92m   Compiling^[[0m aho-corasick v1.1.4
Deploy Rust Docs	UNKNOWN STEP	2026-05-18T13:39:20.8905758Z ^[[1m^[[92m   Compiling^[[0m anstyle-query v1.1.5
Deploy Rust Docs	UNKNOWN STEP	2026-05-18T13:39:20.9344148Z ^[[1m^[[92m   Compiling^[[0m colorchoice v1.0.5
Deploy Rust Docs	UNKNOWN STEP	2026-05-18T13:39:20.9745585Z ^[[1m^[[92m   Compiling^[[0m anstyle v1.0.14
Deploy Rust Docs	UNKNOWN STEP	2026-05-18T13:39:21.1594765Z ^[[1m^[[92m   Compiling^[[0m is_terminal_polyfill v1.70.2
Deploy Rust Docs	UNKNOWN STEP	2026-05-18T13:39:21.1976058Z ^[[1m^[[92m   Compiling^[[0m regex-syntax v0.8.10
Deploy Rust Docs	UNKNOWN STEP	2026-05-18T13:39:21.5126100Z ^[[1m^[[92m   Compiling^[[0m anstream v1.0.0
Deploy Rust Docs	UNKNOWN STEP	2026-05-18T13:39:22.1365672Z ^[[1m^[[92m   Compiling^[[0m getrandom v0.4.2
Deploy Rust Docs	UNKNOWN STEP	2026-05-18T13:39:22.2595813Z ^[[1m^[[92m   Compiling^[[0m rustix v1.1.4
Deploy Rust Docs	UNKNOWN STEP	2026-05-18T13:39:22.4927864Z ^[[1m^[[92m   Compiling^[[0m cfg-if v1.0.4
Deploy Rust Docs	UNKNOWN STEP	2026-05-18T13:39:22.5225479Z ^[[1m^[[92m   Compiling^[[0m bitflags v2.11.1
Deploy Rust Docs	UNKNOWN STEP	2026-05-18T13:39:23.0174540Z ^[[1m^[[92m   Compiling^[[0m regex-automata v0.4.14
Deploy Rust Docs	UNKNOWN STEP	2026-05-18T13:39:23.7917782Z ^[[1m^[[92m   Compiling^[[0m crypto-common v0.1.7
Deploy Rust Docs	UNKNOWN STEP	2026-05-18T13:39:23.8535713Z ^[[1m^[[92m   Compiling^[[0m block-buffer v0.10.4
Deploy Rust Docs	UNKNOWN STEP	2026-05-18T13:39:23.9346327Z ^[[1m^[[92m   Compiling^[[0m unicode-width v0.2.2
Deploy Rust Docs	UNKNOWN STEP	2026-05-18T13:39:24.1455677Z ^[[1m^[[92m   Compiling^[[0m clap_lex v1.1.0
Deploy Rust Docs	UNKNOWN STEP	2026-05-18T13:39:24.3550438Z ^[[1m^[[92m   Compiling^[[0m linux-raw-sys v0.12.1
Deploy Rust Docs	UNKNOWN STEP	2026-05-18T13:39:24.5236043Z ^[[1m^[[92m   Compiling^[[0m log v0.4.29
Deploy Rust Docs	UNKNOWN STEP	2026-05-18T13:39:24.6763159Z ^[[1m^[[92m   Compiling^[[0m strsim v0.11.1
Deploy Rust Docs	UNKNOWN STEP	2026-05-18T13:39:24.6975738Z ^[[1m^[[92m   Compiling^[[0m option-ext v0.2.0
Deploy Rust Docs	UNKNOWN STEP	2026-05-18T13:39:24.7310953Z ^[[1m^[[92m   Compiling^[[0m winnow v1.0.3
Deploy Rust Docs	UNKNOWN STEP	2026-05-18T13:39:25.1225812Z ^[[1m^[[92m   Compiling^[[0m pulldown-cmark v0.13.3
Deploy Rust Docs	UNKNOWN STEP	2026-05-18T13:39:25.1657334Z ^[[1m^[[92m   Compiling^[[0m toml_parser v1.1.2+spec-1.1.0
Deploy Rust Docs	UNKNOWN STEP	2026-05-18T13:39:25.2049026Z ^[[1m^[[92m   Compiling^[[0m clap_builder v4.6.0
Deploy Rust Docs	UNKNOWN STEP	2026-05-18T13:39:25.4015727Z ^[[1m^[[92m   Compiling^[[0m dirs-sys v0.5.0
Deploy Rust Docs	UNKNOWN STEP	2026-05-18T13:39:25.6750765Z ^[[1m^[[92m   Compiling^[[0m regex v1.12.3
Deploy Rust Docs	UNKNOWN STEP	2026-05-18T13:39:26.2085757Z ^[[1m^[[92m   Compiling^[[0m env_filter v1.0.1
Deploy Rust Docs	UNKNOWN STEP	2026-05-18T13:39:26.7476214Z ^[[1m^[[92m   Compiling^[[0m serde_spanned v1.1.1
Deploy Rust Docs	UNKNOWN STEP	2026-05-18T13:39:26.8275826Z ^[[1m^[[92m   Compiling^[[0m toml_datetime v0.7.5+spec-1.1.0
Deploy Rust Docs	UNKNOWN STEP	2026-05-18T13:39:27.1185753Z ^[[1m^[[92m   Compiling^[[0m getopts v0.2.24
Deploy Rust Docs	UNKNOWN STEP	2026-05-18T13:39:27.7728498Z ^[[1m^[[92m   Compiling^[[0m digest v0.10.7
Deploy Rust Docs	UNKNOWN STEP	2026-05-18T13:39:28.0595680Z ^[[1m^[[92m   Compiling^[[0m jiff v0.2.24
Deploy Rust Docs	UNKNOWN STEP	2026-05-18T13:39:28.6956026Z ^[[1m^[[92m   Compiling^[[0m once_cell v1.21.4
Deploy Rust Docs	UNKNOWN STEP	2026-05-18T13:39:28.8598539Z ^[[1m^[[92m   Compiling^[[0m cpufeatures v0.2.17
Deploy Rust Docs	UNKNOWN STEP	2026-05-18T13:39:28.8916228Z ^[[1m^[[92m   Compiling^[[0m toml_writer v1.1.1+spec-1.1.0
Deploy Rust Docs	UNKNOWN STEP	2026-05-18T13:39:29.0755795Z ^[[1m^[[92m   Compiling^[[0m pulldown-cmark-escape v0.11.0
Deploy Rust Docs	UNKNOWN STEP	2026-05-18T13:39:29.1385596Z ^[[1m^[[92m   Compiling^[[0m fastrand v2.4.1
Deploy Rust Docs	UNKNOWN STEP	2026-05-18T13:39:29.3375770Z ^[[1m^[[92m   Compiling^[[0m unicase v2.9.0
Deploy Rust Docs	UNKNOWN STEP	2026-05-18T13:39:29.5005758Z ^[[1m^[[92m   Compiling^[[0m winnow v0.7.15
Deploy Rust Docs	UNKNOWN STEP	2026-05-18T13:39:31.3285397Z ^[[1m^[[92m   Compiling^[[0m toml v0.9.12+spec-1.1.0
Deploy Rust Docs	UNKNOWN STEP	2026-05-18T13:39:31.4815536Z ^[[1m^[[92m   Compiling^[[0m tempfile v3.27.0
Deploy Rust Docs	UNKNOWN STEP	2026-05-18T13:39:32.0772540Z ^[[1m^[[92m   Compiling^[[0m env_logger v0.11.10
Deploy Rust Docs	UNKNOWN STEP	2026-05-18T13:39:32.6975801Z ^[[1m^[[92m   Compiling^[[0m sha1 v0.10.6
Deploy Rust Docs	UNKNOWN STEP	2026-05-18T13:39:32.8335343Z ^[[1m^[[92m   Compiling^[[0m clap v4.6.1
Deploy Rust Docs	UNKNOWN STEP	2026-05-18T13:39:32.8666318Z ^[[1m^[[92m   Compiling^[[0m dirs v6.0.0
Deploy Rust Docs	UNKNOWN STEP	2026-05-18T13:39:32.9142169Z ^[[1m^[[92m   Compiling^[[0m shell-words v1.1.1
Deploy Rust Docs	UNKNOWN STEP	2026-05-18T13:39:33.7349540Z ^[[1m^[[92m   Compiling^[[0m rust-script v0.36.0
Deploy Rust Docs	UNKNOWN STEP	2026-05-18T13:39:55.3225730Z ^[[1m^[[92m    Finished^[[0m `release` profile [optimized] target(s) in 41.38s
Deploy Rust Docs	UNKNOWN STEP	2026-05-18T13:39:55.3475406Z ^[[1m^[[92m  Installing^[[0m /home/runner/.cargo/bin/rust-script
Deploy Rust Docs	UNKNOWN STEP	2026-05-18T13:39:55.3477887Z ^[[1m^[[92m   Installed^[[0m package `rust-script v0.36.0` (executable `rust-script`)
Deploy Rust Docs	UNKNOWN STEP	2026-05-18T13:39:55.3885724Z ##[group]Run actions/configure-pages@v6
Deploy Rust Docs	UNKNOWN STEP	2026-05-18T13:39:55.3886195Z with:
Deploy Rust Docs	UNKNOWN STEP	2026-05-18T13:39:55.3886644Z   token: ***
Deploy Rust Docs	UNKNOWN STEP	2026-05-18T13:39:55.3886955Z   enablement: false
Deploy Rust Docs	UNKNOWN STEP	2026-05-18T13:39:55.3887267Z env:
Deploy Rust Docs	UNKNOWN STEP	2026-05-18T13:39:55.3887553Z   CARGO_TERM_COLOR: always
Deploy Rust Docs	UNKNOWN STEP	2026-05-18T13:39:55.3887925Z   RUST_BACKTRACE: 1
Deploy Rust Docs	UNKNOWN STEP	2026-05-18T13:39:55.3888259Z   RUSTFLAGS: -Dwarnings
Deploy Rust Docs	UNKNOWN STEP	2026-05-18T13:39:55.3888792Z   CARGO_REGISTRY_TOKEN: ***
Deploy Rust Docs	UNKNOWN STEP	2026-05-18T13:39:55.3889272Z   CARGO_TOKEN: ***
Deploy Rust Docs	UNKNOWN STEP	2026-05-18T13:39:55.3889618Z   CARGO_HOME: /home/runner/.cargo
Deploy Rust Docs	UNKNOWN STEP	2026-05-18T13:39:55.3890087Z   CARGO_INCREMENTAL: 0
Deploy Rust Docs	UNKNOWN STEP	2026-05-18T13:39:55.3890466Z ##[endgroup]
Deploy Rust Docs	UNKNOWN STEP	2026-05-18T13:39:55.7909425Z ##[group]Run cargo doc --manifest-path rust/Cargo.toml --workspace --no-deps
Deploy Rust Docs	UNKNOWN STEP	2026-05-18T13:39:55.7910143Z ^[[36;1mcargo doc --manifest-path rust/Cargo.toml --workspace --no-deps^[[0m
Deploy Rust Docs	UNKNOWN STEP	2026-05-18T13:39:55.7942776Z shell: /usr/bin/bash -e {0}
Deploy Rust Docs	UNKNOWN STEP	2026-05-18T13:39:55.7943207Z env:
Deploy Rust Docs	UNKNOWN STEP	2026-05-18T13:39:55.7943442Z   CARGO_TERM_COLOR: always
Deploy Rust Docs	UNKNOWN STEP	2026-05-18T13:39:55.7943748Z   RUST_BACKTRACE: 1
Deploy Rust Docs	UNKNOWN STEP	2026-05-18T13:39:55.7995882Z   RUSTFLAGS: -Dwarnings
Deploy Rust Docs	UNKNOWN STEP	2026-05-18T13:39:55.7996309Z   CARGO_REGISTRY_TOKEN: ***
Deploy Rust Docs	UNKNOWN STEP	2026-05-18T13:39:55.7996627Z   CARGO_TOKEN: ***
Deploy Rust Docs	UNKNOWN STEP	2026-05-18T13:39:55.7996817Z   CARGO_HOME: /home/runner/.cargo
Deploy Rust Docs	UNKNOWN STEP	2026-05-18T13:39:55.7997057Z   CARGO_INCREMENTAL: 0
Deploy Rust Docs	UNKNOWN STEP	2026-05-18T13:39:55.7997251Z   GITHUB_PAGES: true
Deploy Rust Docs	UNKNOWN STEP	2026-05-18T13:39:55.7997442Z ##[endgroup]
Deploy Rust Docs	UNKNOWN STEP	2026-05-18T13:39:55.8576402Z ^[[1m^[[92m    Updating^[[0m crates.io index
Deploy Rust Docs	UNKNOWN STEP	2026-05-18T13:39:56.4117078Z ^[[1m^[[92m Downloading^[[0m crates ...
Deploy Rust Docs	UNKNOWN STEP	2026-05-18T13:39:56.5822497Z ^[[1m^[[92m  Downloaded^[[0m proc-macro2 v1.0.106
Deploy Rust Docs	UNKNOWN STEP	2026-05-18T13:39:56.6005643Z ^[[1m^[[92m  Downloaded^[[0m unicode-ident v1.0.24
Deploy Rust Docs	UNKNOWN STEP	2026-05-18T13:39:56.6043666Z ^[[1m^[[92m  Downloaded^[[0m nom v8.0.0
Deploy Rust Docs	UNKNOWN STEP	2026-05-18T13:39:56.6096836Z ^[[1m^[[92m  Downloaded^[[0m quote v1.0.45
Deploy Rust Docs	UNKNOWN STEP	2026-05-18T13:39:56.6212334Z ^[[1m^[[92m  Downloaded^[[0m base64 v0.22.1
Deploy Rust Docs	UNKNOWN STEP	2026-05-18T13:39:56.6428594Z ^[[1m^[[92m  Downloaded^[[0m syn v2.0.117
Deploy Rust Docs	UNKNOWN STEP	2026-05-18T13:39:56.6937177Z ^[[1m^[[92m  Downloaded^[[0m lino-objects-codec v0.2.1
Deploy Rust Docs	UNKNOWN STEP	2026-05-18T13:39:56.6965850Z ^[[1m^[[92m  Downloaded^[[0m links-notation v0.13.0
Deploy Rust Docs	UNKNOWN STEP	2026-05-18T13:39:56.8580824Z ^[[1m^[[92m   Compiling^[[0m proc-macro2 v1.0.106
Deploy Rust Docs	UNKNOWN STEP	2026-05-18T13:39:56.8581436Z ^[[1m^[[92m   Compiling^[[0m quote v1.0.45
Deploy Rust Docs	UNKNOWN STEP	2026-05-18T13:39:56.8581948Z ^[[1m^[[92m    Checking^[[0m memchr v2.8.0
Deploy Rust Docs	UNKNOWN STEP	2026-05-18T13:39:56.8582476Z ^[[1m^[[92m   Compiling^[[0m unicode-ident v1.0.24
Deploy Rust Docs	UNKNOWN STEP	2026-05-18T13:39:57.1428943Z ^[[1m^[[92m    Checking^[[0m base64 v0.22.1
Deploy Rust Docs	UNKNOWN STEP	2026-05-18T13:39:57.2063818Z ^[[1m^[[92m    Checking^[[0m nom v8.0.0
Deploy Rust Docs	UNKNOWN STEP	2026-05-18T13:39:57.9607252Z ^[[1m^[[92m   Compiling^[[0m syn v2.0.117
Deploy Rust Docs	UNKNOWN STEP	2026-05-18T13:39:59.7666550Z ^[[1m^[[92m    Checking^[[0m links-notation v0.13.0
Deploy Rust Docs	UNKNOWN STEP	2026-05-18T13:40:00.0000977Z ^[[1m^[[92m    Checking^[[0m lino-objects-codec v0.2.1
Deploy Rust Docs	UNKNOWN STEP	2026-05-18T13:40:00.1274730Z ^[[1m^[[92m Documenting^[[0m lino-i18n-macros v0.0.1 (/home/runner/work/lino-i18n/lino-i18n/rust/lino-i18n-macros)
Deploy Rust Docs	UNKNOWN STEP	2026-05-18T13:40:00.8886441Z ^[[1m^[[92m   Compiling^[[0m lino-i18n-macros v0.0.1 (/home/runner/work/lino-i18n/lino-i18n/rust/lino-i18n-macros)
Deploy Rust Docs	UNKNOWN STEP	2026-05-18T13:40:01.1448201Z ^[[1m^[[92m Documenting^[[0m lino-i18n v0.0.1 (/home/runner/work/lino-i18n/lino-i18n/rust/lino-i18n)
Deploy Rust Docs	UNKNOWN STEP	2026-05-18T13:40:02.3170452Z ^[[1m^[[92m    Finished^[[0m `dev` profile [unoptimized + debuginfo] target(s) in 6.50s
Deploy Rust Docs	UNKNOWN STEP	2026-05-18T13:40:02.3275215Z ^[[1m^[[92m   Generated^[[0m /home/runner/work/lino-i18n/lino-i18n/rust/target/doc/lino_i18n/index.html and 1 other file
Deploy Rust Docs	UNKNOWN STEP	2026-05-18T13:40:02.3332797Z ##[group]Run rust-script rust/scripts/build-docs-site.rs
Deploy Rust Docs	UNKNOWN STEP	2026-05-18T13:40:02.3333249Z ^[[36;1mrust-script rust/scripts/build-docs-site.rs^[[0m
Deploy Rust Docs	UNKNOWN STEP	2026-05-18T13:40:02.3366208Z shell: /usr/bin/bash -e {0}
Deploy Rust Docs	UNKNOWN STEP	2026-05-18T13:40:02.3366435Z env:
Deploy Rust Docs	UNKNOWN STEP	2026-05-18T13:40:02.3366605Z   CARGO_TERM_COLOR: always
Deploy Rust Docs	UNKNOWN STEP	2026-05-18T13:40:02.3366815Z   RUST_BACKTRACE: 1
Deploy Rust Docs	UNKNOWN STEP	2026-05-18T13:40:02.3366998Z   RUSTFLAGS: -Dwarnings
Deploy Rust Docs	UNKNOWN STEP	2026-05-18T13:40:02.3367342Z   CARGO_REGISTRY_TOKEN: ***
Deploy Rust Docs	UNKNOWN STEP	2026-05-18T13:40:02.3367618Z   CARGO_TOKEN: ***
Deploy Rust Docs	UNKNOWN STEP	2026-05-18T13:40:02.3367802Z   CARGO_HOME: /home/runner/.cargo
Deploy Rust Docs	UNKNOWN STEP	2026-05-18T13:40:02.3368029Z   CARGO_INCREMENTAL: 0
Deploy Rust Docs	UNKNOWN STEP	2026-05-18T13:40:02.3368217Z   GITHUB_PAGES: true
Deploy Rust Docs	UNKNOWN STEP	2026-05-18T13:40:02.3368409Z ##[endgroup]
Deploy Rust Docs	UNKNOWN STEP	2026-05-18T13:40:02.6069692Z Generated Rust docs site at ./rust/site
Deploy Rust Docs	UNKNOWN STEP	2026-05-18T13:40:02.6182981Z ##[group]Run actions/upload-pages-artifact@v5
Deploy Rust Docs	UNKNOWN STEP	2026-05-18T13:40:02.6183501Z with:
Deploy Rust Docs	UNKNOWN STEP	2026-05-18T13:40:02.6183793Z   path: rust/site
Deploy Rust Docs	UNKNOWN STEP	2026-05-18T13:40:02.6184122Z   name: github-pages
Deploy Rust Docs	UNKNOWN STEP	2026-05-18T13:40:02.6184832Z   retention-days: 1
Deploy Rust Docs	UNKNOWN STEP	2026-05-18T13:40:02.6185188Z   include-hidden-files: false
Deploy Rust Docs	UNKNOWN STEP	2026-05-18T13:40:02.6185581Z env:
Deploy Rust Docs	UNKNOWN STEP	2026-05-18T13:40:02.6185863Z   CARGO_TERM_COLOR: always
Deploy Rust Docs	UNKNOWN STEP	2026-05-18T13:40:02.6186240Z   RUST_BACKTRACE: 1
Deploy Rust Docs	UNKNOWN STEP	2026-05-18T13:40:02.6186579Z   RUSTFLAGS: -Dwarnings
Deploy Rust Docs	UNKNOWN STEP	2026-05-18T13:40:02.6187159Z   CARGO_REGISTRY_TOKEN: ***
Deploy Rust Docs	UNKNOWN STEP	2026-05-18T13:40:02.6187674Z   CARGO_TOKEN: ***
Deploy Rust Docs	UNKNOWN STEP	2026-05-18T13:40:02.6188031Z   CARGO_HOME: /home/runner/.cargo
Deploy Rust Docs	UNKNOWN STEP	2026-05-18T13:40:02.6188439Z   CARGO_INCREMENTAL: 0
Deploy Rust Docs	UNKNOWN STEP	2026-05-18T13:40:02.6188795Z   GITHUB_PAGES: true
Deploy Rust Docs	UNKNOWN STEP	2026-05-18T13:40:02.6189115Z ##[endgroup]
Deploy Rust Docs	UNKNOWN STEP	2026-05-18T13:40:02.6217024Z ##[group]Run echo ::group::Archive artifact
Deploy Rust Docs	UNKNOWN STEP	2026-05-18T13:40:02.6217551Z ^[[36;1mecho ::group::Archive artifact^[[0m
Deploy Rust Docs	UNKNOWN STEP	2026-05-18T13:40:02.6217993Z ^[[36;1mtar \^[[0m
Deploy Rust Docs	UNKNOWN STEP	2026-05-18T13:40:02.6218449Z ^[[36;1m  --dereference --hard-dereference \^[[0m
Deploy Rust Docs	UNKNOWN STEP	2026-05-18T13:40:02.6219041Z ^[[36;1m  --directory "$INPUT_PATH" \^[[0m
Deploy Rust Docs	UNKNOWN STEP	2026-05-18T13:40:02.6219527Z ^[[36;1m  -cvf "$RUNNER_TEMP/artifact.tar" \^[[0m
Deploy Rust Docs	UNKNOWN STEP	2026-05-18T13:40:02.6220014Z ^[[36;1m  --exclude=.git \^[[0m
Deploy Rust Docs	UNKNOWN STEP	2026-05-18T13:40:02.6220397Z ^[[36;1m  --exclude=.github \^[[0m
Deploy Rust Docs	UNKNOWN STEP	2026-05-18T13:40:02.6220782Z ^[[36;1m  --exclude=.[^/]* \^[[0m
Deploy Rust Docs	UNKNOWN STEP	2026-05-18T13:40:02.6221139Z ^[[36;1m  .^[[0m
Deploy Rust Docs	UNKNOWN STEP	2026-05-18T13:40:02.6221445Z ^[[36;1mecho ::endgroup::^[[0m
Deploy Rust Docs	UNKNOWN STEP	2026-05-18T13:40:02.6252544Z shell: /usr/bin/sh -e {0}
Deploy Rust Docs	UNKNOWN STEP	2026-05-18T13:40:02.6252919Z env:
Deploy Rust Docs	UNKNOWN STEP	2026-05-18T13:40:02.6253204Z   CARGO_TERM_COLOR: always
Deploy Rust Docs	UNKNOWN STEP	2026-05-18T13:40:02.6253587Z   RUST_BACKTRACE: 1
Deploy Rust Docs	UNKNOWN STEP	2026-05-18T13:40:02.6253914Z   RUSTFLAGS: -Dwarnings
Deploy Rust Docs	UNKNOWN STEP	2026-05-18T13:40:02.6254724Z   CARGO_REGISTRY_TOKEN: ***
Deploy Rust Docs	UNKNOWN STEP	2026-05-18T13:40:02.6255228Z   CARGO_TOKEN: ***
Deploy Rust Docs	UNKNOWN STEP	2026-05-18T13:40:02.6255569Z   CARGO_HOME: /home/runner/.cargo
Deploy Rust Docs	UNKNOWN STEP	2026-05-18T13:40:02.6256009Z   CARGO_INCREMENTAL: 0
Deploy Rust Docs	UNKNOWN STEP	2026-05-18T13:40:02.6256417Z   GITHUB_PAGES: true
Deploy Rust Docs	UNKNOWN STEP	2026-05-18T13:40:02.6256786Z   INPUT_PATH: rust/site
Deploy Rust Docs	UNKNOWN STEP	2026-05-18T13:40:02.6257117Z ##[endgroup]
Deploy Rust Docs	UNKNOWN STEP	2026-05-18T13:40:02.6305196Z ##[group]Archive artifact
Deploy Rust Docs	UNKNOWN STEP	2026-05-18T13:40:02.6318481Z ./
Deploy Rust Docs	UNKNOWN STEP	2026-05-18T13:40:02.6318797Z ./index.html
Deploy Rust Docs	UNKNOWN STEP	2026-05-18T13:40:02.6319426Z ./rustdoc/
Deploy Rust Docs	UNKNOWN STEP	2026-05-18T13:40:02.6319741Z ./rustdoc/lino_i18n/
Deploy Rust Docs	UNKNOWN STEP	2026-05-18T13:40:02.6320190Z ./rustdoc/lino_i18n/type.MissingKeyHandler.html
Deploy Rust Docs	UNKNOWN STEP	2026-05-18T13:40:02.6320765Z ./rustdoc/lino_i18n/macro.i18n!.html
Deploy Rust Docs	UNKNOWN STEP	2026-05-18T13:40:02.6321266Z ./rustdoc/lino_i18n/fn.load_lino_catalog.html
Deploy Rust Docs	UNKNOWN STEP	2026-05-18T13:40:02.6321767Z ./rustdoc/lino_i18n/index.html
Deploy Rust Docs	UNKNOWN STEP	2026-05-18T13:40:02.6322220Z ./rustdoc/lino_i18n/fn.interpolate.html
Deploy Rust Docs	UNKNOWN STEP	2026-05-18T13:40:02.6322729Z ./rustdoc/lino_i18n/fn.plural_category.html
Deploy Rust Docs	UNKNOWN STEP	2026-05-18T13:40:02.6323226Z ./rustdoc/lino_i18n/fn.plural_suffix.html
Deploy Rust Docs	UNKNOWN STEP	2026-05-18T13:40:02.6323694Z ./rustdoc/lino_i18n/sidebar-items.js
Deploy Rust Docs	UNKNOWN STEP	2026-05-18T13:40:02.6324180Z ./rustdoc/lino_i18n/fn.parse_lino_catalogs.html
Deploy Rust Docs	UNKNOWN STEP	2026-05-18T13:40:02.6324945Z ./rustdoc/lino_i18n/loader/
Deploy Rust Docs	UNKNOWN STEP	2026-05-18T13:40:02.6325416Z ./rustdoc/lino_i18n/loader/fn.load_lino_catalog.html
Deploy Rust Docs	UNKNOWN STEP	2026-05-18T13:40:02.6326015Z ./rustdoc/lino_i18n/loader/fn.parse_lino_catalogs.html
Deploy Rust Docs	UNKNOWN STEP	2026-05-18T13:40:02.6326578Z ./rustdoc/lino_i18n/loader/struct.Catalogue.html
Deploy Rust Docs	UNKNOWN STEP	2026-05-18T13:40:02.6327132Z ./rustdoc/lino_i18n/loader/enum.LoaderError.html
Deploy Rust Docs	UNKNOWN STEP	2026-05-18T13:40:02.6327785Z ./rustdoc/lino_i18n/loader/fn.expand_compatibility_aliases.html
Deploy Rust Docs	UNKNOWN STEP	2026-05-18T13:40:02.6328474Z ./rustdoc/lino_i18n/loader/enum.CompatibilityAlias.html
Deploy Rust Docs	UNKNOWN STEP	2026-05-18T13:40:02.6329108Z ./rustdoc/lino_i18n/loader/fn.load_lino_catalogs.html
Deploy Rust Docs	UNKNOWN STEP	2026-05-18T13:40:02.6329708Z ./rustdoc/lino_i18n/loader/fn.format_lino_catalog.html
Deploy Rust Docs	UNKNOWN STEP	2026-05-18T13:40:02.6330309Z ./rustdoc/lino_i18n/loader/fn.parse_lino_catalog.html
Deploy Rust Docs	UNKNOWN STEP	2026-05-18T13:40:02.6330903Z ./rustdoc/lino_i18n/loader/fn.load_lino_directory.html
Deploy Rust Docs	UNKNOWN STEP	2026-05-18T13:40:02.6331434Z ./rustdoc/lino_i18n/all.html
Deploy Rust Docs	UNKNOWN STEP	2026-05-18T13:40:02.6331822Z ./rustdoc/lino_i18n/format/
Deploy Rust Docs	UNKNOWN STEP	2026-05-18T13:40:02.6332237Z ./rustdoc/lino_i18n/format/fn.interpolate.html
Deploy Rust Docs	UNKNOWN STEP	2026-05-18T13:40:02.6333050Z ./rustdoc/lino_i18n/struct.Catalogue.html
Deploy Rust Docs	UNKNOWN STEP	2026-05-18T13:40:02.6333602Z ./rustdoc/lino_i18n/struct.I18n.html
Deploy Rust Docs	UNKNOWN STEP	2026-05-18T13:40:02.6334050Z ./rustdoc/lino_i18n/i18n/
Deploy Rust Docs	UNKNOWN STEP	2026-05-18T13:40:02.6334783Z ./rustdoc/lino_i18n/i18n/type.MissingKeyHandler.html
Deploy Rust Docs	UNKNOWN STEP	2026-05-18T13:40:02.6335343Z ./rustdoc/lino_i18n/i18n/struct.I18n.html
Deploy Rust Docs	UNKNOWN STEP	2026-05-18T13:40:02.6335840Z ./rustdoc/lino_i18n/i18n/struct.TOptions.html
Deploy Rust Docs	UNKNOWN STEP	2026-05-18T13:40:02.6336349Z ./rustdoc/lino_i18n/enum.LoaderError.html
Deploy Rust Docs	UNKNOWN STEP	2026-05-18T13:40:02.6336834Z ./rustdoc/lino_i18n/plurals/
Deploy Rust Docs	UNKNOWN STEP	2026-05-18T13:40:02.6337307Z ./rustdoc/lino_i18n/plurals/fn.plural_category.html
Deploy Rust Docs	UNKNOWN STEP	2026-05-18T13:40:02.6337882Z ./rustdoc/lino_i18n/plurals/fn.plural_suffix.html
Deploy Rust Docs	UNKNOWN STEP	2026-05-18T13:40:02.6338463Z ./rustdoc/lino_i18n/plurals/enum.PluralCategory.html
Deploy Rust Docs	UNKNOWN STEP	2026-05-18T13:40:02.6338955Z ./rustdoc/lino_i18n/macro.i18n.html
Deploy Rust Docs	UNKNOWN STEP	2026-05-18T13:40:02.6339486Z ./rustdoc/lino_i18n/fn.expand_compatibility_aliases.html
Deploy Rust Docs	UNKNOWN STEP	2026-05-18T13:40:02.6340095Z ./rustdoc/lino_i18n/enum.CompatibilityAlias.html
Deploy Rust Docs	UNKNOWN STEP	2026-05-18T13:40:02.6340649Z ./rustdoc/lino_i18n/struct.TOptions.html
Deploy Rust Docs	UNKNOWN STEP	2026-05-18T13:40:02.6341120Z ./rustdoc/lino_i18n/fn.load_lino_catalogs.html
Deploy Rust Docs	UNKNOWN STEP	2026-05-18T13:40:02.6341659Z ./rustdoc/lino_i18n/fn.format_lino_catalog.html
Deploy Rust Docs	UNKNOWN STEP	2026-05-18T13:40:02.6342194Z ./rustdoc/lino_i18n/enum.PluralCategory.html
Deploy Rust Docs	UNKNOWN STEP	2026-05-18T13:40:02.6342722Z ./rustdoc/lino_i18n/fn.parse_lino_catalog.html
Deploy Rust Docs	UNKNOWN STEP	2026-05-18T13:40:02.6343254Z ./rustdoc/lino_i18n/fn.load_lino_directory.html
Deploy Rust Docs	UNKNOWN STEP	2026-05-18T13:40:02.6343743Z ./rustdoc/search.index/
Deploy Rust Docs	UNKNOWN STEP	2026-05-18T13:40:02.6344128Z ./rustdoc/search.index/path/
Deploy Rust Docs	UNKNOWN STEP	2026-05-18T13:40:02.6344856Z ./rustdoc/search.index/path/1eb91aa4db5e.js
Deploy Rust Docs	UNKNOWN STEP	2026-05-18T13:40:02.6345352Z ./rustdoc/search.index/normalizedName/
Deploy Rust Docs	UNKNOWN STEP	2026-05-18T13:40:02.6345891Z ./rustdoc/search.index/normalizedName/9757f15b81f0.js
Deploy Rust Docs	UNKNOWN STEP	2026-05-18T13:40:02.6346440Z ./rustdoc/search.index/function/
Deploy Rust Docs	UNKNOWN STEP	2026-05-18T13:40:02.6346938Z ./rustdoc/search.index/function/7d11485b8476.js
Deploy Rust Docs	UNKNOWN STEP	2026-05-18T13:40:02.6347458Z ./rustdoc/search.index/385bdaf3c8e0.js
Deploy Rust Docs	UNKNOWN STEP	2026-05-18T13:40:02.6347902Z ./rustdoc/search.index/desc/
Deploy Rust Docs	UNKNOWN STEP	2026-05-18T13:40:02.6348355Z ./rustdoc/search.index/desc/0b715554fe76.js
Deploy Rust Docs	UNKNOWN STEP	2026-05-18T13:40:02.6348827Z ./rustdoc/search.index/alias/
Deploy Rust Docs	UNKNOWN STEP	2026-05-18T13:40:02.6349262Z ./rustdoc/search.index/alias/a762150c532c.js
Deploy Rust Docs	UNKNOWN STEP	2026-05-18T13:40:02.6350023Z ./rustdoc/search.index/root.js
Deploy Rust Docs	UNKNOWN STEP	2026-05-18T13:40:02.6350472Z ./rustdoc/search.index/generic_inverted_index/
Deploy Rust Docs	UNKNOWN STEP	2026-05-18T13:40:02.6351065Z ./rustdoc/search.index/generic_inverted_index/069fbe8fc6f5.js
Deploy Rust Docs	UNKNOWN STEP	2026-05-18T13:40:02.6351647Z ./rustdoc/search.index/3f54403612aa.js
Deploy Rust Docs	UNKNOWN STEP	2026-05-18T13:40:02.6352095Z ./rustdoc/search.index/3f5c6c9d80f0.js
Deploy Rust Docs	UNKNOWN STEP	2026-05-18T13:40:02.6352545Z ./rustdoc/search.index/type/
Deploy Rust Docs	UNKNOWN STEP	2026-05-18T13:40:02.6352974Z ./rustdoc/search.index/type/ffa75884bbdf.js
Deploy Rust Docs	UNKNOWN STEP	2026-05-18T13:40:02.6353448Z ./rustdoc/search.index/26caa621150b.js
Deploy Rust Docs	UNKNOWN STEP	2026-05-18T13:40:02.6353880Z ./rustdoc/search.index/entry/
Deploy Rust Docs	UNKNOWN STEP	2026-05-18T13:40:02.6354590Z ./rustdoc/search.index/entry/5eec3ac047e6.js
Deploy Rust Docs	UNKNOWN STEP	2026-05-18T13:40:02.6355073Z ./rustdoc/search.index/318aeff99e16.js
Deploy Rust Docs	UNKNOWN STEP	2026-05-18T13:40:02.6355528Z ./rustdoc/search.index/30449f757994.js
Deploy Rust Docs	UNKNOWN STEP	2026-05-18T13:40:02.6355951Z ./rustdoc/search.index/18edd4b07a24.js
Deploy Rust Docs	UNKNOWN STEP	2026-05-18T13:40:02.6356369Z ./rustdoc/search.index/name/
Deploy Rust Docs	UNKNOWN STEP	2026-05-18T13:40:02.6356770Z ./rustdoc/search.index/name/be8865e094cd.js
Deploy Rust Docs	UNKNOWN STEP	2026-05-18T13:40:02.6357240Z ./rustdoc/search.index/crateNames/
Deploy Rust Docs	UNKNOWN STEP	2026-05-18T13:40:02.6357700Z ./rustdoc/search.index/crateNames/70a7c4e9a226.js
Deploy Rust Docs	UNKNOWN STEP	2026-05-18T13:40:02.6358163Z ./rustdoc/settings.html
Deploy Rust Docs	UNKNOWN STEP	2026-05-18T13:40:02.6358473Z ./rustdoc/help.html
Deploy Rust Docs	UNKNOWN STEP	2026-05-18T13:40:02.6358748Z ./rustdoc/src/
Deploy Rust Docs	UNKNOWN STEP	2026-05-18T13:40:02.6359040Z ./rustdoc/src/lino_i18n/
Deploy Rust Docs	UNKNOWN STEP	2026-05-18T13:40:02.6359419Z ./rustdoc/src/lino_i18n/i18n.rs.html
Deploy Rust Docs	UNKNOWN STEP	2026-05-18T13:40:02.6359848Z ./rustdoc/src/lino_i18n/lib.rs.html
Deploy Rust Docs	UNKNOWN STEP	2026-05-18T13:40:02.6360287Z ./rustdoc/src/lino_i18n/format.rs.html
Deploy Rust Docs	UNKNOWN STEP	2026-05-18T13:40:02.6360726Z ./rustdoc/src/lino_i18n/plurals.rs.html
Deploy Rust Docs	UNKNOWN STEP	2026-05-18T13:40:02.6361198Z ./rustdoc/src/lino_i18n/loader.rs.html
Deploy Rust Docs	UNKNOWN STEP	2026-05-18T13:40:02.6361615Z ./rustdoc/src/lino_i18n_macros/
Deploy Rust Docs	UNKNOWN STEP	2026-05-18T13:40:02.6362018Z ./rustdoc/src/lino_i18n_macros/lib.rs.html
Deploy Rust Docs	UNKNOWN STEP	2026-05-18T13:40:02.6362673Z ./rustdoc/crates.js
Deploy Rust Docs	UNKNOWN STEP	2026-05-18T13:40:02.6363007Z ./rustdoc/src-files.js
Deploy Rust Docs	UNKNOWN STEP	2026-05-18T13:40:02.6363346Z ./rustdoc/static.files/
Deploy Rust Docs	UNKNOWN STEP	2026-05-18T13:40:02.6363827Z ./rustdoc/static.files/SourceSerif4-It-ca3b17ed.ttf.woff2
Deploy Rust Docs	UNKNOWN STEP	2026-05-18T13:40:02.6364827Z ./rustdoc/static.files/SourceSerif4-Semibold-457a13ac.ttf.woff2
Deploy Rust Docs	UNKNOWN STEP	2026-05-18T13:40:02.6365546Z ./rustdoc/static.files/SourceCodePro-It-fc8b9304.ttf.woff2
Deploy Rust Docs	UNKNOWN STEP	2026-05-18T13:40:02.6366160Z ./rustdoc/static.files/src-script-813739b1.js
Deploy Rust Docs	UNKNOWN STEP	2026-05-18T13:40:02.6366654Z ./rustdoc/static.files/rust-logo-9a9549ea.svg
Deploy Rust Docs	UNKNOWN STEP	2026-05-18T13:40:02.6367133Z ./rustdoc/static.files/main-5013f961.js
Deploy Rust Docs	UNKNOWN STEP	2026-05-18T13:40:02.6367767Z ./rustdoc/static.files/NanumBarunGothic-LICENSE-a37d393b.txt
Deploy Rust Docs	UNKNOWN STEP	2026-05-18T13:40:02.6368428Z ./rustdoc/static.files/FiraSans-Medium-e1aa3f0a.woff2
Deploy Rust Docs	UNKNOWN STEP	2026-05-18T13:40:02.6369022Z ./rustdoc/static.files/FiraSans-LICENSE-05ab6dbd.txt
Deploy Rust Docs	UNKNOWN STEP	2026-05-18T13:40:02.6369694Z ./rustdoc/static.files/SourceCodePro-Regular-8badfe75.ttf.woff2
Deploy Rust Docs	UNKNOWN STEP	2026-05-18T13:40:02.6370372Z ./rustdoc/static.files/LICENSE-APACHE-a60eea81.txt
Deploy Rust Docs	UNKNOWN STEP	2026-05-18T13:40:02.6370982Z ./rustdoc/static.files/FiraSans-Regular-0fe48ade.woff2
Deploy Rust Docs	UNKNOWN STEP	2026-05-18T13:40:02.6371622Z ./rustdoc/static.files/scrape-examples-2bbcccac.js
Deploy Rust Docs	UNKNOWN STEP	2026-05-18T13:40:02.6372307Z ./rustdoc/static.files/SourceCodePro-Semibold-aa29a496.ttf.woff2
Deploy Rust Docs	UNKNOWN STEP	2026-05-18T13:40:02.6373055Z ./rustdoc/static.files/SourceCodePro-LICENSE-67f54ca7.txt
Deploy Rust Docs	UNKNOWN STEP	2026-05-18T13:40:02.6373775Z ./rustdoc/static.files/FiraSans-Italic-81dc35de.woff2
Deploy Rust Docs	UNKNOWN STEP	2026-05-18T13:40:02.6374600Z ./rustdoc/static.files/COPYRIGHT-7fb11f4e.txt
Deploy Rust Docs	UNKNOWN STEP	2026-05-18T13:40:02.6375128Z ./rustdoc/static.files/noscript-f7c3ffd8.css
Deploy Rust Docs	UNKNOWN STEP	2026-05-18T13:40:02.6375741Z ./rustdoc/static.files/FiraSans-MediumItalic-ccf7e434.woff2
Deploy Rust Docs	UNKNOWN STEP	2026-05-18T13:40:02.6376347Z ./rustdoc/static.files/storage-41dd4d93.js
Deploy Rust Docs	UNKNOWN STEP	2026-05-18T13:40:02.6376880Z ./rustdoc/static.files/FiraMono-Medium-86f75c8c.woff2
Deploy Rust Docs	UNKNOWN STEP	2026-05-18T13:40:02.6377420Z ./rustdoc/static.files/settings-170eb4bf.js
Deploy Rust Docs	UNKNOWN STEP	2026-05-18T13:40:02.6377933Z ./rustdoc/static.files/stringdex-b897f86f.js
Deploy Rust Docs	UNKNOWN STEP	2026-05-18T13:40:02.6378609Z ./rustdoc/static.files/SourceSerif4-Regular-6b053e98.ttf.woff2
Deploy Rust Docs	UNKNOWN STEP	2026-05-18T13:40:02.6379268Z ./rustdoc/static.files/favicon-044be391.svg
Deploy Rust Docs	UNKNOWN STEP	2026-05-18T13:40:02.6379772Z ./rustdoc/static.files/search-63369b7b.js
Deploy Rust Docs	UNKNOWN STEP	2026-05-18T13:40:02.6380677Z ./rustdoc/static.files/SourceSerif4-LICENSE-a2cfd9d5.md
Deploy Rust Docs	UNKNOWN STEP	2026-05-18T13:40:02.6381365Z ./rustdoc/static.files/SourceSerif4-Bold-6d4fd4c0.ttf.woff2
Deploy Rust Docs	UNKNOWN STEP	2026-05-18T13:40:02.6382085Z ./rustdoc/static.files/FiraMono-Regular-87c26294.woff2
Deploy Rust Docs	UNKNOWN STEP	2026-05-18T13:40:02.6382718Z ./rustdoc/static.files/favicon-32x32-eab170b8.png
Deploy Rust Docs	UNKNOWN STEP	2026-05-18T13:40:02.6383273Z ./rustdoc/static.files/rustdoc-b7b9f40b.css
Deploy Rust Docs	UNKNOWN STEP	2026-05-18T13:40:02.6383801Z ./rustdoc/static.files/normalize-9960930a.css
Deploy Rust Docs	UNKNOWN STEP	2026-05-18T13:40:02.6384641Z ./rustdoc/static.files/LICENSE-MIT-23f18e03.txt
Deploy Rust Docs	UNKNOWN STEP	2026-05-18T13:40:02.6385252Z ./rustdoc/static.files/NanumBarunGothic-13b3dcba.ttf.woff2
Deploy Rust Docs	UNKNOWN STEP	2026-05-18T13:40:02.6385823Z ./rustdoc/type.impl/
Deploy Rust Docs	UNKNOWN STEP	2026-05-18T13:40:02.6386173Z ./rustdoc/type.impl/alloc/
Deploy Rust Docs	UNKNOWN STEP	2026-05-18T13:40:02.6386568Z ./rustdoc/type.impl/alloc/sync/
Deploy Rust Docs	UNKNOWN STEP	2026-05-18T13:40:02.6387028Z ./rustdoc/type.impl/alloc/sync/struct.Arc.js
Deploy Rust Docs	UNKNOWN STEP	2026-05-18T13:40:02.6387510Z ./rustdoc/trait.impl/
Deploy Rust Docs	UNKNOWN STEP	2026-05-18T13:40:02.6387880Z ./rustdoc/trait.impl/core/
Deploy Rust Docs	UNKNOWN STEP	2026-05-18T13:40:02.6388260Z ./rustdoc/trait.impl/core/cmp/
Deploy Rust Docs	UNKNOWN STEP	2026-05-18T13:40:02.6388737Z ./rustdoc/trait.impl/core/cmp/trait.PartialEq.js
Deploy Rust Docs	UNKNOWN STEP	2026-05-18T13:40:02.6389274Z ./rustdoc/trait.impl/core/cmp/trait.Eq.js
Deploy Rust Docs	UNKNOWN STEP	2026-05-18T13:40:02.6389741Z ./rustdoc/trait.impl/core/fmt/
Deploy Rust Docs	UNKNOWN STEP	2026-05-18T13:40:02.6390187Z ./rustdoc/trait.impl/core/fmt/trait.Display.js
Deploy Rust Docs	UNKNOWN STEP	2026-05-18T13:40:02.6390708Z ./rustdoc/trait.impl/core/fmt/trait.Debug.js
Deploy Rust Docs	UNKNOWN STEP	2026-05-18T13:40:02.6391173Z ./rustdoc/trait.impl/core/panic/
Deploy Rust Docs	UNKNOWN STEP	2026-05-18T13:40:02.6391623Z ./rustdoc/trait.impl/core/panic/unwind_safe/
Deploy Rust Docs	UNKNOWN STEP	2026-05-18T13:40:02.6392244Z ./rustdoc/trait.impl/core/panic/unwind_safe/trait.UnwindSafe.js
Deploy Rust Docs	UNKNOWN STEP	2026-05-18T13:40:02.6393021Z ./rustdoc/trait.impl/core/panic/unwind_safe/trait.RefUnwindSafe.js
Deploy Rust Docs	UNKNOWN STEP	2026-05-18T13:40:02.6393630Z ./rustdoc/trait.impl/core/marker/
Deploy Rust Docs	UNKNOWN STEP	2026-05-18T13:40:02.6394584Z ./rustdoc/trait.impl/core/marker/trait.Sync.js
Deploy Rust Docs	UNKNOWN STEP	2026-05-18T13:40:02.6395258Z ./rustdoc/trait.impl/core/marker/trait.StructuralPartialEq.js
Deploy Rust Docs	UNKNOWN STEP	2026-05-18T13:40:02.6395911Z ./rustdoc/trait.impl/core/marker/trait.Freeze.js
Deploy Rust Docs	UNKNOWN STEP	2026-05-18T13:40:02.6396456Z ./rustdoc/trait.impl/core/marker/trait.Send.js
Deploy Rust Docs	UNKNOWN STEP	2026-05-18T13:40:02.6396995Z ./rustdoc/trait.impl/core/marker/trait.Unpin.js
Deploy Rust Docs	UNKNOWN STEP	2026-05-18T13:40:02.6397607Z ./rustdoc/trait.impl/core/marker/trait.UnsafeUnpin.js
Deploy Rust Docs	UNKNOWN STEP	2026-05-18T13:40:02.6398200Z ./rustdoc/trait.impl/core/marker/trait.Copy.js
Deploy Rust Docs	UNKNOWN STEP	2026-05-18T13:40:02.6398711Z ./rustdoc/trait.impl/core/error/
Deploy Rust Docs	UNKNOWN STEP	2026-05-18T13:40:02.6400004Z ./rustdoc/trait.impl/core/error/trait.Error.js
Deploy Rust Docs	UNKNOWN STEP	2026-05-18T13:40:02.6400543Z ./rustdoc/trait.impl/core/clone/
Deploy Rust Docs	UNKNOWN STEP	2026-05-18T13:40:02.6401021Z ./rustdoc/trait.impl/core/clone/trait.Clone.js
Deploy Rust Docs	UNKNOWN STEP	2026-05-18T13:40:02.6401529Z ./rustdoc/trait.impl/core/default/
Deploy Rust Docs	UNKNOWN STEP	2026-05-18T13:40:02.6402044Z ./rustdoc/trait.impl/core/default/trait.Default.js
Deploy Rust Docs	UNKNOWN STEP	2026-05-18T13:40:02.6402564Z ./rustdoc/lino_i18n_macros/
Deploy Rust Docs	UNKNOWN STEP	2026-05-18T13:40:02.6403000Z ./rustdoc/lino_i18n_macros/macro.i18n!.html
Deploy Rust Docs	UNKNOWN STEP	2026-05-18T13:40:02.6403521Z ./rustdoc/lino_i18n_macros/index.html
Deploy Rust Docs	UNKNOWN STEP	2026-05-18T13:40:02.6404002Z ./rustdoc/lino_i18n_macros/sidebar-items.js
Deploy Rust Docs	UNKNOWN STEP	2026-05-18T13:40:02.6404790Z ./rustdoc/lino_i18n_macros/all.html
Deploy Rust Docs	UNKNOWN STEP	2026-05-18T13:40:02.6405265Z ./rustdoc/lino_i18n_macros/macro.i18n.html
Deploy Rust Docs	UNKNOWN STEP	2026-05-18T13:40:02.6406122Z ##[endgroup]
Deploy Rust Docs	UNKNOWN STEP	2026-05-18T13:40:02.6452033Z ##[group]Run actions/upload-artifact@bbbca2ddaa5d8feaa63e36b76fdaad77386f024f
Deploy Rust Docs	UNKNOWN STEP	2026-05-18T13:40:02.6452409Z with:
Deploy Rust Docs	UNKNOWN STEP	2026-05-18T13:40:02.6452584Z   name: github-pages
Deploy Rust Docs	UNKNOWN STEP	2026-05-18T13:40:02.6452811Z   path: /home/runner/work/_temp/artifact.tar
Deploy Rust Docs	UNKNOWN STEP	2026-05-18T13:40:02.6453066Z   retention-days: 1
Deploy Rust Docs	UNKNOWN STEP	2026-05-18T13:40:02.6453263Z   if-no-files-found: error
Deploy Rust Docs	UNKNOWN STEP	2026-05-18T13:40:02.6453480Z   compression-level: 6
Deploy Rust Docs	UNKNOWN STEP	2026-05-18T13:40:02.6453674Z   overwrite: false
Deploy Rust Docs	UNKNOWN STEP	2026-05-18T13:40:02.6453869Z   include-hidden-files: false
Deploy Rust Docs	UNKNOWN STEP	2026-05-18T13:40:02.6454082Z   archive: true
Deploy Rust Docs	UNKNOWN STEP	2026-05-18T13:40:02.6454562Z env:
Deploy Rust Docs	UNKNOWN STEP	2026-05-18T13:40:02.6454740Z   CARGO_TERM_COLOR: always
Deploy Rust Docs	UNKNOWN STEP	2026-05-18T13:40:02.6454946Z   RUST_BACKTRACE: 1
Deploy Rust Docs	UNKNOWN STEP	2026-05-18T13:40:02.6455144Z   RUSTFLAGS: -Dwarnings
Deploy Rust Docs	UNKNOWN STEP	2026-05-18T13:40:02.6455516Z   CARGO_REGISTRY_TOKEN: ***
Deploy Rust Docs	UNKNOWN STEP	2026-05-18T13:40:02.6455790Z   CARGO_TOKEN: ***
Deploy Rust Docs	UNKNOWN STEP	2026-05-18T13:40:02.6456172Z   CARGO_HOME: /home/runner/.cargo
Deploy Rust Docs	UNKNOWN STEP	2026-05-18T13:40:02.6456400Z   CARGO_INCREMENTAL: 0
Deploy Rust Docs	UNKNOWN STEP	2026-05-18T13:40:02.6456599Z   GITHUB_PAGES: true
Deploy Rust Docs	UNKNOWN STEP	2026-05-18T13:40:02.6456787Z ##[endgroup]
Deploy Rust Docs	UNKNOWN STEP	2026-05-18T13:40:02.7949833Z With the provided path, there will be 1 file uploaded
Deploy Rust Docs	UNKNOWN STEP	2026-05-18T13:40:02.7956316Z Artifact name is valid!
Deploy Rust Docs	UNKNOWN STEP	2026-05-18T13:40:02.7956987Z Root directory input is valid!
Deploy Rust Docs	UNKNOWN STEP	2026-05-18T13:40:03.0223532Z Uploading artifact: github-pages.zip
Deploy Rust Docs	UNKNOWN STEP	2026-05-18T13:40:03.0268686Z Beginning upload of artifact content to blob storage
Deploy Rust Docs	UNKNOWN STEP	2026-05-18T13:40:03.6240202Z Uploaded bytes 1736984
Deploy Rust Docs	UNKNOWN STEP	2026-05-18T13:40:03.6799935Z Finished uploading artifact content to blob storage!
Deploy Rust Docs	UNKNOWN STEP	2026-05-18T13:40:03.6801229Z SHA256 digest of uploaded artifact is 577460f36ab3af1ae50dd2fa85b6721cf022139619710a113a0a90e884b492be
Deploy Rust Docs	UNKNOWN STEP	2026-05-18T13:40:03.6802425Z Finalizing artifact upload
Deploy Rust Docs	UNKNOWN STEP	2026-05-18T13:40:03.9967622Z Artifact github-pages successfully finalized. Artifact ID 7059384530
Deploy Rust Docs	UNKNOWN STEP	2026-05-18T13:40:03.9968743Z Artifact github-pages has been successfully uploaded! Final size is 1736984 bytes. Artifact ID is 7059384530
Deploy Rust Docs	UNKNOWN STEP	2026-05-18T13:40:03.9972610Z Artifact download URL: https://github.com/link-foundation/lino-i18n/actions/runs/26036984313/artifacts/7059384530
Deploy Rust Docs	UNKNOWN STEP	2026-05-18T13:40:04.0135527Z ##[group]Run actions/deploy-pages@v5
Deploy Rust Docs	UNKNOWN STEP	2026-05-18T13:40:04.0135811Z with:
Deploy Rust Docs	UNKNOWN STEP	2026-05-18T13:40:04.0136094Z   token: ***
Deploy Rust Docs	UNKNOWN STEP	2026-05-18T13:40:04.0136280Z   timeout: 600000
Deploy Rust Docs	UNKNOWN STEP	2026-05-18T13:40:04.0136458Z   error_count: 10
Deploy Rust Docs	UNKNOWN STEP	2026-05-18T13:40:04.0136648Z   reporting_interval: 5000
Deploy Rust Docs	UNKNOWN STEP	2026-05-18T13:40:04.0136883Z   artifact_name: github-pages
Deploy Rust Docs	UNKNOWN STEP	2026-05-18T13:40:04.0137113Z   preview: false
Deploy Rust Docs	UNKNOWN STEP	2026-05-18T13:40:04.0137289Z env:
Deploy Rust Docs	UNKNOWN STEP	2026-05-18T13:40:04.0137456Z   CARGO_TERM_COLOR: always
Deploy Rust Docs	UNKNOWN STEP	2026-05-18T13:40:04.0137667Z   RUST_BACKTRACE: 1
Deploy Rust Docs	UNKNOWN STEP	2026-05-18T13:40:04.0137856Z   RUSTFLAGS: -Dwarnings
Deploy Rust Docs	UNKNOWN STEP	2026-05-18T13:40:04.0138146Z   CARGO_REGISTRY_TOKEN: ***
Deploy Rust Docs	UNKNOWN STEP	2026-05-18T13:40:04.0138418Z   CARGO_TOKEN: ***
Deploy Rust Docs	UNKNOWN STEP	2026-05-18T13:40:04.0138614Z   CARGO_HOME: /home/runner/.cargo
Deploy Rust Docs	UNKNOWN STEP	2026-05-18T13:40:04.0138848Z   CARGO_INCREMENTAL: 0
Deploy Rust Docs	UNKNOWN STEP	2026-05-18T13:40:04.0139058Z   GITHUB_PAGES: true
Deploy Rust Docs	UNKNOWN STEP	2026-05-18T13:40:04.0139248Z ##[endgroup]
Deploy Rust Docs	UNKNOWN STEP	2026-05-18T13:40:04.2022681Z (node:3550) [DEP0040] DeprecationWarning: The `punycode` module is deprecated. Please use a userland alternative instead.
Deploy Rust Docs	UNKNOWN STEP	2026-05-18T13:40:04.2023860Z (Use `node --trace-deprecation ...` to show where the warning was created)
Deploy Rust Docs	UNKNOWN STEP	2026-05-18T13:40:04.4088730Z Fetching artifact metadata for "github-pages" in this workflow run
Deploy Rust Docs	UNKNOWN STEP	2026-05-18T13:40:04.6303447Z Found 1 artifact(s)
Deploy Rust Docs	UNKNOWN STEP	2026-05-18T13:40:04.6317136Z Creating Pages deployment with payload:
Deploy Rust Docs	UNKNOWN STEP	2026-05-18T13:40:04.6317898Z {
Deploy Rust Docs	UNKNOWN STEP	2026-05-18T13:40:04.6318235Z 	"artifact_id": 7059384530,
Deploy Rust Docs	UNKNOWN STEP	2026-05-18T13:40:04.6318832Z 	"pages_build_version": "8910b98b665a650690c0d9e9188bbf6bec1e9d2c",
Deploy Rust Docs	UNKNOWN STEP	2026-05-18T13:40:04.6382161Z 	"oidc_token": "***"
Deploy Rust Docs	UNKNOWN STEP	2026-05-18T13:40:04.6382407Z }
Deploy Rust Docs	UNKNOWN STEP	2026-05-18T13:40:05.1957832Z Created deployment for 8910b98b665a650690c0d9e9188bbf6bec1e9d2c, ID: 8910b98b665a650690c0d9e9188bbf6bec1e9d2c
Deploy Rust Docs	UNKNOWN STEP	2026-05-18T13:40:10.1975837Z Getting Pages deployment status...
Deploy Rust Docs	UNKNOWN STEP	2026-05-18T13:40:10.4913894Z Reported success!
Deploy Rust Docs	UNKNOWN STEP	2026-05-18T13:40:10.5128036Z Post job cleanup.
Deploy Rust Docs	UNKNOWN STEP	2026-05-18T13:40:10.5957926Z [command]/usr/bin/git version
Deploy Rust Docs	UNKNOWN STEP	2026-05-18T13:40:10.5995338Z git version 2.54.0
Deploy Rust Docs	UNKNOWN STEP	2026-05-18T13:40:10.6067932Z Temporarily overriding HOME='/home/runner/work/_temp/0e505099-9a5f-45a7-bf06-1bde9f5b74d5' before making global git config changes
Deploy Rust Docs	UNKNOWN STEP	2026-05-18T13:40:10.6069223Z Adding repository directory to the temporary git global config as a safe directory
Deploy Rust Docs	UNKNOWN STEP	2026-05-18T13:40:10.6073243Z [command]/usr/bin/git config --global --add safe.directory /home/runner/work/lino-i18n/lino-i18n
Deploy Rust Docs	UNKNOWN STEP	2026-05-18T13:40:10.6105587Z Removing SSH command configuration
Deploy Rust Docs	UNKNOWN STEP	2026-05-18T13:40:10.6112599Z [command]/usr/bin/git config --local --name-only --get-regexp core\.sshCommand
Deploy Rust Docs	UNKNOWN STEP	2026-05-18T13:40:10.6147617Z [command]/usr/bin/git submodule foreach --recursive sh -c "git config --local --name-only --get-regexp 'core\.sshCommand' && git config --local --unset-all 'core.sshCommand' || :"
Deploy Rust Docs	UNKNOWN STEP	2026-05-18T13:40:10.6371951Z Removing HTTP extra header
Deploy Rust Docs	UNKNOWN STEP	2026-05-18T13:40:10.6378034Z [command]/usr/bin/git config --local --name-only --get-regexp http\.https\:\/\/github\.com\/\.extraheader
Deploy Rust Docs	UNKNOWN STEP	2026-05-18T13:40:10.6412293Z [command]/usr/bin/git submodule foreach --recursive sh -c "git config --local --name-only --get-regexp 'http\.https\:\/\/github\.com\/\.extraheader' && git config --local --unset-all 'http.https://github.com/.extraheader' || :"
Deploy Rust Docs	UNKNOWN STEP	2026-05-18T13:40:10.6631738Z Removing includeIf entries pointing to credentials config files
Deploy Rust Docs	UNKNOWN STEP	2026-05-18T13:40:10.6639053Z [command]/usr/bin/git config --local --name-only --get-regexp ^includeIf\.gitdir:
Deploy Rust Docs	UNKNOWN STEP	2026-05-18T13:40:10.6666198Z includeif.gitdir:/home/runner/work/lino-i18n/lino-i18n/.git.path
Deploy Rust Docs	UNKNOWN STEP	2026-05-18T13:40:10.6667162Z includeif.gitdir:/home/runner/work/lino-i18n/lino-i18n/.git/worktrees/*.path
Deploy Rust Docs	UNKNOWN STEP	2026-05-18T13:40:10.6667982Z includeif.gitdir:/github/workspace/.git.path
Deploy Rust Docs	UNKNOWN STEP	2026-05-18T13:40:10.6668645Z includeif.gitdir:/github/workspace/.git/worktrees/*.path
Deploy Rust Docs	UNKNOWN STEP	2026-05-18T13:40:10.6676332Z [command]/usr/bin/git config --local --get-all includeif.gitdir:/home/runner/work/lino-i18n/lino-i18n/.git.path
Deploy Rust Docs	UNKNOWN STEP	2026-05-18T13:40:10.6699300Z /home/runner/work/_temp/git-credentials-d5f0e03b-ec23-440e-b313-dab6aba5711a.config
Deploy Rust Docs	UNKNOWN STEP	2026-05-18T13:40:10.6710437Z [command]/usr/bin/git config --local --unset includeif.gitdir:/home/runner/work/lino-i18n/lino-i18n/.git.path /home/runner/work/_temp/git-credentials-d5f0e03b-ec23-440e-b313-dab6aba5711a.config
Deploy Rust Docs	UNKNOWN STEP	2026-05-18T13:40:10.6745701Z [command]/usr/bin/git config --local --get-all includeif.gitdir:/home/runner/work/lino-i18n/lino-i18n/.git/worktrees/*.path
Deploy Rust Docs	UNKNOWN STEP	2026-05-18T13:40:10.6768654Z /home/runner/work/_temp/git-credentials-d5f0e03b-ec23-440e-b313-dab6aba5711a.config
Deploy Rust Docs	UNKNOWN STEP	2026-05-18T13:40:10.6778551Z [command]/usr/bin/git config --local --unset includeif.gitdir:/home/runner/work/lino-i18n/lino-i18n/.git/worktrees/*.path /home/runner/work/_temp/git-credentials-d5f0e03b-ec23-440e-b313-dab6aba5711a.config
Deploy Rust Docs	UNKNOWN STEP	2026-05-18T13:40:10.6810253Z [command]/usr/bin/git config --local --get-all includeif.gitdir:/github/workspace/.git.path
Deploy Rust Docs	UNKNOWN STEP	2026-05-18T13:40:10.6832179Z /github/runner_temp/git-credentials-d5f0e03b-ec23-440e-b313-dab6aba5711a.config
Deploy Rust Docs	UNKNOWN STEP	2026-05-18T13:40:10.6840074Z [command]/usr/bin/git config --local --unset includeif.gitdir:/github/workspace/.git.path /github/runner_temp/git-credentials-d5f0e03b-ec23-440e-b313-dab6aba5711a.config
Deploy Rust Docs	UNKNOWN STEP	2026-05-18T13:40:10.6870030Z [command]/usr/bin/git config --local --get-all includeif.gitdir:/github/workspace/.git/worktrees/*.path
Deploy Rust Docs	UNKNOWN STEP	2026-05-18T13:40:10.6891100Z /github/runner_temp/git-credentials-d5f0e03b-ec23-440e-b313-dab6aba5711a.config
Deploy Rust Docs	UNKNOWN STEP	2026-05-18T13:40:10.6900139Z [command]/usr/bin/git config --local --unset includeif.gitdir:/github/workspace/.git/worktrees/*.path /github/runner_temp/git-credentials-d5f0e03b-ec23-440e-b313-dab6aba5711a.config
Deploy Rust Docs	UNKNOWN STEP	2026-05-18T13:40:10.6933222Z [command]/usr/bin/git submodule foreach --recursive git config --local --show-origin --name-only --get-regexp remote.origin.url
Deploy Rust Docs	UNKNOWN STEP	2026-05-18T13:40:10.7156997Z Removing credentials config '/home/runner/work/_temp/git-credentials-d5f0e03b-ec23-440e-b313-dab6aba5711a.config'
Deploy Rust Docs	UNKNOWN STEP	2026-05-18T13:40:10.7293958Z Evaluate and set environment url
Deploy Rust Docs	UNKNOWN STEP	2026-05-18T13:40:10.7297154Z Evaluated environment url: https://link-foundation.github.io/lino-i18n/
Deploy Rust Docs	UNKNOWN STEP	2026-05-18T13:40:10.7298054Z Cleaning up orphan processes
