Detect Changes	Set up job	﻿2026-05-18T17:07:52.4039151Z Current runner version: '2.334.0'
Detect Changes	Set up job	2026-05-18T17:07:52.4062582Z ##[group]Runner Image Provisioner
Detect Changes	Set up job	2026-05-18T17:07:52.4063586Z Hosted Compute Agent
Detect Changes	Set up job	2026-05-18T17:07:52.4064064Z Version: 20260213.493
Detect Changes	Set up job	2026-05-18T17:07:52.4064629Z Commit: 5c115507f6dd24b8de37d8bbe0bb4509d0cc0fa3
Detect Changes	Set up job	2026-05-18T17:07:52.4065288Z Build Date: 2026-02-13T00:28:41Z
Detect Changes	Set up job	2026-05-18T17:07:52.4065872Z Worker ID: {26a84cad-176c-4fb2-af62-111ee6b709dd}
Detect Changes	Set up job	2026-05-18T17:07:52.4066504Z Azure Region: westus3
Detect Changes	Set up job	2026-05-18T17:07:52.4067014Z ##[endgroup]
Detect Changes	Set up job	2026-05-18T17:07:52.4068308Z ##[group]Operating System
Detect Changes	Set up job	2026-05-18T17:07:52.4068839Z Ubuntu
Detect Changes	Set up job	2026-05-18T17:07:52.4069267Z 24.04.4
Detect Changes	Set up job	2026-05-18T17:07:52.4069743Z LTS
Detect Changes	Set up job	2026-05-18T17:07:52.4070172Z ##[endgroup]
Detect Changes	Set up job	2026-05-18T17:07:52.4070637Z ##[group]Runner Image
Detect Changes	Set up job	2026-05-18T17:07:52.4071157Z Image: ubuntu-24.04
Detect Changes	Set up job	2026-05-18T17:07:52.4071603Z Version: 20260513.135.3
Detect Changes	Set up job	2026-05-18T17:07:52.4072516Z Included Software: https://github.com/actions/runner-images/blob/ubuntu24/20260513.135/images/ubuntu/Ubuntu2404-Readme.md
Detect Changes	Set up job	2026-05-18T17:07:52.4074732Z Image Release: https://github.com/actions/runner-images/releases/tag/ubuntu24%2F20260513.135
Detect Changes	Set up job	2026-05-18T17:07:52.4075548Z ##[endgroup]
Detect Changes	Set up job	2026-05-18T17:07:52.4076661Z ##[group]GITHUB_TOKEN Permissions
Detect Changes	Set up job	2026-05-18T17:07:52.4078624Z Contents: write
Detect Changes	Set up job	2026-05-18T17:07:52.4079133Z Metadata: read
Detect Changes	Set up job	2026-05-18T17:07:52.4079655Z Pages: write
Detect Changes	Set up job	2026-05-18T17:07:52.4080104Z PullRequests: write
Detect Changes	Set up job	2026-05-18T17:07:52.4080586Z ##[endgroup]
Detect Changes	Set up job	2026-05-18T17:07:52.4082619Z Secret source: Actions
Detect Changes	Set up job	2026-05-18T17:07:52.4083496Z Prepare workflow directory
Detect Changes	Set up job	2026-05-18T17:07:52.4573078Z Prepare all required actions
Detect Changes	Set up job	2026-05-18T17:07:52.4609778Z Getting action download info
Detect Changes	Set up job	2026-05-18T17:07:52.9961532Z Download action repository 'actions/checkout@v6' (SHA:de0fac2e4500dabe0009e67214ff5f5447ce83dd)
Detect Changes	Set up job	2026-05-18T17:07:53.0857589Z Download action repository 'dtolnay/rust-toolchain@stable' (SHA:29eef336d9b2848a0b548edc03f92a220660cdb8)
Detect Changes	Set up job	2026-05-18T17:07:53.4707134Z Complete job name: Detect Changes
Detect Changes	Run actions/checkout@v6	﻿2026-05-18T17:07:53.5330416Z ##[group]Run actions/checkout@v6
Detect Changes	Run actions/checkout@v6	2026-05-18T17:07:53.5331510Z with:
Detect Changes	Run actions/checkout@v6	2026-05-18T17:07:53.5332035Z   fetch-depth: 0
Detect Changes	Run actions/checkout@v6	2026-05-18T17:07:53.5332640Z   repository: link-foundation/lino-i18n
Detect Changes	Run actions/checkout@v6	2026-05-18T17:07:53.5333676Z   token: ***
Detect Changes	Run actions/checkout@v6	2026-05-18T17:07:53.5334140Z   ssh-strict: true
Detect Changes	Run actions/checkout@v6	2026-05-18T17:07:53.5334685Z   ssh-user: git
Detect Changes	Run actions/checkout@v6	2026-05-18T17:07:53.5335220Z   persist-credentials: true
Detect Changes	Run actions/checkout@v6	2026-05-18T17:07:53.5335752Z   clean: true
Detect Changes	Run actions/checkout@v6	2026-05-18T17:07:53.5336289Z   sparse-checkout-cone-mode: true
Detect Changes	Run actions/checkout@v6	2026-05-18T17:07:53.5336851Z   fetch-tags: false
Detect Changes	Run actions/checkout@v6	2026-05-18T17:07:53.5337366Z   show-progress: true
Detect Changes	Run actions/checkout@v6	2026-05-18T17:07:53.5337935Z   lfs: false
Detect Changes	Run actions/checkout@v6	2026-05-18T17:07:53.5338390Z   submodules: false
Detect Changes	Run actions/checkout@v6	2026-05-18T17:07:53.5338934Z   set-safe-directory: true
Detect Changes	Run actions/checkout@v6	2026-05-18T17:07:53.5339754Z env:
Detect Changes	Run actions/checkout@v6	2026-05-18T17:07:53.5340337Z   CARGO_TERM_COLOR: always
Detect Changes	Run actions/checkout@v6	2026-05-18T17:07:53.5340902Z   RUST_BACKTRACE: 1
Detect Changes	Run actions/checkout@v6	2026-05-18T17:07:53.5341408Z   RUSTFLAGS: -Dwarnings
Detect Changes	Run actions/checkout@v6	2026-05-18T17:07:53.5342256Z   CARGO_REGISTRY_TOKEN: ***
Detect Changes	Run actions/checkout@v6	2026-05-18T17:07:53.5343047Z   CARGO_TOKEN: ***
Detect Changes	Run actions/checkout@v6	2026-05-18T17:07:53.5343681Z ##[endgroup]
Detect Changes	Run actions/checkout@v6	2026-05-18T17:07:53.6456297Z Syncing repository: link-foundation/lino-i18n
Detect Changes	Run actions/checkout@v6	2026-05-18T17:07:53.6458272Z ##[group]Getting Git version info
Detect Changes	Run actions/checkout@v6	2026-05-18T17:07:53.6459002Z Working directory is '/home/runner/work/lino-i18n/lino-i18n'
Detect Changes	Run actions/checkout@v6	2026-05-18T17:07:53.6460173Z [command]/usr/bin/git version
Detect Changes	Run actions/checkout@v6	2026-05-18T17:07:53.6460750Z git version 2.54.0
Detect Changes	Run actions/checkout@v6	2026-05-18T17:07:53.6462322Z ##[endgroup]
Detect Changes	Run actions/checkout@v6	2026-05-18T17:07:53.6467354Z Temporarily overriding HOME='/home/runner/work/_temp/f3b96a07-fcfa-4c43-b6e4-0dece0a9200d' before making global git config changes
Detect Changes	Run actions/checkout@v6	2026-05-18T17:07:53.6470038Z Adding repository directory to the temporary git global config as a safe directory
Detect Changes	Run actions/checkout@v6	2026-05-18T17:07:53.6472149Z [command]/usr/bin/git config --global --add safe.directory /home/runner/work/lino-i18n/lino-i18n
Detect Changes	Run actions/checkout@v6	2026-05-18T17:07:53.6478561Z Deleting the contents of '/home/runner/work/lino-i18n/lino-i18n'
Detect Changes	Run actions/checkout@v6	2026-05-18T17:07:53.6483079Z ##[group]Initializing the repository
Detect Changes	Run actions/checkout@v6	2026-05-18T17:07:53.6488209Z [command]/usr/bin/git init /home/runner/work/lino-i18n/lino-i18n
Detect Changes	Run actions/checkout@v6	2026-05-18T17:07:53.6581802Z hint: Using 'master' as the name for the initial branch. This default branch name
Detect Changes	Run actions/checkout@v6	2026-05-18T17:07:53.6583014Z hint: will change to "main" in Git 3.0. To configure the initial branch name
Detect Changes	Run actions/checkout@v6	2026-05-18T17:07:53.6583966Z hint: to use in all of your new repositories, which will suppress this warning,
Detect Changes	Run actions/checkout@v6	2026-05-18T17:07:53.6584768Z hint: call:
Detect Changes	Run actions/checkout@v6	2026-05-18T17:07:53.6585385Z hint:
Detect Changes	Run actions/checkout@v6	2026-05-18T17:07:53.6586368Z hint: 	git config --global init.defaultBranch <name>
Detect Changes	Run actions/checkout@v6	2026-05-18T17:07:53.6587648Z hint:
Detect Changes	Run actions/checkout@v6	2026-05-18T17:07:53.6588924Z hint: Names commonly chosen instead of 'master' are 'main', 'trunk' and
Detect Changes	Run actions/checkout@v6	2026-05-18T17:07:53.6590807Z hint: 'development'. The just-created branch can be renamed via this command:
Detect Changes	Run actions/checkout@v6	2026-05-18T17:07:53.6592432Z hint:
Detect Changes	Run actions/checkout@v6	2026-05-18T17:07:53.6593564Z hint: 	git branch -m <name>
Detect Changes	Run actions/checkout@v6	2026-05-18T17:07:53.6594672Z hint:
Detect Changes	Run actions/checkout@v6	2026-05-18T17:07:53.6595895Z hint: Disable this message with "git config set advice.defaultBranchName false"
Detect Changes	Run actions/checkout@v6	2026-05-18T17:07:53.6598113Z Initialized empty Git repository in /home/runner/work/lino-i18n/lino-i18n/.git/
Detect Changes	Run actions/checkout@v6	2026-05-18T17:07:53.6601458Z [command]/usr/bin/git remote add origin https://github.com/link-foundation/lino-i18n
Detect Changes	Run actions/checkout@v6	2026-05-18T17:07:53.6637728Z ##[endgroup]
Detect Changes	Run actions/checkout@v6	2026-05-18T17:07:53.6639376Z ##[group]Disabling automatic garbage collection
Detect Changes	Run actions/checkout@v6	2026-05-18T17:07:53.6641329Z [command]/usr/bin/git config --local gc.auto 0
Detect Changes	Run actions/checkout@v6	2026-05-18T17:07:53.6666806Z ##[endgroup]
Detect Changes	Run actions/checkout@v6	2026-05-18T17:07:53.6668293Z ##[group]Setting up auth
Detect Changes	Run actions/checkout@v6	2026-05-18T17:07:53.6669527Z Removing SSH command configuration
Detect Changes	Run actions/checkout@v6	2026-05-18T17:07:53.6674418Z [command]/usr/bin/git config --local --name-only --get-regexp core\.sshCommand
Detect Changes	Run actions/checkout@v6	2026-05-18T17:07:53.6703758Z [command]/usr/bin/git submodule foreach --recursive sh -c "git config --local --name-only --get-regexp 'core\.sshCommand' && git config --local --unset-all 'core.sshCommand' || :"
Detect Changes	Run actions/checkout@v6	2026-05-18T17:07:53.6995325Z Removing HTTP extra header
Detect Changes	Run actions/checkout@v6	2026-05-18T17:07:53.7002304Z [command]/usr/bin/git config --local --name-only --get-regexp http\.https\:\/\/github\.com\/\.extraheader
Detect Changes	Run actions/checkout@v6	2026-05-18T17:07:53.7030279Z [command]/usr/bin/git submodule foreach --recursive sh -c "git config --local --name-only --get-regexp 'http\.https\:\/\/github\.com\/\.extraheader' && git config --local --unset-all 'http.https://github.com/.extraheader' || :"
Detect Changes	Run actions/checkout@v6	2026-05-18T17:07:53.7198976Z Removing includeIf entries pointing to credentials config files
Detect Changes	Run actions/checkout@v6	2026-05-18T17:07:53.7205137Z [command]/usr/bin/git config --local --name-only --get-regexp ^includeIf\.gitdir:
Detect Changes	Run actions/checkout@v6	2026-05-18T17:07:53.7231939Z [command]/usr/bin/git submodule foreach --recursive git config --local --show-origin --name-only --get-regexp remote.origin.url
Detect Changes	Run actions/checkout@v6	2026-05-18T17:07:53.7410652Z [command]/usr/bin/git config --file /home/runner/work/_temp/git-credentials-b2f7bf65-b5fb-4010-8fbd-8134b80f6ac7.config http.https://github.com/.extraheader AUTHORIZATION: basic ***
Detect Changes	Run actions/checkout@v6	2026-05-18T17:07:53.7440939Z [command]/usr/bin/git config --local includeIf.gitdir:/home/runner/work/lino-i18n/lino-i18n/.git.path /home/runner/work/_temp/git-credentials-b2f7bf65-b5fb-4010-8fbd-8134b80f6ac7.config
Detect Changes	Run actions/checkout@v6	2026-05-18T17:07:53.7464359Z [command]/usr/bin/git config --local includeIf.gitdir:/home/runner/work/lino-i18n/lino-i18n/.git/worktrees/*.path /home/runner/work/_temp/git-credentials-b2f7bf65-b5fb-4010-8fbd-8134b80f6ac7.config
Detect Changes	Run actions/checkout@v6	2026-05-18T17:07:53.7493522Z [command]/usr/bin/git config --local includeIf.gitdir:/github/workspace/.git.path /github/runner_temp/git-credentials-b2f7bf65-b5fb-4010-8fbd-8134b80f6ac7.config
Detect Changes	Run actions/checkout@v6	2026-05-18T17:07:53.7519998Z [command]/usr/bin/git config --local includeIf.gitdir:/github/workspace/.git/worktrees/*.path /github/runner_temp/git-credentials-b2f7bf65-b5fb-4010-8fbd-8134b80f6ac7.config
Detect Changes	Run actions/checkout@v6	2026-05-18T17:07:53.7543638Z ##[endgroup]
Detect Changes	Run actions/checkout@v6	2026-05-18T17:07:53.7545296Z ##[group]Fetching the repository
Detect Changes	Run actions/checkout@v6	2026-05-18T17:07:53.7553372Z [command]/usr/bin/git -c protocol.version=2 fetch --no-tags --prune --no-recurse-submodules origin +refs/heads/*:refs/remotes/origin/* +refs/tags/*:refs/tags/*
Detect Changes	Run actions/checkout@v6	2026-05-18T17:07:54.9843940Z From https://github.com/link-foundation/lino-i18n
Detect Changes	Run actions/checkout@v6	2026-05-18T17:07:54.9847052Z  * [new branch]      issue-1-76ffa2dc55cc  -> origin/issue-1-76ffa2dc55cc
Detect Changes	Run actions/checkout@v6	2026-05-18T17:07:54.9849701Z  * [new branch]      issue-10-6657adb31046 -> origin/issue-10-6657adb31046
Detect Changes	Run actions/checkout@v6	2026-05-18T17:07:54.9852271Z  * [new branch]      issue-11-b5c8ef3bbd84 -> origin/issue-11-b5c8ef3bbd84
Detect Changes	Run actions/checkout@v6	2026-05-18T17:07:54.9855270Z  * [new branch]      issue-12-3c4f596e0c67 -> origin/issue-12-3c4f596e0c67
Detect Changes	Run actions/checkout@v6	2026-05-18T17:07:54.9857270Z  * [new branch]      issue-16-fab0e2420a2b -> origin/issue-16-fab0e2420a2b
Detect Changes	Run actions/checkout@v6	2026-05-18T17:07:54.9859318Z  * [new branch]      issue-3-b3eb0917c317  -> origin/issue-3-b3eb0917c317
Detect Changes	Run actions/checkout@v6	2026-05-18T17:07:54.9861092Z  * [new branch]      issue-5-169afc4a2006  -> origin/issue-5-169afc4a2006
Detect Changes	Run actions/checkout@v6	2026-05-18T17:07:54.9863595Z  * [new branch]      issue-5-35d32a59c464  -> origin/issue-5-35d32a59c464
Detect Changes	Run actions/checkout@v6	2026-05-18T17:07:54.9865487Z  * [new branch]      issue-8-ca918c4d7d4c  -> origin/issue-8-ca918c4d7d4c
Detect Changes	Run actions/checkout@v6	2026-05-18T17:07:54.9868048Z  * [new branch]      main                  -> origin/main
Detect Changes	Run actions/checkout@v6	2026-05-18T17:07:54.9869657Z  * [new tag]         js-v0.0.1             -> js-v0.0.1
Detect Changes	Run actions/checkout@v6	2026-05-18T17:07:54.9871499Z  * [new tag]         rust-v0.0.1           -> rust-v0.0.1
Detect Changes	Run actions/checkout@v6	2026-05-18T17:07:54.9891475Z [command]/usr/bin/git branch --list --remote origin/main
Detect Changes	Run actions/checkout@v6	2026-05-18T17:07:54.9918055Z   origin/main
Detect Changes	Run actions/checkout@v6	2026-05-18T17:07:54.9927491Z [command]/usr/bin/git rev-parse refs/remotes/origin/main
Detect Changes	Run actions/checkout@v6	2026-05-18T17:07:54.9947816Z 992b91dd1eeb865ff89d2c130c88ad313a609723
Detect Changes	Run actions/checkout@v6	2026-05-18T17:07:54.9953637Z ##[endgroup]
Detect Changes	Run actions/checkout@v6	2026-05-18T17:07:54.9956173Z ##[group]Determining the checkout info
Detect Changes	Run actions/checkout@v6	2026-05-18T17:07:54.9958939Z ##[endgroup]
Detect Changes	Run actions/checkout@v6	2026-05-18T17:07:54.9960603Z [command]/usr/bin/git sparse-checkout disable
Detect Changes	Run actions/checkout@v6	2026-05-18T17:07:55.0004128Z [command]/usr/bin/git config --local --unset-all extensions.worktreeConfig
Detect Changes	Run actions/checkout@v6	2026-05-18T17:07:55.0026227Z ##[group]Checking out the ref
Detect Changes	Run actions/checkout@v6	2026-05-18T17:07:55.0029086Z [command]/usr/bin/git checkout --progress --force -B main refs/remotes/origin/main
Detect Changes	Run actions/checkout@v6	2026-05-18T17:07:55.0561010Z Switched to a new branch 'main'
Detect Changes	Run actions/checkout@v6	2026-05-18T17:07:55.0563210Z branch 'main' set up to track 'origin/main'.
Detect Changes	Run actions/checkout@v6	2026-05-18T17:07:55.0570141Z ##[endgroup]
Detect Changes	Run actions/checkout@v6	2026-05-18T17:07:55.0610154Z [command]/usr/bin/git log -1 --format=%H
Detect Changes	Run actions/checkout@v6	2026-05-18T17:07:55.0630553Z 992b91dd1eeb865ff89d2c130c88ad313a609723
Detect Changes	Run dtolnay/rust-toolchain@stable	﻿2026-05-18T17:07:55.1163629Z ##[group]Run dtolnay/rust-toolchain@stable
Detect Changes	Run dtolnay/rust-toolchain@stable	2026-05-18T17:07:55.1164740Z with:
Detect Changes	Run dtolnay/rust-toolchain@stable	2026-05-18T17:07:55.1165473Z   toolchain: stable
Detect Changes	Run dtolnay/rust-toolchain@stable	2026-05-18T17:07:55.1166252Z env:
Detect Changes	Run dtolnay/rust-toolchain@stable	2026-05-18T17:07:55.1166996Z   CARGO_TERM_COLOR: always
Detect Changes	Run dtolnay/rust-toolchain@stable	2026-05-18T17:07:55.1167872Z   RUST_BACKTRACE: 1
Detect Changes	Run dtolnay/rust-toolchain@stable	2026-05-18T17:07:55.1168691Z   RUSTFLAGS: -Dwarnings
Detect Changes	Run dtolnay/rust-toolchain@stable	2026-05-18T17:07:55.1170057Z   CARGO_REGISTRY_TOKEN: ***
Detect Changes	Run dtolnay/rust-toolchain@stable	2026-05-18T17:07:55.1171112Z   CARGO_TOKEN: ***
Detect Changes	Run dtolnay/rust-toolchain@stable	2026-05-18T17:07:55.1171892Z ##[endgroup]
Detect Changes	Run dtolnay/rust-toolchain@stable	2026-05-18T17:07:55.1321880Z ##[group]Run : parse toolchain version
Detect Changes	Run dtolnay/rust-toolchain@stable	2026-05-18T17:07:55.1323340Z ^[[36;1m: parse toolchain version^[[0m
Detect Changes	Run dtolnay/rust-toolchain@stable	2026-05-18T17:07:55.1324387Z ^[[36;1mif [[ -z $toolchain ]]; then^[[0m
Detect Changes	Run dtolnay/rust-toolchain@stable	2026-05-18T17:07:55.1326185Z ^[[36;1m  # GitHub does not enforce `required: true` inputs itself. https://github.com/actions/runner/issues/1070^[[0m
Detect Changes	Run dtolnay/rust-toolchain@stable	2026-05-18T17:07:55.1327998Z ^[[36;1m  echo "'toolchain' is a required input" >&2^[[0m
Detect Changes	Run dtolnay/rust-toolchain@stable	2026-05-18T17:07:55.1329017Z ^[[36;1m  exit 1^[[0m
Detect Changes	Run dtolnay/rust-toolchain@stable	2026-05-18T17:07:55.1330128Z ^[[36;1melif [[ $toolchain =~ ^stable' '[0-9]+' '(year|month|week|day)s?' 'ago$ ]]; then^[[0m
Detect Changes	Run dtolnay/rust-toolchain@stable	2026-05-18T17:07:55.1331558Z ^[[36;1m  if [[ Linux == macOS ]]; then^[[0m
Detect Changes	Run dtolnay/rust-toolchain@stable	2026-05-18T17:07:55.1333364Z ^[[36;1m    echo "toolchain=1.$((($(date -v-$(sed 's/stable \([0-9]*\) \(.\).*/\1\2/' <<< $toolchain) +%s)/60/60/24-16569)/7/6))" >> $GITHUB_OUTPUT^[[0m
Detect Changes	Run dtolnay/rust-toolchain@stable	2026-05-18T17:07:55.1335070Z ^[[36;1m  else^[[0m
Detect Changes	Run dtolnay/rust-toolchain@stable	2026-05-18T17:07:55.1336405Z ^[[36;1m    echo "toolchain=1.$((($(date --date "${toolchain#stable }" +%s)/60/60/24-16569)/7/6))" >> $GITHUB_OUTPUT^[[0m
Detect Changes	Run dtolnay/rust-toolchain@stable	2026-05-18T17:07:55.1337952Z ^[[36;1m  fi^[[0m
Detect Changes	Run dtolnay/rust-toolchain@stable	2026-05-18T17:07:55.1339015Z ^[[36;1melif [[ $toolchain =~ ^stable' 'minus' '[0-9]+' 'releases?$ ]]; then^[[0m
Detect Changes	Run dtolnay/rust-toolchain@stable	2026-05-18T17:07:55.1340772Z ^[[36;1m  echo "toolchain=1.$((($(date +%s)/60/60/24-16569)/7/6-${toolchain//[^0-9]/}))" >> $GITHUB_OUTPUT^[[0m
Detect Changes	Run dtolnay/rust-toolchain@stable	2026-05-18T17:07:55.1342535Z ^[[36;1melif [[ $toolchain =~ ^1\.[0-9]+$ ]]; then^[[0m
Detect Changes	Run dtolnay/rust-toolchain@stable	2026-05-18T17:07:55.1344359Z ^[[36;1m  echo "toolchain=1.$((i=${toolchain#1.}, c=($(date +%s)/60/60/24-16569)/7/6, i+9*i*(10*i<=c)+90*i*(100*i<=c)))" >> $GITHUB_OUTPUT^[[0m
Detect Changes	Run dtolnay/rust-toolchain@stable	2026-05-18T17:07:55.1346037Z ^[[36;1melse^[[0m
Detect Changes	Run dtolnay/rust-toolchain@stable	2026-05-18T17:07:55.1346906Z ^[[36;1m  echo "toolchain=$toolchain" >> $GITHUB_OUTPUT^[[0m
Detect Changes	Run dtolnay/rust-toolchain@stable	2026-05-18T17:07:55.1347949Z ^[[36;1mfi^[[0m
Detect Changes	Run dtolnay/rust-toolchain@stable	2026-05-18T17:07:55.1376422Z shell: /usr/bin/bash --noprofile --norc -e -o pipefail {0}
Detect Changes	Run dtolnay/rust-toolchain@stable	2026-05-18T17:07:55.1377603Z env:
Detect Changes	Run dtolnay/rust-toolchain@stable	2026-05-18T17:07:55.1378281Z   CARGO_TERM_COLOR: always
Detect Changes	Run dtolnay/rust-toolchain@stable	2026-05-18T17:07:55.1379087Z   RUST_BACKTRACE: 1
Detect Changes	Run dtolnay/rust-toolchain@stable	2026-05-18T17:07:55.1379838Z   RUSTFLAGS: -Dwarnings
Detect Changes	Run dtolnay/rust-toolchain@stable	2026-05-18T17:07:55.1380967Z   CARGO_REGISTRY_TOKEN: ***
Detect Changes	Run dtolnay/rust-toolchain@stable	2026-05-18T17:07:55.1382017Z   CARGO_TOKEN: ***
Detect Changes	Run dtolnay/rust-toolchain@stable	2026-05-18T17:07:55.1382814Z   toolchain: stable
Detect Changes	Run dtolnay/rust-toolchain@stable	2026-05-18T17:07:55.1383665Z ##[endgroup]
Detect Changes	Run dtolnay/rust-toolchain@stable	2026-05-18T17:07:55.1546650Z ##[group]Run : construct rustup command line
Detect Changes	Run dtolnay/rust-toolchain@stable	2026-05-18T17:07:55.1547791Z ^[[36;1m: construct rustup command line^[[0m
Detect Changes	Run dtolnay/rust-toolchain@stable	2026-05-18T17:07:55.1549267Z ^[[36;1mecho "targets=$(for t in ${targets//,/ }; do echo -n ' --target' $t; done)" >> $GITHUB_OUTPUT^[[0m
Detect Changes	Run dtolnay/rust-toolchain@stable	2026-05-18T17:07:55.1551322Z ^[[36;1mecho "components=$(for c in ${components//,/ }; do echo -n ' --component' $c; done)" >> $GITHUB_OUTPUT^[[0m
Detect Changes	Run dtolnay/rust-toolchain@stable	2026-05-18T17:07:55.1553152Z ^[[36;1mecho "downgrade=" >> $GITHUB_OUTPUT^[[0m
Detect Changes	Run dtolnay/rust-toolchain@stable	2026-05-18T17:07:55.1576994Z shell: /usr/bin/bash --noprofile --norc -e -o pipefail {0}
Detect Changes	Run dtolnay/rust-toolchain@stable	2026-05-18T17:07:55.1578134Z env:
Detect Changes	Run dtolnay/rust-toolchain@stable	2026-05-18T17:07:55.1578818Z   CARGO_TERM_COLOR: always
Detect Changes	Run dtolnay/rust-toolchain@stable	2026-05-18T17:07:55.1579627Z   RUST_BACKTRACE: 1
Detect Changes	Run dtolnay/rust-toolchain@stable	2026-05-18T17:07:55.1580380Z   RUSTFLAGS: -Dwarnings
Detect Changes	Run dtolnay/rust-toolchain@stable	2026-05-18T17:07:55.1581516Z   CARGO_REGISTRY_TOKEN: ***
Detect Changes	Run dtolnay/rust-toolchain@stable	2026-05-18T17:07:55.1582508Z   CARGO_TOKEN: ***
Detect Changes	Run dtolnay/rust-toolchain@stable	2026-05-18T17:07:55.1583407Z   targets:
Detect Changes	Run dtolnay/rust-toolchain@stable	2026-05-18T17:07:55.1584066Z   components:
Detect Changes	Run dtolnay/rust-toolchain@stable	2026-05-18T17:07:55.1584748Z ##[endgroup]
Detect Changes	Run dtolnay/rust-toolchain@stable	2026-05-18T17:07:55.1685863Z ##[group]Run : set $CARGO_HOME
Detect Changes	Run dtolnay/rust-toolchain@stable	2026-05-18T17:07:55.1686817Z ^[[36;1m: set $CARGO_HOME^[[0m
Detect Changes	Run dtolnay/rust-toolchain@stable	2026-05-18T17:07:55.1687923Z ^[[36;1mecho CARGO_HOME=${CARGO_HOME:-"$HOME/.cargo"} >> $GITHUB_ENV^[[0m
Detect Changes	Run dtolnay/rust-toolchain@stable	2026-05-18T17:07:55.1710775Z shell: /usr/bin/bash --noprofile --norc -e -o pipefail {0}
Detect Changes	Run dtolnay/rust-toolchain@stable	2026-05-18T17:07:55.1711891Z env:
Detect Changes	Run dtolnay/rust-toolchain@stable	2026-05-18T17:07:55.1712752Z   CARGO_TERM_COLOR: always
Detect Changes	Run dtolnay/rust-toolchain@stable	2026-05-18T17:07:55.1713805Z   RUST_BACKTRACE: 1
Detect Changes	Run dtolnay/rust-toolchain@stable	2026-05-18T17:07:55.1714546Z   RUSTFLAGS: -Dwarnings
Detect Changes	Run dtolnay/rust-toolchain@stable	2026-05-18T17:07:55.1715694Z   CARGO_REGISTRY_TOKEN: ***
Detect Changes	Run dtolnay/rust-toolchain@stable	2026-05-18T17:07:55.1716678Z   CARGO_TOKEN: ***
Detect Changes	Run dtolnay/rust-toolchain@stable	2026-05-18T17:07:55.1717397Z ##[endgroup]
Detect Changes	Run dtolnay/rust-toolchain@stable	2026-05-18T17:07:55.1820600Z ##[group]Run : install rustup if needed
Detect Changes	Run dtolnay/rust-toolchain@stable	2026-05-18T17:07:55.1821625Z ^[[36;1m: install rustup if needed^[[0m
Detect Changes	Run dtolnay/rust-toolchain@stable	2026-05-18T17:07:55.1822634Z ^[[36;1mif ! command -v rustup &>/dev/null; then^[[0m
Detect Changes	Run dtolnay/rust-toolchain@stable	2026-05-18T17:07:55.1825062Z ^[[36;1m  curl --proto '=https' --tlsv1.2 --retry 10 --retry-connrefused --location --silent --show-error --fail https://sh.rustup.rs | sh -s -- --default-toolchain none -y^[[0m
Detect Changes	Run dtolnay/rust-toolchain@stable	2026-05-18T17:07:55.1827411Z ^[[36;1m  echo "$CARGO_HOME/bin" >> $GITHUB_PATH^[[0m
Detect Changes	Run dtolnay/rust-toolchain@stable	2026-05-18T17:07:55.1828384Z ^[[36;1mfi^[[0m
Detect Changes	Run dtolnay/rust-toolchain@stable	2026-05-18T17:07:55.1851704Z shell: /usr/bin/bash --noprofile --norc -e -o pipefail {0}
Detect Changes	Run dtolnay/rust-toolchain@stable	2026-05-18T17:07:55.1852811Z env:
Detect Changes	Run dtolnay/rust-toolchain@stable	2026-05-18T17:07:55.1853662Z   CARGO_TERM_COLOR: always
Detect Changes	Run dtolnay/rust-toolchain@stable	2026-05-18T17:07:55.1854505Z   RUST_BACKTRACE: 1
Detect Changes	Run dtolnay/rust-toolchain@stable	2026-05-18T17:07:55.1855251Z   RUSTFLAGS: -Dwarnings
Detect Changes	Run dtolnay/rust-toolchain@stable	2026-05-18T17:07:55.1856367Z   CARGO_REGISTRY_TOKEN: ***
Detect Changes	Run dtolnay/rust-toolchain@stable	2026-05-18T17:07:55.1857348Z   CARGO_TOKEN: ***
Detect Changes	Run dtolnay/rust-toolchain@stable	2026-05-18T17:07:55.1858097Z   CARGO_HOME: /home/runner/.cargo
Detect Changes	Run dtolnay/rust-toolchain@stable	2026-05-18T17:07:55.1858972Z ##[endgroup]
Detect Changes	Run dtolnay/rust-toolchain@stable	2026-05-18T17:07:55.1968489Z ##[group]Run rustup toolchain install stable --profile minimal --no-self-update
Detect Changes	Run dtolnay/rust-toolchain@stable	2026-05-18T17:07:55.1970246Z ^[[36;1mrustup toolchain install stable --profile minimal --no-self-update^[[0m
Detect Changes	Run dtolnay/rust-toolchain@stable	2026-05-18T17:07:55.1995684Z shell: /usr/bin/bash --noprofile --norc -e -o pipefail {0}
Detect Changes	Run dtolnay/rust-toolchain@stable	2026-05-18T17:07:55.1996788Z env:
Detect Changes	Run dtolnay/rust-toolchain@stable	2026-05-18T17:07:55.1997457Z   CARGO_TERM_COLOR: always
Detect Changes	Run dtolnay/rust-toolchain@stable	2026-05-18T17:07:55.1998250Z   RUST_BACKTRACE: 1
Detect Changes	Run dtolnay/rust-toolchain@stable	2026-05-18T17:07:55.1999102Z   RUSTFLAGS: -Dwarnings
Detect Changes	Run dtolnay/rust-toolchain@stable	2026-05-18T17:07:55.2000190Z   CARGO_REGISTRY_TOKEN: ***
Detect Changes	Run dtolnay/rust-toolchain@stable	2026-05-18T17:07:55.2001206Z   CARGO_TOKEN: ***
Detect Changes	Run dtolnay/rust-toolchain@stable	2026-05-18T17:07:55.2001943Z   CARGO_HOME: /home/runner/.cargo
Detect Changes	Run dtolnay/rust-toolchain@stable	2026-05-18T17:07:55.2002828Z   RUSTUP_PERMIT_COPY_RENAME: 1
Detect Changes	Run dtolnay/rust-toolchain@stable	2026-05-18T17:07:55.2004193Z ##[endgroup]
Detect Changes	Run dtolnay/rust-toolchain@stable	2026-05-18T17:07:55.3654283Z info: syncing channel updates for stable-x86_64-unknown-linux-gnu
Detect Changes	Run dtolnay/rust-toolchain@stable	2026-05-18T17:07:55.4646741Z
Detect Changes	Run dtolnay/rust-toolchain@stable	2026-05-18T17:07:55.4727985Z   stable-x86_64-unknown-linux-gnu unchanged - rustc 1.95.0 (59807616e 2026-04-14)
Detect Changes	Run dtolnay/rust-toolchain@stable	2026-05-18T17:07:55.4729604Z
Detect Changes	Run dtolnay/rust-toolchain@stable	2026-05-18T17:07:55.4798916Z ##[group]Run rustup default stable
Detect Changes	Run dtolnay/rust-toolchain@stable	2026-05-18T17:07:55.4799890Z ^[[36;1mrustup default stable^[[0m
Detect Changes	Run dtolnay/rust-toolchain@stable	2026-05-18T17:07:55.4826297Z shell: /usr/bin/bash --noprofile --norc -e -o pipefail {0}
Detect Changes	Run dtolnay/rust-toolchain@stable	2026-05-18T17:07:55.4827389Z env:
Detect Changes	Run dtolnay/rust-toolchain@stable	2026-05-18T17:07:55.4828029Z   CARGO_TERM_COLOR: always
Detect Changes	Run dtolnay/rust-toolchain@stable	2026-05-18T17:07:55.4828809Z   RUST_BACKTRACE: 1
Detect Changes	Run dtolnay/rust-toolchain@stable	2026-05-18T17:07:55.4829517Z   RUSTFLAGS: -Dwarnings
Detect Changes	Run dtolnay/rust-toolchain@stable	2026-05-18T17:07:55.4830658Z   CARGO_REGISTRY_TOKEN: ***
Detect Changes	Run dtolnay/rust-toolchain@stable	2026-05-18T17:07:55.4831605Z   CARGO_TOKEN: ***
Detect Changes	Run dtolnay/rust-toolchain@stable	2026-05-18T17:07:55.4832339Z   CARGO_HOME: /home/runner/.cargo
Detect Changes	Run dtolnay/rust-toolchain@stable	2026-05-18T17:07:55.4833395Z ##[endgroup]
Detect Changes	Run dtolnay/rust-toolchain@stable	2026-05-18T17:07:55.4938334Z info: using existing install for stable-x86_64-unknown-linux-gnu
Detect Changes	Run dtolnay/rust-toolchain@stable	2026-05-18T17:07:55.4954790Z info: default toolchain set to stable-x86_64-unknown-linux-gnu
Detect Changes	Run dtolnay/rust-toolchain@stable	2026-05-18T17:07:55.4956125Z
Detect Changes	Run dtolnay/rust-toolchain@stable	2026-05-18T17:07:55.5033172Z   stable-x86_64-unknown-linux-gnu unchanged - rustc 1.95.0 (59807616e 2026-04-14)
Detect Changes	Run dtolnay/rust-toolchain@stable	2026-05-18T17:07:55.5034237Z
Detect Changes	Run dtolnay/rust-toolchain@stable	2026-05-18T17:07:55.5086778Z ##[group]Run : create cachekey
Detect Changes	Run dtolnay/rust-toolchain@stable	2026-05-18T17:07:55.5087677Z ^[[36;1m: create cachekey^[[0m
Detect Changes	Run dtolnay/rust-toolchain@stable	2026-05-18T17:07:55.5089227Z ^[[36;1mDATE=$(rustc +stable --version --verbose | sed -ne 's/^commit-date: \(20[0-9][0-9]\)-\([01][0-9]\)-\([0-3][0-9]\)$/\1\2\3/p')^[[0m
Detect Changes	Run dtolnay/rust-toolchain@stable	2026-05-18T17:07:55.5091235Z ^[[36;1mHASH=$(rustc +stable --version --verbose | sed -ne 's/^commit-hash: //p')^[[0m
Detect Changes	Run dtolnay/rust-toolchain@stable	2026-05-18T17:07:55.5092800Z ^[[36;1mecho "cachekey=$(echo $DATE$HASH | head -c12)" >> $GITHUB_OUTPUT^[[0m
Detect Changes	Run dtolnay/rust-toolchain@stable	2026-05-18T17:07:55.5120123Z shell: /usr/bin/bash --noprofile --norc -e -o pipefail {0}
Detect Changes	Run dtolnay/rust-toolchain@stable	2026-05-18T17:07:55.5121202Z env:
Detect Changes	Run dtolnay/rust-toolchain@stable	2026-05-18T17:07:55.5122087Z   CARGO_TERM_COLOR: always
Detect Changes	Run dtolnay/rust-toolchain@stable	2026-05-18T17:07:55.5123063Z   RUST_BACKTRACE: 1
Detect Changes	Run dtolnay/rust-toolchain@stable	2026-05-18T17:07:55.5123788Z   RUSTFLAGS: -Dwarnings
Detect Changes	Run dtolnay/rust-toolchain@stable	2026-05-18T17:07:55.5125076Z   CARGO_REGISTRY_TOKEN: ***
Detect Changes	Run dtolnay/rust-toolchain@stable	2026-05-18T17:07:55.5126045Z   CARGO_TOKEN: ***
Detect Changes	Run dtolnay/rust-toolchain@stable	2026-05-18T17:07:55.5126779Z   CARGO_HOME: /home/runner/.cargo
Detect Changes	Run dtolnay/rust-toolchain@stable	2026-05-18T17:07:55.5127593Z ##[endgroup]
Detect Changes	Run dtolnay/rust-toolchain@stable	2026-05-18T17:07:55.5543904Z ##[group]Run : disable incremental compilation
Detect Changes	Run dtolnay/rust-toolchain@stable	2026-05-18T17:07:55.5545043Z ^[[36;1m: disable incremental compilation^[[0m
Detect Changes	Run dtolnay/rust-toolchain@stable	2026-05-18T17:07:55.5546109Z ^[[36;1mif [ -z "${CARGO_INCREMENTAL+set}" ]; then^[[0m
Detect Changes	Run dtolnay/rust-toolchain@stable	2026-05-18T17:07:55.5547198Z ^[[36;1m  echo CARGO_INCREMENTAL=0 >> $GITHUB_ENV^[[0m
Detect Changes	Run dtolnay/rust-toolchain@stable	2026-05-18T17:07:55.5548137Z ^[[36;1mfi^[[0m
Detect Changes	Run dtolnay/rust-toolchain@stable	2026-05-18T17:07:55.5574435Z shell: /usr/bin/bash --noprofile --norc -e -o pipefail {0}
Detect Changes	Run dtolnay/rust-toolchain@stable	2026-05-18T17:07:55.5575518Z env:
Detect Changes	Run dtolnay/rust-toolchain@stable	2026-05-18T17:07:55.5576197Z   CARGO_TERM_COLOR: always
Detect Changes	Run dtolnay/rust-toolchain@stable	2026-05-18T17:07:55.5576971Z   RUST_BACKTRACE: 1
Detect Changes	Run dtolnay/rust-toolchain@stable	2026-05-18T17:07:55.5577724Z   RUSTFLAGS: -Dwarnings
Detect Changes	Run dtolnay/rust-toolchain@stable	2026-05-18T17:07:55.5578844Z   CARGO_REGISTRY_TOKEN: ***
Detect Changes	Run dtolnay/rust-toolchain@stable	2026-05-18T17:07:55.5579806Z   CARGO_TOKEN: ***
Detect Changes	Run dtolnay/rust-toolchain@stable	2026-05-18T17:07:55.5580535Z   CARGO_HOME: /home/runner/.cargo
Detect Changes	Run dtolnay/rust-toolchain@stable	2026-05-18T17:07:55.5581388Z ##[endgroup]
Detect Changes	Run dtolnay/rust-toolchain@stable	2026-05-18T17:07:55.5676928Z ##[group]Run : enable colors in Cargo output
Detect Changes	Run dtolnay/rust-toolchain@stable	2026-05-18T17:07:55.5677979Z ^[[36;1m: enable colors in Cargo output^[[0m
Detect Changes	Run dtolnay/rust-toolchain@stable	2026-05-18T17:07:55.5678991Z ^[[36;1mif [ -z "${CARGO_TERM_COLOR+set}" ]; then^[[0m
Detect Changes	Run dtolnay/rust-toolchain@stable	2026-05-18T17:07:55.5680093Z ^[[36;1m  echo CARGO_TERM_COLOR=always >> $GITHUB_ENV^[[0m
Detect Changes	Run dtolnay/rust-toolchain@stable	2026-05-18T17:07:55.5681053Z ^[[36;1mfi^[[0m
Detect Changes	Run dtolnay/rust-toolchain@stable	2026-05-18T17:07:55.5706052Z shell: /usr/bin/bash --noprofile --norc -e -o pipefail {0}
Detect Changes	Run dtolnay/rust-toolchain@stable	2026-05-18T17:07:55.5707130Z env:
Detect Changes	Run dtolnay/rust-toolchain@stable	2026-05-18T17:07:55.5707758Z   CARGO_TERM_COLOR: always
Detect Changes	Run dtolnay/rust-toolchain@stable	2026-05-18T17:07:55.5708523Z   RUST_BACKTRACE: 1
Detect Changes	Run dtolnay/rust-toolchain@stable	2026-05-18T17:07:55.5709220Z   RUSTFLAGS: -Dwarnings
Detect Changes	Run dtolnay/rust-toolchain@stable	2026-05-18T17:07:55.5710348Z   CARGO_REGISTRY_TOKEN: ***
Detect Changes	Run dtolnay/rust-toolchain@stable	2026-05-18T17:07:55.5711461Z   CARGO_TOKEN: ***
Detect Changes	Run dtolnay/rust-toolchain@stable	2026-05-18T17:07:55.5712183Z   CARGO_HOME: /home/runner/.cargo
Detect Changes	Run dtolnay/rust-toolchain@stable	2026-05-18T17:07:55.5713196Z   CARGO_INCREMENTAL: 0
Detect Changes	Run dtolnay/rust-toolchain@stable	2026-05-18T17:07:55.5713921Z ##[endgroup]
Detect Changes	Run dtolnay/rust-toolchain@stable	2026-05-18T17:07:55.5838823Z ##[group]Run : enable Cargo sparse registry
Detect Changes	Run dtolnay/rust-toolchain@stable	2026-05-18T17:07:55.5840587Z ^[[36;1m: enable Cargo sparse registry^[[0m
Detect Changes	Run dtolnay/rust-toolchain@stable	2026-05-18T17:07:55.5842649Z ^[[36;1m# implemented in 1.66, stabilized in 1.68, made default in 1.70^[[0m
Detect Changes	Run dtolnay/rust-toolchain@stable	2026-05-18T17:07:55.5846668Z ^[[36;1mif [ -z "${CARGO_REGISTRIES_CRATES_IO_PROTOCOL+set}" -o -f "/home/runner/work/_temp"/.implicit_cargo_registries_crates_io_protocol ]; then^[[0m
Detect Changes	Run dtolnay/rust-toolchain@stable	2026-05-18T17:07:55.5850762Z ^[[36;1m  if rustc +stable --version --verbose | grep -q '^release: 1\.6[89]\.'; then^[[0m
Detect Changes	Run dtolnay/rust-toolchain@stable	2026-05-18T17:07:55.5854021Z ^[[36;1m    touch "/home/runner/work/_temp"/.implicit_cargo_registries_crates_io_protocol || true^[[0m
Detect Changes	Run dtolnay/rust-toolchain@stable	2026-05-18T17:07:55.5856959Z ^[[36;1m    echo CARGO_REGISTRIES_CRATES_IO_PROTOCOL=sparse >> $GITHUB_ENV^[[0m
Detect Changes	Run dtolnay/rust-toolchain@stable	2026-05-18T17:07:55.5859777Z ^[[36;1m  elif rustc +stable --version --verbose | grep -q '^release: 1\.6[67]\.'; then^[[0m
Detect Changes	Run dtolnay/rust-toolchain@stable	2026-05-18T17:07:55.5862819Z ^[[36;1m    touch "/home/runner/work/_temp"/.implicit_cargo_registries_crates_io_protocol || true^[[0m
Detect Changes	Run dtolnay/rust-toolchain@stable	2026-05-18T17:07:55.5865986Z ^[[36;1m    echo CARGO_REGISTRIES_CRATES_IO_PROTOCOL=git >> $GITHUB_ENV^[[0m
Detect Changes	Run dtolnay/rust-toolchain@stable	2026-05-18T17:07:55.5868071Z ^[[36;1m  fi^[[0m
Detect Changes	Run dtolnay/rust-toolchain@stable	2026-05-18T17:07:55.5869269Z ^[[36;1mfi^[[0m
Detect Changes	Run dtolnay/rust-toolchain@stable	2026-05-18T17:07:55.5909238Z shell: /usr/bin/bash --noprofile --norc -e -o pipefail {0}
Detect Changes	Run dtolnay/rust-toolchain@stable	2026-05-18T17:07:55.5911088Z env:
Detect Changes	Run dtolnay/rust-toolchain@stable	2026-05-18T17:07:55.5912171Z   CARGO_TERM_COLOR: always
Detect Changes	Run dtolnay/rust-toolchain@stable	2026-05-18T17:07:55.5913526Z   RUST_BACKTRACE: 1
Detect Changes	Run dtolnay/rust-toolchain@stable	2026-05-18T17:07:55.5914256Z   RUSTFLAGS: -Dwarnings
Detect Changes	Run dtolnay/rust-toolchain@stable	2026-05-18T17:07:55.5915385Z   CARGO_REGISTRY_TOKEN: ***
Detect Changes	Run dtolnay/rust-toolchain@stable	2026-05-18T17:07:55.5916351Z   CARGO_TOKEN: ***
Detect Changes	Run dtolnay/rust-toolchain@stable	2026-05-18T17:07:55.5917086Z   CARGO_HOME: /home/runner/.cargo
Detect Changes	Run dtolnay/rust-toolchain@stable	2026-05-18T17:07:55.5917937Z   CARGO_INCREMENTAL: 0
Detect Changes	Run dtolnay/rust-toolchain@stable	2026-05-18T17:07:55.5918655Z ##[endgroup]
Detect Changes	Run dtolnay/rust-toolchain@stable	2026-05-18T17:07:55.6303386Z ##[group]Run : work around spurious network errors in curl 8.0
Detect Changes	Run dtolnay/rust-toolchain@stable	2026-05-18T17:07:55.6305582Z ^[[36;1m: work around spurious network errors in curl 8.0^[[0m
Detect Changes	Run dtolnay/rust-toolchain@stable	2026-05-18T17:07:55.6308340Z ^[[36;1m# https://rust-lang.zulipchat.com/#narrow/stream/246057-t-cargo/topic/timeout.20investigation^[[0m
Detect Changes	Run dtolnay/rust-toolchain@stable	2026-05-18T17:07:55.6311611Z ^[[36;1mif rustc +stable --version --verbose | grep -q '^release: 1\.7[01]\.'; then^[[0m
Detect Changes	Run dtolnay/rust-toolchain@stable	2026-05-18T17:07:55.6314483Z ^[[36;1m  echo CARGO_HTTP_MULTIPLEXING=false >> $GITHUB_ENV^[[0m
Detect Changes	Run dtolnay/rust-toolchain@stable	2026-05-18T17:07:55.6316120Z ^[[36;1mfi^[[0m
Detect Changes	Run dtolnay/rust-toolchain@stable	2026-05-18T17:07:55.6355578Z shell: /usr/bin/bash --noprofile --norc -e -o pipefail {0}
Detect Changes	Run dtolnay/rust-toolchain@stable	2026-05-18T17:07:55.6357408Z env:
Detect Changes	Run dtolnay/rust-toolchain@stable	2026-05-18T17:07:55.6358499Z   CARGO_TERM_COLOR: always
Detect Changes	Run dtolnay/rust-toolchain@stable	2026-05-18T17:07:55.6359831Z   RUST_BACKTRACE: 1
Detect Changes	Run dtolnay/rust-toolchain@stable	2026-05-18T17:07:55.6361036Z   RUSTFLAGS: -Dwarnings
Detect Changes	Run dtolnay/rust-toolchain@stable	2026-05-18T17:07:55.6363081Z   CARGO_REGISTRY_TOKEN: ***
Detect Changes	Run dtolnay/rust-toolchain@stable	2026-05-18T17:07:55.6364768Z   CARGO_TOKEN: ***
Detect Changes	Run dtolnay/rust-toolchain@stable	2026-05-18T17:07:55.6365916Z   CARGO_HOME: /home/runner/.cargo
Detect Changes	Run dtolnay/rust-toolchain@stable	2026-05-18T17:07:55.6367281Z   CARGO_INCREMENTAL: 0
Detect Changes	Run dtolnay/rust-toolchain@stable	2026-05-18T17:07:55.6368503Z ##[endgroup]
Detect Changes	Run dtolnay/rust-toolchain@stable	2026-05-18T17:07:55.6644664Z ##[group]Run rustc +stable --version --verbose
Detect Changes	Run dtolnay/rust-toolchain@stable	2026-05-18T17:07:55.6646412Z ^[[36;1mrustc +stable --version --verbose^[[0m
Detect Changes	Run dtolnay/rust-toolchain@stable	2026-05-18T17:07:55.6685997Z shell: /usr/bin/bash --noprofile --norc -e -o pipefail {0}
Detect Changes	Run dtolnay/rust-toolchain@stable	2026-05-18T17:07:55.6687717Z env:
Detect Changes	Run dtolnay/rust-toolchain@stable	2026-05-18T17:07:55.6688776Z   CARGO_TERM_COLOR: always
Detect Changes	Run dtolnay/rust-toolchain@stable	2026-05-18T17:07:55.6690005Z   RUST_BACKTRACE: 1
Detect Changes	Run dtolnay/rust-toolchain@stable	2026-05-18T17:07:55.6691191Z   RUSTFLAGS: -Dwarnings
Detect Changes	Run dtolnay/rust-toolchain@stable	2026-05-18T17:07:55.6693185Z   CARGO_REGISTRY_TOKEN: ***
Detect Changes	Run dtolnay/rust-toolchain@stable	2026-05-18T17:07:55.6694738Z   CARGO_TOKEN: ***
Detect Changes	Run dtolnay/rust-toolchain@stable	2026-05-18T17:07:55.6695941Z   CARGO_HOME: /home/runner/.cargo
Detect Changes	Run dtolnay/rust-toolchain@stable	2026-05-18T17:07:55.6697301Z   CARGO_INCREMENTAL: 0
Detect Changes	Run dtolnay/rust-toolchain@stable	2026-05-18T17:07:55.6698485Z ##[endgroup]
Detect Changes	Run dtolnay/rust-toolchain@stable	2026-05-18T17:07:55.6969543Z rustc 1.95.0 (59807616e 2026-04-14)
Detect Changes	Run dtolnay/rust-toolchain@stable	2026-05-18T17:07:55.6971056Z binary: rustc
Detect Changes	Run dtolnay/rust-toolchain@stable	2026-05-18T17:07:55.6972270Z commit-hash: 59807616e1fa2540724bfbac14d7976d7e4a3860
Detect Changes	Run dtolnay/rust-toolchain@stable	2026-05-18T17:07:55.6974237Z commit-date: 2026-04-14
Detect Changes	Run dtolnay/rust-toolchain@stable	2026-05-18T17:07:55.6975632Z host: x86_64-unknown-linux-gnu
Detect Changes	Run dtolnay/rust-toolchain@stable	2026-05-18T17:07:55.6977417Z release: 1.95.0
Detect Changes	Run dtolnay/rust-toolchain@stable	2026-05-18T17:07:55.6978644Z LLVM version: 22.1.2
Detect Changes	Install rust-script	﻿2026-05-18T17:07:55.7085678Z ##[group]Run cargo install rust-script
Detect Changes	Install rust-script	2026-05-18T17:07:55.7086669Z ^[[36;1mcargo install rust-script^[[0m
Detect Changes	Install rust-script	2026-05-18T17:07:55.7112842Z shell: /usr/bin/bash -e {0}
Detect Changes	Install rust-script	2026-05-18T17:07:55.7113788Z env:
Detect Changes	Install rust-script	2026-05-18T17:07:55.7114428Z   CARGO_TERM_COLOR: always
Detect Changes	Install rust-script	2026-05-18T17:07:55.7115396Z   RUST_BACKTRACE: 1
Detect Changes	Install rust-script	2026-05-18T17:07:55.7116092Z   RUSTFLAGS: -Dwarnings
Detect Changes	Install rust-script	2026-05-18T17:07:55.7117168Z   CARGO_REGISTRY_TOKEN: ***
Detect Changes	Install rust-script	2026-05-18T17:07:55.7118078Z   CARGO_TOKEN: ***
Detect Changes	Install rust-script	2026-05-18T17:07:55.7118793Z   CARGO_HOME: /home/runner/.cargo
Detect Changes	Install rust-script	2026-05-18T17:07:55.7119615Z   CARGO_INCREMENTAL: 0
Detect Changes	Install rust-script	2026-05-18T17:07:55.7120307Z ##[endgroup]
Detect Changes	Install rust-script	2026-05-18T17:07:55.8444385Z ^[[1m^[[92m    Updating^[[0m crates.io index
Detect Changes	Install rust-script	2026-05-18T17:07:56.0956063Z ^[[1m^[[92m Downloading^[[0m crates ...
Detect Changes	Install rust-script	2026-05-18T17:07:56.1598849Z ^[[1m^[[92m  Downloaded^[[0m rust-script v0.36.0
Detect Changes	Install rust-script	2026-05-18T17:07:56.2887743Z ^[[1m^[[92m  Installing^[[0m rust-script v0.36.0
Detect Changes	Install rust-script	2026-05-18T17:07:56.3609091Z ^[[1m^[[92m    Updating^[[0m crates.io index
Detect Changes	Install rust-script	2026-05-18T17:07:56.8125884Z ^[[1m^[[92m     Locking^[[0m 113 packages to latest compatible versions
Detect Changes	Install rust-script	2026-05-18T17:07:56.8185683Z ^[[1m^[[92m      Adding^[[0m generic-array v0.14.7 ^[[1m^[[33m(available: v0.14.9)^[[0m
Detect Changes	Install rust-script	2026-05-18T17:07:56.8341136Z ^[[1m^[[92m      Adding^[[0m sha1 v0.10.6 ^[[1m^[[33m(available: v0.11.0)^[[0m
Detect Changes	Install rust-script	2026-05-18T17:07:56.8375451Z ^[[1m^[[92m      Adding^[[0m toml v0.9.12+spec-1.1.0 ^[[1m^[[33m(available: v1.1.2+spec-1.1.0)^[[0m
Detect Changes	Install rust-script	2026-05-18T17:07:56.8424229Z ^[[1m^[[92m      Adding^[[0m winreg v0.55.0 ^[[1m^[[33m(available: v0.56.0)^[[0m
Detect Changes	Install rust-script	2026-05-18T17:07:56.8456844Z ^[[1m^[[92m Downloading^[[0m crates ...
Detect Changes	Install rust-script	2026-05-18T17:07:56.9163982Z ^[[1m^[[92m  Downloaded^[[0m block-buffer v0.10.4
Detect Changes	Install rust-script	2026-05-18T17:07:56.9219198Z ^[[1m^[[92m  Downloaded^[[0m cpufeatures v0.2.17
Detect Changes	Install rust-script	2026-05-18T17:07:56.9234711Z ^[[1m^[[92m  Downloaded^[[0m cfg-if v1.0.4
Detect Changes	Install rust-script	2026-05-18T17:07:56.9360543Z ^[[1m^[[92m  Downloaded^[[0m anstyle v1.0.14
Detect Changes	Install rust-script	2026-05-18T17:07:56.9468324Z ^[[1m^[[92m  Downloaded^[[0m shell-words v1.1.1
Detect Changes	Install rust-script	2026-05-18T17:07:56.9479569Z ^[[1m^[[92m  Downloaded^[[0m anstyle-query v1.1.5
Detect Changes	Install rust-script	2026-05-18T17:07:56.9631920Z ^[[1m^[[92m  Downloaded^[[0m clap_lex v1.1.0
Detect Changes	Install rust-script	2026-05-18T17:07:56.9648658Z ^[[1m^[[92m  Downloaded^[[0m utf8parse v0.2.2
Detect Changes	Install rust-script	2026-05-18T17:07:56.9659609Z ^[[1m^[[92m  Downloaded^[[0m sha1 v0.10.6
Detect Changes	Install rust-script	2026-05-18T17:07:56.9675445Z ^[[1m^[[92m  Downloaded^[[0m errno v0.3.14
Detect Changes	Install rust-script	2026-05-18T17:07:56.9711266Z ^[[1m^[[92m  Downloaded^[[0m version_check v0.9.5
Detect Changes	Install rust-script	2026-05-18T17:07:56.9726289Z ^[[1m^[[92m  Downloaded^[[0m strsim v0.11.1
Detect Changes	Install rust-script	2026-05-18T17:07:56.9739642Z ^[[1m^[[92m  Downloaded^[[0m generic-array v0.14.7
Detect Changes	Install rust-script	2026-05-18T17:07:56.9753902Z ^[[1m^[[92m  Downloaded^[[0m option-ext v0.2.0
Detect Changes	Install rust-script	2026-05-18T17:07:56.9761738Z ^[[1m^[[92m  Downloaded^[[0m crypto-common v0.1.7
Detect Changes	Install rust-script	2026-05-18T17:07:56.9771400Z ^[[1m^[[92m  Downloaded^[[0m colorchoice v1.0.5
Detect Changes	Install rust-script	2026-05-18T17:07:56.9781883Z ^[[1m^[[92m  Downloaded^[[0m serde_spanned v1.1.1
Detect Changes	Install rust-script	2026-05-18T17:07:56.9798491Z ^[[1m^[[92m  Downloaded^[[0m unicase v2.9.0
Detect Changes	Install rust-script	2026-05-18T17:07:56.9815035Z ^[[1m^[[92m  Downloaded^[[0m pulldown-cmark-escape v0.11.0
Detect Changes	Install rust-script	2026-05-18T17:07:56.9823877Z ^[[1m^[[92m  Downloaded^[[0m anstyle-parse v1.0.0
Detect Changes	Install rust-script	2026-05-18T17:07:56.9841235Z ^[[1m^[[92m  Downloaded^[[0m equivalent v1.0.2
Detect Changes	Install rust-script	2026-05-18T17:07:56.9847669Z ^[[1m^[[92m  Downloaded^[[0m dirs-sys v0.5.0
Detect Changes	Install rust-script	2026-05-18T17:07:56.9854837Z ^[[1m^[[92m  Downloaded^[[0m fastrand v2.4.1
Detect Changes	Install rust-script	2026-05-18T17:07:56.9863851Z ^[[1m^[[92m  Downloaded^[[0m anstream v1.0.0
Detect Changes	Install rust-script	2026-05-18T17:07:56.9876473Z ^[[1m^[[92m  Downloaded^[[0m dirs v6.0.0
Detect Changes	Install rust-script	2026-05-18T17:07:56.9904267Z ^[[1m^[[92m  Downloaded^[[0m is_terminal_polyfill v1.70.2
Detect Changes	Install rust-script	2026-05-18T17:07:56.9911966Z ^[[1m^[[92m  Downloaded^[[0m toml_parser v1.1.2+spec-1.1.0
Detect Changes	Install rust-script	2026-05-18T17:07:56.9926754Z ^[[1m^[[92m  Downloaded^[[0m digest v0.10.7
Detect Changes	Install rust-script	2026-05-18T17:07:56.9937335Z ^[[1m^[[92m  Downloaded^[[0m getopts v0.2.24
Detect Changes	Install rust-script	2026-05-18T17:07:56.9946783Z ^[[1m^[[92m  Downloaded^[[0m env_filter v1.0.1
Detect Changes	Install rust-script	2026-05-18T17:07:56.9956386Z ^[[1m^[[92m  Downloaded^[[0m toml_writer v1.1.1+spec-1.1.0
Detect Changes	Install rust-script	2026-05-18T17:07:56.9967374Z ^[[1m^[[92m  Downloaded^[[0m toml_datetime v0.7.5+spec-1.1.0
Detect Changes	Install rust-script	2026-05-18T17:07:56.9978414Z ^[[1m^[[92m  Downloaded^[[0m tempfile v3.27.0
Detect Changes	Install rust-script	2026-05-18T17:07:56.9997201Z ^[[1m^[[92m  Downloaded^[[0m toml v0.9.12+spec-1.1.0
Detect Changes	Install rust-script	2026-05-18T17:07:57.0021338Z ^[[1m^[[92m  Downloaded^[[0m clap v4.6.1
Detect Changes	Install rust-script	2026-05-18T17:07:57.0076052Z ^[[1m^[[92m  Downloaded^[[0m log v0.4.29
Detect Changes	Install rust-script	2026-05-18T17:07:57.0094036Z ^[[1m^[[92m  Downloaded^[[0m serde_core v1.0.228
Detect Changes	Install rust-script	2026-05-18T17:07:57.0111008Z ^[[1m^[[92m  Downloaded^[[0m once_cell v1.21.4
Detect Changes	Install rust-script	2026-05-18T17:07:57.0127063Z ^[[1m^[[92m  Downloaded^[[0m bitflags v2.11.1
Detect Changes	Install rust-script	2026-05-18T17:07:57.0151558Z ^[[1m^[[92m  Downloaded^[[0m getrandom v0.4.2
Detect Changes	Install rust-script	2026-05-18T17:07:57.0177178Z ^[[1m^[[92m  Downloaded^[[0m env_logger v0.11.10
Detect Changes	Install rust-script	2026-05-18T17:07:57.0191785Z ^[[1m^[[92m  Downloaded^[[0m memchr v2.8.0
Detect Changes	Install rust-script	2026-05-18T17:07:57.0225582Z ^[[1m^[[92m  Downloaded^[[0m indexmap v2.14.0
Detect Changes	Install rust-script	2026-05-18T17:07:57.0253230Z ^[[1m^[[92m  Downloaded^[[0m typenum v1.20.0
Detect Changes	Install rust-script	2026-05-18T17:07:57.0278699Z ^[[1m^[[92m  Downloaded^[[0m aho-corasick v1.1.4
Detect Changes	Install rust-script	2026-05-18T17:07:57.0319809Z ^[[1m^[[92m  Downloaded^[[0m pulldown-cmark v0.13.3
Detect Changes	Install rust-script	2026-05-18T17:07:57.0355841Z ^[[1m^[[92m  Downloaded^[[0m clap_builder v4.6.0
Detect Changes	Install rust-script	2026-05-18T17:07:57.0399570Z ^[[1m^[[92m  Downloaded^[[0m winnow v1.0.3
Detect Changes	Install rust-script	2026-05-18T17:07:57.0457021Z ^[[1m^[[92m  Downloaded^[[0m regex v1.12.3
Detect Changes	Install rust-script	2026-05-18T17:07:57.0493459Z ^[[1m^[[92m  Downloaded^[[0m winnow v0.7.15
Detect Changes	Install rust-script	2026-05-18T17:07:57.0552790Z ^[[1m^[[92m  Downloaded^[[0m hashbrown v0.17.1
Detect Changes	Install rust-script	2026-05-18T17:07:57.0588785Z ^[[1m^[[92m  Downloaded^[[0m unicode-width v0.2.2
Detect Changes	Install rust-script	2026-05-18T17:07:57.0644117Z ^[[1m^[[92m  Downloaded^[[0m regex-syntax v0.8.10
Detect Changes	Install rust-script	2026-05-18T17:07:57.0703802Z ^[[1m^[[92m  Downloaded^[[0m rustix v1.1.4
Detect Changes	Install rust-script	2026-05-18T17:07:57.0862231Z ^[[1m^[[92m  Downloaded^[[0m regex-automata v0.4.14
Detect Changes	Install rust-script	2026-05-18T17:07:57.1017114Z ^[[1m^[[92m  Downloaded^[[0m jiff v0.2.24
Detect Changes	Install rust-script	2026-05-18T17:07:57.1137909Z ^[[1m^[[92m  Downloaded^[[0m libc v0.2.186
Detect Changes	Install rust-script	2026-05-18T17:07:57.1527022Z ^[[1m^[[92m  Downloaded^[[0m linux-raw-sys v0.12.1
Detect Changes	Install rust-script	2026-05-18T17:07:57.2403960Z ^[[1m^[[92m   Compiling^[[0m version_check v0.9.5
Detect Changes	Install rust-script	2026-05-18T17:07:57.2404801Z ^[[1m^[[92m   Compiling^[[0m memchr v2.8.0
Detect Changes	Install rust-script	2026-05-18T17:07:57.2405511Z ^[[1m^[[92m   Compiling^[[0m libc v0.2.186
Detect Changes	Install rust-script	2026-05-18T17:07:57.2406230Z ^[[1m^[[92m   Compiling^[[0m utf8parse v0.2.2
Detect Changes	Install rust-script	2026-05-18T17:08:00.2277102Z ^[[1m^[[92m   Compiling^[[0m serde_core v1.0.228
Detect Changes	Install rust-script	2026-05-18T17:08:00.3898605Z ^[[1m^[[92m   Compiling^[[0m generic-array v0.14.7
Detect Changes	Install rust-script	2026-05-18T17:08:00.6595099Z ^[[1m^[[92m   Compiling^[[0m typenum v1.20.0
Detect Changes	Install rust-script	2026-05-18T17:08:01.1403953Z ^[[1m^[[92m   Compiling^[[0m aho-corasick v1.1.4
Detect Changes	Install rust-script	2026-05-18T17:08:02.2524930Z ^[[1m^[[92m   Compiling^[[0m anstyle-parse v1.0.0
Detect Changes	Install rust-script	2026-05-18T17:08:02.4116318Z ^[[1m^[[92m   Compiling^[[0m anstyle-query v1.1.5
Detect Changes	Install rust-script	2026-05-18T17:08:02.4574251Z ^[[1m^[[92m   Compiling^[[0m anstyle v1.0.14
Detect Changes	Install rust-script	2026-05-18T17:08:02.6294344Z ^[[1m^[[92m   Compiling^[[0m colorchoice v1.0.5
Detect Changes	Install rust-script	2026-05-18T17:08:02.6814281Z ^[[1m^[[92m   Compiling^[[0m regex-syntax v0.8.10
Detect Changes	Install rust-script	2026-05-18T17:08:02.8634178Z ^[[1m^[[92m   Compiling^[[0m is_terminal_polyfill v1.70.2
Detect Changes	Install rust-script	2026-05-18T17:08:02.8994161Z ^[[1m^[[92m   Compiling^[[0m anstream v1.0.0
Detect Changes	Install rust-script	2026-05-18T17:08:03.4225901Z ^[[1m^[[92m   Compiling^[[0m bitflags v2.11.1
Detect Changes	Install rust-script	2026-05-18T17:08:03.6724191Z ^[[1m^[[92m   Compiling^[[0m getrandom v0.4.2
Detect Changes	Install rust-script	2026-05-18T17:08:03.7764213Z ^[[1m^[[92m   Compiling^[[0m rustix v1.1.4
Detect Changes	Install rust-script	2026-05-18T17:08:03.9835380Z ^[[1m^[[92m   Compiling^[[0m cfg-if v1.0.4
Detect Changes	Install rust-script	2026-05-18T17:08:04.2155092Z ^[[1m^[[92m   Compiling^[[0m block-buffer v0.10.4
Detect Changes	Install rust-script	2026-05-18T17:08:04.2404472Z ^[[1m^[[92m   Compiling^[[0m crypto-common v0.1.7
Detect Changes	Install rust-script	2026-05-18T17:08:04.2925296Z ^[[1m^[[92m   Compiling^[[0m option-ext v0.2.0
Detect Changes	Install rust-script	2026-05-18T17:08:04.3067317Z ^[[1m^[[92m   Compiling^[[0m pulldown-cmark v0.13.3
Detect Changes	Install rust-script	2026-05-18T17:08:04.3284951Z ^[[1m^[[92m   Compiling^[[0m winnow v1.0.3
Detect Changes	Install rust-script	2026-05-18T17:08:04.3654200Z ^[[1m^[[92m   Compiling^[[0m linux-raw-sys v0.12.1
Detect Changes	Install rust-script	2026-05-18T17:08:04.6844228Z ^[[1m^[[92m   Compiling^[[0m regex-automata v0.4.14
Detect Changes	Install rust-script	2026-05-18T17:08:04.6978727Z ^[[1m^[[92m   Compiling^[[0m log v0.4.29
Detect Changes	Install rust-script	2026-05-18T17:08:04.8524282Z ^[[1m^[[92m   Compiling^[[0m unicode-width v0.2.2
Detect Changes	Install rust-script	2026-05-18T17:08:05.0554274Z ^[[1m^[[92m   Compiling^[[0m clap_lex v1.1.0
Detect Changes	Install rust-script	2026-05-18T17:08:05.2568283Z ^[[1m^[[92m   Compiling^[[0m strsim v0.11.1
Detect Changes	Install rust-script	2026-05-18T17:08:05.6114252Z ^[[1m^[[92m   Compiling^[[0m serde_spanned v1.1.1
Detect Changes	Install rust-script	2026-05-18T17:08:05.6884875Z ^[[1m^[[92m   Compiling^[[0m toml_datetime v0.7.5+spec-1.1.0
Detect Changes	Install rust-script	2026-05-18T17:08:05.7624091Z ^[[1m^[[92m   Compiling^[[0m clap_builder v4.6.0
Detect Changes	Install rust-script	2026-05-18T17:08:05.9838879Z ^[[1m^[[92m   Compiling^[[0m getopts v0.2.24
Detect Changes	Install rust-script	2026-05-18T17:08:06.8404236Z ^[[1m^[[92m   Compiling^[[0m toml_parser v1.1.2+spec-1.1.0
Detect Changes	Install rust-script	2026-05-18T17:08:07.9224095Z ^[[1m^[[92m   Compiling^[[0m regex v1.12.3
Detect Changes	Install rust-script	2026-05-18T17:08:08.7381351Z ^[[1m^[[92m   Compiling^[[0m env_filter v1.0.1
Detect Changes	Install rust-script	2026-05-18T17:08:08.7489467Z ^[[1m^[[92m   Compiling^[[0m dirs-sys v0.5.0
Detect Changes	Install rust-script	2026-05-18T17:08:09.0318250Z ^[[1m^[[92m   Compiling^[[0m digest v0.10.7
Detect Changes	Install rust-script	2026-05-18T17:08:09.2544299Z ^[[1m^[[92m   Compiling^[[0m toml_writer v1.1.1+spec-1.1.0
Detect Changes	Install rust-script	2026-05-18T17:08:09.3274327Z ^[[1m^[[92m   Compiling^[[0m cpufeatures v0.2.17
Detect Changes	Install rust-script	2026-05-18T17:08:09.3494909Z ^[[1m^[[92m   Compiling^[[0m jiff v0.2.24
Detect Changes	Install rust-script	2026-05-18T17:08:09.4264155Z ^[[1m^[[92m   Compiling^[[0m pulldown-cmark-escape v0.11.0
Detect Changes	Install rust-script	2026-05-18T17:08:09.4904072Z ^[[1m^[[92m   Compiling^[[0m unicase v2.9.0
Detect Changes	Install rust-script	2026-05-18T17:08:09.6474192Z ^[[1m^[[92m   Compiling^[[0m once_cell v1.21.4
Detect Changes	Install rust-script	2026-05-18T17:08:09.8114185Z ^[[1m^[[92m   Compiling^[[0m winnow v0.7.15
Detect Changes	Install rust-script	2026-05-18T17:08:11.1084318Z ^[[1m^[[92m   Compiling^[[0m fastrand v2.4.1
Detect Changes	Install rust-script	2026-05-18T17:08:11.3024045Z ^[[1m^[[92m   Compiling^[[0m tempfile v3.27.0
Detect Changes	Install rust-script	2026-05-18T17:08:11.7195154Z ^[[1m^[[92m   Compiling^[[0m toml v0.9.12+spec-1.1.0
Detect Changes	Install rust-script	2026-05-18T17:08:11.8179183Z ^[[1m^[[92m   Compiling^[[0m sha1 v0.10.6
Detect Changes	Install rust-script	2026-05-18T17:08:12.0234162Z ^[[1m^[[92m   Compiling^[[0m dirs v6.0.0
Detect Changes	Install rust-script	2026-05-18T17:08:12.1074219Z ^[[1m^[[92m   Compiling^[[0m clap v4.6.1
Detect Changes	Install rust-script	2026-05-18T17:08:12.1339144Z ^[[1m^[[92m   Compiling^[[0m shell-words v1.1.1
Detect Changes	Install rust-script	2026-05-18T17:08:13.1614345Z ^[[1m^[[92m   Compiling^[[0m env_logger v0.11.10
Detect Changes	Install rust-script	2026-05-18T17:08:14.3767555Z ^[[1m^[[92m   Compiling^[[0m rust-script v0.36.0
Detect Changes	Install rust-script	2026-05-18T17:08:36.9164995Z ^[[1m^[[92m    Finished^[[0m `release` profile [optimized] target(s) in 41.16s
Detect Changes	Install rust-script	2026-05-18T17:08:36.9397589Z ^[[1m^[[92m  Installing^[[0m /home/runner/.cargo/bin/rust-script
Detect Changes	Install rust-script	2026-05-18T17:08:36.9398875Z ^[[1m^[[92m   Installed^[[0m package `rust-script v0.36.0` (executable `rust-script`)
Detect Changes	Detect Rust changes	﻿2026-05-18T17:08:36.9786528Z ##[group]Run rust-script rust/scripts/detect-code-changes.rs
Detect Changes	Detect Rust changes	2026-05-18T17:08:36.9786957Z ^[[36;1mrust-script rust/scripts/detect-code-changes.rs^[[0m
Detect Changes	Detect Rust changes	2026-05-18T17:08:36.9806848Z shell: /usr/bin/bash -e {0}
Detect Changes	Detect Rust changes	2026-05-18T17:08:36.9807093Z env:
Detect Changes	Detect Rust changes	2026-05-18T17:08:36.9807275Z   CARGO_TERM_COLOR: always
Detect Changes	Detect Rust changes	2026-05-18T17:08:36.9807478Z   RUST_BACKTRACE: 1
Detect Changes	Detect Rust changes	2026-05-18T17:08:36.9807670Z   RUSTFLAGS: -Dwarnings
Detect Changes	Detect Rust changes	2026-05-18T17:08:36.9808195Z   CARGO_REGISTRY_TOKEN: ***
Detect Changes	Detect Rust changes	2026-05-18T17:08:36.9808459Z   CARGO_TOKEN: ***
Detect Changes	Detect Rust changes	2026-05-18T17:08:36.9808653Z   CARGO_HOME: /home/runner/.cargo
Detect Changes	Detect Rust changes	2026-05-18T17:08:36.9808885Z   CARGO_INCREMENTAL: 0
Detect Changes	Detect Rust changes	2026-05-18T17:08:36.9809089Z   GITHUB_EVENT_NAME: push
Detect Changes	Detect Rust changes	2026-05-18T17:08:36.9809294Z ##[endgroup]
Detect Changes	Detect Rust changes	2026-05-18T17:08:45.7665167Z Detecting file changes for CI/CD...
Detect Changes	Detect Rust changes	2026-05-18T17:08:45.7667127Z
Detect Changes	Detect Rust changes	2026-05-18T17:08:45.7678934Z Merge commit detected (pull_request event)
Detect Changes	Detect Rust changes	2026-05-18T17:08:45.7679586Z Comparing HEAD^2^ to HEAD^2 (per-commit diff of PR head)
Detect Changes	Detect Rust changes	2026-05-18T17:08:45.7692765Z Changed files:
Detect Changes	Detect Rust changes	2026-05-18T17:08:45.7693307Z   docs/case-studies/issue-16/README.md
Detect Changes	Detect Rust changes	2026-05-18T17:08:45.7693784Z   rust/changelog.d/20260518_165800_release_ci.md
Detect Changes	Detect Rust changes	2026-05-18T17:08:45.7694065Z
Detect Changes	Detect Rust changes	2026-05-18T17:08:45.7694174Z rs-changed=false
Detect Changes	Detect Rust changes	2026-05-18T17:08:45.7694357Z toml-changed=false
Detect Changes	Detect Rust changes	2026-05-18T17:08:45.7694553Z mjs-changed=false
Detect Changes	Detect Rust changes	2026-05-18T17:08:45.7694736Z docs-changed=true
Detect Changes	Detect Rust changes	2026-05-18T17:08:45.7694913Z workflow-changed=false
Detect Changes	Detect Rust changes	2026-05-18T17:08:45.7695040Z
Detect Changes	Detect Rust changes	2026-05-18T17:08:45.7695158Z Files considered as release-affecting code changes:
Detect Changes	Detect Rust changes	2026-05-18T17:08:45.7695413Z   (none)
Detect Changes	Detect Rust changes	2026-05-18T17:08:45.7695514Z
Detect Changes	Detect Rust changes	2026-05-18T17:08:45.7696780Z any-code-changed=false
Detect Changes	Detect Rust changes	2026-05-18T17:08:45.7696987Z
Detect Changes	Detect Rust changes	2026-05-18T17:08:45.7697134Z Change detection completed.
Detect Changes	Post Run actions/checkout@v6	﻿2026-05-18T17:08:45.7777167Z Post job cleanup.
Detect Changes	Post Run actions/checkout@v6	2026-05-18T17:08:45.8583583Z [command]/usr/bin/git version
Detect Changes	Post Run actions/checkout@v6	2026-05-18T17:08:45.8616763Z git version 2.54.0
Detect Changes	Post Run actions/checkout@v6	2026-05-18T17:08:45.8652315Z Temporarily overriding HOME='/home/runner/work/_temp/8d9235f8-053c-4449-86c0-baf44687fbac' before making global git config changes
Detect Changes	Post Run actions/checkout@v6	2026-05-18T17:08:45.8653244Z Adding repository directory to the temporary git global config as a safe directory
Detect Changes	Post Run actions/checkout@v6	2026-05-18T17:08:45.8658055Z [command]/usr/bin/git config --global --add safe.directory /home/runner/work/lino-i18n/lino-i18n
Detect Changes	Post Run actions/checkout@v6	2026-05-18T17:08:45.8685737Z Removing SSH command configuration
Detect Changes	Post Run actions/checkout@v6	2026-05-18T17:08:45.8692209Z [command]/usr/bin/git config --local --name-only --get-regexp core\.sshCommand
Detect Changes	Post Run actions/checkout@v6	2026-05-18T17:08:45.8721789Z [command]/usr/bin/git submodule foreach --recursive sh -c "git config --local --name-only --get-regexp 'core\.sshCommand' && git config --local --unset-all 'core.sshCommand' || :"
Detect Changes	Post Run actions/checkout@v6	2026-05-18T17:08:45.8895682Z Removing HTTP extra header
Detect Changes	Post Run actions/checkout@v6	2026-05-18T17:08:45.8900733Z [command]/usr/bin/git config --local --name-only --get-regexp http\.https\:\/\/github\.com\/\.extraheader
Detect Changes	Post Run actions/checkout@v6	2026-05-18T17:08:45.8928486Z [command]/usr/bin/git submodule foreach --recursive sh -c "git config --local --name-only --get-regexp 'http\.https\:\/\/github\.com\/\.extraheader' && git config --local --unset-all 'http.https://github.com/.extraheader' || :"
Detect Changes	Post Run actions/checkout@v6	2026-05-18T17:08:45.9097878Z Removing includeIf entries pointing to credentials config files
Detect Changes	Post Run actions/checkout@v6	2026-05-18T17:08:45.9104704Z [command]/usr/bin/git config --local --name-only --get-regexp ^includeIf\.gitdir:
Detect Changes	Post Run actions/checkout@v6	2026-05-18T17:08:45.9129529Z includeif.gitdir:/home/runner/work/lino-i18n/lino-i18n/.git.path
Detect Changes	Post Run actions/checkout@v6	2026-05-18T17:08:45.9130359Z includeif.gitdir:/home/runner/work/lino-i18n/lino-i18n/.git/worktrees/*.path
Detect Changes	Post Run actions/checkout@v6	2026-05-18T17:08:45.9130976Z includeif.gitdir:/github/workspace/.git.path
Detect Changes	Post Run actions/checkout@v6	2026-05-18T17:08:45.9131480Z includeif.gitdir:/github/workspace/.git/worktrees/*.path
Detect Changes	Post Run actions/checkout@v6	2026-05-18T17:08:45.9138620Z [command]/usr/bin/git config --local --get-all includeif.gitdir:/home/runner/work/lino-i18n/lino-i18n/.git.path
Detect Changes	Post Run actions/checkout@v6	2026-05-18T17:08:45.9156830Z /home/runner/work/_temp/git-credentials-b2f7bf65-b5fb-4010-8fbd-8134b80f6ac7.config
Detect Changes	Post Run actions/checkout@v6	2026-05-18T17:08:45.9165394Z [command]/usr/bin/git config --local --unset includeif.gitdir:/home/runner/work/lino-i18n/lino-i18n/.git.path /home/runner/work/_temp/git-credentials-b2f7bf65-b5fb-4010-8fbd-8134b80f6ac7.config
Detect Changes	Post Run actions/checkout@v6	2026-05-18T17:08:45.9194316Z [command]/usr/bin/git config --local --get-all includeif.gitdir:/home/runner/work/lino-i18n/lino-i18n/.git/worktrees/*.path
Detect Changes	Post Run actions/checkout@v6	2026-05-18T17:08:45.9211618Z /home/runner/work/_temp/git-credentials-b2f7bf65-b5fb-4010-8fbd-8134b80f6ac7.config
Detect Changes	Post Run actions/checkout@v6	2026-05-18T17:08:45.9218951Z [command]/usr/bin/git config --local --unset includeif.gitdir:/home/runner/work/lino-i18n/lino-i18n/.git/worktrees/*.path /home/runner/work/_temp/git-credentials-b2f7bf65-b5fb-4010-8fbd-8134b80f6ac7.config
Detect Changes	Post Run actions/checkout@v6	2026-05-18T17:08:45.9243267Z [command]/usr/bin/git config --local --get-all includeif.gitdir:/github/workspace/.git.path
Detect Changes	Post Run actions/checkout@v6	2026-05-18T17:08:45.9260548Z /github/runner_temp/git-credentials-b2f7bf65-b5fb-4010-8fbd-8134b80f6ac7.config
Detect Changes	Post Run actions/checkout@v6	2026-05-18T17:08:45.9267257Z [command]/usr/bin/git config --local --unset includeif.gitdir:/github/workspace/.git.path /github/runner_temp/git-credentials-b2f7bf65-b5fb-4010-8fbd-8134b80f6ac7.config
Detect Changes	Post Run actions/checkout@v6	2026-05-18T17:08:45.9291459Z [command]/usr/bin/git config --local --get-all includeif.gitdir:/github/workspace/.git/worktrees/*.path
Detect Changes	Post Run actions/checkout@v6	2026-05-18T17:08:45.9307817Z /github/runner_temp/git-credentials-b2f7bf65-b5fb-4010-8fbd-8134b80f6ac7.config
Detect Changes	Post Run actions/checkout@v6	2026-05-18T17:08:45.9315497Z [command]/usr/bin/git config --local --unset includeif.gitdir:/github/workspace/.git/worktrees/*.path /github/runner_temp/git-credentials-b2f7bf65-b5fb-4010-8fbd-8134b80f6ac7.config
Detect Changes	Post Run actions/checkout@v6	2026-05-18T17:08:45.9341021Z [command]/usr/bin/git submodule foreach --recursive git config --local --show-origin --name-only --get-regexp remote.origin.url
Detect Changes	Post Run actions/checkout@v6	2026-05-18T17:08:45.9507627Z Removing credentials config '/home/runner/work/_temp/git-credentials-b2f7bf65-b5fb-4010-8fbd-8134b80f6ac7.config'
Detect Changes	Complete job	﻿2026-05-18T17:08:45.9633509Z Evaluate and set job outputs
Detect Changes	Complete job	2026-05-18T17:08:45.9639946Z Set output 'rs-changed'
Detect Changes	Complete job	2026-05-18T17:08:45.9641571Z Set output 'toml-changed'
Detect Changes	Complete job	2026-05-18T17:08:45.9642398Z Set output 'docs-changed'
Detect Changes	Complete job	2026-05-18T17:08:45.9642670Z Set output 'workflow-changed'
Detect Changes	Complete job	2026-05-18T17:08:45.9643181Z Set output 'any-code-changed'
Detect Changes	Complete job	2026-05-18T17:08:45.9643880Z Cleaning up orphan processes
Lint and Format Check	Set up job	﻿2026-05-18T17:08:51.5003512Z Current runner version: '2.334.0'
Lint and Format Check	Set up job	2026-05-18T17:08:51.5045067Z ##[group]Runner Image Provisioner
Lint and Format Check	Set up job	2026-05-18T17:08:51.5046377Z Hosted Compute Agent
Lint and Format Check	Set up job	2026-05-18T17:08:51.5047223Z Version: 20260213.493
Lint and Format Check	Set up job	2026-05-18T17:08:51.5048390Z Commit: 5c115507f6dd24b8de37d8bbe0bb4509d0cc0fa3
Lint and Format Check	Set up job	2026-05-18T17:08:51.5049612Z Build Date: 2026-02-13T00:28:41Z
Lint and Format Check	Set up job	2026-05-18T17:08:51.5050702Z Worker ID: {4f637cf5-8940-4582-9b10-3358771765bc}
Lint and Format Check	Set up job	2026-05-18T17:08:51.5052345Z Azure Region: northcentralus
Lint and Format Check	Set up job	2026-05-18T17:08:51.5053325Z ##[endgroup]
Lint and Format Check	Set up job	2026-05-18T17:08:51.5055757Z ##[group]Operating System
Lint and Format Check	Set up job	2026-05-18T17:08:51.5057011Z Ubuntu
Lint and Format Check	Set up job	2026-05-18T17:08:51.5057804Z 24.04.4
Lint and Format Check	Set up job	2026-05-18T17:08:51.5058667Z LTS
Lint and Format Check	Set up job	2026-05-18T17:08:51.5059581Z ##[endgroup]
Lint and Format Check	Set up job	2026-05-18T17:08:51.5060484Z ##[group]Runner Image
Lint and Format Check	Set up job	2026-05-18T17:08:51.5061447Z Image: ubuntu-24.04
Lint and Format Check	Set up job	2026-05-18T17:08:51.5062767Z Version: 20260513.135.3
Lint and Format Check	Set up job	2026-05-18T17:08:51.5064711Z Included Software: https://github.com/actions/runner-images/blob/ubuntu24/20260513.135/images/ubuntu/Ubuntu2404-Readme.md
Lint and Format Check	Set up job	2026-05-18T17:08:51.5068141Z Image Release: https://github.com/actions/runner-images/releases/tag/ubuntu24%2F20260513.135
Lint and Format Check	Set up job	2026-05-18T17:08:51.5069711Z ##[endgroup]
Lint and Format Check	Set up job	2026-05-18T17:08:51.5072086Z ##[group]GITHUB_TOKEN Permissions
Lint and Format Check	Set up job	2026-05-18T17:08:51.5075215Z Contents: write
Lint and Format Check	Set up job	2026-05-18T17:08:51.5076255Z Metadata: read
Lint and Format Check	Set up job	2026-05-18T17:08:51.5077094Z Pages: write
Lint and Format Check	Set up job	2026-05-18T17:08:51.5077829Z PullRequests: write
Lint and Format Check	Set up job	2026-05-18T17:08:51.5078750Z ##[endgroup]
Lint and Format Check	Set up job	2026-05-18T17:08:51.5081678Z Secret source: Actions
Lint and Format Check	Set up job	2026-05-18T17:08:51.5083398Z Prepare workflow directory
Lint and Format Check	Set up job	2026-05-18T17:08:51.5899947Z Prepare all required actions
Lint and Format Check	Set up job	2026-05-18T17:08:51.5957485Z Getting action download info
Lint and Format Check	Set up job	2026-05-18T17:08:51.9570744Z Download action repository 'actions/checkout@v6' (SHA:de0fac2e4500dabe0009e67214ff5f5447ce83dd)
Lint and Format Check	Set up job	2026-05-18T17:08:52.0943911Z Download action repository 'dtolnay/rust-toolchain@stable' (SHA:29eef336d9b2848a0b548edc03f92a220660cdb8)
Lint and Format Check	Set up job	2026-05-18T17:08:52.2934535Z Download action repository 'Swatinem/rust-cache@v2' (SHA:e18b497796c12c097a38f9edb9d0641fb99eee32)
Lint and Format Check	Set up job	2026-05-18T17:08:52.9561461Z Complete job name: Lint and Format Check
Lint and Format Check	Run actions/checkout@v6	﻿2026-05-18T17:08:53.0357199Z ##[group]Run actions/checkout@v6
Lint and Format Check	Run actions/checkout@v6	2026-05-18T17:08:53.0358284Z with:
Lint and Format Check	Run actions/checkout@v6	2026-05-18T17:08:53.0358821Z   repository: link-foundation/lino-i18n
Lint and Format Check	Run actions/checkout@v6	2026-05-18T17:08:53.0359898Z   token: ***
Lint and Format Check	Run actions/checkout@v6	2026-05-18T17:08:53.0360391Z   ssh-strict: true
Lint and Format Check	Run actions/checkout@v6	2026-05-18T17:08:53.0360898Z   ssh-user: git
Lint and Format Check	Run actions/checkout@v6	2026-05-18T17:08:53.0361424Z   persist-credentials: true
Lint and Format Check	Run actions/checkout@v6	2026-05-18T17:08:53.0362275Z   clean: true
Lint and Format Check	Run actions/checkout@v6	2026-05-18T17:08:53.0362803Z   sparse-checkout-cone-mode: true
Lint and Format Check	Run actions/checkout@v6	2026-05-18T17:08:53.0363490Z   fetch-depth: 1
Lint and Format Check	Run actions/checkout@v6	2026-05-18T17:08:53.0363996Z   fetch-tags: false
Lint and Format Check	Run actions/checkout@v6	2026-05-18T17:08:53.0364542Z   show-progress: true
Lint and Format Check	Run actions/checkout@v6	2026-05-18T17:08:53.0365067Z   lfs: false
Lint and Format Check	Run actions/checkout@v6	2026-05-18T17:08:53.0365535Z   submodules: false
Lint and Format Check	Run actions/checkout@v6	2026-05-18T17:08:53.0366074Z   set-safe-directory: true
Lint and Format Check	Run actions/checkout@v6	2026-05-18T17:08:53.0366946Z env:
Lint and Format Check	Run actions/checkout@v6	2026-05-18T17:08:53.0367408Z   CARGO_TERM_COLOR: always
Lint and Format Check	Run actions/checkout@v6	2026-05-18T17:08:53.0368010Z   RUST_BACKTRACE: 1
Lint and Format Check	Run actions/checkout@v6	2026-05-18T17:08:53.0368562Z   RUSTFLAGS: -Dwarnings
Lint and Format Check	Run actions/checkout@v6	2026-05-18T17:08:53.0369409Z   CARGO_REGISTRY_TOKEN: ***
Lint and Format Check	Run actions/checkout@v6	2026-05-18T17:08:53.0370164Z   CARGO_TOKEN: ***
Lint and Format Check	Run actions/checkout@v6	2026-05-18T17:08:53.0370724Z ##[endgroup]
Lint and Format Check	Run actions/checkout@v6	2026-05-18T17:08:53.1395929Z Syncing repository: link-foundation/lino-i18n
Lint and Format Check	Run actions/checkout@v6	2026-05-18T17:08:53.1398315Z ##[group]Getting Git version info
Lint and Format Check	Run actions/checkout@v6	2026-05-18T17:08:53.1399512Z Working directory is '/home/runner/work/lino-i18n/lino-i18n'
Lint and Format Check	Run actions/checkout@v6	2026-05-18T17:08:53.1401008Z [command]/usr/bin/git version
Lint and Format Check	Run actions/checkout@v6	2026-05-18T17:08:53.1480304Z git version 2.54.0
Lint and Format Check	Run actions/checkout@v6	2026-05-18T17:08:53.1506064Z ##[endgroup]
Lint and Format Check	Run actions/checkout@v6	2026-05-18T17:08:53.1523238Z Temporarily overriding HOME='/home/runner/work/_temp/9a8e1a9c-b6e4-49ca-a387-056b97bc34b8' before making global git config changes
Lint and Format Check	Run actions/checkout@v6	2026-05-18T17:08:53.1525913Z Adding repository directory to the temporary git global config as a safe directory
Lint and Format Check	Run actions/checkout@v6	2026-05-18T17:08:53.1528825Z [command]/usr/bin/git config --global --add safe.directory /home/runner/work/lino-i18n/lino-i18n
Lint and Format Check	Run actions/checkout@v6	2026-05-18T17:08:53.1578991Z Deleting the contents of '/home/runner/work/lino-i18n/lino-i18n'
Lint and Format Check	Run actions/checkout@v6	2026-05-18T17:08:53.1583532Z ##[group]Initializing the repository
Lint and Format Check	Run actions/checkout@v6	2026-05-18T17:08:53.1588752Z [command]/usr/bin/git init /home/runner/work/lino-i18n/lino-i18n
Lint and Format Check	Run actions/checkout@v6	2026-05-18T17:08:53.1717321Z hint: Using 'master' as the name for the initial branch. This default branch name
Lint and Format Check	Run actions/checkout@v6	2026-05-18T17:08:53.1720141Z hint: will change to "main" in Git 3.0. To configure the initial branch name
Lint and Format Check	Run actions/checkout@v6	2026-05-18T17:08:53.1722867Z hint: to use in all of your new repositories, which will suppress this warning,
Lint and Format Check	Run actions/checkout@v6	2026-05-18T17:08:53.1724521Z hint: call:
Lint and Format Check	Run actions/checkout@v6	2026-05-18T17:08:53.1725013Z hint:
Lint and Format Check	Run actions/checkout@v6	2026-05-18T17:08:53.1725695Z hint: 	git config --global init.defaultBranch <name>
Lint and Format Check	Run actions/checkout@v6	2026-05-18T17:08:53.1726676Z hint:
Lint and Format Check	Run actions/checkout@v6	2026-05-18T17:08:53.1727668Z hint: Names commonly chosen instead of 'master' are 'main', 'trunk' and
Lint and Format Check	Run actions/checkout@v6	2026-05-18T17:08:53.1729482Z hint: 'development'. The just-created branch can be renamed via this command:
Lint and Format Check	Run actions/checkout@v6	2026-05-18T17:08:53.1730545Z hint:
Lint and Format Check	Run actions/checkout@v6	2026-05-18T17:08:53.1730996Z hint: 	git branch -m <name>
Lint and Format Check	Run actions/checkout@v6	2026-05-18T17:08:53.1732115Z hint:
Lint and Format Check	Run actions/checkout@v6	2026-05-18T17:08:53.1733374Z hint: Disable this message with "git config set advice.defaultBranchName false"
Lint and Format Check	Run actions/checkout@v6	2026-05-18T17:08:53.1735276Z Initialized empty Git repository in /home/runner/work/lino-i18n/lino-i18n/.git/
Lint and Format Check	Run actions/checkout@v6	2026-05-18T17:08:53.1737839Z [command]/usr/bin/git remote add origin https://github.com/link-foundation/lino-i18n
Lint and Format Check	Run actions/checkout@v6	2026-05-18T17:08:53.1784471Z ##[endgroup]
Lint and Format Check	Run actions/checkout@v6	2026-05-18T17:08:53.1785491Z ##[group]Disabling automatic garbage collection
Lint and Format Check	Run actions/checkout@v6	2026-05-18T17:08:53.1788667Z [command]/usr/bin/git config --local gc.auto 0
Lint and Format Check	Run actions/checkout@v6	2026-05-18T17:08:53.1823620Z ##[endgroup]
Lint and Format Check	Run actions/checkout@v6	2026-05-18T17:08:53.1825213Z ##[group]Setting up auth
Lint and Format Check	Run actions/checkout@v6	2026-05-18T17:08:53.1826422Z Removing SSH command configuration
Lint and Format Check	Run actions/checkout@v6	2026-05-18T17:08:53.1833634Z [command]/usr/bin/git config --local --name-only --get-regexp core\.sshCommand
Lint and Format Check	Run actions/checkout@v6	2026-05-18T17:08:53.1872787Z [command]/usr/bin/git submodule foreach --recursive sh -c "git config --local --name-only --get-regexp 'core\.sshCommand' && git config --local --unset-all 'core.sshCommand' || :"
Lint and Format Check	Run actions/checkout@v6	2026-05-18T17:08:53.2299913Z Removing HTTP extra header
Lint and Format Check	Run actions/checkout@v6	2026-05-18T17:08:53.2308129Z [command]/usr/bin/git config --local --name-only --get-regexp http\.https\:\/\/github\.com\/\.extraheader
Lint and Format Check	Run actions/checkout@v6	2026-05-18T17:08:53.2344214Z [command]/usr/bin/git submodule foreach --recursive sh -c "git config --local --name-only --get-regexp 'http\.https\:\/\/github\.com\/\.extraheader' && git config --local --unset-all 'http.https://github.com/.extraheader' || :"
Lint and Format Check	Run actions/checkout@v6	2026-05-18T17:08:53.2569300Z Removing includeIf entries pointing to credentials config files
Lint and Format Check	Run actions/checkout@v6	2026-05-18T17:08:53.2575456Z [command]/usr/bin/git config --local --name-only --get-regexp ^includeIf\.gitdir:
Lint and Format Check	Run actions/checkout@v6	2026-05-18T17:08:53.2609075Z [command]/usr/bin/git submodule foreach --recursive git config --local --show-origin --name-only --get-regexp remote.origin.url
Lint and Format Check	Run actions/checkout@v6	2026-05-18T17:08:53.2844386Z [command]/usr/bin/git config --file /home/runner/work/_temp/git-credentials-704c3790-d7ac-4739-85c1-0a739fc9c9aa.config http.https://github.com/.extraheader AUTHORIZATION: basic ***
Lint and Format Check	Run actions/checkout@v6	2026-05-18T17:08:53.2883602Z [command]/usr/bin/git config --local includeIf.gitdir:/home/runner/work/lino-i18n/lino-i18n/.git.path /home/runner/work/_temp/git-credentials-704c3790-d7ac-4739-85c1-0a739fc9c9aa.config
Lint and Format Check	Run actions/checkout@v6	2026-05-18T17:08:53.2919313Z [command]/usr/bin/git config --local includeIf.gitdir:/home/runner/work/lino-i18n/lino-i18n/.git/worktrees/*.path /home/runner/work/_temp/git-credentials-704c3790-d7ac-4739-85c1-0a739fc9c9aa.config
Lint and Format Check	Run actions/checkout@v6	2026-05-18T17:08:53.2957204Z [command]/usr/bin/git config --local includeIf.gitdir:/github/workspace/.git.path /github/runner_temp/git-credentials-704c3790-d7ac-4739-85c1-0a739fc9c9aa.config
Lint and Format Check	Run actions/checkout@v6	2026-05-18T17:08:53.2993754Z [command]/usr/bin/git config --local includeIf.gitdir:/github/workspace/.git/worktrees/*.path /github/runner_temp/git-credentials-704c3790-d7ac-4739-85c1-0a739fc9c9aa.config
Lint and Format Check	Run actions/checkout@v6	2026-05-18T17:08:53.3024624Z ##[endgroup]
Lint and Format Check	Run actions/checkout@v6	2026-05-18T17:08:53.3025636Z ##[group]Fetching the repository
Lint and Format Check	Run actions/checkout@v6	2026-05-18T17:08:53.3036183Z [command]/usr/bin/git -c protocol.version=2 fetch --no-tags --prune --no-recurse-submodules --depth=1 origin +992b91dd1eeb865ff89d2c130c88ad313a609723:refs/remotes/origin/main
Lint and Format Check	Run actions/checkout@v6	2026-05-18T17:08:53.9465808Z From https://github.com/link-foundation/lino-i18n
Lint and Format Check	Run actions/checkout@v6	2026-05-18T17:08:53.9468936Z  * [new ref]         992b91dd1eeb865ff89d2c130c88ad313a609723 -> origin/main
Lint and Format Check	Run actions/checkout@v6	2026-05-18T17:08:53.9515293Z [command]/usr/bin/git branch --list --remote origin/main
Lint and Format Check	Run actions/checkout@v6	2026-05-18T17:08:53.9547237Z   origin/main
Lint and Format Check	Run actions/checkout@v6	2026-05-18T17:08:53.9558849Z [command]/usr/bin/git rev-parse refs/remotes/origin/main
Lint and Format Check	Run actions/checkout@v6	2026-05-18T17:08:53.9586171Z 992b91dd1eeb865ff89d2c130c88ad313a609723
Lint and Format Check	Run actions/checkout@v6	2026-05-18T17:08:53.9601094Z ##[endgroup]
Lint and Format Check	Run actions/checkout@v6	2026-05-18T17:08:53.9603559Z ##[group]Determining the checkout info
Lint and Format Check	Run actions/checkout@v6	2026-05-18T17:08:53.9606109Z ##[endgroup]
Lint and Format Check	Run actions/checkout@v6	2026-05-18T17:08:53.9607648Z [command]/usr/bin/git sparse-checkout disable
Lint and Format Check	Run actions/checkout@v6	2026-05-18T17:08:53.9655341Z [command]/usr/bin/git config --local --unset-all extensions.worktreeConfig
Lint and Format Check	Run actions/checkout@v6	2026-05-18T17:08:53.9693009Z ##[group]Checking out the ref
Lint and Format Check	Run actions/checkout@v6	2026-05-18T17:08:53.9698348Z [command]/usr/bin/git checkout --progress --force -B main refs/remotes/origin/main
Lint and Format Check	Run actions/checkout@v6	2026-05-18T17:08:54.0317235Z Switched to a new branch 'main'
Lint and Format Check	Run actions/checkout@v6	2026-05-18T17:08:54.0320559Z branch 'main' set up to track 'origin/main'.
Lint and Format Check	Run actions/checkout@v6	2026-05-18T17:08:54.0357763Z ##[endgroup]
Lint and Format Check	Run actions/checkout@v6	2026-05-18T17:08:54.0399084Z [command]/usr/bin/git log -1 --format=%H
Lint and Format Check	Run actions/checkout@v6	2026-05-18T17:08:54.0424225Z 992b91dd1eeb865ff89d2c130c88ad313a609723
Lint and Format Check	Run dtolnay/rust-toolchain@stable	﻿2026-05-18T17:08:54.0979407Z ##[group]Run dtolnay/rust-toolchain@stable
Lint and Format Check	Run dtolnay/rust-toolchain@stable	2026-05-18T17:08:54.0980581Z with:
Lint and Format Check	Run dtolnay/rust-toolchain@stable	2026-05-18T17:08:54.0981387Z   components: rustfmt, clippy
Lint and Format Check	Run dtolnay/rust-toolchain@stable	2026-05-18T17:08:54.0982552Z   toolchain: stable
Lint and Format Check	Run dtolnay/rust-toolchain@stable	2026-05-18T17:08:54.0983380Z env:
Lint and Format Check	Run dtolnay/rust-toolchain@stable	2026-05-18T17:08:54.0984143Z   CARGO_TERM_COLOR: always
Lint and Format Check	Run dtolnay/rust-toolchain@stable	2026-05-18T17:08:54.0985051Z   RUST_BACKTRACE: 1
Lint and Format Check	Run dtolnay/rust-toolchain@stable	2026-05-18T17:08:54.0985902Z   RUSTFLAGS: -Dwarnings
Lint and Format Check	Run dtolnay/rust-toolchain@stable	2026-05-18T17:08:54.0987448Z   CARGO_REGISTRY_TOKEN: ***
Lint and Format Check	Run dtolnay/rust-toolchain@stable	2026-05-18T17:08:54.0988570Z   CARGO_TOKEN: ***
Lint and Format Check	Run dtolnay/rust-toolchain@stable	2026-05-18T17:08:54.0989394Z ##[endgroup]
Lint and Format Check	Run dtolnay/rust-toolchain@stable	2026-05-18T17:08:54.1220528Z ##[group]Run : parse toolchain version
Lint and Format Check	Run dtolnay/rust-toolchain@stable	2026-05-18T17:08:54.1222115Z ^[[36;1m: parse toolchain version^[[0m
Lint and Format Check	Run dtolnay/rust-toolchain@stable	2026-05-18T17:08:54.1223212Z ^[[36;1mif [[ -z $toolchain ]]; then^[[0m
Lint and Format Check	Run dtolnay/rust-toolchain@stable	2026-05-18T17:08:54.1224995Z ^[[36;1m  # GitHub does not enforce `required: true` inputs itself. https://github.com/actions/runner/issues/1070^[[0m
Lint and Format Check	Run dtolnay/rust-toolchain@stable	2026-05-18T17:08:54.1226909Z ^[[36;1m  echo "'toolchain' is a required input" >&2^[[0m
Lint and Format Check	Run dtolnay/rust-toolchain@stable	2026-05-18T17:08:54.1228009Z ^[[36;1m  exit 1^[[0m
Lint and Format Check	Run dtolnay/rust-toolchain@stable	2026-05-18T17:08:54.1229247Z ^[[36;1melif [[ $toolchain =~ ^stable' '[0-9]+' '(year|month|week|day)s?' 'ago$ ]]; then^[[0m
Lint and Format Check	Run dtolnay/rust-toolchain@stable	2026-05-18T17:08:54.1230691Z ^[[36;1m  if [[ Linux == macOS ]]; then^[[0m
Lint and Format Check	Run dtolnay/rust-toolchain@stable	2026-05-18T17:08:54.1232633Z ^[[36;1m    echo "toolchain=1.$((($(date -v-$(sed 's/stable \([0-9]*\) \(.\).*/\1\2/' <<< $toolchain) +%s)/60/60/24-16569)/7/6))" >> $GITHUB_OUTPUT^[[0m
Lint and Format Check	Run dtolnay/rust-toolchain@stable	2026-05-18T17:08:54.1234428Z ^[[36;1m  else^[[0m
Lint and Format Check	Run dtolnay/rust-toolchain@stable	2026-05-18T17:08:54.1235849Z ^[[36;1m    echo "toolchain=1.$((($(date --date "${toolchain#stable }" +%s)/60/60/24-16569)/7/6))" >> $GITHUB_OUTPUT^[[0m
Lint and Format Check	Run dtolnay/rust-toolchain@stable	2026-05-18T17:08:54.1237493Z ^[[36;1m  fi^[[0m
Lint and Format Check	Run dtolnay/rust-toolchain@stable	2026-05-18T17:08:54.1238556Z ^[[36;1melif [[ $toolchain =~ ^stable' 'minus' '[0-9]+' 'releases?$ ]]; then^[[0m
Lint and Format Check	Run dtolnay/rust-toolchain@stable	2026-05-18T17:08:54.1240417Z ^[[36;1m  echo "toolchain=1.$((($(date +%s)/60/60/24-16569)/7/6-${toolchain//[^0-9]/}))" >> $GITHUB_OUTPUT^[[0m
Lint and Format Check	Run dtolnay/rust-toolchain@stable	2026-05-18T17:08:54.1242393Z ^[[36;1melif [[ $toolchain =~ ^1\.[0-9]+$ ]]; then^[[0m
Lint and Format Check	Run dtolnay/rust-toolchain@stable	2026-05-18T17:08:54.1244274Z ^[[36;1m  echo "toolchain=1.$((i=${toolchain#1.}, c=($(date +%s)/60/60/24-16569)/7/6, i+9*i*(10*i<=c)+90*i*(100*i<=c)))" >> $GITHUB_OUTPUT^[[0m
Lint and Format Check	Run dtolnay/rust-toolchain@stable	2026-05-18T17:08:54.1246047Z ^[[36;1melse^[[0m
Lint and Format Check	Run dtolnay/rust-toolchain@stable	2026-05-18T17:08:54.1246956Z ^[[36;1m  echo "toolchain=$toolchain" >> $GITHUB_OUTPUT^[[0m
Lint and Format Check	Run dtolnay/rust-toolchain@stable	2026-05-18T17:08:54.1248050Z ^[[36;1mfi^[[0m
Lint and Format Check	Run dtolnay/rust-toolchain@stable	2026-05-18T17:08:54.1289996Z shell: /usr/bin/bash --noprofile --norc -e -o pipefail {0}
Lint and Format Check	Run dtolnay/rust-toolchain@stable	2026-05-18T17:08:54.1291218Z env:
Lint and Format Check	Run dtolnay/rust-toolchain@stable	2026-05-18T17:08:54.1292370Z   CARGO_TERM_COLOR: always
Lint and Format Check	Run dtolnay/rust-toolchain@stable	2026-05-18T17:08:54.1293241Z   RUST_BACKTRACE: 1
Lint and Format Check	Run dtolnay/rust-toolchain@stable	2026-05-18T17:08:54.1294029Z   RUSTFLAGS: -Dwarnings
Lint and Format Check	Run dtolnay/rust-toolchain@stable	2026-05-18T17:08:54.1295262Z   CARGO_REGISTRY_TOKEN: ***
Lint and Format Check	Run dtolnay/rust-toolchain@stable	2026-05-18T17:08:54.1296314Z   CARGO_TOKEN: ***
Lint and Format Check	Run dtolnay/rust-toolchain@stable	2026-05-18T17:08:54.1297321Z   toolchain: stable
Lint and Format Check	Run dtolnay/rust-toolchain@stable	2026-05-18T17:08:54.1298072Z ##[endgroup]
Lint and Format Check	Run dtolnay/rust-toolchain@stable	2026-05-18T17:08:54.1482180Z ##[group]Run : construct rustup command line
Lint and Format Check	Run dtolnay/rust-toolchain@stable	2026-05-18T17:08:54.1483327Z ^[[36;1m: construct rustup command line^[[0m
Lint and Format Check	Run dtolnay/rust-toolchain@stable	2026-05-18T17:08:54.1484854Z ^[[36;1mecho "targets=$(for t in ${targets//,/ }; do echo -n ' --target' $t; done)" >> $GITHUB_OUTPUT^[[0m
Lint and Format Check	Run dtolnay/rust-toolchain@stable	2026-05-18T17:08:54.1487021Z ^[[36;1mecho "components=$(for c in ${components//,/ }; do echo -n ' --component' $c; done)" >> $GITHUB_OUTPUT^[[0m
Lint and Format Check	Run dtolnay/rust-toolchain@stable	2026-05-18T17:08:54.1488706Z ^[[36;1mecho "downgrade=" >> $GITHUB_OUTPUT^[[0m
Lint and Format Check	Run dtolnay/rust-toolchain@stable	2026-05-18T17:08:54.1526469Z shell: /usr/bin/bash --noprofile --norc -e -o pipefail {0}
Lint and Format Check	Run dtolnay/rust-toolchain@stable	2026-05-18T17:08:54.1527629Z env:
Lint and Format Check	Run dtolnay/rust-toolchain@stable	2026-05-18T17:08:54.1528308Z   CARGO_TERM_COLOR: always
Lint and Format Check	Run dtolnay/rust-toolchain@stable	2026-05-18T17:08:54.1529132Z   RUST_BACKTRACE: 1
Lint and Format Check	Run dtolnay/rust-toolchain@stable	2026-05-18T17:08:54.1529884Z   RUSTFLAGS: -Dwarnings
Lint and Format Check	Run dtolnay/rust-toolchain@stable	2026-05-18T17:08:54.1531031Z   CARGO_REGISTRY_TOKEN: ***
Lint and Format Check	Run dtolnay/rust-toolchain@stable	2026-05-18T17:08:54.1532257Z   CARGO_TOKEN: ***
Lint and Format Check	Run dtolnay/rust-toolchain@stable	2026-05-18T17:08:54.1532996Z   targets:
Lint and Format Check	Run dtolnay/rust-toolchain@stable	2026-05-18T17:08:54.1533722Z   components: rustfmt, clippy
Lint and Format Check	Run dtolnay/rust-toolchain@stable	2026-05-18T17:08:54.1534593Z ##[endgroup]
Lint and Format Check	Run dtolnay/rust-toolchain@stable	2026-05-18T17:08:54.1663825Z ##[group]Run : set $CARGO_HOME
Lint and Format Check	Run dtolnay/rust-toolchain@stable	2026-05-18T17:08:54.1664797Z ^[[36;1m: set $CARGO_HOME^[[0m
Lint and Format Check	Run dtolnay/rust-toolchain@stable	2026-05-18T17:08:54.1665940Z ^[[36;1mecho CARGO_HOME=${CARGO_HOME:-"$HOME/.cargo"} >> $GITHUB_ENV^[[0m
Lint and Format Check	Run dtolnay/rust-toolchain@stable	2026-05-18T17:08:54.1704328Z shell: /usr/bin/bash --noprofile --norc -e -o pipefail {0}
Lint and Format Check	Run dtolnay/rust-toolchain@stable	2026-05-18T17:08:54.1705781Z env:
Lint and Format Check	Run dtolnay/rust-toolchain@stable	2026-05-18T17:08:54.1706480Z   CARGO_TERM_COLOR: always
Lint and Format Check	Run dtolnay/rust-toolchain@stable	2026-05-18T17:08:54.1707319Z   RUST_BACKTRACE: 1
Lint and Format Check	Run dtolnay/rust-toolchain@stable	2026-05-18T17:08:54.1708084Z   RUSTFLAGS: -Dwarnings
Lint and Format Check	Run dtolnay/rust-toolchain@stable	2026-05-18T17:08:54.1709303Z   CARGO_REGISTRY_TOKEN: ***
Lint and Format Check	Run dtolnay/rust-toolchain@stable	2026-05-18T17:08:54.1710324Z   CARGO_TOKEN: ***
Lint and Format Check	Run dtolnay/rust-toolchain@stable	2026-05-18T17:08:54.1711062Z ##[endgroup]
Lint and Format Check	Run dtolnay/rust-toolchain@stable	2026-05-18T17:08:54.1843141Z ##[group]Run : install rustup if needed
Lint and Format Check	Run dtolnay/rust-toolchain@stable	2026-05-18T17:08:54.1844281Z ^[[36;1m: install rustup if needed^[[0m
Lint and Format Check	Run dtolnay/rust-toolchain@stable	2026-05-18T17:08:54.1845345Z ^[[36;1mif ! command -v rustup &>/dev/null; then^[[0m
Lint and Format Check	Run dtolnay/rust-toolchain@stable	2026-05-18T17:08:54.1847807Z ^[[36;1m  curl --proto '=https' --tlsv1.2 --retry 10 --retry-connrefused --location --silent --show-error --fail https://sh.rustup.rs | sh -s -- --default-toolchain none -y^[[0m
Lint and Format Check	Run dtolnay/rust-toolchain@stable	2026-05-18T17:08:54.1850292Z ^[[36;1m  echo "$CARGO_HOME/bin" >> $GITHUB_PATH^[[0m
Lint and Format Check	Run dtolnay/rust-toolchain@stable	2026-05-18T17:08:54.1851318Z ^[[36;1mfi^[[0m
Lint and Format Check	Run dtolnay/rust-toolchain@stable	2026-05-18T17:08:54.1891155Z shell: /usr/bin/bash --noprofile --norc -e -o pipefail {0}
Lint and Format Check	Run dtolnay/rust-toolchain@stable	2026-05-18T17:08:54.1892677Z env:
Lint and Format Check	Run dtolnay/rust-toolchain@stable	2026-05-18T17:08:54.1893429Z   CARGO_TERM_COLOR: always
Lint and Format Check	Run dtolnay/rust-toolchain@stable	2026-05-18T17:08:54.1894281Z   RUST_BACKTRACE: 1
Lint and Format Check	Run dtolnay/rust-toolchain@stable	2026-05-18T17:08:54.1895062Z   RUSTFLAGS: -Dwarnings
Lint and Format Check	Run dtolnay/rust-toolchain@stable	2026-05-18T17:08:54.1896294Z   CARGO_REGISTRY_TOKEN: ***
Lint and Format Check	Run dtolnay/rust-toolchain@stable	2026-05-18T17:08:54.1897332Z   CARGO_TOKEN: ***
Lint and Format Check	Run dtolnay/rust-toolchain@stable	2026-05-18T17:08:54.1898119Z   CARGO_HOME: /home/runner/.cargo
Lint and Format Check	Run dtolnay/rust-toolchain@stable	2026-05-18T17:08:54.1899012Z ##[endgroup]
Lint and Format Check	Run dtolnay/rust-toolchain@stable	2026-05-18T17:08:54.2038004Z ##[group]Run rustup toolchain install stable --component rustfmt --component clippy --profile minimal --no-self-update
Lint and Format Check	Run dtolnay/rust-toolchain@stable	2026-05-18T17:08:54.2040755Z ^[[36;1mrustup toolchain install stable --component rustfmt --component clippy --profile minimal --no-self-update^[[0m
Lint and Format Check	Run dtolnay/rust-toolchain@stable	2026-05-18T17:08:54.2082616Z shell: /usr/bin/bash --noprofile --norc -e -o pipefail {0}
Lint and Format Check	Run dtolnay/rust-toolchain@stable	2026-05-18T17:08:54.2083808Z env:
Lint and Format Check	Run dtolnay/rust-toolchain@stable	2026-05-18T17:08:54.2084486Z   CARGO_TERM_COLOR: always
Lint and Format Check	Run dtolnay/rust-toolchain@stable	2026-05-18T17:08:54.2085326Z   RUST_BACKTRACE: 1
Lint and Format Check	Run dtolnay/rust-toolchain@stable	2026-05-18T17:08:54.2086090Z   RUSTFLAGS: -Dwarnings
Lint and Format Check	Run dtolnay/rust-toolchain@stable	2026-05-18T17:08:54.2087287Z   CARGO_REGISTRY_TOKEN: ***
Lint and Format Check	Run dtolnay/rust-toolchain@stable	2026-05-18T17:08:54.2088299Z   CARGO_TOKEN: ***
Lint and Format Check	Run dtolnay/rust-toolchain@stable	2026-05-18T17:08:54.2089107Z   CARGO_HOME: /home/runner/.cargo
Lint and Format Check	Run dtolnay/rust-toolchain@stable	2026-05-18T17:08:54.2090022Z   RUSTUP_PERMIT_COPY_RENAME: 1
Lint and Format Check	Run dtolnay/rust-toolchain@stable	2026-05-18T17:08:54.2090878Z ##[endgroup]
Lint and Format Check	Run dtolnay/rust-toolchain@stable	2026-05-18T17:08:54.4234821Z info: syncing channel updates for stable-x86_64-unknown-linux-gnu
Lint and Format Check	Run dtolnay/rust-toolchain@stable	2026-05-18T17:08:54.5321367Z info: latest update on 2026-04-16 for version 1.95.0 (59807616e 2026-04-14)
Lint and Format Check	Run dtolnay/rust-toolchain@stable	2026-05-18T17:08:54.5464144Z info: component clippy is up to date
Lint and Format Check	Run dtolnay/rust-toolchain@stable	2026-05-18T17:08:54.5465328Z info: component rustfmt is up to date
Lint and Format Check	Run dtolnay/rust-toolchain@stable	2026-05-18T17:08:54.5479255Z
Lint and Format Check	Run dtolnay/rust-toolchain@stable	2026-05-18T17:08:54.5568036Z   stable-x86_64-unknown-linux-gnu unchanged - rustc 1.95.0 (59807616e 2026-04-14)
Lint and Format Check	Run dtolnay/rust-toolchain@stable	2026-05-18T17:08:54.5570770Z
Lint and Format Check	Run dtolnay/rust-toolchain@stable	2026-05-18T17:08:54.5647627Z ##[group]Run rustup default stable
Lint and Format Check	Run dtolnay/rust-toolchain@stable	2026-05-18T17:08:54.5648531Z ^[[36;1mrustup default stable^[[0m
Lint and Format Check	Run dtolnay/rust-toolchain@stable	2026-05-18T17:08:54.5689454Z shell: /usr/bin/bash --noprofile --norc -e -o pipefail {0}
Lint and Format Check	Run dtolnay/rust-toolchain@stable	2026-05-18T17:08:54.5690484Z env:
Lint and Format Check	Run dtolnay/rust-toolchain@stable	2026-05-18T17:08:54.5691093Z   CARGO_TERM_COLOR: always
Lint and Format Check	Run dtolnay/rust-toolchain@stable	2026-05-18T17:08:54.5692044Z   RUST_BACKTRACE: 1
Lint and Format Check	Run dtolnay/rust-toolchain@stable	2026-05-18T17:08:54.5692986Z   RUSTFLAGS: -Dwarnings
Lint and Format Check	Run dtolnay/rust-toolchain@stable	2026-05-18T17:08:54.5694144Z   CARGO_REGISTRY_TOKEN: ***
Lint and Format Check	Run dtolnay/rust-toolchain@stable	2026-05-18T17:08:54.5695057Z   CARGO_TOKEN: ***
Lint and Format Check	Run dtolnay/rust-toolchain@stable	2026-05-18T17:08:54.5695739Z   CARGO_HOME: /home/runner/.cargo
Lint and Format Check	Run dtolnay/rust-toolchain@stable	2026-05-18T17:08:54.5696501Z ##[endgroup]
Lint and Format Check	Run dtolnay/rust-toolchain@stable	2026-05-18T17:08:54.5826946Z info: using existing install for stable-x86_64-unknown-linux-gnu
Lint and Format Check	Run dtolnay/rust-toolchain@stable	2026-05-18T17:08:54.5837135Z info: default toolchain set to stable-x86_64-unknown-linux-gnu
Lint and Format Check	Run dtolnay/rust-toolchain@stable	2026-05-18T17:08:54.5838597Z
Lint and Format Check	Run dtolnay/rust-toolchain@stable	2026-05-18T17:08:54.5926393Z   stable-x86_64-unknown-linux-gnu unchanged - rustc 1.95.0 (59807616e 2026-04-14)
Lint and Format Check	Run dtolnay/rust-toolchain@stable	2026-05-18T17:08:54.5928095Z
Lint and Format Check	Run dtolnay/rust-toolchain@stable	2026-05-18T17:08:54.5993812Z ##[group]Run : create cachekey
Lint and Format Check	Run dtolnay/rust-toolchain@stable	2026-05-18T17:08:54.5994685Z ^[[36;1m: create cachekey^[[0m
Lint and Format Check	Run dtolnay/rust-toolchain@stable	2026-05-18T17:08:54.5996128Z ^[[36;1mDATE=$(rustc +stable --version --verbose | sed -ne 's/^commit-date: \(20[0-9][0-9]\)-\([01][0-9]\)-\([0-3][0-9]\)$/\1\2\3/p')^[[0m
Lint and Format Check	Run dtolnay/rust-toolchain@stable	2026-05-18T17:08:54.5997960Z ^[[36;1mHASH=$(rustc +stable --version --verbose | sed -ne 's/^commit-hash: //p')^[[0m
Lint and Format Check	Run dtolnay/rust-toolchain@stable	2026-05-18T17:08:54.5999598Z ^[[36;1mecho "cachekey=$(echo $DATE$HASH | head -c12)" >> $GITHUB_OUTPUT^[[0m
Lint and Format Check	Run dtolnay/rust-toolchain@stable	2026-05-18T17:08:54.6039922Z shell: /usr/bin/bash --noprofile --norc -e -o pipefail {0}
Lint and Format Check	Run dtolnay/rust-toolchain@stable	2026-05-18T17:08:54.6040948Z env:
Lint and Format Check	Run dtolnay/rust-toolchain@stable	2026-05-18T17:08:54.6041568Z   CARGO_TERM_COLOR: always
Lint and Format Check	Run dtolnay/rust-toolchain@stable	2026-05-18T17:08:54.6042828Z   RUST_BACKTRACE: 1
Lint and Format Check	Run dtolnay/rust-toolchain@stable	2026-05-18T17:08:54.6043519Z   RUSTFLAGS: -Dwarnings
Lint and Format Check	Run dtolnay/rust-toolchain@stable	2026-05-18T17:08:54.6044639Z   CARGO_REGISTRY_TOKEN: ***
Lint and Format Check	Run dtolnay/rust-toolchain@stable	2026-05-18T17:08:54.6045560Z   CARGO_TOKEN: ***
Lint and Format Check	Run dtolnay/rust-toolchain@stable	2026-05-18T17:08:54.6046257Z   CARGO_HOME: /home/runner/.cargo
Lint and Format Check	Run dtolnay/rust-toolchain@stable	2026-05-18T17:08:54.6047018Z ##[endgroup]
Lint and Format Check	Run dtolnay/rust-toolchain@stable	2026-05-18T17:08:54.6504714Z ##[group]Run : disable incremental compilation
Lint and Format Check	Run dtolnay/rust-toolchain@stable	2026-05-18T17:08:54.6505759Z ^[[36;1m: disable incremental compilation^[[0m
Lint and Format Check	Run dtolnay/rust-toolchain@stable	2026-05-18T17:08:54.6506747Z ^[[36;1mif [ -z "${CARGO_INCREMENTAL+set}" ]; then^[[0m
Lint and Format Check	Run dtolnay/rust-toolchain@stable	2026-05-18T17:08:54.6507753Z ^[[36;1m  echo CARGO_INCREMENTAL=0 >> $GITHUB_ENV^[[0m
Lint and Format Check	Run dtolnay/rust-toolchain@stable	2026-05-18T17:08:54.6508626Z ^[[36;1mfi^[[0m
Lint and Format Check	Run dtolnay/rust-toolchain@stable	2026-05-18T17:08:54.6547933Z shell: /usr/bin/bash --noprofile --norc -e -o pipefail {0}
Lint and Format Check	Run dtolnay/rust-toolchain@stable	2026-05-18T17:08:54.6548973Z env:
Lint and Format Check	Run dtolnay/rust-toolchain@stable	2026-05-18T17:08:54.6549581Z   CARGO_TERM_COLOR: always
Lint and Format Check	Run dtolnay/rust-toolchain@stable	2026-05-18T17:08:54.6550316Z   RUST_BACKTRACE: 1
Lint and Format Check	Run dtolnay/rust-toolchain@stable	2026-05-18T17:08:54.6550995Z   RUSTFLAGS: -Dwarnings
Lint and Format Check	Run dtolnay/rust-toolchain@stable	2026-05-18T17:08:54.6552354Z   CARGO_REGISTRY_TOKEN: ***
Lint and Format Check	Run dtolnay/rust-toolchain@stable	2026-05-18T17:08:54.6553285Z   CARGO_TOKEN: ***
Lint and Format Check	Run dtolnay/rust-toolchain@stable	2026-05-18T17:08:54.6553999Z   CARGO_HOME: /home/runner/.cargo
Lint and Format Check	Run dtolnay/rust-toolchain@stable	2026-05-18T17:08:54.6554776Z ##[endgroup]
Lint and Format Check	Run dtolnay/rust-toolchain@stable	2026-05-18T17:08:54.6669854Z ##[group]Run : enable colors in Cargo output
Lint and Format Check	Run dtolnay/rust-toolchain@stable	2026-05-18T17:08:54.6670844Z ^[[36;1m: enable colors in Cargo output^[[0m
Lint and Format Check	Run dtolnay/rust-toolchain@stable	2026-05-18T17:08:54.6672002Z ^[[36;1mif [ -z "${CARGO_TERM_COLOR+set}" ]; then^[[0m
Lint and Format Check	Run dtolnay/rust-toolchain@stable	2026-05-18T17:08:54.6673158Z ^[[36;1m  echo CARGO_TERM_COLOR=always >> $GITHUB_ENV^[[0m
Lint and Format Check	Run dtolnay/rust-toolchain@stable	2026-05-18T17:08:54.6674055Z ^[[36;1mfi^[[0m
Lint and Format Check	Run dtolnay/rust-toolchain@stable	2026-05-18T17:08:54.6712851Z shell: /usr/bin/bash --noprofile --norc -e -o pipefail {0}
Lint and Format Check	Run dtolnay/rust-toolchain@stable	2026-05-18T17:08:54.6713845Z env:
Lint and Format Check	Run dtolnay/rust-toolchain@stable	2026-05-18T17:08:54.6714449Z   CARGO_TERM_COLOR: always
Lint and Format Check	Run dtolnay/rust-toolchain@stable	2026-05-18T17:08:54.6715183Z   RUST_BACKTRACE: 1
Lint and Format Check	Run dtolnay/rust-toolchain@stable	2026-05-18T17:08:54.6715868Z   RUSTFLAGS: -Dwarnings
Lint and Format Check	Run dtolnay/rust-toolchain@stable	2026-05-18T17:08:54.6716907Z   CARGO_REGISTRY_TOKEN: ***
Lint and Format Check	Run dtolnay/rust-toolchain@stable	2026-05-18T17:08:54.6717794Z   CARGO_TOKEN: ***
Lint and Format Check	Run dtolnay/rust-toolchain@stable	2026-05-18T17:08:54.6718475Z   CARGO_HOME: /home/runner/.cargo
Lint and Format Check	Run dtolnay/rust-toolchain@stable	2026-05-18T17:08:54.6719260Z   CARGO_INCREMENTAL: 0
Lint and Format Check	Run dtolnay/rust-toolchain@stable	2026-05-18T17:08:54.6719933Z ##[endgroup]
Lint and Format Check	Run dtolnay/rust-toolchain@stable	2026-05-18T17:08:54.6832649Z ##[group]Run : enable Cargo sparse registry
Lint and Format Check	Run dtolnay/rust-toolchain@stable	2026-05-18T17:08:54.6833630Z ^[[36;1m: enable Cargo sparse registry^[[0m
Lint and Format Check	Run dtolnay/rust-toolchain@stable	2026-05-18T17:08:54.6834725Z ^[[36;1m# implemented in 1.66, stabilized in 1.68, made default in 1.70^[[0m
Lint and Format Check	Run dtolnay/rust-toolchain@stable	2026-05-18T17:08:54.6836686Z ^[[36;1mif [ -z "${CARGO_REGISTRIES_CRATES_IO_PROTOCOL+set}" -o -f "/home/runner/work/_temp"/.implicit_cargo_registries_crates_io_protocol ]; then^[[0m
Lint and Format Check	Run dtolnay/rust-toolchain@stable	2026-05-18T17:08:54.6838936Z ^[[36;1m  if rustc +stable --version --verbose | grep -q '^release: 1\.6[89]\.'; then^[[0m
Lint and Format Check	Run dtolnay/rust-toolchain@stable	2026-05-18T17:08:54.6840579Z ^[[36;1m    touch "/home/runner/work/_temp"/.implicit_cargo_registries_crates_io_protocol || true^[[0m
Lint and Format Check	Run dtolnay/rust-toolchain@stable	2026-05-18T17:08:54.6842535Z ^[[36;1m    echo CARGO_REGISTRIES_CRATES_IO_PROTOCOL=sparse >> $GITHUB_ENV^[[0m
Lint and Format Check	Run dtolnay/rust-toolchain@stable	2026-05-18T17:08:54.6844040Z ^[[36;1m  elif rustc +stable --version --verbose | grep -q '^release: 1\.6[67]\.'; then^[[0m
Lint and Format Check	Run dtolnay/rust-toolchain@stable	2026-05-18T17:08:54.6845704Z ^[[36;1m    touch "/home/runner/work/_temp"/.implicit_cargo_registries_crates_io_protocol || true^[[0m
Lint and Format Check	Run dtolnay/rust-toolchain@stable	2026-05-18T17:08:54.6847242Z ^[[36;1m    echo CARGO_REGISTRIES_CRATES_IO_PROTOCOL=git >> $GITHUB_ENV^[[0m
Lint and Format Check	Run dtolnay/rust-toolchain@stable	2026-05-18T17:08:54.6848287Z ^[[36;1m  fi^[[0m
Lint and Format Check	Run dtolnay/rust-toolchain@stable	2026-05-18T17:08:54.6848886Z ^[[36;1mfi^[[0m
Lint and Format Check	Run dtolnay/rust-toolchain@stable	2026-05-18T17:08:54.6887762Z shell: /usr/bin/bash --noprofile --norc -e -o pipefail {0}
Lint and Format Check	Run dtolnay/rust-toolchain@stable	2026-05-18T17:08:54.6888767Z env:
Lint and Format Check	Run dtolnay/rust-toolchain@stable	2026-05-18T17:08:54.6889375Z   CARGO_TERM_COLOR: always
Lint and Format Check	Run dtolnay/rust-toolchain@stable	2026-05-18T17:08:54.6890105Z   RUST_BACKTRACE: 1
Lint and Format Check	Run dtolnay/rust-toolchain@stable	2026-05-18T17:08:54.6890768Z   RUSTFLAGS: -Dwarnings
Lint and Format Check	Run dtolnay/rust-toolchain@stable	2026-05-18T17:08:54.6892006Z   CARGO_REGISTRY_TOKEN: ***
Lint and Format Check	Run dtolnay/rust-toolchain@stable	2026-05-18T17:08:54.6892956Z   CARGO_TOKEN: ***
Lint and Format Check	Run dtolnay/rust-toolchain@stable	2026-05-18T17:08:54.6893647Z   CARGO_HOME: /home/runner/.cargo
Lint and Format Check	Run dtolnay/rust-toolchain@stable	2026-05-18T17:08:54.6894436Z   CARGO_INCREMENTAL: 0
Lint and Format Check	Run dtolnay/rust-toolchain@stable	2026-05-18T17:08:54.6895316Z ##[endgroup]
Lint and Format Check	Run dtolnay/rust-toolchain@stable	2026-05-18T17:08:54.7330875Z ##[group]Run : work around spurious network errors in curl 8.0
Lint and Format Check	Run dtolnay/rust-toolchain@stable	2026-05-18T17:08:54.7332432Z ^[[36;1m: work around spurious network errors in curl 8.0^[[0m
Lint and Format Check	Run dtolnay/rust-toolchain@stable	2026-05-18T17:08:54.7333997Z ^[[36;1m# https://rust-lang.zulipchat.com/#narrow/stream/246057-t-cargo/topic/timeout.20investigation^[[0m
Lint and Format Check	Run dtolnay/rust-toolchain@stable	2026-05-18T17:08:54.7335734Z ^[[36;1mif rustc +stable --version --verbose | grep -q '^release: 1\.7[01]\.'; then^[[0m
Lint and Format Check	Run dtolnay/rust-toolchain@stable	2026-05-18T17:08:54.7337074Z ^[[36;1m  echo CARGO_HTTP_MULTIPLEXING=false >> $GITHUB_ENV^[[0m
Lint and Format Check	Run dtolnay/rust-toolchain@stable	2026-05-18T17:08:54.7337997Z ^[[36;1mfi^[[0m
Lint and Format Check	Run dtolnay/rust-toolchain@stable	2026-05-18T17:08:54.7377287Z shell: /usr/bin/bash --noprofile --norc -e -o pipefail {0}
Lint and Format Check	Run dtolnay/rust-toolchain@stable	2026-05-18T17:08:54.7378293Z env:
Lint and Format Check	Run dtolnay/rust-toolchain@stable	2026-05-18T17:08:54.7378879Z   CARGO_TERM_COLOR: always
Lint and Format Check	Run dtolnay/rust-toolchain@stable	2026-05-18T17:08:54.7379598Z   RUST_BACKTRACE: 1
Lint and Format Check	Run dtolnay/rust-toolchain@stable	2026-05-18T17:08:54.7380256Z   RUSTFLAGS: -Dwarnings
Lint and Format Check	Run dtolnay/rust-toolchain@stable	2026-05-18T17:08:54.7381310Z   CARGO_REGISTRY_TOKEN: ***
Lint and Format Check	Run dtolnay/rust-toolchain@stable	2026-05-18T17:08:54.7382502Z   CARGO_TOKEN: ***
Lint and Format Check	Run dtolnay/rust-toolchain@stable	2026-05-18T17:08:54.7383196Z   CARGO_HOME: /home/runner/.cargo
Lint and Format Check	Run dtolnay/rust-toolchain@stable	2026-05-18T17:08:54.7383988Z   CARGO_INCREMENTAL: 0
Lint and Format Check	Run dtolnay/rust-toolchain@stable	2026-05-18T17:08:54.7384662Z ##[endgroup]
Lint and Format Check	Run dtolnay/rust-toolchain@stable	2026-05-18T17:08:54.7649590Z ##[group]Run rustc +stable --version --verbose
Lint and Format Check	Run dtolnay/rust-toolchain@stable	2026-05-18T17:08:54.7650605Z ^[[36;1mrustc +stable --version --verbose^[[0m
Lint and Format Check	Run dtolnay/rust-toolchain@stable	2026-05-18T17:08:54.7690072Z shell: /usr/bin/bash --noprofile --norc -e -o pipefail {0}
Lint and Format Check	Run dtolnay/rust-toolchain@stable	2026-05-18T17:08:54.7691060Z env:
Lint and Format Check	Run dtolnay/rust-toolchain@stable	2026-05-18T17:08:54.7691654Z   CARGO_TERM_COLOR: always
Lint and Format Check	Run dtolnay/rust-toolchain@stable	2026-05-18T17:08:54.7692576Z   RUST_BACKTRACE: 1
Lint and Format Check	Run dtolnay/rust-toolchain@stable	2026-05-18T17:08:54.7693251Z   RUSTFLAGS: -Dwarnings
Lint and Format Check	Run dtolnay/rust-toolchain@stable	2026-05-18T17:08:54.7694304Z   CARGO_REGISTRY_TOKEN: ***
Lint and Format Check	Run dtolnay/rust-toolchain@stable	2026-05-18T17:08:54.7695215Z   CARGO_TOKEN: ***
Lint and Format Check	Run dtolnay/rust-toolchain@stable	2026-05-18T17:08:54.7695904Z   CARGO_HOME: /home/runner/.cargo
Lint and Format Check	Run dtolnay/rust-toolchain@stable	2026-05-18T17:08:54.7696681Z   CARGO_INCREMENTAL: 0
Lint and Format Check	Run dtolnay/rust-toolchain@stable	2026-05-18T17:08:54.7697347Z ##[endgroup]
Lint and Format Check	Run dtolnay/rust-toolchain@stable	2026-05-18T17:08:54.7893702Z rustc 1.95.0 (59807616e 2026-04-14)
Lint and Format Check	Run dtolnay/rust-toolchain@stable	2026-05-18T17:08:54.7895183Z binary: rustc
Lint and Format Check	Run dtolnay/rust-toolchain@stable	2026-05-18T17:08:54.7896556Z commit-hash: 59807616e1fa2540724bfbac14d7976d7e4a3860
Lint and Format Check	Run dtolnay/rust-toolchain@stable	2026-05-18T17:08:54.7897735Z commit-date: 2026-04-14
Lint and Format Check	Run dtolnay/rust-toolchain@stable	2026-05-18T17:08:54.7898534Z host: x86_64-unknown-linux-gnu
Lint and Format Check	Run dtolnay/rust-toolchain@stable	2026-05-18T17:08:54.7899281Z release: 1.95.0
Lint and Format Check	Run dtolnay/rust-toolchain@stable	2026-05-18T17:08:54.7899910Z LLVM version: 22.1.2
Lint and Format Check	Run Swatinem/rust-cache@v2	﻿2026-05-18T17:08:54.8099200Z ##[group]Run Swatinem/rust-cache@v2
Lint and Format Check	Run Swatinem/rust-cache@v2	2026-05-18T17:08:54.8100053Z with:
Lint and Format Check	Run Swatinem/rust-cache@v2	2026-05-18T17:08:54.8100627Z   workspaces: rust
Lint and Format Check	Run Swatinem/rust-cache@v2	2026-05-18T17:08:54.8101277Z   prefix-key: v0-rust
Lint and Format Check	Run Swatinem/rust-cache@v2	2026-05-18T17:08:54.8102144Z   add-job-id-key: true
Lint and Format Check	Run Swatinem/rust-cache@v2	2026-05-18T17:08:54.8102885Z   add-rust-environment-hash-key: true
Lint and Format Check	Run Swatinem/rust-cache@v2	2026-05-18T17:08:54.8103703Z   cache-targets: true
Lint and Format Check	Run Swatinem/rust-cache@v2	2026-05-18T17:08:54.8104385Z   cache-all-crates: false
Lint and Format Check	Run Swatinem/rust-cache@v2	2026-05-18T17:08:54.8105335Z   cache-workspace-crates: false
Lint and Format Check	Run Swatinem/rust-cache@v2	2026-05-18T17:08:54.8106057Z   save-if: true
Lint and Format Check	Run Swatinem/rust-cache@v2	2026-05-18T17:08:54.8106680Z   cache-provider: github
Lint and Format Check	Run Swatinem/rust-cache@v2	2026-05-18T17:08:54.8107359Z   cache-bin: true
Lint and Format Check	Run Swatinem/rust-cache@v2	2026-05-18T17:08:54.8107973Z   lookup-only: false
Lint and Format Check	Run Swatinem/rust-cache@v2	2026-05-18T17:08:54.8108619Z   cmd-format: {0}
Lint and Format Check	Run Swatinem/rust-cache@v2	2026-05-18T17:08:54.8109219Z env:
Lint and Format Check	Run Swatinem/rust-cache@v2	2026-05-18T17:08:54.8109781Z   CARGO_TERM_COLOR: always
Lint and Format Check	Run Swatinem/rust-cache@v2	2026-05-18T17:08:54.8110468Z   RUST_BACKTRACE: 1
Lint and Format Check	Run Swatinem/rust-cache@v2	2026-05-18T17:08:54.8111102Z   RUSTFLAGS: -Dwarnings
Lint and Format Check	Run Swatinem/rust-cache@v2	2026-05-18T17:08:54.8112307Z   CARGO_REGISTRY_TOKEN: ***
Lint and Format Check	Run Swatinem/rust-cache@v2	2026-05-18T17:08:54.8113176Z   CARGO_TOKEN: ***
Lint and Format Check	Run Swatinem/rust-cache@v2	2026-05-18T17:08:54.8113873Z   CARGO_HOME: /home/runner/.cargo
Lint and Format Check	Run Swatinem/rust-cache@v2	2026-05-18T17:08:54.8114628Z   CARGO_INCREMENTAL: 0
Lint and Format Check	Run Swatinem/rust-cache@v2	2026-05-18T17:08:54.8115275Z ##[endgroup]
Lint and Format Check	Run Swatinem/rust-cache@v2	2026-05-18T17:08:55.1174807Z (node:2382) [DEP0040] DeprecationWarning: The `punycode` module is deprecated. Please use a userland alternative instead.
Lint and Format Check	Run Swatinem/rust-cache@v2	2026-05-18T17:08:55.1178313Z (Use `node --trace-deprecation ...` to show where the warning was created)
Lint and Format Check	Run Swatinem/rust-cache@v2	2026-05-18T17:08:55.3475465Z ##[group]Cache Configuration
Lint and Format Check	Run Swatinem/rust-cache@v2	2026-05-18T17:08:55.3477164Z Cache Provider:
Lint and Format Check	Run Swatinem/rust-cache@v2	2026-05-18T17:08:55.3478291Z     github
Lint and Format Check	Run Swatinem/rust-cache@v2	2026-05-18T17:08:55.3479270Z Workspaces:
Lint and Format Check	Run Swatinem/rust-cache@v2	2026-05-18T17:08:55.3480465Z     /home/runner/work/lino-i18n/lino-i18n/rust
Lint and Format Check	Run Swatinem/rust-cache@v2	2026-05-18T17:08:55.3482339Z Cache Paths:
Lint and Format Check	Run Swatinem/rust-cache@v2	2026-05-18T17:08:55.3483460Z     /home/runner/.cargo/bin
Lint and Format Check	Run Swatinem/rust-cache@v2	2026-05-18T17:08:55.3484749Z     /home/runner/.cargo/.crates.toml
Lint and Format Check	Run Swatinem/rust-cache@v2	2026-05-18T17:08:55.3486203Z     /home/runner/.cargo/.crates2.json
Lint and Format Check	Run Swatinem/rust-cache@v2	2026-05-18T17:08:55.3487651Z     /home/runner/.cargo/registry
Lint and Format Check	Run Swatinem/rust-cache@v2	2026-05-18T17:08:55.3489001Z     /home/runner/.cargo/git
Lint and Format Check	Run Swatinem/rust-cache@v2	2026-05-18T17:08:55.3490436Z     /home/runner/work/lino-i18n/lino-i18n/rust/target
Lint and Format Check	Run Swatinem/rust-cache@v2	2026-05-18T17:08:55.3492362Z Restore Key:
Lint and Format Check	Run Swatinem/rust-cache@v2	2026-05-18T17:08:55.3493500Z     v0-rust-lint-Linux-x64-27ed6b6c
Lint and Format Check	Run Swatinem/rust-cache@v2	2026-05-18T17:08:55.3494839Z Cache Key:
Lint and Format Check	Run Swatinem/rust-cache@v2	2026-05-18T17:08:55.3496134Z     v0-rust-lint-Linux-x64-27ed6b6c-31365a33
Lint and Format Check	Run Swatinem/rust-cache@v2	2026-05-18T17:08:55.3497608Z .. Prefix:
Lint and Format Check	Run Swatinem/rust-cache@v2	2026-05-18T17:08:55.3498658Z   - v0-rust-lint-Linux-x64
Lint and Format Check	Run Swatinem/rust-cache@v2	2026-05-18T17:08:55.3499906Z .. Environment considered:
Lint and Format Check	Run Swatinem/rust-cache@v2	2026-05-18T17:08:55.3501172Z   - Rust Versions:
Lint and Format Check	Run Swatinem/rust-cache@v2	2026-05-18T17:08:55.3503093Z     - 1.95.0 x86_64-unknown-linux-gnu 59807616e1fa2540724bfbac14d7976d7e4a3860
Lint and Format Check	Run Swatinem/rust-cache@v2	2026-05-18T17:08:55.3505552Z     - 1.95.0 x86_64-unknown-linux-gnu 59807616e1fa2540724bfbac14d7976d7e4a3860
Lint and Format Check	Run Swatinem/rust-cache@v2	2026-05-18T17:08:55.3507487Z   - CARGO_HOME
Lint and Format Check	Run Swatinem/rust-cache@v2	2026-05-18T17:08:55.3508609Z   - CARGO_INCREMENTAL
Lint and Format Check	Run Swatinem/rust-cache@v2	2026-05-18T17:08:55.3509842Z   - CARGO_REGISTRY_TOKEN
Lint and Format Check	Run Swatinem/rust-cache@v2	2026-05-18T17:08:55.3511049Z   - CARGO_TERM_COLOR
Lint and Format Check	Run Swatinem/rust-cache@v2	2026-05-18T17:08:55.3512449Z   - CARGO_TOKEN
Lint and Format Check	Run Swatinem/rust-cache@v2	2026-05-18T17:08:55.3513513Z   - RUST_BACKTRACE
Lint and Format Check	Run Swatinem/rust-cache@v2	2026-05-18T17:08:55.3514592Z   - RUSTFLAGS
Lint and Format Check	Run Swatinem/rust-cache@v2	2026-05-18T17:08:55.3515761Z .. Lockfiles considered:
Lint and Format Check	Run Swatinem/rust-cache@v2	2026-05-18T17:08:55.3517302Z   - /home/runner/work/lino-i18n/lino-i18n/rust/Cargo.lock
Lint and Format Check	Run Swatinem/rust-cache@v2	2026-05-18T17:08:55.3519749Z   - /home/runner/work/lino-i18n/lino-i18n/rust/lino-i18n-macros/Cargo.toml
Lint and Format Check	Run Swatinem/rust-cache@v2	2026-05-18T17:08:55.3522376Z   - /home/runner/work/lino-i18n/lino-i18n/rust/lino-i18n/Cargo.toml
Lint and Format Check	Run Swatinem/rust-cache@v2	2026-05-18T17:08:55.3525079Z ##[endgroup]
Lint and Format Check	Run Swatinem/rust-cache@v2	2026-05-18T17:08:55.3525977Z
Lint and Format Check	Run Swatinem/rust-cache@v2	2026-05-18T17:08:55.3526481Z ... Restoring cache ...
Lint and Format Check	Run Swatinem/rust-cache@v2	2026-05-18T17:08:55.4544279Z Cache hit for restore-key: v0-rust-lint-Linux-x64-27ed6b6c-d2ed2b7f
Lint and Format Check	Run Swatinem/rust-cache@v2	2026-05-18T17:08:56.1159669Z Received 14250556 of 14250556 (100.0%), 25.3 MBs/sec
Lint and Format Check	Run Swatinem/rust-cache@v2	2026-05-18T17:08:56.1160580Z Cache Size: ~14 MB (14250556 B)
Lint and Format Check	Run Swatinem/rust-cache@v2	2026-05-18T17:08:56.1195368Z [command]/usr/bin/tar -xf /home/runner/work/_temp/0c50e3ea-0495-4ee7-903d-f81869e88a1c/cache.tzst -P -C /home/runner/work/lino-i18n/lino-i18n --use-compress-program unzstd
Lint and Format Check	Run Swatinem/rust-cache@v2	2026-05-18T17:08:56.2059460Z Cache restored successfully
Lint and Format Check	Run Swatinem/rust-cache@v2	2026-05-18T17:08:56.2069919Z Restored from cache key "v0-rust-lint-Linux-x64-27ed6b6c-d2ed2b7f" full match: false.
Lint and Format Check	Install rust-script	﻿2026-05-18T17:08:56.2230925Z ##[group]Run cargo install rust-script
Lint and Format Check	Install rust-script	2026-05-18T17:08:56.2231279Z ^[[36;1mcargo install rust-script^[[0m
Lint and Format Check	Install rust-script	2026-05-18T17:08:56.2268395Z shell: /usr/bin/bash -e {0}
Lint and Format Check	Install rust-script	2026-05-18T17:08:56.2268666Z env:
Lint and Format Check	Install rust-script	2026-05-18T17:08:56.2268859Z   CARGO_TERM_COLOR: always
Lint and Format Check	Install rust-script	2026-05-18T17:08:56.2269093Z   RUST_BACKTRACE: 1
Lint and Format Check	Install rust-script	2026-05-18T17:08:56.2269493Z   RUSTFLAGS: -Dwarnings
Lint and Format Check	Install rust-script	2026-05-18T17:08:56.2270091Z   CARGO_REGISTRY_TOKEN: ***
Lint and Format Check	Install rust-script	2026-05-18T17:08:56.2270407Z   CARGO_TOKEN: ***
Lint and Format Check	Install rust-script	2026-05-18T17:08:56.2270627Z   CARGO_HOME: /home/runner/.cargo
Lint and Format Check	Install rust-script	2026-05-18T17:08:56.2270875Z   CARGO_INCREMENTAL: 0
Lint and Format Check	Install rust-script	2026-05-18T17:08:56.2271084Z   CACHE_ON_FAILURE: false
Lint and Format Check	Install rust-script	2026-05-18T17:08:56.2271308Z ##[endgroup]
Lint and Format Check	Install rust-script	2026-05-18T17:08:56.2744124Z ^[[1m^[[92m    Updating^[[0m crates.io index
Lint and Format Check	Install rust-script	2026-05-18T17:08:56.3076426Z ^[[1m^[[92m Downloading^[[0m crates ...
Lint and Format Check	Install rust-script	2026-05-18T17:08:56.3779247Z ^[[1m^[[92m  Downloaded^[[0m rust-script v0.36.0
Lint and Format Check	Install rust-script	2026-05-18T17:08:56.4206386Z ^[[1m^[[92m     Ignored^[[0m package `rust-script v0.36.0` is already installed, use --force to override
Lint and Format Check	Check Rust scripts compile	﻿2026-05-18T17:08:56.4263473Z ##[group]Run set -euo pipefail
Lint and Format Check	Check Rust scripts compile	2026-05-18T17:08:56.4263834Z ^[[36;1mset -euo pipefail^[[0m
Lint and Format Check	Check Rust scripts compile	2026-05-18T17:08:56.4264119Z ^[[36;1mfor script in rust/scripts/*.rs; do^[[0m
Lint and Format Check	Check Rust scripts compile	2026-05-18T17:08:56.4264486Z ^[[36;1m  if [ "$(basename "$script")" = "rust-paths.rs" ]; then^[[0m
Lint and Format Check	Check Rust scripts compile	2026-05-18T17:08:56.4264813Z ^[[36;1m    continue^[[0m
Lint and Format Check	Check Rust scripts compile	2026-05-18T17:08:56.4265046Z ^[[36;1m  fi^[[0m
Lint and Format Check	Check Rust scripts compile	2026-05-18T17:08:56.4265237Z ^[[36;1m^[[0m
Lint and Format Check	Check Rust scripts compile	2026-05-18T17:08:56.4265433Z ^[[36;1m  echo "Checking $script"^[[0m
Lint and Format Check	Check Rust scripts compile	2026-05-18T17:08:56.4265873Z ^[[36;1m  package_path=$(RUST_LOG=error rust-script --package "$script" | grep "^/" | tail -n 1)^[[0m
Lint and Format Check	Check Rust scripts compile	2026-05-18T17:08:56.4266427Z ^[[36;1m  cargo check --manifest-path "$package_path/Cargo.toml"^[[0m
Lint and Format Check	Check Rust scripts compile	2026-05-18T17:08:56.4266767Z ^[[36;1mdone^[[0m
Lint and Format Check	Check Rust scripts compile	2026-05-18T17:08:56.4301243Z shell: /usr/bin/bash -e {0}
Lint and Format Check	Check Rust scripts compile	2026-05-18T17:08:56.4301518Z env:
Lint and Format Check	Check Rust scripts compile	2026-05-18T17:08:56.4301721Z   CARGO_TERM_COLOR: always
Lint and Format Check	Check Rust scripts compile	2026-05-18T17:08:56.4302300Z   RUST_BACKTRACE: 1
Lint and Format Check	Check Rust scripts compile	2026-05-18T17:08:56.4302516Z   RUSTFLAGS: -Dwarnings
Lint and Format Check	Check Rust scripts compile	2026-05-18T17:08:56.4302943Z   CARGO_REGISTRY_TOKEN: ***
Lint and Format Check	Check Rust scripts compile	2026-05-18T17:08:56.4303309Z   CARGO_TOKEN: ***
Lint and Format Check	Check Rust scripts compile	2026-05-18T17:08:56.4303518Z   CARGO_HOME: /home/runner/.cargo
Lint and Format Check	Check Rust scripts compile	2026-05-18T17:08:56.4303780Z   CARGO_INCREMENTAL: 0
Lint and Format Check	Check Rust scripts compile	2026-05-18T17:08:56.4304001Z   CACHE_ON_FAILURE: false
Lint and Format Check	Check Rust scripts compile	2026-05-18T17:08:56.4304231Z ##[endgroup]
Lint and Format Check	Check Rust scripts compile	2026-05-18T17:08:56.4375808Z Checking rust/scripts/build-docs-site.rs
Lint and Format Check	Check Rust scripts compile	2026-05-18T17:08:56.5498453Z ^[[1m^[[92m    Checking^[[0m build-docs-site_fabecc44fee796356b6efa7b v0.1.0 (/home/runner/.cache/rust-script/projects/fabecc44fee796356b6efa7b)
Lint and Format Check	Check Rust scripts compile	2026-05-18T17:09:00.5928313Z ^[[1m^[[92m    Finished^[[0m `dev` profile [unoptimized + debuginfo] target(s) in 4.14s
Lint and Format Check	Check Rust scripts compile	2026-05-18T17:09:00.6042332Z Checking rust/scripts/bump-version.rs
Lint and Format Check	Check Rust scripts compile	2026-05-18T17:09:00.6454393Z ^[[1m^[[92m    Updating^[[0m crates.io index
Lint and Format Check	Check Rust scripts compile	2026-05-18T17:09:00.6914596Z ^[[1m^[[92m     Locking^[[0m 5 packages to latest compatible versions
Lint and Format Check	Check Rust scripts compile	2026-05-18T17:09:00.6928757Z ^[[1m^[[92m Downloading^[[0m crates ...
Lint and Format Check	Check Rust scripts compile	2026-05-18T17:09:00.7332009Z ^[[1m^[[92m  Downloaded^[[0m regex v1.12.3
Lint and Format Check	Check Rust scripts compile	2026-05-18T17:09:00.7395181Z ^[[1m^[[92m  Downloaded^[[0m aho-corasick v1.1.4
Lint and Format Check	Check Rust scripts compile	2026-05-18T17:09:00.7480719Z ^[[1m^[[92m  Downloaded^[[0m regex-syntax v0.8.10
Lint and Format Check	Check Rust scripts compile	2026-05-18T17:09:00.7551133Z ^[[1m^[[92m  Downloaded^[[0m regex-automata v0.4.14
Lint and Format Check	Check Rust scripts compile	2026-05-18T17:09:00.7815173Z ^[[1m^[[92m    Checking^[[0m memchr v2.8.0
Lint and Format Check	Check Rust scripts compile	2026-05-18T17:09:00.7815971Z ^[[1m^[[92m    Checking^[[0m regex-syntax v0.8.10
Lint and Format Check	Check Rust scripts compile	2026-05-18T17:09:01.7726268Z ^[[1m^[[92m    Checking^[[0m aho-corasick v1.1.4
Lint and Format Check	Check Rust scripts compile	2026-05-18T17:09:02.6020985Z ^[[1m^[[92m    Checking^[[0m regex-automata v0.4.14
Lint and Format Check	Check Rust scripts compile	2026-05-18T17:09:03.7720894Z ^[[1m^[[92m    Checking^[[0m regex v1.12.3
Lint and Format Check	Check Rust scripts compile	2026-05-18T17:09:03.9465636Z ^[[1m^[[92m    Checking^[[0m bump-version_9440a672b2e4c4fdfe2c881a v0.1.0 (/home/runner/.cache/rust-script/projects/9440a672b2e4c4fdfe2c881a)
Lint and Format Check	Check Rust scripts compile	2026-05-18T17:09:04.0257807Z ^[[1m^[[92m    Finished^[[0m `dev` profile [unoptimized + debuginfo] target(s) in 3.40s
Lint and Format Check	Check Rust scripts compile	2026-05-18T17:09:04.0338199Z Checking rust/scripts/check-changelog-fragment.rs
Lint and Format Check	Check Rust scripts compile	2026-05-18T17:09:04.0771167Z ^[[1m^[[92m    Updating^[[0m crates.io index
Lint and Format Check	Check Rust scripts compile	2026-05-18T17:09:04.1168167Z ^[[1m^[[92m     Locking^[[0m 5 packages to latest compatible versions
Lint and Format Check	Check Rust scripts compile	2026-05-18T17:09:04.1335358Z ^[[1m^[[92m    Checking^[[0m memchr v2.8.0
Lint and Format Check	Check Rust scripts compile	2026-05-18T17:09:04.3860615Z ^[[1m^[[92m    Checking^[[0m regex-syntax v0.8.10
Lint and Format Check	Check Rust scripts compile	2026-05-18T17:09:04.3861215Z ^[[1m^[[92m    Checking^[[0m aho-corasick v1.1.4
Lint and Format Check	Check Rust scripts compile	2026-05-18T17:09:05.0824323Z ^[[1m^[[92m    Checking^[[0m regex-automata v0.4.14
Lint and Format Check	Check Rust scripts compile	2026-05-18T17:09:06.1342960Z ^[[1m^[[92m    Checking^[[0m regex v1.12.3
Lint and Format Check	Check Rust scripts compile	2026-05-18T17:09:06.3013855Z ^[[1m^[[92m    Checking^[[0m check-changelog-fragment_cd507dc519f3351bea4c539e v0.1.0 (/home/runner/.cache/rust-script/projects/cd507dc519f3351bea4c539e)
Lint and Format Check	Check Rust scripts compile	2026-05-18T17:09:06.3451649Z ^[[1m^[[92m    Finished^[[0m `dev` profile [unoptimized + debuginfo] target(s) in 2.29s
Lint and Format Check	Check Rust scripts compile	2026-05-18T17:09:06.3524657Z Checking rust/scripts/check-file-size.rs
Lint and Format Check	Check Rust scripts compile	2026-05-18T17:09:06.3952243Z ^[[1m^[[92m    Updating^[[0m crates.io index
Lint and Format Check	Check Rust scripts compile	2026-05-18T17:09:06.4497109Z ^[[1m^[[92m     Locking^[[0m 5 packages to latest compatible versions
Lint and Format Check	Check Rust scripts compile	2026-05-18T17:09:06.4503870Z ^[[1m^[[92m Downloading^[[0m crates ...
Lint and Format Check	Check Rust scripts compile	2026-05-18T17:09:06.4734720Z ^[[1m^[[92m  Downloaded^[[0m walkdir v2.5.0
Lint and Format Check	Check Rust scripts compile	2026-05-18T17:09:06.4755520Z ^[[1m^[[92m  Downloaded^[[0m same-file v1.0.6
Lint and Format Check	Check Rust scripts compile	2026-05-18T17:09:06.4887947Z ^[[1m^[[92m    Checking^[[0m same-file v1.0.6
Lint and Format Check	Check Rust scripts compile	2026-05-18T17:09:06.5913137Z ^[[1m^[[92m    Checking^[[0m walkdir v2.5.0
Lint and Format Check	Check Rust scripts compile	2026-05-18T17:09:06.6619617Z ^[[1m^[[92m    Checking^[[0m check-file-size_efa8df0e4fe4df519943f9ac v0.1.0 (/home/runner/.cache/rust-script/projects/efa8df0e4fe4df519943f9ac)
Lint and Format Check	Check Rust scripts compile	2026-05-18T17:09:06.7042591Z ^[[1m^[[92m    Finished^[[0m `dev` profile [unoptimized + debuginfo] target(s) in 0.33s
Lint and Format Check	Check Rust scripts compile	2026-05-18T17:09:06.7114204Z Checking rust/scripts/check-release-needed.rs
Lint and Format Check	Check Rust scripts compile	2026-05-18T17:09:06.7526371Z ^[[1m^[[92m    Updating^[[0m crates.io index
Lint and Format Check	Check Rust scripts compile	2026-05-18T17:09:06.9297344Z ^[[1m^[[92m     Locking^[[0m 78 packages to latest compatible versions
Lint and Format Check	Check Rust scripts compile	2026-05-18T17:09:06.9457373Z ^[[1m^[[92m      Adding^[[0m ureq v2.12.1 ^[[1m^[[33m(available: v3.3.0)^[[0m
Lint and Format Check	Check Rust scripts compile	2026-05-18T17:09:06.9594758Z ^[[1m^[[92m Downloading^[[0m crates ...
Lint and Format Check	Check Rust scripts compile	2026-05-18T17:09:07.0112375Z ^[[1m^[[92m  Downloaded^[[0m adler2 v2.0.1
Lint and Format Check	Check Rust scripts compile	2026-05-18T17:09:07.0136258Z ^[[1m^[[92m  Downloaded^[[0m form_urlencoded v1.2.2
Lint and Format Check	Check Rust scripts compile	2026-05-18T17:09:07.0226494Z ^[[1m^[[92m  Downloaded^[[0m getrandom v0.2.17
Lint and Format Check	Check Rust scripts compile	2026-05-18T17:09:07.0260658Z ^[[1m^[[92m  Downloaded^[[0m find-msvc-tools v0.1.9
Lint and Format Check	Check Rust scripts compile	2026-05-18T17:09:07.0278855Z ^[[1m^[[92m  Downloaded^[[0m displaydoc v0.2.5
Lint and Format Check	Check Rust scripts compile	2026-05-18T17:09:07.0312670Z ^[[1m^[[92m  Downloaded^[[0m crc32fast v1.5.0
Lint and Format Check	Check Rust scripts compile	2026-05-18T17:09:07.0332195Z ^[[1m^[[92m  Downloaded^[[0m cc v1.2.62
Lint and Format Check	Check Rust scripts compile	2026-05-18T17:09:07.0365105Z ^[[1m^[[92m  Downloaded^[[0m zerofrom-derive v0.1.7
Lint and Format Check	Check Rust scripts compile	2026-05-18T17:09:07.0387339Z ^[[1m^[[92m  Downloaded^[[0m untrusted v0.9.0
Lint and Format Check	Check Rust scripts compile	2026-05-18T17:09:07.0408191Z ^[[1m^[[92m  Downloaded^[[0m stable_deref_trait v1.2.1
Lint and Format Check	Check Rust scripts compile	2026-05-18T17:09:07.0418207Z ^[[1m^[[92m  Downloaded^[[0m potential_utf v0.1.5
Lint and Format Check	Check Rust scripts compile	2026-05-18T17:09:07.0436020Z ^[[1m^[[92m  Downloaded^[[0m tinystr v0.8.3
Lint and Format Check	Check Rust scripts compile	2026-05-18T17:09:07.0460513Z ^[[1m^[[92m  Downloaded^[[0m zerofrom v0.1.8
Lint and Format Check	Check Rust scripts compile	2026-05-18T17:09:07.0470611Z ^[[1m^[[92m  Downloaded^[[0m webpki-roots v0.26.11
Lint and Format Check	Check Rust scripts compile	2026-05-18T17:09:07.0485956Z ^[[1m^[[92m  Downloaded^[[0m percent-encoding v2.3.2
Lint and Format Check	Check Rust scripts compile	2026-05-18T17:09:07.0495248Z ^[[1m^[[92m  Downloaded^[[0m subtle v2.6.1
Lint and Format Check	Check Rust scripts compile	2026-05-18T17:09:07.0508407Z ^[[1m^[[92m  Downloaded^[[0m yoke-derive v0.8.2
Lint and Format Check	Check Rust scripts compile	2026-05-18T17:09:07.0522630Z ^[[1m^[[92m  Downloaded^[[0m synstructure v0.13.2
Lint and Format Check	Check Rust scripts compile	2026-05-18T17:09:07.0534619Z ^[[1m^[[92m  Downloaded^[[0m idna_adapter v1.2.2
Lint and Format Check	Check Rust scripts compile	2026-05-18T17:09:07.0546747Z ^[[1m^[[92m  Downloaded^[[0m zmij v1.0.21
Lint and Format Check	Check Rust scripts compile	2026-05-18T17:09:07.0568617Z ^[[1m^[[92m  Downloaded^[[0m zeroize v1.8.2
Lint and Format Check	Check Rust scripts compile	2026-05-18T17:09:07.0584064Z ^[[1m^[[92m  Downloaded^[[0m serde v1.0.228
Lint and Format Check	Check Rust scripts compile	2026-05-18T17:09:07.0621942Z ^[[1m^[[92m  Downloaded^[[0m zerovec-derive v0.11.3
Lint and Format Check	Check Rust scripts compile	2026-05-18T17:09:07.0642232Z ^[[1m^[[92m  Downloaded^[[0m yoke v0.8.2
Lint and Format Check	Check Rust scripts compile	2026-05-18T17:09:07.0664403Z ^[[1m^[[92m  Downloaded^[[0m miniz_oxide v0.8.9
Lint and Format Check	Check Rust scripts compile	2026-05-18T17:09:07.0693316Z ^[[1m^[[92m  Downloaded^[[0m zerotrie v0.2.4
Lint and Format Check	Check Rust scripts compile	2026-05-18T17:09:07.0736074Z ^[[1m^[[92m  Downloaded^[[0m url v2.5.8
Lint and Format Check	Check Rust scripts compile	2026-05-18T17:09:07.0763823Z ^[[1m^[[92m  Downloaded^[[0m serde_json v1.0.149
Lint and Format Check	Check Rust scripts compile	2026-05-18T17:09:07.0840672Z ^[[1m^[[92m  Downloaded^[[0m zerovec v0.11.6
Lint and Format Check	Check Rust scripts compile	2026-05-18T17:09:07.0901713Z ^[[1m^[[92m  Downloaded^[[0m ureq v2.12.1
Lint and Format Check	Check Rust scripts compile	2026-05-18T17:09:07.0952325Z ^[[1m^[[92m  Downloaded^[[0m icu_properties_data v2.2.0
Lint and Format Check	Check Rust scripts compile	2026-05-18T17:09:07.1062885Z ^[[1m^[[92m  Downloaded^[[0m webpki-roots v1.0.7
Lint and Format Check	Check Rust scripts compile	2026-05-18T17:09:07.1094599Z ^[[1m^[[92m  Downloaded^[[0m rustls-webpki v0.103.13
Lint and Format Check	Check Rust scripts compile	2026-05-18T17:09:07.1126885Z ^[[1m^[[92m  Downloaded^[[0m idna v1.1.0
Lint and Format Check	Check Rust scripts compile	2026-05-18T17:09:07.1161675Z ^[[1m^[[92m  Downloaded^[[0m icu_properties v2.2.0
Lint and Format Check	Check Rust scripts compile	2026-05-18T17:09:07.1186829Z ^[[1m^[[92m  Downloaded^[[0m icu_normalizer_data v2.2.0
Lint and Format Check	Check Rust scripts compile	2026-05-18T17:09:07.1208799Z ^[[1m^[[92m  Downloaded^[[0m icu_locale_core v2.2.0
Lint and Format Check	Check Rust scripts compile	2026-05-18T17:09:07.1278956Z ^[[1m^[[92m  Downloaded^[[0m log v0.4.29
Lint and Format Check	Check Rust scripts compile	2026-05-18T17:09:07.1305309Z ^[[1m^[[92m  Downloaded^[[0m icu_provider v2.2.0
Lint and Format Check	Check Rust scripts compile	2026-05-18T17:09:07.1331071Z ^[[1m^[[92m  Downloaded^[[0m rustls-pki-types v1.14.1
Lint and Format Check	Check Rust scripts compile	2026-05-18T17:09:07.1356421Z ^[[1m^[[92m  Downloaded^[[0m once_cell v1.21.4
Lint and Format Check	Check Rust scripts compile	2026-05-18T17:09:07.1382605Z ^[[1m^[[92m  Downloaded^[[0m rustls v0.23.40
Lint and Format Check	Check Rust scripts compile	2026-05-18T17:09:07.1500974Z ^[[1m^[[92m  Downloaded^[[0m icu_normalizer v2.2.0
Lint and Format Check	Check Rust scripts compile	2026-05-18T17:09:07.1538176Z ^[[1m^[[92m  Downloaded^[[0m flate2 v1.1.9
Lint and Format Check	Check Rust scripts compile	2026-05-18T17:09:07.1589750Z ^[[1m^[[92m  Downloaded^[[0m shlex v1.3.0
Lint and Format Check	Check Rust scripts compile	2026-05-18T17:09:07.1602352Z ^[[1m^[[92m  Downloaded^[[0m writeable v0.6.3
Lint and Format Check	Check Rust scripts compile	2026-05-18T17:09:07.1622415Z ^[[1m^[[92m  Downloaded^[[0m simd-adler32 v0.3.9
Lint and Format Check	Check Rust scripts compile	2026-05-18T17:09:07.1642180Z ^[[1m^[[92m  Downloaded^[[0m serde_core v1.0.228
Lint and Format Check	Check Rust scripts compile	2026-05-18T17:09:07.1669722Z ^[[1m^[[92m  Downloaded^[[0m itoa v1.0.18
Lint and Format Check	Check Rust scripts compile	2026-05-18T17:09:07.1686552Z ^[[1m^[[92m  Downloaded^[[0m utf8_iter v1.0.4
Lint and Format Check	Check Rust scripts compile	2026-05-18T17:09:07.1697626Z ^[[1m^[[92m  Downloaded^[[0m litemap v0.8.2
Lint and Format Check	Check Rust scripts compile	2026-05-18T17:09:07.1720430Z ^[[1m^[[92m  Downloaded^[[0m icu_collections v2.2.0
Lint and Format Check	Check Rust scripts compile	2026-05-18T17:09:07.1781850Z ^[[1m^[[92m  Downloaded^[[0m smallvec v1.15.1
Lint and Format Check	Check Rust scripts compile	2026-05-18T17:09:07.1803631Z ^[[1m^[[92m  Downloaded^[[0m serde_derive v1.0.228
Lint and Format Check	Check Rust scripts compile	2026-05-18T17:09:07.1834368Z ^[[1m^[[92m  Downloaded^[[0m cfg-if v1.0.4
Lint and Format Check	Check Rust scripts compile	2026-05-18T17:09:07.1865173Z ^[[1m^[[92m  Downloaded^[[0m libc v0.2.186
Lint and Format Check	Check Rust scripts compile	2026-05-18T17:09:07.2271107Z ^[[1m^[[92m  Downloaded^[[0m ring v0.17.14
Lint and Format Check	Check Rust scripts compile	2026-05-18T17:09:07.3108219Z ^[[1m^[[92m   Compiling^[[0m proc-macro2 v1.0.106
Lint and Format Check	Check Rust scripts compile	2026-05-18T17:09:07.3109028Z ^[[1m^[[92m   Compiling^[[0m quote v1.0.45
Lint and Format Check	Check Rust scripts compile	2026-05-18T17:09:07.3109690Z ^[[1m^[[92m   Compiling^[[0m unicode-ident v1.0.24
Lint and Format Check	Check Rust scripts compile	2026-05-18T17:09:07.3110405Z ^[[1m^[[92m    Checking^[[0m stable_deref_trait v1.2.1
Lint and Format Check	Check Rust scripts compile	2026-05-18T17:09:07.3336162Z ^[[1m^[[92m    Checking^[[0m writeable v0.6.3
Lint and Format Check	Check Rust scripts compile	2026-05-18T17:09:07.4395850Z ^[[1m^[[92m    Checking^[[0m litemap v0.8.2
Lint and Format Check	Check Rust scripts compile	2026-05-18T17:09:07.5373647Z ^[[1m^[[92m   Compiling^[[0m find-msvc-tools v0.1.9
Lint and Format Check	Check Rust scripts compile	2026-05-18T17:09:07.9238687Z ^[[1m^[[92m   Compiling^[[0m shlex v1.3.0
Lint and Format Check	Check Rust scripts compile	2026-05-18T17:09:07.9486084Z ^[[1m^[[92m   Compiling^[[0m icu_properties_data v2.2.0
Lint and Format Check	Check Rust scripts compile	2026-05-18T17:09:08.0273320Z ^[[1m^[[92m   Compiling^[[0m cc v1.2.62
Lint and Format Check	Check Rust scripts compile	2026-05-18T17:09:09.0337335Z ^[[1m^[[92m   Compiling^[[0m libc v0.2.186
Lint and Format Check	Check Rust scripts compile	2026-05-18T17:09:09.6687989Z ^[[1m^[[92m    Checking^[[0m utf8_iter v1.0.4
Lint and Format Check	Check Rust scripts compile	2026-05-18T17:09:09.6763411Z ^[[1m^[[92m   Compiling^[[0m icu_normalizer_data v2.2.0
Lint and Format Check	Check Rust scripts compile	2026-05-18T17:09:09.6874745Z ^[[1m^[[92m    Checking^[[0m cfg-if v1.0.4
Lint and Format Check	Check Rust scripts compile	2026-05-18T17:09:09.7230037Z ^[[1m^[[92m   Compiling^[[0m ring v0.17.14
Lint and Format Check	Check Rust scripts compile	2026-05-18T17:09:09.7300841Z ^[[1m^[[92m    Checking^[[0m zeroize v1.8.2
Lint and Format Check	Check Rust scripts compile	2026-05-18T17:09:09.8240052Z ^[[1m^[[92m    Checking^[[0m rustls-pki-types v1.14.1
Lint and Format Check	Check Rust scripts compile	2026-05-18T17:09:10.1102834Z ^[[1m^[[92m    Checking^[[0m smallvec v1.15.1
Lint and Format Check	Check Rust scripts compile	2026-05-18T17:09:10.2285980Z ^[[1m^[[92m    Checking^[[0m untrusted v0.9.0
Lint and Format Check	Check Rust scripts compile	2026-05-18T17:09:10.2833937Z ^[[1m^[[92m    Checking^[[0m memchr v2.8.0
Lint and Format Check	Check Rust scripts compile	2026-05-18T17:09:10.6062395Z ^[[1m^[[92m   Compiling^[[0m serde_core v1.0.228
Lint and Format Check	Check Rust scripts compile	2026-05-18T17:09:10.7383197Z ^[[1m^[[92m   Compiling^[[0m syn v2.0.117
Lint and Format Check	Check Rust scripts compile	2026-05-18T17:09:10.7660011Z ^[[1m^[[92m   Compiling^[[0m crc32fast v1.5.0
Lint and Format Check	Check Rust scripts compile	2026-05-18T17:09:10.8853845Z ^[[1m^[[92m    Checking^[[0m getrandom v0.2.17
Lint and Format Check	Check Rust scripts compile	2026-05-18T17:09:10.9367825Z ^[[1m^[[92m   Compiling^[[0m rustls v0.23.40
Lint and Format Check	Check Rust scripts compile	2026-05-18T17:09:10.9570770Z ^[[1m^[[92m    Checking^[[0m simd-adler32 v0.3.9
Lint and Format Check	Check Rust scripts compile	2026-05-18T17:09:11.0124054Z ^[[1m^[[92m    Checking^[[0m percent-encoding v2.3.2
Lint and Format Check	Check Rust scripts compile	2026-05-18T17:09:11.0692189Z ^[[1m^[[92m   Compiling^[[0m zmij v1.0.21
Lint and Format Check	Check Rust scripts compile	2026-05-18T17:09:11.0899444Z ^[[1m^[[92m    Checking^[[0m adler2 v2.0.1
Lint and Format Check	Check Rust scripts compile	2026-05-18T17:09:11.1254063Z ^[[1m^[[92m    Checking^[[0m miniz_oxide v0.8.9
Lint and Format Check	Check Rust scripts compile	2026-05-18T17:09:11.2308677Z ^[[1m^[[92m    Checking^[[0m form_urlencoded v1.2.2
Lint and Format Check	Check Rust scripts compile	2026-05-18T17:09:11.4520942Z ^[[1m^[[92m    Checking^[[0m aho-corasick v1.1.4
Lint and Format Check	Check Rust scripts compile	2026-05-18T17:09:12.1234185Z ^[[1m^[[92m    Checking^[[0m webpki-roots v1.0.7
Lint and Format Check	Check Rust scripts compile	2026-05-18T17:09:12.1823607Z ^[[1m^[[92m   Compiling^[[0m serde v1.0.228
Lint and Format Check	Check Rust scripts compile	2026-05-18T17:09:12.3793226Z ^[[1m^[[92m   Compiling^[[0m serde_json v1.0.149
Lint and Format Check	Check Rust scripts compile	2026-05-18T17:09:12.4789729Z ^[[1m^[[92m    Checking^[[0m subtle v2.6.1
Lint and Format Check	Check Rust scripts compile	2026-05-18T17:09:12.5553624Z ^[[1m^[[92m    Checking^[[0m once_cell v1.21.4
Lint and Format Check	Check Rust scripts compile	2026-05-18T17:09:12.6773359Z ^[[1m^[[92m    Checking^[[0m log v0.4.29
Lint and Format Check	Check Rust scripts compile	2026-05-18T17:09:12.7727489Z ^[[1m^[[92m    Checking^[[0m regex-syntax v0.8.10
Lint and Format Check	Check Rust scripts compile	2026-05-18T17:09:13.3243276Z ^[[1m^[[92m   Compiling^[[0m synstructure v0.13.2
Lint and Format Check	Check Rust scripts compile	2026-05-18T17:09:13.7793266Z ^[[1m^[[92m    Checking^[[0m webpki-roots v0.26.11
Lint and Format Check	Check Rust scripts compile	2026-05-18T17:09:13.8035641Z ^[[1m^[[92m    Checking^[[0m flate2 v1.1.9
Lint and Format Check	Check Rust scripts compile	2026-05-18T17:09:13.8341414Z ^[[1m^[[92m   Compiling^[[0m zerofrom-derive v0.1.7
Lint and Format Check	Check Rust scripts compile	2026-05-18T17:09:14.0617453Z ^[[1m^[[92m   Compiling^[[0m yoke-derive v0.8.2
Lint and Format Check	Check Rust scripts compile	2026-05-18T17:09:14.1568738Z ^[[1m^[[92m   Compiling^[[0m zerovec-derive v0.11.3
Lint and Format Check	Check Rust scripts compile	2026-05-18T17:09:14.5751137Z ^[[1m^[[92m    Checking^[[0m zerofrom v0.1.8
Lint and Format Check	Check Rust scripts compile	2026-05-18T17:09:14.6234043Z ^[[1m^[[92m   Compiling^[[0m displaydoc v0.2.5
Lint and Format Check	Check Rust scripts compile	2026-05-18T17:09:14.6584016Z ^[[1m^[[92m    Checking^[[0m yoke v0.8.2
Lint and Format Check	Check Rust scripts compile	2026-05-18T17:09:14.7727257Z ^[[1m^[[92m    Checking^[[0m regex-automata v0.4.14
Lint and Format Check	Check Rust scripts compile	2026-05-18T17:09:15.0594202Z ^[[1m^[[92m    Checking^[[0m zerovec v0.11.6
Lint and Format Check	Check Rust scripts compile	2026-05-18T17:09:15.0646205Z ^[[1m^[[92m    Checking^[[0m zerotrie v0.2.4
Lint and Format Check	Check Rust scripts compile	2026-05-18T17:09:15.2734113Z ^[[1m^[[92m   Compiling^[[0m serde_derive v1.0.228
Lint and Format Check	Check Rust scripts compile	2026-05-18T17:09:15.4610622Z ^[[1m^[[92m    Checking^[[0m tinystr v0.8.3
Lint and Format Check	Check Rust scripts compile	2026-05-18T17:09:15.5426115Z ^[[1m^[[92m    Checking^[[0m icu_locale_core v2.2.0
Lint and Format Check	Check Rust scripts compile	2026-05-18T17:09:16.2109696Z ^[[1m^[[92m    Checking^[[0m potential_utf v0.1.5
Lint and Format Check	Check Rust scripts compile	2026-05-18T17:09:16.2287018Z ^[[1m^[[92m    Checking^[[0m icu_provider v2.2.0
Lint and Format Check	Check Rust scripts compile	2026-05-18T17:09:16.2729884Z ^[[1m^[[92m    Checking^[[0m icu_collections v2.2.0
Lint and Format Check	Check Rust scripts compile	2026-05-18T17:09:16.5200450Z ^[[1m^[[92m    Checking^[[0m icu_properties v2.2.0
Lint and Format Check	Check Rust scripts compile	2026-05-18T17:09:16.6509583Z ^[[1m^[[92m    Checking^[[0m icu_normalizer v2.2.0
Lint and Format Check	Check Rust scripts compile	2026-05-18T17:09:16.9115788Z ^[[1m^[[92m    Checking^[[0m base64 v0.22.1
Lint and Format Check	Check Rust scripts compile	2026-05-18T17:09:17.1134249Z ^[[1m^[[92m    Checking^[[0m itoa v1.0.18
Lint and Format Check	Check Rust scripts compile	2026-05-18T17:09:17.2721373Z ^[[1m^[[92m    Checking^[[0m idna_adapter v1.2.2
Lint and Format Check	Check Rust scripts compile	2026-05-18T17:09:17.3157644Z ^[[1m^[[92m    Checking^[[0m idna v1.1.0
Lint and Format Check	Check Rust scripts compile	2026-05-18T17:09:17.5271275Z ^[[1m^[[92m    Checking^[[0m url v2.5.8
Lint and Format Check	Check Rust scripts compile	2026-05-18T17:09:17.8111443Z ^[[1m^[[92m    Checking^[[0m regex v1.12.3
Lint and Format Check	Check Rust scripts compile	2026-05-18T17:09:23.6510518Z ^[[1m^[[92m    Checking^[[0m rustls-webpki v0.103.13
Lint and Format Check	Check Rust scripts compile	2026-05-18T17:09:25.7007288Z ^[[1m^[[92m    Checking^[[0m ureq v2.12.1
Lint and Format Check	Check Rust scripts compile	2026-05-18T17:09:25.9821677Z ^[[1m^[[92m    Checking^[[0m check-release-needed_c1f8d9263ca93c21ec388a17 v0.1.0 (/home/runner/.cache/rust-script/projects/c1f8d9263ca93c21ec388a17)
Lint and Format Check	Check Rust scripts compile	2026-05-18T17:09:26.1094557Z ^[[1m^[[92m    Finished^[[0m `dev` profile [unoptimized + debuginfo] target(s) in 19.38s
Lint and Format Check	Check Rust scripts compile	2026-05-18T17:09:26.1370195Z Checking rust/scripts/check-version-modification.rs
Lint and Format Check	Check Rust scripts compile	2026-05-18T17:09:26.1816996Z ^[[1m^[[92m    Updating^[[0m crates.io index
Lint and Format Check	Check Rust scripts compile	2026-05-18T17:09:26.2212310Z ^[[1m^[[92m     Locking^[[0m 5 packages to latest compatible versions
Lint and Format Check	Check Rust scripts compile	2026-05-18T17:09:26.2384477Z ^[[1m^[[92m    Checking^[[0m memchr v2.8.0
Lint and Format Check	Check Rust scripts compile	2026-05-18T17:09:26.2385197Z ^[[1m^[[92m    Checking^[[0m regex-syntax v0.8.10
Lint and Format Check	Check Rust scripts compile	2026-05-18T17:09:26.5023431Z ^[[1m^[[92m    Checking^[[0m aho-corasick v1.1.4
Lint and Format Check	Check Rust scripts compile	2026-05-18T17:09:27.2059851Z ^[[1m^[[92m    Checking^[[0m regex-automata v0.4.14
Lint and Format Check	Check Rust scripts compile	2026-05-18T17:09:28.2845900Z ^[[1m^[[92m    Checking^[[0m regex v1.12.3
Lint and Format Check	Check Rust scripts compile	2026-05-18T17:09:28.4546904Z ^[[1m^[[92m    Checking^[[0m check-version-modification_3a9e928dbcd127b523f05e98 v0.1.0 (/home/runner/.cache/rust-script/projects/3a9e928dbcd127b523f05e98)
Lint and Format Check	Check Rust scripts compile	2026-05-18T17:09:28.4889486Z ^[[1m^[[92m    Finished^[[0m `dev` profile [unoptimized + debuginfo] target(s) in 2.33s
Lint and Format Check	Check Rust scripts compile	2026-05-18T17:09:28.4957480Z Checking rust/scripts/collect-changelog.rs
Lint and Format Check	Check Rust scripts compile	2026-05-18T17:09:28.5390013Z ^[[1m^[[92m    Updating^[[0m crates.io index
Lint and Format Check	Check Rust scripts compile	2026-05-18T17:09:28.6530849Z ^[[1m^[[92m     Locking^[[0m 41 packages to latest compatible versions
Lint and Format Check	Check Rust scripts compile	2026-05-18T17:09:28.6672273Z ^[[1m^[[92m Downloading^[[0m crates ...
Lint and Format Check	Check Rust scripts compile	2026-05-18T17:09:28.7016630Z ^[[1m^[[92m  Downloaded^[[0m iana-time-zone v0.1.65
Lint and Format Check	Check Rust scripts compile	2026-05-18T17:09:28.7048507Z ^[[1m^[[92m  Downloaded^[[0m autocfg v1.5.0
Lint and Format Check	Check Rust scripts compile	2026-05-18T17:09:28.7068150Z ^[[1m^[[92m  Downloaded^[[0m num-traits v0.2.19
Lint and Format Check	Check Rust scripts compile	2026-05-18T17:09:28.7112109Z ^[[1m^[[92m  Downloaded^[[0m chrono v0.4.44
Lint and Format Check	Check Rust scripts compile	2026-05-18T17:09:28.7344155Z ^[[1m^[[92m   Compiling^[[0m autocfg v1.5.0
Lint and Format Check	Check Rust scripts compile	2026-05-18T17:09:28.7345024Z ^[[1m^[[92m    Checking^[[0m memchr v2.8.0
Lint and Format Check	Check Rust scripts compile	2026-05-18T17:09:28.7345797Z ^[[1m^[[92m    Checking^[[0m regex-syntax v0.8.10
Lint and Format Check	Check Rust scripts compile	2026-05-18T17:09:28.7346430Z ^[[1m^[[92m    Checking^[[0m iana-time-zone v0.1.65
Lint and Format Check	Check Rust scripts compile	2026-05-18T17:09:29.0064486Z ^[[1m^[[92m   Compiling^[[0m num-traits v0.2.19
Lint and Format Check	Check Rust scripts compile	2026-05-18T17:09:29.1062254Z ^[[1m^[[92m    Checking^[[0m aho-corasick v1.1.4
Lint and Format Check	Check Rust scripts compile	2026-05-18T17:09:29.6963260Z ^[[1m^[[92m    Checking^[[0m chrono v0.4.44
Lint and Format Check	Check Rust scripts compile	2026-05-18T17:09:29.9512193Z ^[[1m^[[92m    Checking^[[0m regex-automata v0.4.14
Lint and Format Check	Check Rust scripts compile	2026-05-18T17:09:31.0190011Z ^[[1m^[[92m    Checking^[[0m regex v1.12.3
Lint and Format Check	Check Rust scripts compile	2026-05-18T17:09:31.1920332Z ^[[1m^[[92m    Checking^[[0m collect-changelog_2df5fcfd61d515a47e490f72 v0.1.0 (/home/runner/.cache/rust-script/projects/2df5fcfd61d515a47e490f72)
Lint and Format Check	Check Rust scripts compile	2026-05-18T17:09:31.2428620Z ^[[1m^[[92m    Finished^[[0m `dev` profile [unoptimized + debuginfo] target(s) in 2.73s
Lint and Format Check	Check Rust scripts compile	2026-05-18T17:09:31.2580922Z Checking rust/scripts/create-changelog-fragment.rs
Lint and Format Check	Check Rust scripts compile	2026-05-18T17:09:31.2999936Z ^[[1m^[[92m    Updating^[[0m crates.io index
Lint and Format Check	Check Rust scripts compile	2026-05-18T17:09:31.3661131Z ^[[1m^[[92m     Locking^[[0m 36 packages to latest compatible versions
Lint and Format Check	Check Rust scripts compile	2026-05-18T17:09:31.3946704Z ^[[1m^[[92m   Compiling^[[0m autocfg v1.5.0
Lint and Format Check	Check Rust scripts compile	2026-05-18T17:09:31.5561672Z ^[[1m^[[92m    Checking^[[0m iana-time-zone v0.1.65
Lint and Format Check	Check Rust scripts compile	2026-05-18T17:09:31.5562520Z ^[[1m^[[92m   Compiling^[[0m num-traits v0.2.19
Lint and Format Check	Check Rust scripts compile	2026-05-18T17:09:31.9914026Z ^[[1m^[[92m    Checking^[[0m chrono v0.4.44
Lint and Format Check	Check Rust scripts compile	2026-05-18T17:09:32.5783825Z ^[[1m^[[92m    Checking^[[0m create-changelog-fragment_4bbc346653a9d1a94f6b1587 v0.1.0 (/home/runner/.cache/rust-script/projects/4bbc346653a9d1a94f6b1587)
Lint and Format Check	Check Rust scripts compile	2026-05-18T17:09:32.6127300Z ^[[1m^[[92m    Finished^[[0m `dev` profile [unoptimized + debuginfo] target(s) in 1.34s
Lint and Format Check	Check Rust scripts compile	2026-05-18T17:09:32.6247147Z Checking rust/scripts/create-github-release.rs
Lint and Format Check	Check Rust scripts compile	2026-05-18T17:09:32.6695781Z ^[[1m^[[92m    Updating^[[0m crates.io index
Lint and Format Check	Check Rust scripts compile	2026-05-18T17:09:32.7248567Z ^[[1m^[[92m     Locking^[[0m 15 packages to latest compatible versions
Lint and Format Check	Check Rust scripts compile	2026-05-18T17:09:32.7599703Z ^[[1m^[[92m   Compiling^[[0m proc-macro2 v1.0.106
Lint and Format Check	Check Rust scripts compile	2026-05-18T17:09:32.7600396Z ^[[1m^[[92m   Compiling^[[0m quote v1.0.45
Lint and Format Check	Check Rust scripts compile	2026-05-18T17:09:32.7600967Z ^[[1m^[[92m   Compiling^[[0m unicode-ident v1.0.24
Lint and Format Check	Check Rust scripts compile	2026-05-18T17:09:32.7601520Z ^[[1m^[[92m    Checking^[[0m memchr v2.8.0
Lint and Format Check	Check Rust scripts compile	2026-05-18T17:09:32.8218238Z ^[[1m^[[92m   Compiling^[[0m serde_core v1.0.228
Lint and Format Check	Check Rust scripts compile	2026-05-18T17:09:32.9282696Z ^[[1m^[[92m   Compiling^[[0m zmij v1.0.21
Lint and Format Check	Check Rust scripts compile	2026-05-18T17:09:33.0953369Z ^[[1m^[[92m    Checking^[[0m regex-syntax v0.8.10
Lint and Format Check	Check Rust scripts compile	2026-05-18T17:09:33.1553237Z ^[[1m^[[92m    Checking^[[0m aho-corasick v1.1.4
Lint and Format Check	Check Rust scripts compile	2026-05-18T17:09:33.8663115Z ^[[1m^[[92m   Compiling^[[0m syn v2.0.117
Lint and Format Check	Check Rust scripts compile	2026-05-18T17:09:33.9063150Z ^[[1m^[[92m   Compiling^[[0m serde v1.0.228
Lint and Format Check	Check Rust scripts compile	2026-05-18T17:09:34.0733711Z ^[[1m^[[92m   Compiling^[[0m serde_json v1.0.149
Lint and Format Check	Check Rust scripts compile	2026-05-18T17:09:34.4043222Z ^[[1m^[[92m    Checking^[[0m itoa v1.0.18
Lint and Format Check	Check Rust scripts compile	2026-05-18T17:09:34.6127767Z ^[[1m^[[92m    Checking^[[0m regex-automata v0.4.14
Lint and Format Check	Check Rust scripts compile	2026-05-18T17:09:35.7096380Z ^[[1m^[[92m   Compiling^[[0m serde_derive v1.0.228
Lint and Format Check	Check Rust scripts compile	2026-05-18T17:09:35.9957091Z ^[[1m^[[92m    Checking^[[0m regex v1.12.3
Lint and Format Check	Check Rust scripts compile	2026-05-18T17:09:37.6046549Z ^[[1m^[[92m    Checking^[[0m create-github-release_1dec8e5da719fa2b108176ac v0.1.0 (/home/runner/.cache/rust-script/projects/1dec8e5da719fa2b108176ac)
Lint and Format Check	Check Rust scripts compile	2026-05-18T17:09:37.6920404Z ^[[1m^[[92m    Finished^[[0m `dev` profile [unoptimized + debuginfo] target(s) in 5.05s
Lint and Format Check	Check Rust scripts compile	2026-05-18T17:09:37.7040823Z Checking rust/scripts/detect-code-changes.rs
Lint and Format Check	Check Rust scripts compile	2026-05-18T17:09:37.7478977Z ^[[1m^[[92m    Updating^[[0m crates.io index
Lint and Format Check	Check Rust scripts compile	2026-05-18T17:09:37.7865068Z ^[[1m^[[92m     Locking^[[0m 5 packages to latest compatible versions
Lint and Format Check	Check Rust scripts compile	2026-05-18T17:09:37.8028983Z ^[[1m^[[92m    Checking^[[0m memchr v2.8.0
Lint and Format Check	Check Rust scripts compile	2026-05-18T17:09:37.8029693Z ^[[1m^[[92m    Checking^[[0m regex-syntax v0.8.10
Lint and Format Check	Check Rust scripts compile	2026-05-18T17:09:38.0607240Z ^[[1m^[[92m    Checking^[[0m aho-corasick v1.1.4
Lint and Format Check	Check Rust scripts compile	2026-05-18T17:09:38.7492466Z ^[[1m^[[92m    Checking^[[0m regex-automata v0.4.14
Lint and Format Check	Check Rust scripts compile	2026-05-18T17:09:39.8028024Z ^[[1m^[[92m    Checking^[[0m regex v1.12.3
Lint and Format Check	Check Rust scripts compile	2026-05-18T17:09:39.9697919Z ^[[1m^[[92m    Checking^[[0m detect-code-changes_5ce6b533db8b4a7a4465c865 v0.1.0 (/home/runner/.cache/rust-script/projects/5ce6b533db8b4a7a4465c865)
Lint and Format Check	Check Rust scripts compile	2026-05-18T17:09:40.0118840Z ^[[1m^[[92m    Finished^[[0m `dev` profile [unoptimized + debuginfo] target(s) in 2.29s
Lint and Format Check	Check Rust scripts compile	2026-05-18T17:09:40.0182148Z Checking rust/scripts/get-bump-type.rs
Lint and Format Check	Check Rust scripts compile	2026-05-18T17:09:40.0607028Z ^[[1m^[[92m    Updating^[[0m crates.io index
Lint and Format Check	Check Rust scripts compile	2026-05-18T17:09:40.0983413Z ^[[1m^[[92m     Locking^[[0m 5 packages to latest compatible versions
Lint and Format Check	Check Rust scripts compile	2026-05-18T17:09:40.1164221Z ^[[1m^[[92m    Checking^[[0m memchr v2.8.0
Lint and Format Check	Check Rust scripts compile	2026-05-18T17:09:40.1164952Z ^[[1m^[[92m    Checking^[[0m regex-syntax v0.8.10
Lint and Format Check	Check Rust scripts compile	2026-05-18T17:09:40.3640932Z ^[[1m^[[92m    Checking^[[0m aho-corasick v1.1.4
Lint and Format Check	Check Rust scripts compile	2026-05-18T17:09:41.0965093Z ^[[1m^[[92m    Checking^[[0m regex-automata v0.4.14
Lint and Format Check	Check Rust scripts compile	2026-05-18T17:09:42.1410277Z ^[[1m^[[92m    Checking^[[0m regex v1.12.3
Lint and Format Check	Check Rust scripts compile	2026-05-18T17:09:42.3027963Z ^[[1m^[[92m    Checking^[[0m get-bump-type_f8e81454800359be7e4ee6b9 v0.1.0 (/home/runner/.cache/rust-script/projects/f8e81454800359be7e4ee6b9)
Lint and Format Check	Check Rust scripts compile	2026-05-18T17:09:42.3453781Z ^[[1m^[[92m    Finished^[[0m `dev` profile [unoptimized + debuginfo] target(s) in 2.31s
Lint and Format Check	Check Rust scripts compile	2026-05-18T17:09:42.3518692Z Checking rust/scripts/get-version.rs
Lint and Format Check	Check Rust scripts compile	2026-05-18T17:09:42.3938953Z ^[[1m^[[92m    Updating^[[0m crates.io index
Lint and Format Check	Check Rust scripts compile	2026-05-18T17:09:42.4316794Z ^[[1m^[[92m     Locking^[[0m 5 packages to latest compatible versions
Lint and Format Check	Check Rust scripts compile	2026-05-18T17:09:42.4476529Z ^[[1m^[[92m    Checking^[[0m memchr v2.8.0
Lint and Format Check	Check Rust scripts compile	2026-05-18T17:09:42.4477276Z ^[[1m^[[92m    Checking^[[0m regex-syntax v0.8.10
Lint and Format Check	Check Rust scripts compile	2026-05-18T17:09:42.7022950Z ^[[1m^[[92m    Checking^[[0m aho-corasick v1.1.4
Lint and Format Check	Check Rust scripts compile	2026-05-18T17:09:43.4187980Z ^[[1m^[[92m    Checking^[[0m regex-automata v0.4.14
Lint and Format Check	Check Rust scripts compile	2026-05-18T17:09:44.4807783Z ^[[1m^[[92m    Checking^[[0m regex v1.12.3
Lint and Format Check	Check Rust scripts compile	2026-05-18T17:09:44.6473437Z ^[[1m^[[92m    Checking^[[0m get-version_d54957232a1242c4139943e3 v0.1.0 (/home/runner/.cache/rust-script/projects/d54957232a1242c4139943e3)
Lint and Format Check	Check Rust scripts compile	2026-05-18T17:09:44.7089341Z ^[[1m^[[92m    Finished^[[0m `dev` profile [unoptimized + debuginfo] target(s) in 2.34s
Lint and Format Check	Check Rust scripts compile	2026-05-18T17:09:44.7153511Z Checking rust/scripts/git-config.rs
Lint and Format Check	Check Rust scripts compile	2026-05-18T17:09:44.7672749Z ^[[1m^[[92m    Checking^[[0m git-config_75488ca7e3e4b551550c39b0 v0.1.0 (/home/runner/.cache/rust-script/projects/75488ca7e3e4b551550c39b0)
Lint and Format Check	Check Rust scripts compile	2026-05-18T17:09:44.7989451Z ^[[1m^[[92m    Finished^[[0m `dev` profile [unoptimized + debuginfo] target(s) in 0.07s
Lint and Format Check	Check Rust scripts compile	2026-05-18T17:09:44.8024161Z Checking rust/scripts/publish-crate.rs
Lint and Format Check	Check Rust scripts compile	2026-05-18T17:09:44.8446475Z ^[[1m^[[92m    Updating^[[0m crates.io index
Lint and Format Check	Check Rust scripts compile	2026-05-18T17:09:44.9692326Z ^[[1m^[[92m     Locking^[[0m 75 packages to latest compatible versions
Lint and Format Check	Check Rust scripts compile	2026-05-18T17:09:45.0037066Z ^[[1m^[[92m      Adding^[[0m ureq v2.12.1 ^[[1m^[[33m(available: v3.3.0)^[[0m
Lint and Format Check	Check Rust scripts compile	2026-05-18T17:09:45.0637348Z ^[[1m^[[92m   Compiling^[[0m proc-macro2 v1.0.106
Lint and Format Check	Check Rust scripts compile	2026-05-18T17:09:45.0638146Z ^[[1m^[[92m   Compiling^[[0m quote v1.0.45
Lint and Format Check	Check Rust scripts compile	2026-05-18T17:09:45.0638884Z ^[[1m^[[92m   Compiling^[[0m unicode-ident v1.0.24
Lint and Format Check	Check Rust scripts compile	2026-05-18T17:09:45.0639685Z ^[[1m^[[92m    Checking^[[0m stable_deref_trait v1.2.1
Lint and Format Check	Check Rust scripts compile	2026-05-18T17:09:45.0887582Z ^[[1m^[[92m   Compiling^[[0m shlex v1.3.0
Lint and Format Check	Check Rust scripts compile	2026-05-18T17:09:45.1293166Z ^[[1m^[[92m    Checking^[[0m writeable v0.6.3
Lint and Format Check	Check Rust scripts compile	2026-05-18T17:09:45.2171200Z ^[[1m^[[92m   Compiling^[[0m find-msvc-tools v0.1.9
Lint and Format Check	Check Rust scripts compile	2026-05-18T17:09:45.2202336Z ^[[1m^[[92m    Checking^[[0m litemap v0.8.2
Lint and Format Check	Check Rust scripts compile	2026-05-18T17:09:45.2393197Z ^[[1m^[[92m   Compiling^[[0m icu_normalizer_data v2.2.0
Lint and Format Check	Check Rust scripts compile	2026-05-18T17:09:45.3353622Z ^[[1m^[[92m   Compiling^[[0m cc v1.2.62
Lint and Format Check	Check Rust scripts compile	2026-05-18T17:09:45.3483849Z ^[[1m^[[92m   Compiling^[[0m icu_properties_data v2.2.0
Lint and Format Check	Check Rust scripts compile	2026-05-18T17:09:45.3996330Z ^[[1m^[[92m    Checking^[[0m cfg-if v1.0.4
Lint and Format Check	Check Rust scripts compile	2026-05-18T17:09:45.4303754Z ^[[1m^[[92m    Checking^[[0m utf8_iter v1.0.4
Lint and Format Check	Check Rust scripts compile	2026-05-18T17:09:45.4466674Z ^[[1m^[[92m   Compiling^[[0m libc v0.2.186
Lint and Format Check	Check Rust scripts compile	2026-05-18T17:09:45.5075460Z ^[[1m^[[92m    Checking^[[0m zeroize v1.8.2
Lint and Format Check	Check Rust scripts compile	2026-05-18T17:09:45.5932621Z ^[[1m^[[92m    Checking^[[0m rustls-pki-types v1.14.1
Lint and Format Check	Check Rust scripts compile	2026-05-18T17:09:45.9513364Z ^[[1m^[[92m   Compiling^[[0m syn v2.0.117
Lint and Format Check	Check Rust scripts compile	2026-05-18T17:09:46.0703680Z ^[[1m^[[92m    Checking^[[0m smallvec v1.15.1
Lint and Format Check	Check Rust scripts compile	2026-05-18T17:09:46.2053243Z ^[[1m^[[92m   Compiling^[[0m crc32fast v1.5.0
Lint and Format Check	Check Rust scripts compile	2026-05-18T17:09:46.3523195Z ^[[1m^[[92m    Checking^[[0m untrusted v0.9.0
Lint and Format Check	Check Rust scripts compile	2026-05-18T17:09:46.4183066Z ^[[1m^[[92m   Compiling^[[0m rustls v0.23.40
Lint and Format Check	Check Rust scripts compile	2026-05-18T17:09:46.5093158Z ^[[1m^[[92m    Checking^[[0m simd-adler32 v0.3.9
Lint and Format Check	Check Rust scripts compile	2026-05-18T17:09:46.6082996Z ^[[1m^[[92m    Checking^[[0m percent-encoding v2.3.2
Lint and Format Check	Check Rust scripts compile	2026-05-18T17:09:46.6883714Z ^[[1m^[[92m    Checking^[[0m adler2 v2.0.1
Lint and Format Check	Check Rust scripts compile	2026-05-18T17:09:46.7172881Z ^[[1m^[[92m    Checking^[[0m getrandom v0.2.17
Lint and Format Check	Check Rust scripts compile	2026-05-18T17:09:46.7192219Z ^[[1m^[[92m   Compiling^[[0m ring v0.17.14
Lint and Format Check	Check Rust scripts compile	2026-05-18T17:09:46.7413403Z ^[[1m^[[92m    Checking^[[0m memchr v2.8.0
Lint and Format Check	Check Rust scripts compile	2026-05-18T17:09:46.8003762Z ^[[1m^[[92m    Checking^[[0m miniz_oxide v0.8.9
Lint and Format Check	Check Rust scripts compile	2026-05-18T17:09:47.1388999Z ^[[1m^[[92m    Checking^[[0m aho-corasick v1.1.4
Lint and Format Check	Check Rust scripts compile	2026-05-18T17:09:47.1433871Z ^[[1m^[[92m    Checking^[[0m form_urlencoded v1.2.2
Lint and Format Check	Check Rust scripts compile	2026-05-18T17:09:47.2973202Z ^[[1m^[[92m    Checking^[[0m webpki-roots v1.0.7
Lint and Format Check	Check Rust scripts compile	2026-05-18T17:09:47.3593154Z ^[[1m^[[92m    Checking^[[0m subtle v2.6.1
Lint and Format Check	Check Rust scripts compile	2026-05-18T17:09:47.4353009Z ^[[1m^[[92m    Checking^[[0m log v0.4.29
Lint and Format Check	Check Rust scripts compile	2026-05-18T17:09:47.5243167Z ^[[1m^[[92m    Checking^[[0m regex-syntax v0.8.10
Lint and Format Check	Check Rust scripts compile	2026-05-18T17:09:47.8943464Z ^[[1m^[[92m    Checking^[[0m once_cell v1.21.4
Lint and Format Check	Check Rust scripts compile	2026-05-18T17:09:48.0153269Z ^[[1m^[[92m    Checking^[[0m webpki-roots v0.26.11
Lint and Format Check	Check Rust scripts compile	2026-05-18T17:09:48.0423313Z ^[[1m^[[92m    Checking^[[0m flate2 v1.1.9
Lint and Format Check	Check Rust scripts compile	2026-05-18T17:09:48.3063089Z ^[[1m^[[92m   Compiling^[[0m synstructure v0.13.2
Lint and Format Check	Check Rust scripts compile	2026-05-18T17:09:48.7453459Z ^[[1m^[[92m    Checking^[[0m base64 v0.22.1
Lint and Format Check	Check Rust scripts compile	2026-05-18T17:09:48.9303379Z ^[[1m^[[92m    Checking^[[0m regex-automata v0.4.14
Lint and Format Check	Check Rust scripts compile	2026-05-18T17:09:49.0323639Z ^[[1m^[[92m   Compiling^[[0m zerofrom-derive v0.1.7
Lint and Format Check	Check Rust scripts compile	2026-05-18T17:09:49.0324706Z ^[[1m^[[92m   Compiling^[[0m yoke-derive v0.8.2
Lint and Format Check	Check Rust scripts compile	2026-05-18T17:09:49.4603331Z ^[[1m^[[92m   Compiling^[[0m zerovec-derive v0.11.3
Lint and Format Check	Check Rust scripts compile	2026-05-18T17:09:49.7053349Z ^[[1m^[[92m   Compiling^[[0m displaydoc v0.2.5
Lint and Format Check	Check Rust scripts compile	2026-05-18T17:09:49.7483261Z ^[[1m^[[92m    Checking^[[0m zerofrom v0.1.8
Lint and Format Check	Check Rust scripts compile	2026-05-18T17:09:49.8163514Z ^[[1m^[[92m    Checking^[[0m yoke v0.8.2
Lint and Format Check	Check Rust scripts compile	2026-05-18T17:09:50.2183254Z ^[[1m^[[92m    Checking^[[0m zerotrie v0.2.4
Lint and Format Check	Check Rust scripts compile	2026-05-18T17:09:50.4640363Z ^[[1m^[[92m    Checking^[[0m zerovec v0.11.6
Lint and Format Check	Check Rust scripts compile	2026-05-18T17:09:50.5271211Z ^[[1m^[[92m    Checking^[[0m regex v1.12.3
Lint and Format Check	Check Rust scripts compile	2026-05-18T17:09:50.8079642Z ^[[1m^[[92m    Checking^[[0m tinystr v0.8.3
Lint and Format Check	Check Rust scripts compile	2026-05-18T17:09:50.8080740Z ^[[1m^[[92m    Checking^[[0m potential_utf v0.1.5
Lint and Format Check	Check Rust scripts compile	2026-05-18T17:09:50.8525516Z ^[[1m^[[92m    Checking^[[0m icu_collections v2.2.0
Lint and Format Check	Check Rust scripts compile	2026-05-18T17:09:50.9199176Z ^[[1m^[[92m    Checking^[[0m icu_locale_core v2.2.0
Lint and Format Check	Check Rust scripts compile	2026-05-18T17:09:50.9982367Z ^[[1m^[[92m    Checking^[[0m rustls-webpki v0.103.13
Lint and Format Check	Check Rust scripts compile	2026-05-18T17:09:51.3715474Z ^[[1m^[[92m    Checking^[[0m icu_provider v2.2.0
Lint and Format Check	Check Rust scripts compile	2026-05-18T17:09:51.4930577Z ^[[1m^[[92m    Checking^[[0m icu_properties v2.2.0
Lint and Format Check	Check Rust scripts compile	2026-05-18T17:09:51.4933286Z ^[[1m^[[92m    Checking^[[0m icu_normalizer v2.2.0
Lint and Format Check	Check Rust scripts compile	2026-05-18T17:09:52.2390551Z ^[[1m^[[92m    Checking^[[0m idna_adapter v1.2.2
Lint and Format Check	Check Rust scripts compile	2026-05-18T17:09:52.2737071Z ^[[1m^[[92m    Checking^[[0m idna v1.1.0
Lint and Format Check	Check Rust scripts compile	2026-05-18T17:09:52.4069837Z ^[[1m^[[92m    Checking^[[0m url v2.5.8
Lint and Format Check	Check Rust scripts compile	2026-05-18T17:09:53.0511680Z ^[[1m^[[92m    Checking^[[0m ureq v2.12.1
Lint and Format Check	Check Rust scripts compile	2026-05-18T17:09:53.3269309Z ^[[1m^[[92m    Checking^[[0m publish-crate_ce4a4cc19d43e458ecaeec67 v0.1.0 (/home/runner/.cache/rust-script/projects/ce4a4cc19d43e458ecaeec67)
Lint and Format Check	Check Rust scripts compile	2026-05-18T17:09:53.4157358Z ^[[1m^[[92m    Finished^[[0m `dev` profile [unoptimized + debuginfo] target(s) in 8.60s
Lint and Format Check	Check Rust scripts compile	2026-05-18T17:09:53.4420197Z Checking rust/scripts/version-and-commit.rs
Lint and Format Check	Check Rust scripts compile	2026-05-18T17:09:53.4860178Z ^[[1m^[[92m    Updating^[[0m crates.io index
Lint and Format Check	Check Rust scripts compile	2026-05-18T17:09:53.6234520Z ^[[1m^[[92m     Locking^[[0m 103 packages to latest compatible versions
Lint and Format Check	Check Rust scripts compile	2026-05-18T17:09:53.6563812Z ^[[1m^[[92m      Adding^[[0m ureq v2.12.1 ^[[1m^[[33m(available: v3.3.0)^[[0m
Lint and Format Check	Check Rust scripts compile	2026-05-18T17:09:53.7232721Z ^[[1m^[[92m   Compiling^[[0m proc-macro2 v1.0.106
Lint and Format Check	Check Rust scripts compile	2026-05-18T17:09:53.7233408Z ^[[1m^[[92m   Compiling^[[0m quote v1.0.45
Lint and Format Check	Check Rust scripts compile	2026-05-18T17:09:53.7234289Z ^[[1m^[[92m   Compiling^[[0m unicode-ident v1.0.24
Lint and Format Check	Check Rust scripts compile	2026-05-18T17:09:53.7234686Z ^[[1m^[[92m    Checking^[[0m stable_deref_trait v1.2.1
Lint and Format Check	Check Rust scripts compile	2026-05-18T17:09:53.7511703Z ^[[1m^[[92m   Compiling^[[0m find-msvc-tools v0.1.9
Lint and Format Check	Check Rust scripts compile	2026-05-18T17:09:53.7844072Z ^[[1m^[[92m   Compiling^[[0m shlex v1.3.0
Lint and Format Check	Check Rust scripts compile	2026-05-18T17:09:53.8965767Z ^[[1m^[[92m    Checking^[[0m litemap v0.8.2
Lint and Format Check	Check Rust scripts compile	2026-05-18T17:09:53.9089432Z ^[[1m^[[92m    Checking^[[0m writeable v0.6.3
Lint and Format Check	Check Rust scripts compile	2026-05-18T17:09:53.9399622Z ^[[1m^[[92m   Compiling^[[0m cc v1.2.62
Lint and Format Check	Check Rust scripts compile	2026-05-18T17:09:54.0295585Z ^[[1m^[[92m   Compiling^[[0m libc v0.2.186
Lint and Format Check	Check Rust scripts compile	2026-05-18T17:09:54.0296285Z ^[[1m^[[92m    Checking^[[0m cfg-if v1.0.4
Lint and Format Check	Check Rust scripts compile	2026-05-18T17:09:54.0537901Z ^[[1m^[[92m   Compiling^[[0m icu_normalizer_data v2.2.0
Lint and Format Check	Check Rust scripts compile	2026-05-18T17:09:54.1492965Z ^[[1m^[[92m    Checking^[[0m utf8_iter v1.0.4
Lint and Format Check	Check Rust scripts compile	2026-05-18T17:09:54.2193437Z ^[[1m^[[92m   Compiling^[[0m icu_properties_data v2.2.0
Lint and Format Check	Check Rust scripts compile	2026-05-18T17:09:54.3161180Z ^[[1m^[[92m    Checking^[[0m zeroize v1.8.2
Lint and Format Check	Check Rust scripts compile	2026-05-18T17:09:54.4197903Z ^[[1m^[[92m    Checking^[[0m rustls-pki-types v1.14.1
Lint and Format Check	Check Rust scripts compile	2026-05-18T17:09:54.6053578Z ^[[1m^[[92m   Compiling^[[0m syn v2.0.117
Lint and Format Check	Check Rust scripts compile	2026-05-18T17:09:54.6923885Z ^[[1m^[[92m    Checking^[[0m smallvec v1.15.1
Lint and Format Check	Check Rust scripts compile	2026-05-18T17:09:54.8336232Z ^[[1m^[[92m    Checking^[[0m memchr v2.8.0
Lint and Format Check	Check Rust scripts compile	2026-05-18T17:09:55.2373690Z ^[[1m^[[92m    Checking^[[0m untrusted v0.9.0
Lint and Format Check	Check Rust scripts compile	2026-05-18T17:09:55.2873938Z ^[[1m^[[92m   Compiling^[[0m crc32fast v1.5.0
Lint and Format Check	Check Rust scripts compile	2026-05-18T17:09:55.3844682Z ^[[1m^[[92m   Compiling^[[0m ring v0.17.14
Lint and Format Check	Check Rust scripts compile	2026-05-18T17:09:55.4354011Z ^[[1m^[[92m   Compiling^[[0m serde_core v1.0.228
Lint and Format Check	Check Rust scripts compile	2026-05-18T17:09:55.5473841Z ^[[1m^[[92m    Checking^[[0m getrandom v0.2.17
Lint and Format Check	Check Rust scripts compile	2026-05-18T17:09:55.6237523Z ^[[1m^[[92m   Compiling^[[0m autocfg v1.5.0
Lint and Format Check	Check Rust scripts compile	2026-05-18T17:09:55.6639304Z ^[[1m^[[92m   Compiling^[[0m rustls v0.23.40
Lint and Format Check	Check Rust scripts compile	2026-05-18T17:09:55.7608949Z ^[[1m^[[92m   Compiling^[[0m zmij v1.0.21
Lint and Format Check	Check Rust scripts compile	2026-05-18T17:09:55.9093283Z ^[[1m^[[92m    Checking^[[0m percent-encoding v2.3.2
Lint and Format Check	Check Rust scripts compile	2026-05-18T17:09:55.9513716Z ^[[1m^[[92m   Compiling^[[0m num-traits v0.2.19
Lint and Format Check	Check Rust scripts compile	2026-05-18T17:09:55.9885660Z ^[[1m^[[92m    Checking^[[0m simd-adler32 v0.3.9
Lint and Format Check	Check Rust scripts compile	2026-05-18T17:09:56.0553090Z ^[[1m^[[92m    Checking^[[0m adler2 v2.0.1
Lint and Format Check	Check Rust scripts compile	2026-05-18T17:09:56.1083548Z ^[[1m^[[92m    Checking^[[0m miniz_oxide v0.8.9
Lint and Format Check	Check Rust scripts compile	2026-05-18T17:09:56.1584367Z ^[[1m^[[92m    Checking^[[0m form_urlencoded v1.2.2
Lint and Format Check	Check Rust scripts compile	2026-05-18T17:09:56.4400210Z ^[[1m^[[92m    Checking^[[0m aho-corasick v1.1.4
Lint and Format Check	Check Rust scripts compile	2026-05-18T17:09:57.2133337Z ^[[1m^[[92m   Compiling^[[0m synstructure v0.13.2
Lint and Format Check	Check Rust scripts compile	2026-05-18T17:09:57.6674228Z ^[[1m^[[92m    Checking^[[0m webpki-roots v1.0.7
Lint and Format Check	Check Rust scripts compile	2026-05-18T17:09:57.7313672Z ^[[1m^[[92m   Compiling^[[0m serde v1.0.228
Lint and Format Check	Check Rust scripts compile	2026-05-18T17:09:57.7803787Z ^[[1m^[[92m   Compiling^[[0m zerofrom-derive v0.1.7
Lint and Format Check	Check Rust scripts compile	2026-05-18T17:09:57.9043400Z ^[[1m^[[92m   Compiling^[[0m yoke-derive v0.8.2
Lint and Format Check	Check Rust scripts compile	2026-05-18T17:09:58.2113298Z ^[[1m^[[92m   Compiling^[[0m zerovec-derive v0.11.3
Lint and Format Check	Check Rust scripts compile	2026-05-18T17:09:58.3443259Z ^[[1m^[[92m   Compiling^[[0m displaydoc v0.2.5
Lint and Format Check	Check Rust scripts compile	2026-05-18T17:09:58.4873349Z ^[[1m^[[92m    Checking^[[0m zerofrom v0.1.8
Lint and Format Check	Check Rust scripts compile	2026-05-18T17:09:58.5933297Z ^[[1m^[[92m    Checking^[[0m yoke v0.8.2
Lint and Format Check	Check Rust scripts compile	2026-05-18T17:09:58.7313389Z ^[[1m^[[92m    Checking^[[0m once_cell v1.21.4
Lint and Format Check	Check Rust scripts compile	2026-05-18T17:09:58.8484204Z ^[[1m^[[92m    Checking^[[0m subtle v2.6.1
Lint and Format Check	Check Rust scripts compile	2026-05-18T17:09:58.8943201Z ^[[1m^[[92m    Checking^[[0m zerotrie v0.2.4
Lint and Format Check	Check Rust scripts compile	2026-05-18T17:09:58.9311327Z ^[[1m^[[92m    Checking^[[0m regex-syntax v0.8.10
Lint and Format Check	Check Rust scripts compile	2026-05-18T17:09:59.0883459Z ^[[1m^[[92m   Compiling^[[0m serde_json v1.0.149
Lint and Format Check	Check Rust scripts compile	2026-05-18T17:09:59.1883804Z ^[[1m^[[92m    Checking^[[0m log v0.4.29
Lint and Format Check	Check Rust scripts compile	2026-05-18T17:09:59.2353115Z ^[[1m^[[92m    Checking^[[0m zerovec v0.11.6
Lint and Format Check	Check Rust scripts compile	2026-05-18T17:09:59.3067805Z ^[[1m^[[92m   Compiling^[[0m serde_derive v1.0.228
Lint and Format Check	Check Rust scripts compile	2026-05-18T17:09:59.6963360Z ^[[1m^[[92m    Checking^[[0m rustls-webpki v0.103.13
Lint and Format Check	Check Rust scripts compile	2026-05-18T17:09:59.7243591Z ^[[1m^[[92m    Checking^[[0m tinystr v0.8.3
Lint and Format Check	Check Rust scripts compile	2026-05-18T17:09:59.8423238Z ^[[1m^[[92m    Checking^[[0m icu_locale_core v2.2.0
Lint and Format Check	Check Rust scripts compile	2026-05-18T17:10:00.0963244Z ^[[1m^[[92m    Checking^[[0m potential_utf v0.1.5
Lint and Format Check	Check Rust scripts compile	2026-05-18T17:10:00.1553185Z ^[[1m^[[92m    Checking^[[0m icu_collections v2.2.0
Lint and Format Check	Check Rust scripts compile	2026-05-18T17:10:00.3826390Z ^[[1m^[[92m    Checking^[[0m regex-automata v0.4.14
Lint and Format Check	Check Rust scripts compile	2026-05-18T17:10:00.5093195Z ^[[1m^[[92m    Checking^[[0m icu_provider v2.2.0
Lint and Format Check	Check Rust scripts compile	2026-05-18T17:10:00.6913498Z ^[[1m^[[92m    Checking^[[0m icu_properties v2.2.0
Lint and Format Check	Check Rust scripts compile	2026-05-18T17:10:01.7196529Z ^[[1m^[[92m    Checking^[[0m icu_normalizer v2.2.0
Lint and Format Check	Check Rust scripts compile	2026-05-18T17:10:02.0006085Z ^[[1m^[[92m    Checking^[[0m idna_adapter v1.2.2
Lint and Format Check	Check Rust scripts compile	2026-05-18T17:10:02.0086729Z ^[[1m^[[92m    Checking^[[0m webpki-roots v0.26.11
Lint and Format Check	Check Rust scripts compile	2026-05-18T17:10:02.0343209Z ^[[1m^[[92m    Checking^[[0m flate2 v1.1.9
Lint and Format Check	Check Rust scripts compile	2026-05-18T17:10:02.0593731Z ^[[1m^[[92m    Checking^[[0m idna v1.1.0
Lint and Format Check	Check Rust scripts compile	2026-05-18T17:10:02.2743507Z ^[[1m^[[92m    Checking^[[0m url v2.5.8
Lint and Format Check	Check Rust scripts compile	2026-05-18T17:10:02.5183678Z ^[[1m^[[92m    Checking^[[0m itoa v1.0.18
Lint and Format Check	Check Rust scripts compile	2026-05-18T17:10:02.6083018Z ^[[1m^[[92m    Checking^[[0m base64 v0.22.1
Lint and Format Check	Check Rust scripts compile	2026-05-18T17:10:02.6803305Z ^[[1m^[[92m    Checking^[[0m iana-time-zone v0.1.65
Lint and Format Check	Check Rust scripts compile	2026-05-18T17:10:03.0363292Z ^[[1m^[[92m    Checking^[[0m chrono v0.4.44
Lint and Format Check	Check Rust scripts compile	2026-05-18T17:10:03.0603320Z ^[[1m^[[92m    Checking^[[0m ureq v2.12.1
Lint and Format Check	Check Rust scripts compile	2026-05-18T17:10:03.2789076Z ^[[1m^[[92m    Checking^[[0m regex v1.12.3
Lint and Format Check	Check Rust scripts compile	2026-05-18T17:10:03.7734827Z ^[[1m^[[92m    Checking^[[0m version-and-commit_7f3c45423b91f3661ac45ed1 v0.1.0 (/home/runner/.cache/rust-script/projects/7f3c45423b91f3661ac45ed1)
Lint and Format Check	Check Rust scripts compile	2026-05-18T17:10:03.9088268Z ^[[1m^[[92m    Finished^[[0m `dev` profile [unoptimized + debuginfo] target(s) in 10.45s
Lint and Format Check	Check Rust scripts compile	2026-05-18T17:10:03.9349592Z Checking rust/scripts/wait-for-crate.rs
Lint and Format Check	Check Rust scripts compile	2026-05-18T17:10:03.9799784Z ^[[1m^[[92m    Updating^[[0m crates.io index
Lint and Format Check	Check Rust scripts compile	2026-05-18T17:10:04.0938559Z ^[[1m^[[92m     Locking^[[0m 75 packages to latest compatible versions
Lint and Format Check	Check Rust scripts compile	2026-05-18T17:10:04.1245579Z ^[[1m^[[92m      Adding^[[0m ureq v2.12.1 ^[[1m^[[33m(available: v3.3.0)^[[0m
Lint and Format Check	Check Rust scripts compile	2026-05-18T17:10:04.1839225Z ^[[1m^[[92m   Compiling^[[0m proc-macro2 v1.0.106
Lint and Format Check	Check Rust scripts compile	2026-05-18T17:10:04.1840242Z ^[[1m^[[92m   Compiling^[[0m quote v1.0.45
Lint and Format Check	Check Rust scripts compile	2026-05-18T17:10:04.1842259Z ^[[1m^[[92m   Compiling^[[0m unicode-ident v1.0.24
Lint and Format Check	Check Rust scripts compile	2026-05-18T17:10:04.1843140Z ^[[1m^[[92m    Checking^[[0m stable_deref_trait v1.2.1
Lint and Format Check	Check Rust scripts compile	2026-05-18T17:10:04.2103709Z ^[[1m^[[92m   Compiling^[[0m find-msvc-tools v0.1.9
Lint and Format Check	Check Rust scripts compile	2026-05-18T17:10:04.2435796Z ^[[1m^[[92m   Compiling^[[0m shlex v1.3.0
Lint and Format Check	Check Rust scripts compile	2026-05-18T17:10:04.3522369Z ^[[1m^[[92m    Checking^[[0m litemap v0.8.2
Lint and Format Check	Check Rust scripts compile	2026-05-18T17:10:04.3805923Z ^[[1m^[[92m    Checking^[[0m writeable v0.6.3
Lint and Format Check	Check Rust scripts compile	2026-05-18T17:10:04.3902464Z ^[[1m^[[92m   Compiling^[[0m cc v1.2.62
Lint and Format Check	Check Rust scripts compile	2026-05-18T17:10:04.4723108Z ^[[1m^[[92m   Compiling^[[0m libc v0.2.186
Lint and Format Check	Check Rust scripts compile	2026-05-18T17:10:04.4907356Z ^[[1m^[[92m    Checking^[[0m utf8_iter v1.0.4
Lint and Format Check	Check Rust scripts compile	2026-05-18T17:10:04.5593070Z ^[[1m^[[92m    Checking^[[0m cfg-if v1.0.4
Lint and Format Check	Check Rust scripts compile	2026-05-18T17:10:04.5843711Z ^[[1m^[[92m   Compiling^[[0m icu_properties_data v2.2.0
Lint and Format Check	Check Rust scripts compile	2026-05-18T17:10:04.6793378Z ^[[1m^[[92m   Compiling^[[0m icu_normalizer_data v2.2.0
Lint and Format Check	Check Rust scripts compile	2026-05-18T17:10:04.7455145Z ^[[1m^[[92m    Checking^[[0m zeroize v1.8.2
Lint and Format Check	Check Rust scripts compile	2026-05-18T17:10:04.8324028Z ^[[1m^[[92m    Checking^[[0m rustls-pki-types v1.14.1
Lint and Format Check	Check Rust scripts compile	2026-05-18T17:10:05.0889945Z ^[[1m^[[92m   Compiling^[[0m syn v2.0.117
Lint and Format Check	Check Rust scripts compile	2026-05-18T17:10:05.1106866Z ^[[1m^[[92m    Checking^[[0m smallvec v1.15.1
Lint and Format Check	Check Rust scripts compile	2026-05-18T17:10:05.2484598Z ^[[1m^[[92m   Compiling^[[0m crc32fast v1.5.0
Lint and Format Check	Check Rust scripts compile	2026-05-18T17:10:05.4033428Z ^[[1m^[[92m    Checking^[[0m untrusted v0.9.0
Lint and Format Check	Check Rust scripts compile	2026-05-18T17:10:05.4723811Z ^[[1m^[[92m    Checking^[[0m adler2 v2.0.1
Lint and Format Check	Check Rust scripts compile	2026-05-18T17:10:05.5263325Z ^[[1m^[[92m    Checking^[[0m simd-adler32 v0.3.9
Lint and Format Check	Check Rust scripts compile	2026-05-18T17:10:05.6263007Z ^[[1m^[[92m   Compiling^[[0m rustls v0.23.40
Lint and Format Check	Check Rust scripts compile	2026-05-18T17:10:05.7223688Z ^[[1m^[[92m    Checking^[[0m memchr v2.8.0
Lint and Format Check	Check Rust scripts compile	2026-05-18T17:10:05.8263714Z ^[[1m^[[92m   Compiling^[[0m ring v0.17.14
Lint and Format Check	Check Rust scripts compile	2026-05-18T17:10:05.9713140Z ^[[1m^[[92m    Checking^[[0m getrandom v0.2.17
Lint and Format Check	Check Rust scripts compile	2026-05-18T17:10:06.0523167Z ^[[1m^[[92m    Checking^[[0m percent-encoding v2.3.2
Lint and Format Check	Check Rust scripts compile	2026-05-18T17:10:06.1116680Z ^[[1m^[[92m    Checking^[[0m aho-corasick v1.1.4
Lint and Format Check	Check Rust scripts compile	2026-05-18T17:10:06.1363839Z ^[[1m^[[92m    Checking^[[0m form_urlencoded v1.2.2
Lint and Format Check	Check Rust scripts compile	2026-05-18T17:10:06.2110357Z ^[[1m^[[92m    Checking^[[0m miniz_oxide v0.8.9
Lint and Format Check	Check Rust scripts compile	2026-05-18T17:10:06.6293229Z ^[[1m^[[92m    Checking^[[0m webpki-roots v1.0.7
Lint and Format Check	Check Rust scripts compile	2026-05-18T17:10:06.7008362Z ^[[1m^[[92m    Checking^[[0m regex-syntax v0.8.10
Lint and Format Check	Check Rust scripts compile	2026-05-18T17:10:06.8638018Z ^[[1m^[[92m    Checking^[[0m log v0.4.29
Lint and Format Check	Check Rust scripts compile	2026-05-18T17:10:06.9593280Z ^[[1m^[[92m    Checking^[[0m subtle v2.6.1
Lint and Format Check	Check Rust scripts compile	2026-05-18T17:10:07.0363345Z ^[[1m^[[92m    Checking^[[0m once_cell v1.21.4
Lint and Format Check	Check Rust scripts compile	2026-05-18T17:10:07.1563089Z ^[[1m^[[92m    Checking^[[0m webpki-roots v0.26.11
Lint and Format Check	Check Rust scripts compile	2026-05-18T17:10:07.1808516Z ^[[1m^[[92m   Compiling^[[0m synstructure v0.13.2
Lint and Format Check	Check Rust scripts compile	2026-05-18T17:10:07.6224807Z ^[[1m^[[92m    Checking^[[0m flate2 v1.1.9
Lint and Format Check	Check Rust scripts compile	2026-05-18T17:10:07.8953158Z ^[[1m^[[92m    Checking^[[0m base64 v0.22.1
Lint and Format Check	Check Rust scripts compile	2026-05-18T17:10:08.1585643Z ^[[1m^[[92m   Compiling^[[0m zerofrom-derive v0.1.7
Lint and Format Check	Check Rust scripts compile	2026-05-18T17:10:08.1586455Z ^[[1m^[[92m   Compiling^[[0m yoke-derive v0.8.2
Lint and Format Check	Check Rust scripts compile	2026-05-18T17:10:08.1642822Z ^[[1m^[[92m   Compiling^[[0m zerovec-derive v0.11.3
Lint and Format Check	Check Rust scripts compile	2026-05-18T17:10:08.5963222Z ^[[1m^[[92m   Compiling^[[0m displaydoc v0.2.5
Lint and Format Check	Check Rust scripts compile	2026-05-18T17:10:08.8495728Z ^[[1m^[[92m    Checking^[[0m zerofrom v0.1.8
Lint and Format Check	Check Rust scripts compile	2026-05-18T17:10:08.9173151Z ^[[1m^[[92m    Checking^[[0m yoke v0.8.2
Lint and Format Check	Check Rust scripts compile	2026-05-18T17:10:09.0503339Z ^[[1m^[[92m    Checking^[[0m regex-automata v0.4.14
Lint and Format Check	Check Rust scripts compile	2026-05-18T17:10:09.1343165Z ^[[1m^[[92m    Checking^[[0m zerotrie v0.2.4
Lint and Format Check	Check Rust scripts compile	2026-05-18T17:10:09.2003283Z ^[[1m^[[92m    Checking^[[0m zerovec v0.11.6
Lint and Format Check	Check Rust scripts compile	2026-05-18T17:10:09.5716782Z ^[[1m^[[92m    Checking^[[0m tinystr v0.8.3
Lint and Format Check	Check Rust scripts compile	2026-05-18T17:10:09.5717825Z ^[[1m^[[92m    Checking^[[0m potential_utf v0.1.5
Lint and Format Check	Check Rust scripts compile	2026-05-18T17:10:09.6333358Z ^[[1m^[[92m    Checking^[[0m icu_collections v2.2.0
Lint and Format Check	Check Rust scripts compile	2026-05-18T17:10:09.6918169Z ^[[1m^[[92m    Checking^[[0m icu_locale_core v2.2.0
Lint and Format Check	Check Rust scripts compile	2026-05-18T17:10:09.9555622Z ^[[1m^[[92m    Checking^[[0m rustls-webpki v0.103.13
Lint and Format Check	Check Rust scripts compile	2026-05-18T17:10:10.2235282Z ^[[1m^[[92m    Checking^[[0m icu_provider v2.2.0
Lint and Format Check	Check Rust scripts compile	2026-05-18T17:10:10.3454603Z ^[[1m^[[92m    Checking^[[0m icu_properties v2.2.0
Lint and Format Check	Check Rust scripts compile	2026-05-18T17:10:10.3456019Z ^[[1m^[[92m    Checking^[[0m icu_normalizer v2.2.0
Lint and Format Check	Check Rust scripts compile	2026-05-18T17:10:10.6880320Z ^[[1m^[[92m    Checking^[[0m regex v1.12.3
Lint and Format Check	Check Rust scripts compile	2026-05-18T17:10:11.1921393Z ^[[1m^[[92m    Checking^[[0m idna_adapter v1.2.2
Lint and Format Check	Check Rust scripts compile	2026-05-18T17:10:11.2269462Z ^[[1m^[[92m    Checking^[[0m idna v1.1.0
Lint and Format Check	Check Rust scripts compile	2026-05-18T17:10:11.3580025Z ^[[1m^[[92m    Checking^[[0m url v2.5.8
Lint and Format Check	Check Rust scripts compile	2026-05-18T17:10:12.2270323Z ^[[1m^[[92m    Checking^[[0m ureq v2.12.1
Lint and Format Check	Check Rust scripts compile	2026-05-18T17:10:12.5062055Z ^[[1m^[[92m    Checking^[[0m wait-for-crate_c20c7003a7b682ca9886885d v0.1.0 (/home/runner/.cache/rust-script/projects/c20c7003a7b682ca9886885d)
Lint and Format Check	Check Rust scripts compile	2026-05-18T17:10:12.5847448Z ^[[1m^[[92m    Finished^[[0m `dev` profile [unoptimized + debuginfo] target(s) in 8.63s
Lint and Format Check	Run cargo fmt --manifest-path rust/Cargo.toml --all -- --check	﻿2026-05-18T17:10:12.6088830Z ##[group]Run cargo fmt --manifest-path rust/Cargo.toml --all -- --check
Lint and Format Check	Run cargo fmt --manifest-path rust/Cargo.toml --all -- --check	2026-05-18T17:10:12.6089400Z ^[[36;1mcargo fmt --manifest-path rust/Cargo.toml --all -- --check^[[0m
Lint and Format Check	Run cargo fmt --manifest-path rust/Cargo.toml --all -- --check	2026-05-18T17:10:12.6123258Z shell: /usr/bin/bash -e {0}
Lint and Format Check	Run cargo fmt --manifest-path rust/Cargo.toml --all -- --check	2026-05-18T17:10:12.6123507Z env:
Lint and Format Check	Run cargo fmt --manifest-path rust/Cargo.toml --all -- --check	2026-05-18T17:10:12.6123701Z   CARGO_TERM_COLOR: always
Lint and Format Check	Run cargo fmt --manifest-path rust/Cargo.toml --all -- --check	2026-05-18T17:10:12.6123952Z   RUST_BACKTRACE: 1
Lint and Format Check	Run cargo fmt --manifest-path rust/Cargo.toml --all -- --check	2026-05-18T17:10:12.6124172Z   RUSTFLAGS: -Dwarnings
Lint and Format Check	Run cargo fmt --manifest-path rust/Cargo.toml --all -- --check	2026-05-18T17:10:12.6124536Z   CARGO_REGISTRY_TOKEN: ***
Lint and Format Check	Run cargo fmt --manifest-path rust/Cargo.toml --all -- --check	2026-05-18T17:10:12.6124846Z   CARGO_TOKEN: ***
Lint and Format Check	Run cargo fmt --manifest-path rust/Cargo.toml --all -- --check	2026-05-18T17:10:12.6125071Z   CARGO_HOME: /home/runner/.cargo
Lint and Format Check	Run cargo fmt --manifest-path rust/Cargo.toml --all -- --check	2026-05-18T17:10:12.6125336Z   CARGO_INCREMENTAL: 0
Lint and Format Check	Run cargo fmt --manifest-path rust/Cargo.toml --all -- --check	2026-05-18T17:10:12.6125558Z   CACHE_ON_FAILURE: false
Lint and Format Check	Run cargo fmt --manifest-path rust/Cargo.toml --all -- --check	2026-05-18T17:10:12.6125791Z ##[endgroup]
Lint and Format Check	Run cargo clippy --manifest-path rust/Cargo.toml --all-targets --all-features -- -D warnings	﻿2026-05-18T17:10:13.0539451Z ##[group]Run cargo clippy --manifest-path rust/Cargo.toml --all-targets --all-features -- -D warnings
Lint and Format Check	Run cargo clippy --manifest-path rust/Cargo.toml --all-targets --all-features -- -D warnings	2026-05-18T17:10:13.0540785Z ^[[36;1mcargo clippy --manifest-path rust/Cargo.toml --all-targets --all-features -- -D warnings^[[0m
Lint and Format Check	Run cargo clippy --manifest-path rust/Cargo.toml --all-targets --all-features -- -D warnings	2026-05-18T17:10:13.0589237Z shell: /usr/bin/bash -e {0}
Lint and Format Check	Run cargo clippy --manifest-path rust/Cargo.toml --all-targets --all-features -- -D warnings	2026-05-18T17:10:13.0589656Z env:
Lint and Format Check	Run cargo clippy --manifest-path rust/Cargo.toml --all-targets --all-features -- -D warnings	2026-05-18T17:10:13.0589986Z   CARGO_TERM_COLOR: always
Lint and Format Check	Run cargo clippy --manifest-path rust/Cargo.toml --all-targets --all-features -- -D warnings	2026-05-18T17:10:13.0590396Z   RUST_BACKTRACE: 1
Lint and Format Check	Run cargo clippy --manifest-path rust/Cargo.toml --all-targets --all-features -- -D warnings	2026-05-18T17:10:13.0590844Z   RUSTFLAGS: -Dwarnings
Lint and Format Check	Run cargo clippy --manifest-path rust/Cargo.toml --all-targets --all-features -- -D warnings	2026-05-18T17:10:13.0591496Z   CARGO_REGISTRY_TOKEN: ***
Lint and Format Check	Run cargo clippy --manifest-path rust/Cargo.toml --all-targets --all-features -- -D warnings	2026-05-18T17:10:13.0592386Z   CARGO_TOKEN: ***
Lint and Format Check	Run cargo clippy --manifest-path rust/Cargo.toml --all-targets --all-features -- -D warnings	2026-05-18T17:10:13.0592795Z   CARGO_HOME: /home/runner/.cargo
Lint and Format Check	Run cargo clippy --manifest-path rust/Cargo.toml --all-targets --all-features -- -D warnings	2026-05-18T17:10:13.0593244Z   CARGO_INCREMENTAL: 0
Lint and Format Check	Run cargo clippy --manifest-path rust/Cargo.toml --all-targets --all-features -- -D warnings	2026-05-18T17:10:13.0593644Z   CACHE_ON_FAILURE: false
Lint and Format Check	Run cargo clippy --manifest-path rust/Cargo.toml --all-targets --all-features -- -D warnings	2026-05-18T17:10:13.0594028Z ##[endgroup]
Lint and Format Check	Run cargo clippy --manifest-path rust/Cargo.toml --all-targets --all-features -- -D warnings	2026-05-18T17:10:13.4073522Z ^[[1m^[[92m   Compiling^[[0m lino-i18n-macros v0.0.1 (/home/runner/work/lino-i18n/lino-i18n/rust/lino-i18n-macros)
Lint and Format Check	Run cargo clippy --manifest-path rust/Cargo.toml --all-targets --all-features -- -D warnings	2026-05-18T17:10:14.4014059Z ^[[1m^[[92m    Checking^[[0m lino-i18n v0.0.1 (/home/runner/work/lino-i18n/lino-i18n/rust/lino-i18n)
Lint and Format Check	Run cargo clippy --manifest-path rust/Cargo.toml --all-targets --all-features -- -D warnings	2026-05-18T17:10:14.9114592Z ^[[1m^[[92m    Finished^[[0m `dev` profile [unoptimized + debuginfo] target(s) in 1.75s
Lint and Format Check	Check file size limit	﻿2026-05-18T17:10:14.9203977Z ##[group]Run rust-script scripts/check-file-size.rs
Lint and Format Check	Check file size limit	2026-05-18T17:10:14.9204425Z ^[[36;1mrust-script scripts/check-file-size.rs^[[0m
Lint and Format Check	Check file size limit	2026-05-18T17:10:14.9240503Z shell: /usr/bin/bash -e {0}
Lint and Format Check	Check file size limit	2026-05-18T17:10:14.9240778Z env:
Lint and Format Check	Check file size limit	2026-05-18T17:10:14.9240976Z   CARGO_TERM_COLOR: always
Lint and Format Check	Check file size limit	2026-05-18T17:10:14.9241209Z   RUST_BACKTRACE: 1
Lint and Format Check	Check file size limit	2026-05-18T17:10:14.9241421Z   RUSTFLAGS: -Dwarnings
Lint and Format Check	Check file size limit	2026-05-18T17:10:14.9242287Z   CARGO_REGISTRY_TOKEN: ***
Lint and Format Check	Check file size limit	2026-05-18T17:10:14.9242650Z   CARGO_TOKEN: ***
Lint and Format Check	Check file size limit	2026-05-18T17:10:14.9242881Z   CARGO_HOME: /home/runner/.cargo
Lint and Format Check	Check file size limit	2026-05-18T17:10:14.9243148Z   CARGO_INCREMENTAL: 0
Lint and Format Check	Check file size limit	2026-05-18T17:10:14.9243388Z   CACHE_ON_FAILURE: false
Lint and Format Check	Check file size limit	2026-05-18T17:10:14.9243632Z ##[endgroup]
Lint and Format Check	Check file size limit	2026-05-18T17:10:15.9027917Z
Lint and Format Check	Check file size limit	2026-05-18T17:10:15.9028564Z Checking Rust files for maximum 1000 lines (warning above 900)...
Lint and Format Check	Check file size limit	2026-05-18T17:10:15.9028928Z
Lint and Format Check	Check file size limit	2026-05-18T17:10:15.9041114Z All files are within the line limit
Lint and Format Check	Check file size limit	2026-05-18T17:10:15.9041469Z
Lint and Format Check	Post Run Swatinem/rust-cache@v2	﻿2026-05-18T17:10:15.9147613Z Post job cleanup.
Lint and Format Check	Post Run Swatinem/rust-cache@v2	2026-05-18T17:10:16.2167440Z ##[group]Cache Configuration
Lint and Format Check	Post Run Swatinem/rust-cache@v2	2026-05-18T17:10:16.2168288Z Cache Provider:
Lint and Format Check	Post Run Swatinem/rust-cache@v2	2026-05-18T17:10:16.2168648Z     github
Lint and Format Check	Post Run Swatinem/rust-cache@v2	2026-05-18T17:10:16.2168968Z Workspaces:
Lint and Format Check	Post Run Swatinem/rust-cache@v2	2026-05-18T17:10:16.2169370Z     /home/runner/work/lino-i18n/lino-i18n/rust
Lint and Format Check	Post Run Swatinem/rust-cache@v2	2026-05-18T17:10:16.2169945Z Cache Paths:
Lint and Format Check	Post Run Swatinem/rust-cache@v2	2026-05-18T17:10:16.2170369Z     /home/runner/.cargo/bin
Lint and Format Check	Post Run Swatinem/rust-cache@v2	2026-05-18T17:10:16.2170897Z     /home/runner/.cargo/.crates.toml
Lint and Format Check	Post Run Swatinem/rust-cache@v2	2026-05-18T17:10:16.2171417Z     /home/runner/.cargo/.crates2.json
Lint and Format Check	Post Run Swatinem/rust-cache@v2	2026-05-18T17:10:16.2172128Z     /home/runner/.cargo/registry
Lint and Format Check	Post Run Swatinem/rust-cache@v2	2026-05-18T17:10:16.2172582Z     /home/runner/.cargo/git
Lint and Format Check	Post Run Swatinem/rust-cache@v2	2026-05-18T17:10:16.2173062Z     /home/runner/work/lino-i18n/lino-i18n/rust/target
Lint and Format Check	Post Run Swatinem/rust-cache@v2	2026-05-18T17:10:16.2173790Z Restore Key:
Lint and Format Check	Post Run Swatinem/rust-cache@v2	2026-05-18T17:10:16.2174155Z     v0-rust-lint-Linux-x64-27ed6b6c
Lint and Format Check	Post Run Swatinem/rust-cache@v2	2026-05-18T17:10:16.2174645Z Cache Key:
Lint and Format Check	Post Run Swatinem/rust-cache@v2	2026-05-18T17:10:16.2175025Z     v0-rust-lint-Linux-x64-27ed6b6c-31365a33
Lint and Format Check	Post Run Swatinem/rust-cache@v2	2026-05-18T17:10:16.2175568Z .. Prefix:
Lint and Format Check	Post Run Swatinem/rust-cache@v2	2026-05-18T17:10:16.2175918Z   - v0-rust-lint-Linux-x64
Lint and Format Check	Post Run Swatinem/rust-cache@v2	2026-05-18T17:10:16.2176400Z .. Environment considered:
Lint and Format Check	Post Run Swatinem/rust-cache@v2	2026-05-18T17:10:16.2176806Z   - Rust Versions:
Lint and Format Check	Post Run Swatinem/rust-cache@v2	2026-05-18T17:10:16.2177364Z     - 1.95.0 x86_64-unknown-linux-gnu 59807616e1fa2540724bfbac14d7976d7e4a3860
Lint and Format Check	Post Run Swatinem/rust-cache@v2	2026-05-18T17:10:16.2178142Z     - 1.95.0 x86_64-unknown-linux-gnu 59807616e1fa2540724bfbac14d7976d7e4a3860
Lint and Format Check	Post Run Swatinem/rust-cache@v2	2026-05-18T17:10:16.2178723Z   - CARGO_HOME
Lint and Format Check	Post Run Swatinem/rust-cache@v2	2026-05-18T17:10:16.2179033Z   - CARGO_INCREMENTAL
Lint and Format Check	Post Run Swatinem/rust-cache@v2	2026-05-18T17:10:16.2179381Z   - CARGO_REGISTRY_TOKEN
Lint and Format Check	Post Run Swatinem/rust-cache@v2	2026-05-18T17:10:16.2179737Z   - CARGO_TERM_COLOR
Lint and Format Check	Post Run Swatinem/rust-cache@v2	2026-05-18T17:10:16.2180057Z   - CARGO_TOKEN
Lint and Format Check	Post Run Swatinem/rust-cache@v2	2026-05-18T17:10:16.2180379Z   - RUST_BACKTRACE
Lint and Format Check	Post Run Swatinem/rust-cache@v2	2026-05-18T17:10:16.2180619Z   - RUSTFLAGS
Lint and Format Check	Post Run Swatinem/rust-cache@v2	2026-05-18T17:10:16.2180820Z .. Lockfiles considered:
Lint and Format Check	Post Run Swatinem/rust-cache@v2	2026-05-18T17:10:16.2181092Z   - /home/runner/work/lino-i18n/lino-i18n/rust/Cargo.lock
Lint and Format Check	Post Run Swatinem/rust-cache@v2	2026-05-18T17:10:16.2181506Z   - /home/runner/work/lino-i18n/lino-i18n/rust/lino-i18n-macros/Cargo.toml
Lint and Format Check	Post Run Swatinem/rust-cache@v2	2026-05-18T17:10:16.2182227Z   - /home/runner/work/lino-i18n/lino-i18n/rust/lino-i18n/Cargo.toml
Lint and Format Check	Post Run Swatinem/rust-cache@v2	2026-05-18T17:10:16.2182995Z ##[endgroup]
Lint and Format Check	Post Run Swatinem/rust-cache@v2	2026-05-18T17:10:16.2183178Z
Lint and Format Check	Post Run Swatinem/rust-cache@v2	2026-05-18T17:10:16.2195574Z (node:6822) [DEP0040] DeprecationWarning: The `punycode` module is deprecated. Please use a userland alternative instead.
Lint and Format Check	Post Run Swatinem/rust-cache@v2	2026-05-18T17:10:16.2196782Z (Use `node --trace-deprecation ...` to show where the warning was created)
Lint and Format Check	Post Run Swatinem/rust-cache@v2	2026-05-18T17:10:16.2765950Z ... Cleaning /home/runner/work/lino-i18n/lino-i18n/rust/target ...
Lint and Format Check	Post Run Swatinem/rust-cache@v2	2026-05-18T17:10:16.2905160Z ... Cleaning cargo registry (cache-all-crates: false) ...
Lint and Format Check	Post Run Swatinem/rust-cache@v2	2026-05-18T17:10:16.5581720Z ... Cleaning cargo/bin ...
Lint and Format Check	Post Run Swatinem/rust-cache@v2	2026-05-18T17:10:16.5612322Z ... Cleaning cargo git cache ...
Lint and Format Check	Post Run Swatinem/rust-cache@v2	2026-05-18T17:10:16.5617174Z ... Saving cache ...
Lint and Format Check	Post Run Swatinem/rust-cache@v2	2026-05-18T17:10:16.5792404Z [command]/usr/bin/tar --posix -cf cache.tzst --exclude cache.tzst -P -C /home/runner/work/lino-i18n/lino-i18n --files-from manifest.txt --use-compress-program zstdmt
Lint and Format Check	Post Run Swatinem/rust-cache@v2	2026-05-18T17:10:17.4066574Z Sent 14250033 of 14250033 (100.0%), 24.9 MBs/sec
Lint and Format Check	Post Run actions/checkout@v6	﻿2026-05-18T17:10:17.5385636Z Post job cleanup.
Lint and Format Check	Post Run actions/checkout@v6	2026-05-18T17:10:17.6314364Z [command]/usr/bin/git version
Lint and Format Check	Post Run actions/checkout@v6	2026-05-18T17:10:17.6358478Z git version 2.54.0
Lint and Format Check	Post Run actions/checkout@v6	2026-05-18T17:10:17.6445541Z Temporarily overriding HOME='/home/runner/work/_temp/7f1881d5-6e95-4b88-b1b9-4bed2db2c567' before making global git config changes
Lint and Format Check	Post Run actions/checkout@v6	2026-05-18T17:10:17.6447203Z Adding repository directory to the temporary git global config as a safe directory
Lint and Format Check	Post Run actions/checkout@v6	2026-05-18T17:10:17.6452167Z [command]/usr/bin/git config --global --add safe.directory /home/runner/work/lino-i18n/lino-i18n
Lint and Format Check	Post Run actions/checkout@v6	2026-05-18T17:10:17.6488045Z Removing SSH command configuration
Lint and Format Check	Post Run actions/checkout@v6	2026-05-18T17:10:17.6495530Z [command]/usr/bin/git config --local --name-only --get-regexp core\.sshCommand
Lint and Format Check	Post Run actions/checkout@v6	2026-05-18T17:10:17.6536033Z [command]/usr/bin/git submodule foreach --recursive sh -c "git config --local --name-only --get-regexp 'core\.sshCommand' && git config --local --unset-all 'core.sshCommand' || :"
Lint and Format Check	Post Run actions/checkout@v6	2026-05-18T17:10:17.6790573Z Removing HTTP extra header
Lint and Format Check	Post Run actions/checkout@v6	2026-05-18T17:10:17.6796950Z [command]/usr/bin/git config --local --name-only --get-regexp http\.https\:\/\/github\.com\/\.extraheader
Lint and Format Check	Post Run actions/checkout@v6	2026-05-18T17:10:17.6835552Z [command]/usr/bin/git submodule foreach --recursive sh -c "git config --local --name-only --get-regexp 'http\.https\:\/\/github\.com\/\.extraheader' && git config --local --unset-all 'http.https://github.com/.extraheader' || :"
Lint and Format Check	Post Run actions/checkout@v6	2026-05-18T17:10:17.7074170Z Removing includeIf entries pointing to credentials config files
Lint and Format Check	Post Run actions/checkout@v6	2026-05-18T17:10:17.7082244Z [command]/usr/bin/git config --local --name-only --get-regexp ^includeIf\.gitdir:
Lint and Format Check	Post Run actions/checkout@v6	2026-05-18T17:10:17.7110341Z includeif.gitdir:/home/runner/work/lino-i18n/lino-i18n/.git.path
Lint and Format Check	Post Run actions/checkout@v6	2026-05-18T17:10:17.7111360Z includeif.gitdir:/home/runner/work/lino-i18n/lino-i18n/.git/worktrees/*.path
Lint and Format Check	Post Run actions/checkout@v6	2026-05-18T17:10:17.7112612Z includeif.gitdir:/github/workspace/.git.path
Lint and Format Check	Post Run actions/checkout@v6	2026-05-18T17:10:17.7113476Z includeif.gitdir:/github/workspace/.git/worktrees/*.path
Lint and Format Check	Post Run actions/checkout@v6	2026-05-18T17:10:17.7120725Z [command]/usr/bin/git config --local --get-all includeif.gitdir:/home/runner/work/lino-i18n/lino-i18n/.git.path
Lint and Format Check	Post Run actions/checkout@v6	2026-05-18T17:10:17.7143836Z /home/runner/work/_temp/git-credentials-704c3790-d7ac-4739-85c1-0a739fc9c9aa.config
Lint and Format Check	Post Run actions/checkout@v6	2026-05-18T17:10:17.7155182Z [command]/usr/bin/git config --local --unset includeif.gitdir:/home/runner/work/lino-i18n/lino-i18n/.git.path /home/runner/work/_temp/git-credentials-704c3790-d7ac-4739-85c1-0a739fc9c9aa.config
Lint and Format Check	Post Run actions/checkout@v6	2026-05-18T17:10:17.7191644Z [command]/usr/bin/git config --local --get-all includeif.gitdir:/home/runner/work/lino-i18n/lino-i18n/.git/worktrees/*.path
Lint and Format Check	Post Run actions/checkout@v6	2026-05-18T17:10:17.7215085Z /home/runner/work/_temp/git-credentials-704c3790-d7ac-4739-85c1-0a739fc9c9aa.config
Lint and Format Check	Post Run actions/checkout@v6	2026-05-18T17:10:17.7225314Z [command]/usr/bin/git config --local --unset includeif.gitdir:/home/runner/work/lino-i18n/lino-i18n/.git/worktrees/*.path /home/runner/work/_temp/git-credentials-704c3790-d7ac-4739-85c1-0a739fc9c9aa.config
Lint and Format Check	Post Run actions/checkout@v6	2026-05-18T17:10:17.7259749Z [command]/usr/bin/git config --local --get-all includeif.gitdir:/github/workspace/.git.path
Lint and Format Check	Post Run actions/checkout@v6	2026-05-18T17:10:17.7283868Z /github/runner_temp/git-credentials-704c3790-d7ac-4739-85c1-0a739fc9c9aa.config
Lint and Format Check	Post Run actions/checkout@v6	2026-05-18T17:10:17.7292922Z [command]/usr/bin/git config --local --unset includeif.gitdir:/github/workspace/.git.path /github/runner_temp/git-credentials-704c3790-d7ac-4739-85c1-0a739fc9c9aa.config
Lint and Format Check	Post Run actions/checkout@v6	2026-05-18T17:10:17.7326616Z [command]/usr/bin/git config --local --get-all includeif.gitdir:/github/workspace/.git/worktrees/*.path
Lint and Format Check	Post Run actions/checkout@v6	2026-05-18T17:10:17.7351468Z /github/runner_temp/git-credentials-704c3790-d7ac-4739-85c1-0a739fc9c9aa.config
Lint and Format Check	Post Run actions/checkout@v6	2026-05-18T17:10:17.7372945Z [command]/usr/bin/git config --local --unset includeif.gitdir:/github/workspace/.git/worktrees/*.path /github/runner_temp/git-credentials-704c3790-d7ac-4739-85c1-0a739fc9c9aa.config
Lint and Format Check	Post Run actions/checkout@v6	2026-05-18T17:10:17.7417692Z [command]/usr/bin/git submodule foreach --recursive git config --local --show-origin --name-only --get-regexp remote.origin.url
Lint and Format Check	Post Run actions/checkout@v6	2026-05-18T17:10:17.7705395Z Removing credentials config '/home/runner/work/_temp/git-credentials-704c3790-d7ac-4739-85c1-0a739fc9c9aa.config'
Lint and Format Check	Complete job	﻿2026-05-18T17:10:17.7876641Z Cleaning up orphan processes
Test (macos-latest)	Set up job	﻿2026-05-18T17:08:53.8717720Z Current runner version: '2.334.0'
Test (macos-latest)	Set up job	2026-05-18T17:08:53.8734610Z ##[group]Runner Image Provisioner
Test (macos-latest)	Set up job	2026-05-18T17:08:53.8735180Z Hosted Compute Agent
Test (macos-latest)	Set up job	2026-05-18T17:08:53.8735520Z Version: 20260422.526
Test (macos-latest)	Set up job	2026-05-18T17:08:53.8735910Z Commit: e1a9e573f4d0838b3a7c1b07401aeb29ed3635a9
Test (macos-latest)	Set up job	2026-05-18T17:08:53.8736350Z Build Date: 2026-04-22T09:31:31Z
Test (macos-latest)	Set up job	2026-05-18T17:08:53.8736770Z Worker ID: {3a775625-30cf-4ecf-ac81-58e10316b1e5}
Test (macos-latest)	Set up job	2026-05-18T17:08:53.8737210Z Azure Region: westus
Test (macos-latest)	Set up job	2026-05-18T17:08:53.8737540Z ##[endgroup]
Test (macos-latest)	Set up job	2026-05-18T17:08:53.8738510Z ##[group]Operating System
Test (macos-latest)	Set up job	2026-05-18T17:08:53.8738870Z macOS
Test (macos-latest)	Set up job	2026-05-18T17:08:53.8739150Z 15.7.4
Test (macos-latest)	Set up job	2026-05-18T17:08:53.8739440Z 24G517
Test (macos-latest)	Set up job	2026-05-18T17:08:53.8739720Z ##[endgroup]
Test (macos-latest)	Set up job	2026-05-18T17:08:53.8740040Z ##[group]Runner Image
Test (macos-latest)	Set up job	2026-05-18T17:08:53.8740370Z Image: macos-15-arm64
Test (macos-latest)	Set up job	2026-05-18T17:08:53.8740700Z Version: 20260427.0018.1
Test (macos-latest)	Set up job	2026-05-18T17:08:53.8741400Z Included Software: https://github.com/actions/runner-images/blob/macos-15-arm64/20260427.0018/images/macos/macos-15-arm64-Readme.md
Test (macos-latest)	Set up job	2026-05-18T17:08:53.8742470Z Image Release: https://github.com/actions/runner-images/releases/tag/macos-15-arm64%2F20260427.0018
Test (macos-latest)	Set up job	2026-05-18T17:08:53.8743070Z ##[endgroup]
Test (macos-latest)	Set up job	2026-05-18T17:08:53.8743850Z ##[group]GITHUB_TOKEN Permissions
Test (macos-latest)	Set up job	2026-05-18T17:08:53.8744960Z Contents: write
Test (macos-latest)	Set up job	2026-05-18T17:08:53.8745340Z Metadata: read
Test (macos-latest)	Set up job	2026-05-18T17:08:53.8745650Z Pages: write
Test (macos-latest)	Set up job	2026-05-18T17:08:53.8745950Z PullRequests: write
Test (macos-latest)	Set up job	2026-05-18T17:08:53.8746280Z ##[endgroup]
Test (macos-latest)	Set up job	2026-05-18T17:08:53.8747890Z Secret source: Actions
Test (macos-latest)	Set up job	2026-05-18T17:08:53.8748300Z Prepare workflow directory
Test (macos-latest)	Set up job	2026-05-18T17:08:53.9156630Z Prepare all required actions
Test (macos-latest)	Set up job	2026-05-18T17:08:53.9184460Z Getting action download info
Test (macos-latest)	Set up job	2026-05-18T17:08:54.4769370Z Download action repository 'actions/checkout@v6' (SHA:de0fac2e4500dabe0009e67214ff5f5447ce83dd)
Test (macos-latest)	Set up job	2026-05-18T17:08:55.0686930Z Download action repository 'dtolnay/rust-toolchain@stable' (SHA:29eef336d9b2848a0b548edc03f92a220660cdb8)
Test (macos-latest)	Set up job	2026-05-18T17:08:55.4581260Z Download action repository 'Swatinem/rust-cache@v2' (SHA:e18b497796c12c097a38f9edb9d0641fb99eee32)
Test (macos-latest)	Set up job	2026-05-18T17:08:56.1418770Z Complete job name: Test (macos-latest)
Test (macos-latest)	Run actions/checkout@v6	﻿2026-05-18T17:08:56.1865450Z ##[group]Run actions/checkout@v6
Test (macos-latest)	Run actions/checkout@v6	2026-05-18T17:08:56.1866400Z with:
Test (macos-latest)	Run actions/checkout@v6	2026-05-18T17:08:56.1866940Z   repository: link-foundation/lino-i18n
Test (macos-latest)	Run actions/checkout@v6	2026-05-18T17:08:56.1867850Z   token: ***
Test (macos-latest)	Run actions/checkout@v6	2026-05-18T17:08:56.1868340Z   ssh-strict: true
Test (macos-latest)	Run actions/checkout@v6	2026-05-18T17:08:56.1868830Z   ssh-user: git
Test (macos-latest)	Run actions/checkout@v6	2026-05-18T17:08:56.1869360Z   persist-credentials: true
Test (macos-latest)	Run actions/checkout@v6	2026-05-18T17:08:56.1869910Z   clean: true
Test (macos-latest)	Run actions/checkout@v6	2026-05-18T17:08:56.1870420Z   sparse-checkout-cone-mode: true
Test (macos-latest)	Run actions/checkout@v6	2026-05-18T17:08:56.1871040Z   fetch-depth: 1
Test (macos-latest)	Run actions/checkout@v6	2026-05-18T17:08:56.1871540Z   fetch-tags: false
Test (macos-latest)	Run actions/checkout@v6	2026-05-18T17:08:56.1872060Z   show-progress: true
Test (macos-latest)	Run actions/checkout@v6	2026-05-18T17:08:56.1872580Z   lfs: false
Test (macos-latest)	Run actions/checkout@v6	2026-05-18T17:08:56.1873050Z   submodules: false
Test (macos-latest)	Run actions/checkout@v6	2026-05-18T17:08:56.1873630Z   set-safe-directory: true
Test (macos-latest)	Run actions/checkout@v6	2026-05-18T17:08:56.1874280Z env:
Test (macos-latest)	Run actions/checkout@v6	2026-05-18T17:08:56.1874770Z   CARGO_TERM_COLOR: always
Test (macos-latest)	Run actions/checkout@v6	2026-05-18T17:08:56.1875310Z   RUST_BACKTRACE: 1
Test (macos-latest)	Run actions/checkout@v6	2026-05-18T17:08:56.1875860Z   RUSTFLAGS: -Dwarnings
Test (macos-latest)	Run actions/checkout@v6	2026-05-18T17:08:56.1877560Z   CARGO_REGISTRY_TOKEN: ***
Test (macos-latest)	Run actions/checkout@v6	2026-05-18T17:08:56.1878330Z   CARGO_TOKEN: ***
Test (macos-latest)	Run actions/checkout@v6	2026-05-18T17:08:56.1878900Z ##[endgroup]
Test (macos-latest)	Run actions/checkout@v6	2026-05-18T17:08:56.5505370Z Syncing repository: link-foundation/lino-i18n
Test (macos-latest)	Run actions/checkout@v6	2026-05-18T17:08:56.5507380Z ##[group]Getting Git version info
Test (macos-latest)	Run actions/checkout@v6	2026-05-18T17:08:56.5508200Z Working directory is '/Users/runner/work/lino-i18n/lino-i18n'
Test (macos-latest)	Run actions/checkout@v6	2026-05-18T17:08:56.5509450Z [command]/opt/homebrew/bin/git version
Test (macos-latest)	Run actions/checkout@v6	2026-05-18T17:08:56.6305720Z git version 2.54.0
Test (macos-latest)	Run actions/checkout@v6	2026-05-18T17:08:56.6320370Z ##[endgroup]
Test (macos-latest)	Run actions/checkout@v6	2026-05-18T17:08:56.6334410Z Copying '/Users/runner/.gitconfig' to '/Users/runner/work/_temp/1173f111-d640-4d1c-bacf-e008978308f2/.gitconfig'
Test (macos-latest)	Run actions/checkout@v6	2026-05-18T17:08:56.6341060Z Temporarily overriding HOME='/Users/runner/work/_temp/1173f111-d640-4d1c-bacf-e008978308f2' before making global git config changes
Test (macos-latest)	Run actions/checkout@v6	2026-05-18T17:08:56.6345380Z Adding repository directory to the temporary git global config as a safe directory
Test (macos-latest)	Run actions/checkout@v6	2026-05-18T17:08:56.6349450Z [command]/opt/homebrew/bin/git config --global --add safe.directory /Users/runner/work/lino-i18n/lino-i18n
Test (macos-latest)	Run actions/checkout@v6	2026-05-18T17:08:56.6475470Z Deleting the contents of '/Users/runner/work/lino-i18n/lino-i18n'
Test (macos-latest)	Run actions/checkout@v6	2026-05-18T17:08:56.6479530Z ##[group]Initializing the repository
Test (macos-latest)	Run actions/checkout@v6	2026-05-18T17:08:56.6483340Z [command]/opt/homebrew/bin/git init /Users/runner/work/lino-i18n/lino-i18n
Test (macos-latest)	Run actions/checkout@v6	2026-05-18T17:08:56.6745050Z hint: Using 'master' as the name for the initial branch. This default branch name
Test (macos-latest)	Run actions/checkout@v6	2026-05-18T17:08:56.6748530Z hint: will change to "main" in Git 3.0. To configure the initial branch name
Test (macos-latest)	Run actions/checkout@v6	2026-05-18T17:08:56.6750660Z hint: to use in all of your new repositories, which will suppress this warning,
Test (macos-latest)	Run actions/checkout@v6	2026-05-18T17:08:56.6752990Z hint: call:
Test (macos-latest)	Run actions/checkout@v6	2026-05-18T17:08:56.6753680Z hint:
Test (macos-latest)	Run actions/checkout@v6	2026-05-18T17:08:56.6754550Z hint: 	git config --global init.defaultBranch <name>
Test (macos-latest)	Run actions/checkout@v6	2026-05-18T17:08:56.6755520Z hint:
Test (macos-latest)	Run actions/checkout@v6	2026-05-18T17:08:56.6756470Z hint: Names commonly chosen instead of 'master' are 'main', 'trunk' and
Test (macos-latest)	Run actions/checkout@v6	2026-05-18T17:08:56.6757840Z hint: 'development'. The just-created branch can be renamed via this command:
Test (macos-latest)	Run actions/checkout@v6	2026-05-18T17:08:56.6759700Z hint:
Test (macos-latest)	Run actions/checkout@v6	2026-05-18T17:08:56.6760650Z hint: 	git branch -m <name>
Test (macos-latest)	Run actions/checkout@v6	2026-05-18T17:08:56.6761460Z hint:
Test (macos-latest)	Run actions/checkout@v6	2026-05-18T17:08:56.6762510Z hint: Disable this message with "git config set advice.defaultBranchName false"
Test (macos-latest)	Run actions/checkout@v6	2026-05-18T17:08:56.6764130Z Initialized empty Git repository in /Users/runner/work/lino-i18n/lino-i18n/.git/
Test (macos-latest)	Run actions/checkout@v6	2026-05-18T17:08:56.6773680Z [command]/opt/homebrew/bin/git remote add origin https://github.com/link-foundation/lino-i18n
Test (macos-latest)	Run actions/checkout@v6	2026-05-18T17:08:56.6836460Z ##[endgroup]
Test (macos-latest)	Run actions/checkout@v6	2026-05-18T17:08:56.6837430Z ##[group]Disabling automatic garbage collection
Test (macos-latest)	Run actions/checkout@v6	2026-05-18T17:08:56.6839010Z [command]/opt/homebrew/bin/git config --local gc.auto 0
Test (macos-latest)	Run actions/checkout@v6	2026-05-18T17:08:56.6900580Z ##[endgroup]
Test (macos-latest)	Run actions/checkout@v6	2026-05-18T17:08:56.6901520Z ##[group]Setting up auth
Test (macos-latest)	Run actions/checkout@v6	2026-05-18T17:08:56.6902450Z Removing SSH command configuration
Test (macos-latest)	Run actions/checkout@v6	2026-05-18T17:08:56.6904570Z [command]/opt/homebrew/bin/git config --local --name-only --get-regexp core\.sshCommand
Test (macos-latest)	Run actions/checkout@v6	2026-05-18T17:08:56.6965520Z [command]/opt/homebrew/bin/git submodule foreach --recursive sh -c "git config --local --name-only --get-regexp 'core\.sshCommand' && git config --local --unset-all 'core.sshCommand' || :"
Test (macos-latest)	Run actions/checkout@v6	2026-05-18T17:08:56.8260350Z Removing HTTP extra header
Test (macos-latest)	Run actions/checkout@v6	2026-05-18T17:08:56.8262970Z [command]/opt/homebrew/bin/git config --local --name-only --get-regexp http\.https\:\/\/github\.com\/\.extraheader
Test (macos-latest)	Run actions/checkout@v6	2026-05-18T17:08:56.8315630Z [command]/opt/homebrew/bin/git submodule foreach --recursive sh -c "git config --local --name-only --get-regexp 'http\.https\:\/\/github\.com\/\.extraheader' && git config --local --unset-all 'http.https://github.com/.extraheader' || :"
Test (macos-latest)	Run actions/checkout@v6	2026-05-18T17:08:56.8992740Z Removing includeIf entries pointing to credentials config files
Test (macos-latest)	Run actions/checkout@v6	2026-05-18T17:08:56.8995820Z [command]/opt/homebrew/bin/git config --local --name-only --get-regexp ^includeIf\.gitdir:
Test (macos-latest)	Run actions/checkout@v6	2026-05-18T17:08:56.9042280Z [command]/opt/homebrew/bin/git submodule foreach --recursive git config --local --show-origin --name-only --get-regexp remote.origin.url
Test (macos-latest)	Run actions/checkout@v6	2026-05-18T17:08:57.0166070Z [command]/opt/homebrew/bin/git config --file /Users/runner/work/_temp/git-credentials-e0a09af2-5db1-4f5a-a82f-63278ead114e.config http.https://github.com/.extraheader AUTHORIZATION: basic ***
Test (macos-latest)	Run actions/checkout@v6	2026-05-18T17:08:57.0170350Z [command]/opt/homebrew/bin/git config --local includeIf.gitdir:/Users/runner/work/lino-i18n/lino-i18n/.git.path /Users/runner/work/_temp/git-credentials-e0a09af2-5db1-4f5a-a82f-63278ead114e.config
Test (macos-latest)	Run actions/checkout@v6	2026-05-18T17:08:57.0174060Z [command]/opt/homebrew/bin/git config --local includeIf.gitdir:/Users/runner/work/lino-i18n/lino-i18n/.git/worktrees/*.path /Users/runner/work/_temp/git-credentials-e0a09af2-5db1-4f5a-a82f-63278ead114e.config
Test (macos-latest)	Run actions/checkout@v6	2026-05-18T17:08:57.0190580Z [command]/opt/homebrew/bin/git config --local includeIf.gitdir:/github/workspace/.git.path /github/runner_temp/git-credentials-e0a09af2-5db1-4f5a-a82f-63278ead114e.config
Test (macos-latest)	Run actions/checkout@v6	2026-05-18T17:08:57.0240690Z [command]/opt/homebrew/bin/git config --local includeIf.gitdir:/github/workspace/.git/worktrees/*.path /github/runner_temp/git-credentials-e0a09af2-5db1-4f5a-a82f-63278ead114e.config
Test (macos-latest)	Run actions/checkout@v6	2026-05-18T17:08:57.0288590Z ##[endgroup]
Test (macos-latest)	Run actions/checkout@v6	2026-05-18T17:08:57.0289580Z ##[group]Fetching the repository
Test (macos-latest)	Run actions/checkout@v6	2026-05-18T17:08:57.0293930Z [command]/opt/homebrew/bin/git -c protocol.version=2 fetch --no-tags --prune --no-recurse-submodules --depth=1 origin +992b91dd1eeb865ff89d2c130c88ad313a609723:refs/remotes/origin/main
Test (macos-latest)	Run actions/checkout@v6	2026-05-18T17:08:57.8911920Z From https://github.com/link-foundation/lino-i18n
Test (macos-latest)	Run actions/checkout@v6	2026-05-18T17:08:57.8913430Z  * [new ref]         992b91dd1eeb865ff89d2c130c88ad313a609723 -> origin/main
Test (macos-latest)	Run actions/checkout@v6	2026-05-18T17:08:57.9059730Z [command]/opt/homebrew/bin/git branch --list --remote origin/main
Test (macos-latest)	Run actions/checkout@v6	2026-05-18T17:08:57.9169580Z   origin/main
Test (macos-latest)	Run actions/checkout@v6	2026-05-18T17:08:57.9183010Z [command]/opt/homebrew/bin/git rev-parse refs/remotes/origin/main
Test (macos-latest)	Run actions/checkout@v6	2026-05-18T17:08:57.9252680Z 992b91dd1eeb865ff89d2c130c88ad313a609723
Test (macos-latest)	Run actions/checkout@v6	2026-05-18T17:08:57.9257960Z ##[endgroup]
Test (macos-latest)	Run actions/checkout@v6	2026-05-18T17:08:57.9260080Z ##[group]Determining the checkout info
Test (macos-latest)	Run actions/checkout@v6	2026-05-18T17:08:57.9262790Z ##[endgroup]
Test (macos-latest)	Run actions/checkout@v6	2026-05-18T17:08:57.9264400Z [command]/opt/homebrew/bin/git sparse-checkout disable
Test (macos-latest)	Run actions/checkout@v6	2026-05-18T17:08:57.9418370Z [command]/opt/homebrew/bin/git config --local --unset-all extensions.worktreeConfig
Test (macos-latest)	Run actions/checkout@v6	2026-05-18T17:08:57.9513520Z ##[group]Checking out the ref
Test (macos-latest)	Run actions/checkout@v6	2026-05-18T17:08:57.9516310Z [command]/opt/homebrew/bin/git checkout --progress --force -B main refs/remotes/origin/main
Test (macos-latest)	Run actions/checkout@v6	2026-05-18T17:08:58.1315840Z Switched to a new branch 'main'
Test (macos-latest)	Run actions/checkout@v6	2026-05-18T17:08:58.1323500Z branch 'main' set up to track 'origin/main'.
Test (macos-latest)	Run actions/checkout@v6	2026-05-18T17:08:58.1334940Z ##[endgroup]
Test (macos-latest)	Run actions/checkout@v6	2026-05-18T17:08:58.1454050Z [command]/opt/homebrew/bin/git log -1 --format=%H
Test (macos-latest)	Run actions/checkout@v6	2026-05-18T17:08:58.1514770Z 992b91dd1eeb865ff89d2c130c88ad313a609723
Test (macos-latest)	Run dtolnay/rust-toolchain@stable	﻿2026-05-18T17:08:58.1838400Z ##[group]Run dtolnay/rust-toolchain@stable
Test (macos-latest)	Run dtolnay/rust-toolchain@stable	2026-05-18T17:08:58.1838750Z with:
Test (macos-latest)	Run dtolnay/rust-toolchain@stable	2026-05-18T17:08:58.1838920Z   toolchain: stable
Test (macos-latest)	Run dtolnay/rust-toolchain@stable	2026-05-18T17:08:58.1839100Z env:
Test (macos-latest)	Run dtolnay/rust-toolchain@stable	2026-05-18T17:08:58.1839280Z   CARGO_TERM_COLOR: always
Test (macos-latest)	Run dtolnay/rust-toolchain@stable	2026-05-18T17:08:58.1839480Z   RUST_BACKTRACE: 1
Test (macos-latest)	Run dtolnay/rust-toolchain@stable	2026-05-18T17:08:58.1839660Z   RUSTFLAGS: -Dwarnings
Test (macos-latest)	Run dtolnay/rust-toolchain@stable	2026-05-18T17:08:58.1840070Z   CARGO_REGISTRY_TOKEN: ***
Test (macos-latest)	Run dtolnay/rust-toolchain@stable	2026-05-18T17:08:58.1840330Z   CARGO_TOKEN: ***
Test (macos-latest)	Run dtolnay/rust-toolchain@stable	2026-05-18T17:08:58.1840490Z ##[endgroup]
Test (macos-latest)	Run dtolnay/rust-toolchain@stable	2026-05-18T17:08:58.1968570Z ##[group]Run : parse toolchain version
Test (macos-latest)	Run dtolnay/rust-toolchain@stable	2026-05-18T17:08:58.1968950Z ^[[36;1m: parse toolchain version^[[0m
Test (macos-latest)	Run dtolnay/rust-toolchain@stable	2026-05-18T17:08:58.1969270Z ^[[36;1mif [[ -z $toolchain ]]; then^[[0m
Test (macos-latest)	Run dtolnay/rust-toolchain@stable	2026-05-18T17:08:58.1969720Z ^[[36;1m  # GitHub does not enforce `required: true` inputs itself. https://github.com/actions/runner/issues/1070^[[0m
Test (macos-latest)	Run dtolnay/rust-toolchain@stable	2026-05-18T17:08:58.1970190Z ^[[36;1m  echo "'toolchain' is a required input" >&2^[[0m
Test (macos-latest)	Run dtolnay/rust-toolchain@stable	2026-05-18T17:08:58.1970430Z ^[[36;1m  exit 1^[[0m
Test (macos-latest)	Run dtolnay/rust-toolchain@stable	2026-05-18T17:08:58.1970760Z ^[[36;1melif [[ $toolchain =~ ^stable' '[0-9]+' '(year|month|week|day)s?' 'ago$ ]]; then^[[0m
Test (macos-latest)	Run dtolnay/rust-toolchain@stable	2026-05-18T17:08:58.1971220Z ^[[36;1m  if [[ macOS == macOS ]]; then^[[0m
Test (macos-latest)	Run dtolnay/rust-toolchain@stable	2026-05-18T17:08:58.1971650Z ^[[36;1m    echo "toolchain=1.$((($(date -v-$(sed 's/stable \([0-9]*\) \(.\).*/\1\2/' <<< $toolchain) +%s)/60/60/24-16569)/7/6))" >> $GITHUB_OUTPUT^[[0m
Test (macos-latest)	Run dtolnay/rust-toolchain@stable	2026-05-18T17:08:58.1972080Z ^[[36;1m  else^[[0m
Test (macos-latest)	Run dtolnay/rust-toolchain@stable	2026-05-18T17:08:58.1972410Z ^[[36;1m    echo "toolchain=1.$((($(date --date "${toolchain#stable }" +%s)/60/60/24-16569)/7/6))" >> $GITHUB_OUTPUT^[[0m
Test (macos-latest)	Run dtolnay/rust-toolchain@stable	2026-05-18T17:08:58.1972780Z ^[[36;1m  fi^[[0m
Test (macos-latest)	Run dtolnay/rust-toolchain@stable	2026-05-18T17:08:58.1973020Z ^[[36;1melif [[ $toolchain =~ ^stable' 'minus' '[0-9]+' 'releases?$ ]]; then^[[0m
Test (macos-latest)	Run dtolnay/rust-toolchain@stable	2026-05-18T17:08:58.1973450Z ^[[36;1m  echo "toolchain=1.$((($(date +%s)/60/60/24-16569)/7/6-${toolchain//[^0-9]/}))" >> $GITHUB_OUTPUT^[[0m
Test (macos-latest)	Run dtolnay/rust-toolchain@stable	2026-05-18T17:08:58.1973910Z ^[[36;1melif [[ $toolchain =~ ^1\.[0-9]+$ ]]; then^[[0m
Test (macos-latest)	Run dtolnay/rust-toolchain@stable	2026-05-18T17:08:58.1974360Z ^[[36;1m  echo "toolchain=1.$((i=${toolchain#1.}, c=($(date +%s)/60/60/24-16569)/7/6, i+9*i*(10*i<=c)+90*i*(100*i<=c)))" >> $GITHUB_OUTPUT^[[0m
Test (macos-latest)	Run dtolnay/rust-toolchain@stable	2026-05-18T17:08:58.1974830Z ^[[36;1melse^[[0m
Test (macos-latest)	Run dtolnay/rust-toolchain@stable	2026-05-18T17:08:58.1975040Z ^[[36;1m  echo "toolchain=$toolchain" >> $GITHUB_OUTPUT^[[0m
Test (macos-latest)	Run dtolnay/rust-toolchain@stable	2026-05-18T17:08:58.1975330Z ^[[36;1mfi^[[0m
Test (macos-latest)	Run dtolnay/rust-toolchain@stable	2026-05-18T17:08:58.2023420Z shell: /bin/bash --noprofile --norc -e -o pipefail {0}
Test (macos-latest)	Run dtolnay/rust-toolchain@stable	2026-05-18T17:08:58.2024080Z env:
Test (macos-latest)	Run dtolnay/rust-toolchain@stable	2026-05-18T17:08:58.2024250Z   CARGO_TERM_COLOR: always
Test (macos-latest)	Run dtolnay/rust-toolchain@stable	2026-05-18T17:08:58.2024440Z   RUST_BACKTRACE: 1
Test (macos-latest)	Run dtolnay/rust-toolchain@stable	2026-05-18T17:08:58.2024620Z   RUSTFLAGS: -Dwarnings
Test (macos-latest)	Run dtolnay/rust-toolchain@stable	2026-05-18T17:08:58.2025110Z   CARGO_REGISTRY_TOKEN: ***
Test (macos-latest)	Run dtolnay/rust-toolchain@stable	2026-05-18T17:08:58.2025430Z   CARGO_TOKEN: ***
Test (macos-latest)	Run dtolnay/rust-toolchain@stable	2026-05-18T17:08:58.2025650Z   toolchain: stable
Test (macos-latest)	Run dtolnay/rust-toolchain@stable	2026-05-18T17:08:58.2025860Z ##[endgroup]
Test (macos-latest)	Run dtolnay/rust-toolchain@stable	2026-05-18T17:08:58.2436570Z ##[group]Run : construct rustup command line
Test (macos-latest)	Run dtolnay/rust-toolchain@stable	2026-05-18T17:08:58.2437150Z ^[[36;1m: construct rustup command line^[[0m
Test (macos-latest)	Run dtolnay/rust-toolchain@stable	2026-05-18T17:08:58.2437610Z ^[[36;1mecho "targets=$(for t in ${targets//,/ }; do echo -n ' --target' $t; done)" >> $GITHUB_OUTPUT^[[0m
Test (macos-latest)	Run dtolnay/rust-toolchain@stable	2026-05-18T17:08:58.2438180Z ^[[36;1mecho "components=$(for c in ${components//,/ }; do echo -n ' --component' $c; done)" >> $GITHUB_OUTPUT^[[0m
Test (macos-latest)	Run dtolnay/rust-toolchain@stable	2026-05-18T17:08:58.2438720Z ^[[36;1mecho "downgrade=" >> $GITHUB_OUTPUT^[[0m
Test (macos-latest)	Run dtolnay/rust-toolchain@stable	2026-05-18T17:08:58.2483630Z shell: /bin/bash --noprofile --norc -e -o pipefail {0}
Test (macos-latest)	Run dtolnay/rust-toolchain@stable	2026-05-18T17:08:58.2484070Z env:
Test (macos-latest)	Run dtolnay/rust-toolchain@stable	2026-05-18T17:08:58.2484240Z   CARGO_TERM_COLOR: always
Test (macos-latest)	Run dtolnay/rust-toolchain@stable	2026-05-18T17:08:58.2484430Z   RUST_BACKTRACE: 1
Test (macos-latest)	Run dtolnay/rust-toolchain@stable	2026-05-18T17:08:58.2484630Z   RUSTFLAGS: -Dwarnings
Test (macos-latest)	Run dtolnay/rust-toolchain@stable	2026-05-18T17:08:58.2485100Z   CARGO_REGISTRY_TOKEN: ***
Test (macos-latest)	Run dtolnay/rust-toolchain@stable	2026-05-18T17:08:58.2485370Z   CARGO_TOKEN: ***
Test (macos-latest)	Run dtolnay/rust-toolchain@stable	2026-05-18T17:08:58.2485560Z   targets:
Test (macos-latest)	Run dtolnay/rust-toolchain@stable	2026-05-18T17:08:58.2485730Z   components:
Test (macos-latest)	Run dtolnay/rust-toolchain@stable	2026-05-18T17:08:58.2485880Z ##[endgroup]
Test (macos-latest)	Run dtolnay/rust-toolchain@stable	2026-05-18T17:08:58.2782110Z ##[group]Run : set $CARGO_HOME
Test (macos-latest)	Run dtolnay/rust-toolchain@stable	2026-05-18T17:08:58.2782470Z ^[[36;1m: set $CARGO_HOME^[[0m
Test (macos-latest)	Run dtolnay/rust-toolchain@stable	2026-05-18T17:08:58.2782750Z ^[[36;1mecho CARGO_HOME=${CARGO_HOME:-"$HOME/.cargo"} >> $GITHUB_ENV^[[0m
Test (macos-latest)	Run dtolnay/rust-toolchain@stable	2026-05-18T17:08:58.2816310Z shell: /bin/bash --noprofile --norc -e -o pipefail {0}
Test (macos-latest)	Run dtolnay/rust-toolchain@stable	2026-05-18T17:08:58.2816650Z env:
Test (macos-latest)	Run dtolnay/rust-toolchain@stable	2026-05-18T17:08:58.2816830Z   CARGO_TERM_COLOR: always
Test (macos-latest)	Run dtolnay/rust-toolchain@stable	2026-05-18T17:08:58.2817540Z   RUST_BACKTRACE: 1
Test (macos-latest)	Run dtolnay/rust-toolchain@stable	2026-05-18T17:08:58.2817880Z   RUSTFLAGS: -Dwarnings
Test (macos-latest)	Run dtolnay/rust-toolchain@stable	2026-05-18T17:08:58.2818350Z   CARGO_REGISTRY_TOKEN: ***
Test (macos-latest)	Run dtolnay/rust-toolchain@stable	2026-05-18T17:08:58.2818630Z   CARGO_TOKEN: ***
Test (macos-latest)	Run dtolnay/rust-toolchain@stable	2026-05-18T17:08:58.2818870Z ##[endgroup]
Test (macos-latest)	Run dtolnay/rust-toolchain@stable	2026-05-18T17:08:58.3092660Z ##[group]Run : install rustup if needed
Test (macos-latest)	Run dtolnay/rust-toolchain@stable	2026-05-18T17:08:58.3093030Z ^[[36;1m: install rustup if needed^[[0m
Test (macos-latest)	Run dtolnay/rust-toolchain@stable	2026-05-18T17:08:58.3093280Z ^[[36;1mif ! command -v rustup &>/dev/null; then^[[0m
Test (macos-latest)	Run dtolnay/rust-toolchain@stable	2026-05-18T17:08:58.3093970Z ^[[36;1m  curl --proto '=https' --tlsv1.2 --retry 10 --retry-connrefused --location --silent --show-error --fail https://sh.rustup.rs | sh -s -- --default-toolchain none -y^[[0m
Test (macos-latest)	Run dtolnay/rust-toolchain@stable	2026-05-18T17:08:58.3094580Z ^[[36;1m  echo "$CARGO_HOME/bin" >> $GITHUB_PATH^[[0m
Test (macos-latest)	Run dtolnay/rust-toolchain@stable	2026-05-18T17:08:58.3094820Z ^[[36;1mfi^[[0m
Test (macos-latest)	Run dtolnay/rust-toolchain@stable	2026-05-18T17:08:58.3128590Z shell: /bin/bash --noprofile --norc -e -o pipefail {0}
Test (macos-latest)	Run dtolnay/rust-toolchain@stable	2026-05-18T17:08:58.3128880Z env:
Test (macos-latest)	Run dtolnay/rust-toolchain@stable	2026-05-18T17:08:58.3129140Z   CARGO_TERM_COLOR: always
Test (macos-latest)	Run dtolnay/rust-toolchain@stable	2026-05-18T17:08:58.3129330Z   RUST_BACKTRACE: 1
Test (macos-latest)	Run dtolnay/rust-toolchain@stable	2026-05-18T17:08:58.3129530Z   RUSTFLAGS: -Dwarnings
Test (macos-latest)	Run dtolnay/rust-toolchain@stable	2026-05-18T17:08:58.3129900Z   CARGO_REGISTRY_TOKEN: ***
Test (macos-latest)	Run dtolnay/rust-toolchain@stable	2026-05-18T17:08:58.3130230Z   CARGO_TOKEN: ***
Test (macos-latest)	Run dtolnay/rust-toolchain@stable	2026-05-18T17:08:58.3148730Z   CARGO_HOME: /Users/runner/.cargo
Test (macos-latest)	Run dtolnay/rust-toolchain@stable	2026-05-18T17:08:58.3149080Z ##[endgroup]
Test (macos-latest)	Run dtolnay/rust-toolchain@stable	2026-05-18T17:08:58.3422870Z ##[group]Run rustup toolchain install stable --profile minimal --no-self-update
Test (macos-latest)	Run dtolnay/rust-toolchain@stable	2026-05-18T17:08:58.3423510Z ^[[36;1mrustup toolchain install stable --profile minimal --no-self-update^[[0m
Test (macos-latest)	Run dtolnay/rust-toolchain@stable	2026-05-18T17:08:58.3459350Z shell: /bin/bash --noprofile --norc -e -o pipefail {0}
Test (macos-latest)	Run dtolnay/rust-toolchain@stable	2026-05-18T17:08:58.3459720Z env:
Test (macos-latest)	Run dtolnay/rust-toolchain@stable	2026-05-18T17:08:58.3459900Z   CARGO_TERM_COLOR: always
Test (macos-latest)	Run dtolnay/rust-toolchain@stable	2026-05-18T17:08:58.3460120Z   RUST_BACKTRACE: 1
Test (macos-latest)	Run dtolnay/rust-toolchain@stable	2026-05-18T17:08:58.3460310Z   RUSTFLAGS: -Dwarnings
Test (macos-latest)	Run dtolnay/rust-toolchain@stable	2026-05-18T17:08:58.3460770Z   CARGO_REGISTRY_TOKEN: ***
Test (macos-latest)	Run dtolnay/rust-toolchain@stable	2026-05-18T17:08:58.3461070Z   CARGO_TOKEN: ***
Test (macos-latest)	Run dtolnay/rust-toolchain@stable	2026-05-18T17:08:58.3461260Z   CARGO_HOME: /Users/runner/.cargo
Test (macos-latest)	Run dtolnay/rust-toolchain@stable	2026-05-18T17:08:58.3461510Z   RUSTUP_PERMIT_COPY_RENAME: 1
Test (macos-latest)	Run dtolnay/rust-toolchain@stable	2026-05-18T17:08:58.3461860Z ##[endgroup]
Test (macos-latest)	Run dtolnay/rust-toolchain@stable	2026-05-18T17:08:58.7604170Z info: syncing channel updates for stable-aarch64-apple-darwin
Test (macos-latest)	Run dtolnay/rust-toolchain@stable	2026-05-18T17:08:58.9016620Z
Test (macos-latest)	Run dtolnay/rust-toolchain@stable	2026-05-18T17:08:58.9158040Z info: self-update is disabled for this build of rustup
Test (macos-latest)	Run dtolnay/rust-toolchain@stable	2026-05-18T17:08:58.9158690Z   stable-aarch64-apple-darwin unchanged - rustc 1.95.0 (59807616e 2026-04-14)
Test (macos-latest)	Run dtolnay/rust-toolchain@stable	2026-05-18T17:08:58.9166150Z info: any updates to rustup will need to be fetched with your system package manager
Test (macos-latest)	Run dtolnay/rust-toolchain@stable	2026-05-18T17:08:58.9166540Z
Test (macos-latest)	Run dtolnay/rust-toolchain@stable	2026-05-18T17:08:58.9203910Z ##[group]Run rustup default stable
Test (macos-latest)	Run dtolnay/rust-toolchain@stable	2026-05-18T17:08:58.9204250Z ^[[36;1mrustup default stable^[[0m
Test (macos-latest)	Run dtolnay/rust-toolchain@stable	2026-05-18T17:08:58.9252620Z shell: /bin/bash --noprofile --norc -e -o pipefail {0}
Test (macos-latest)	Run dtolnay/rust-toolchain@stable	2026-05-18T17:08:58.9253050Z env:
Test (macos-latest)	Run dtolnay/rust-toolchain@stable	2026-05-18T17:08:58.9253290Z   CARGO_TERM_COLOR: always
Test (macos-latest)	Run dtolnay/rust-toolchain@stable	2026-05-18T17:08:58.9253520Z   RUST_BACKTRACE: 1
Test (macos-latest)	Run dtolnay/rust-toolchain@stable	2026-05-18T17:08:58.9253800Z   RUSTFLAGS: -Dwarnings
Test (macos-latest)	Run dtolnay/rust-toolchain@stable	2026-05-18T17:08:58.9254360Z   CARGO_REGISTRY_TOKEN: ***
Test (macos-latest)	Run dtolnay/rust-toolchain@stable	2026-05-18T17:08:58.9254650Z   CARGO_TOKEN: ***
Test (macos-latest)	Run dtolnay/rust-toolchain@stable	2026-05-18T17:08:58.9254890Z   CARGO_HOME: /Users/runner/.cargo
Test (macos-latest)	Run dtolnay/rust-toolchain@stable	2026-05-18T17:08:58.9255220Z ##[endgroup]
Test (macos-latest)	Run dtolnay/rust-toolchain@stable	2026-05-18T17:08:58.9794550Z info: using existing install for stable-aarch64-apple-darwin
Test (macos-latest)	Run dtolnay/rust-toolchain@stable	2026-05-18T17:08:58.9857270Z info: default toolchain set to stable-aarch64-apple-darwin
Test (macos-latest)	Run dtolnay/rust-toolchain@stable	2026-05-18T17:08:58.9857730Z
Test (macos-latest)	Run dtolnay/rust-toolchain@stable	2026-05-18T17:08:59.0047100Z   stable-aarch64-apple-darwin unchanged - rustc 1.95.0 (59807616e 2026-04-14)
Test (macos-latest)	Run dtolnay/rust-toolchain@stable	2026-05-18T17:08:59.0106120Z
Test (macos-latest)	Run dtolnay/rust-toolchain@stable	2026-05-18T17:08:59.0182270Z ##[group]Run : create cachekey
Test (macos-latest)	Run dtolnay/rust-toolchain@stable	2026-05-18T17:08:59.0182680Z ^[[36;1m: create cachekey^[[0m
Test (macos-latest)	Run dtolnay/rust-toolchain@stable	2026-05-18T17:08:59.0183170Z ^[[36;1mDATE=$(rustc +stable --version --verbose | sed -ne 's/^commit-date: \(20[0-9][0-9]\)-\([01][0-9]\)-\([0-3][0-9]\)$/\1\2\3/p')^[[0m
Test (macos-latest)	Run dtolnay/rust-toolchain@stable	2026-05-18T17:08:59.0183810Z ^[[36;1mHASH=$(rustc +stable --version --verbose | sed -ne 's/^commit-hash: //p')^[[0m
Test (macos-latest)	Run dtolnay/rust-toolchain@stable	2026-05-18T17:08:59.0184240Z ^[[36;1mecho "cachekey=$(echo $DATE$HASH | head -c12)" >> $GITHUB_OUTPUT^[[0m
Test (macos-latest)	Run dtolnay/rust-toolchain@stable	2026-05-18T17:08:59.0228640Z shell: /bin/bash --noprofile --norc -e -o pipefail {0}
Test (macos-latest)	Run dtolnay/rust-toolchain@stable	2026-05-18T17:08:59.0229080Z env:
Test (macos-latest)	Run dtolnay/rust-toolchain@stable	2026-05-18T17:08:59.0229670Z   CARGO_TERM_COLOR: always
Test (macos-latest)	Run dtolnay/rust-toolchain@stable	2026-05-18T17:08:59.0229870Z   RUST_BACKTRACE: 1
Test (macos-latest)	Run dtolnay/rust-toolchain@stable	2026-05-18T17:08:59.0230060Z   RUSTFLAGS: -Dwarnings
Test (macos-latest)	Run dtolnay/rust-toolchain@stable	2026-05-18T17:08:59.0230610Z   CARGO_REGISTRY_TOKEN: ***
Test (macos-latest)	Run dtolnay/rust-toolchain@stable	2026-05-18T17:08:59.0230900Z   CARGO_TOKEN: ***
Test (macos-latest)	Run dtolnay/rust-toolchain@stable	2026-05-18T17:08:59.0231110Z   CARGO_HOME: /Users/runner/.cargo
Test (macos-latest)	Run dtolnay/rust-toolchain@stable	2026-05-18T17:08:59.0231360Z ##[endgroup]
Test (macos-latest)	Run dtolnay/rust-toolchain@stable	2026-05-18T17:08:59.1551700Z ##[group]Run : disable incremental compilation
Test (macos-latest)	Run dtolnay/rust-toolchain@stable	2026-05-18T17:08:59.1552080Z ^[[36;1m: disable incremental compilation^[[0m
Test (macos-latest)	Run dtolnay/rust-toolchain@stable	2026-05-18T17:08:59.1552370Z ^[[36;1mif [ -z "${CARGO_INCREMENTAL+set}" ]; then^[[0m
Test (macos-latest)	Run dtolnay/rust-toolchain@stable	2026-05-18T17:08:59.1552640Z ^[[36;1m  echo CARGO_INCREMENTAL=0 >> $GITHUB_ENV^[[0m
Test (macos-latest)	Run dtolnay/rust-toolchain@stable	2026-05-18T17:08:59.1552860Z ^[[36;1mfi^[[0m
Test (macos-latest)	Run dtolnay/rust-toolchain@stable	2026-05-18T17:08:59.1586620Z shell: /bin/bash --noprofile --norc -e -o pipefail {0}
Test (macos-latest)	Run dtolnay/rust-toolchain@stable	2026-05-18T17:08:59.1586920Z env:
Test (macos-latest)	Run dtolnay/rust-toolchain@stable	2026-05-18T17:08:59.1587090Z   CARGO_TERM_COLOR: always
Test (macos-latest)	Run dtolnay/rust-toolchain@stable	2026-05-18T17:08:59.1587280Z   RUST_BACKTRACE: 1
Test (macos-latest)	Run dtolnay/rust-toolchain@stable	2026-05-18T17:08:59.1587470Z   RUSTFLAGS: -Dwarnings
Test (macos-latest)	Run dtolnay/rust-toolchain@stable	2026-05-18T17:08:59.1587860Z   CARGO_REGISTRY_TOKEN: ***
Test (macos-latest)	Run dtolnay/rust-toolchain@stable	2026-05-18T17:08:59.1588110Z   CARGO_TOKEN: ***
Test (macos-latest)	Run dtolnay/rust-toolchain@stable	2026-05-18T17:08:59.1588300Z   CARGO_HOME: /Users/runner/.cargo
Test (macos-latest)	Run dtolnay/rust-toolchain@stable	2026-05-18T17:08:59.1588500Z ##[endgroup]
Test (macos-latest)	Run dtolnay/rust-toolchain@stable	2026-05-18T17:08:59.1853110Z ##[group]Run : enable colors in Cargo output
Test (macos-latest)	Run dtolnay/rust-toolchain@stable	2026-05-18T17:08:59.1853590Z ^[[36;1m: enable colors in Cargo output^[[0m
Test (macos-latest)	Run dtolnay/rust-toolchain@stable	2026-05-18T17:08:59.1853880Z ^[[36;1mif [ -z "${CARGO_TERM_COLOR+set}" ]; then^[[0m
Test (macos-latest)	Run dtolnay/rust-toolchain@stable	2026-05-18T17:08:59.1854190Z ^[[36;1m  echo CARGO_TERM_COLOR=always >> $GITHUB_ENV^[[0m
Test (macos-latest)	Run dtolnay/rust-toolchain@stable	2026-05-18T17:08:59.1854450Z ^[[36;1mfi^[[0m
Test (macos-latest)	Run dtolnay/rust-toolchain@stable	2026-05-18T17:08:59.1889110Z shell: /bin/bash --noprofile --norc -e -o pipefail {0}
Test (macos-latest)	Run dtolnay/rust-toolchain@stable	2026-05-18T17:08:59.1889510Z env:
Test (macos-latest)	Run dtolnay/rust-toolchain@stable	2026-05-18T17:08:59.1889680Z   CARGO_TERM_COLOR: always
Test (macos-latest)	Run dtolnay/rust-toolchain@stable	2026-05-18T17:08:59.1889880Z   RUST_BACKTRACE: 1
Test (macos-latest)	Run dtolnay/rust-toolchain@stable	2026-05-18T17:08:59.1890100Z   RUSTFLAGS: -Dwarnings
Test (macos-latest)	Run dtolnay/rust-toolchain@stable	2026-05-18T17:08:59.1890550Z   CARGO_REGISTRY_TOKEN: ***
Test (macos-latest)	Run dtolnay/rust-toolchain@stable	2026-05-18T17:08:59.1890800Z   CARGO_TOKEN: ***
Test (macos-latest)	Run dtolnay/rust-toolchain@stable	2026-05-18T17:08:59.1890990Z   CARGO_HOME: /Users/runner/.cargo
Test (macos-latest)	Run dtolnay/rust-toolchain@stable	2026-05-18T17:08:59.1891210Z   CARGO_INCREMENTAL: 0
Test (macos-latest)	Run dtolnay/rust-toolchain@stable	2026-05-18T17:08:59.1891450Z ##[endgroup]
Test (macos-latest)	Run dtolnay/rust-toolchain@stable	2026-05-18T17:08:59.2163050Z ##[group]Run : enable Cargo sparse registry
Test (macos-latest)	Run dtolnay/rust-toolchain@stable	2026-05-18T17:08:59.2163560Z ^[[36;1m: enable Cargo sparse registry^[[0m
Test (macos-latest)	Run dtolnay/rust-toolchain@stable	2026-05-18T17:08:59.2163870Z ^[[36;1m# implemented in 1.66, stabilized in 1.68, made default in 1.70^[[0m
Test (macos-latest)	Run dtolnay/rust-toolchain@stable	2026-05-18T17:08:59.2164760Z ^[[36;1mif [ -z "${CARGO_REGISTRIES_CRATES_IO_PROTOCOL+set}" -o -f "/Users/runner/work/_temp"/.implicit_cargo_registries_crates_io_protocol ]; then^[[0m
Test (macos-latest)	Run dtolnay/rust-toolchain@stable	2026-05-18T17:08:59.2165390Z ^[[36;1m  if rustc +stable --version --verbose | grep -q '^release: 1\.6[89]\.'; then^[[0m
Test (macos-latest)	Run dtolnay/rust-toolchain@stable	2026-05-18T17:08:59.2165870Z ^[[36;1m    touch "/Users/runner/work/_temp"/.implicit_cargo_registries_crates_io_protocol || true^[[0m
Test (macos-latest)	Run dtolnay/rust-toolchain@stable	2026-05-18T17:08:59.2166360Z ^[[36;1m    echo CARGO_REGISTRIES_CRATES_IO_PROTOCOL=sparse >> $GITHUB_ENV^[[0m
Test (macos-latest)	Run dtolnay/rust-toolchain@stable	2026-05-18T17:08:59.2166810Z ^[[36;1m  elif rustc +stable --version --verbose | grep -q '^release: 1\.6[67]\.'; then^[[0m
Test (macos-latest)	Run dtolnay/rust-toolchain@stable	2026-05-18T17:08:59.2167300Z ^[[36;1m    touch "/Users/runner/work/_temp"/.implicit_cargo_registries_crates_io_protocol || true^[[0m
Test (macos-latest)	Run dtolnay/rust-toolchain@stable	2026-05-18T17:08:59.2167790Z ^[[36;1m    echo CARGO_REGISTRIES_CRATES_IO_PROTOCOL=git >> $GITHUB_ENV^[[0m
Test (macos-latest)	Run dtolnay/rust-toolchain@stable	2026-05-18T17:08:59.2168100Z ^[[36;1m  fi^[[0m
Test (macos-latest)	Run dtolnay/rust-toolchain@stable	2026-05-18T17:08:59.2168260Z ^[[36;1mfi^[[0m
Test (macos-latest)	Run dtolnay/rust-toolchain@stable	2026-05-18T17:08:59.2206320Z shell: /bin/bash --noprofile --norc -e -o pipefail {0}
Test (macos-latest)	Run dtolnay/rust-toolchain@stable	2026-05-18T17:08:59.2206660Z env:
Test (macos-latest)	Run dtolnay/rust-toolchain@stable	2026-05-18T17:08:59.2206840Z   CARGO_TERM_COLOR: always
Test (macos-latest)	Run dtolnay/rust-toolchain@stable	2026-05-18T17:08:59.2207040Z   RUST_BACKTRACE: 1
Test (macos-latest)	Run dtolnay/rust-toolchain@stable	2026-05-18T17:08:59.2207280Z   RUSTFLAGS: -Dwarnings
Test (macos-latest)	Run dtolnay/rust-toolchain@stable	2026-05-18T17:08:59.2207750Z   CARGO_REGISTRY_TOKEN: ***
Test (macos-latest)	Run dtolnay/rust-toolchain@stable	2026-05-18T17:08:59.2208050Z   CARGO_TOKEN: ***
Test (macos-latest)	Run dtolnay/rust-toolchain@stable	2026-05-18T17:08:59.2208240Z   CARGO_HOME: /Users/runner/.cargo
Test (macos-latest)	Run dtolnay/rust-toolchain@stable	2026-05-18T17:08:59.2208470Z   CARGO_INCREMENTAL: 0
Test (macos-latest)	Run dtolnay/rust-toolchain@stable	2026-05-18T17:08:59.2208650Z ##[endgroup]
Test (macos-latest)	Run dtolnay/rust-toolchain@stable	2026-05-18T17:08:59.2927110Z ##[group]Run : work around spurious network errors in curl 8.0
Test (macos-latest)	Run dtolnay/rust-toolchain@stable	2026-05-18T17:08:59.2927680Z ^[[36;1m: work around spurious network errors in curl 8.0^[[0m
Test (macos-latest)	Run dtolnay/rust-toolchain@stable	2026-05-18T17:08:59.2928270Z ^[[36;1m# https://rust-lang.zulipchat.com/#narrow/stream/246057-t-cargo/topic/timeout.20investigation^[[0m
Test (macos-latest)	Run dtolnay/rust-toolchain@stable	2026-05-18T17:08:59.2929070Z ^[[36;1mif rustc +stable --version --verbose | grep -q '^release: 1\.7[01]\.'; then^[[0m
Test (macos-latest)	Run dtolnay/rust-toolchain@stable	2026-05-18T17:08:59.2929480Z ^[[36;1m  echo CARGO_HTTP_MULTIPLEXING=false >> $GITHUB_ENV^[[0m
Test (macos-latest)	Run dtolnay/rust-toolchain@stable	2026-05-18T17:08:59.2929780Z ^[[36;1mfi^[[0m
Test (macos-latest)	Run dtolnay/rust-toolchain@stable	2026-05-18T17:08:59.2967400Z shell: /bin/bash --noprofile --norc -e -o pipefail {0}
Test (macos-latest)	Run dtolnay/rust-toolchain@stable	2026-05-18T17:08:59.2967810Z env:
Test (macos-latest)	Run dtolnay/rust-toolchain@stable	2026-05-18T17:08:59.2968030Z   CARGO_TERM_COLOR: always
Test (macos-latest)	Run dtolnay/rust-toolchain@stable	2026-05-18T17:08:59.2968250Z   RUST_BACKTRACE: 1
Test (macos-latest)	Run dtolnay/rust-toolchain@stable	2026-05-18T17:08:59.2968430Z   RUSTFLAGS: -Dwarnings
Test (macos-latest)	Run dtolnay/rust-toolchain@stable	2026-05-18T17:08:59.2968930Z   CARGO_REGISTRY_TOKEN: ***
Test (macos-latest)	Run dtolnay/rust-toolchain@stable	2026-05-18T17:08:59.2969210Z   CARGO_TOKEN: ***
Test (macos-latest)	Run dtolnay/rust-toolchain@stable	2026-05-18T17:08:59.2969670Z   CARGO_HOME: /Users/runner/.cargo
Test (macos-latest)	Run dtolnay/rust-toolchain@stable	2026-05-18T17:08:59.2969900Z   CARGO_INCREMENTAL: 0
Test (macos-latest)	Run dtolnay/rust-toolchain@stable	2026-05-18T17:08:59.2970120Z ##[endgroup]
Test (macos-latest)	Run dtolnay/rust-toolchain@stable	2026-05-18T17:08:59.3444920Z ##[group]Run rustc +stable --version --verbose
Test (macos-latest)	Run dtolnay/rust-toolchain@stable	2026-05-18T17:08:59.3445320Z ^[[36;1mrustc +stable --version --verbose^[[0m
Test (macos-latest)	Run dtolnay/rust-toolchain@stable	2026-05-18T17:08:59.3510170Z shell: /bin/bash --noprofile --norc -e -o pipefail {0}
Test (macos-latest)	Run dtolnay/rust-toolchain@stable	2026-05-18T17:08:59.3510540Z env:
Test (macos-latest)	Run dtolnay/rust-toolchain@stable	2026-05-18T17:08:59.3510760Z   CARGO_TERM_COLOR: always
Test (macos-latest)	Run dtolnay/rust-toolchain@stable	2026-05-18T17:08:59.3510950Z   RUST_BACKTRACE: 1
Test (macos-latest)	Run dtolnay/rust-toolchain@stable	2026-05-18T17:08:59.3511190Z   RUSTFLAGS: -Dwarnings
Test (macos-latest)	Run dtolnay/rust-toolchain@stable	2026-05-18T17:08:59.3511650Z   CARGO_REGISTRY_TOKEN: ***
Test (macos-latest)	Run dtolnay/rust-toolchain@stable	2026-05-18T17:08:59.3511900Z   CARGO_TOKEN: ***
Test (macos-latest)	Run dtolnay/rust-toolchain@stable	2026-05-18T17:08:59.3512090Z   CARGO_HOME: /Users/runner/.cargo
Test (macos-latest)	Run dtolnay/rust-toolchain@stable	2026-05-18T17:08:59.3512320Z   CARGO_INCREMENTAL: 0
Test (macos-latest)	Run dtolnay/rust-toolchain@stable	2026-05-18T17:08:59.3512500Z ##[endgroup]
Test (macos-latest)	Run dtolnay/rust-toolchain@stable	2026-05-18T17:08:59.3998410Z rustc 1.95.0 (59807616e 2026-04-14)
Test (macos-latest)	Run dtolnay/rust-toolchain@stable	2026-05-18T17:08:59.3999030Z binary: rustc
Test (macos-latest)	Run dtolnay/rust-toolchain@stable	2026-05-18T17:08:59.3999360Z commit-hash: 59807616e1fa2540724bfbac14d7976d7e4a3860
Test (macos-latest)	Run dtolnay/rust-toolchain@stable	2026-05-18T17:08:59.3999700Z commit-date: 2026-04-14
Test (macos-latest)	Run dtolnay/rust-toolchain@stable	2026-05-18T17:08:59.3999970Z host: aarch64-apple-darwin
Test (macos-latest)	Run dtolnay/rust-toolchain@stable	2026-05-18T17:08:59.4000260Z release: 1.95.0
Test (macos-latest)	Run dtolnay/rust-toolchain@stable	2026-05-18T17:08:59.4003100Z LLVM version: 22.1.2
Test (macos-latest)	Run Swatinem/rust-cache@v2	﻿2026-05-18T17:08:59.4097380Z ##[group]Run Swatinem/rust-cache@v2
Test (macos-latest)	Run Swatinem/rust-cache@v2	2026-05-18T17:08:59.4097660Z with:
Test (macos-latest)	Run Swatinem/rust-cache@v2	2026-05-18T17:08:59.4097830Z   workspaces: rust
Test (macos-latest)	Run Swatinem/rust-cache@v2	2026-05-18T17:08:59.4098010Z   prefix-key: v0-rust
Test (macos-latest)	Run Swatinem/rust-cache@v2	2026-05-18T17:08:59.4098210Z   add-job-id-key: true
Test (macos-latest)	Run Swatinem/rust-cache@v2	2026-05-18T17:08:59.4098420Z   add-rust-environment-hash-key: true
Test (macos-latest)	Run Swatinem/rust-cache@v2	2026-05-18T17:08:59.4098880Z   cache-targets: true
Test (macos-latest)	Run Swatinem/rust-cache@v2	2026-05-18T17:08:59.4099100Z   cache-all-crates: false
Test (macos-latest)	Run Swatinem/rust-cache@v2	2026-05-18T17:08:59.4099310Z   cache-workspace-crates: false
Test (macos-latest)	Run Swatinem/rust-cache@v2	2026-05-18T17:08:59.4099510Z   save-if: true
Test (macos-latest)	Run Swatinem/rust-cache@v2	2026-05-18T17:08:59.4099680Z   cache-provider: github
Test (macos-latest)	Run Swatinem/rust-cache@v2	2026-05-18T17:08:59.4099860Z   cache-bin: true
Test (macos-latest)	Run Swatinem/rust-cache@v2	2026-05-18T17:08:59.4100080Z   lookup-only: false
Test (macos-latest)	Run Swatinem/rust-cache@v2	2026-05-18T17:08:59.4100260Z   cmd-format: {0}
Test (macos-latest)	Run Swatinem/rust-cache@v2	2026-05-18T17:08:59.4100440Z env:
Test (macos-latest)	Run Swatinem/rust-cache@v2	2026-05-18T17:08:59.4100610Z   CARGO_TERM_COLOR: always
Test (macos-latest)	Run Swatinem/rust-cache@v2	2026-05-18T17:08:59.4100800Z   RUST_BACKTRACE: 1
Test (macos-latest)	Run Swatinem/rust-cache@v2	2026-05-18T17:08:59.4100970Z   RUSTFLAGS: -Dwarnings
Test (macos-latest)	Run Swatinem/rust-cache@v2	2026-05-18T17:08:59.4101400Z   CARGO_REGISTRY_TOKEN: ***
Test (macos-latest)	Run Swatinem/rust-cache@v2	2026-05-18T17:08:59.4101690Z   CARGO_TOKEN: ***
Test (macos-latest)	Run Swatinem/rust-cache@v2	2026-05-18T17:08:59.4101910Z   CARGO_HOME: /Users/runner/.cargo
Test (macos-latest)	Run Swatinem/rust-cache@v2	2026-05-18T17:08:59.4102120Z   CARGO_INCREMENTAL: 0
Test (macos-latest)	Run Swatinem/rust-cache@v2	2026-05-18T17:08:59.4102300Z ##[endgroup]
Test (macos-latest)	Run Swatinem/rust-cache@v2	2026-05-18T17:08:59.6556300Z (node:5065) [DEP0040] DeprecationWarning: The `punycode` module is deprecated. Please use a userland alternative instead.
Test (macos-latest)	Run Swatinem/rust-cache@v2	2026-05-18T17:08:59.6557210Z (Use `node --trace-deprecation ...` to show where the warning was created)
Test (macos-latest)	Run Swatinem/rust-cache@v2	2026-05-18T17:09:00.0191660Z ##[group]Cache Configuration
Test (macos-latest)	Run Swatinem/rust-cache@v2	2026-05-18T17:09:00.0197390Z Cache Provider:
Test (macos-latest)	Run Swatinem/rust-cache@v2	2026-05-18T17:09:00.0251570Z     github
Test (macos-latest)	Run Swatinem/rust-cache@v2	2026-05-18T17:09:00.0288690Z Workspaces:
Test (macos-latest)	Run Swatinem/rust-cache@v2	2026-05-18T17:09:00.0365620Z     /Users/runner/work/lino-i18n/lino-i18n/rust
Test (macos-latest)	Run Swatinem/rust-cache@v2	2026-05-18T17:09:00.0366890Z Cache Paths:
Test (macos-latest)	Run Swatinem/rust-cache@v2	2026-05-18T17:09:00.0367790Z     /Users/runner/.cargo/bin
Test (macos-latest)	Run Swatinem/rust-cache@v2	2026-05-18T17:09:00.0368950Z     /Users/runner/.cargo/.crates.toml
Test (macos-latest)	Run Swatinem/rust-cache@v2	2026-05-18T17:09:00.0370160Z     /Users/runner/.cargo/.crates2.json
Test (macos-latest)	Run Swatinem/rust-cache@v2	2026-05-18T17:09:00.0391950Z     /Users/runner/.cargo/registry
Test (macos-latest)	Run Swatinem/rust-cache@v2	2026-05-18T17:09:00.0407430Z     /Users/runner/.cargo/git
Test (macos-latest)	Run Swatinem/rust-cache@v2	2026-05-18T17:09:00.0408740Z     /Users/runner/work/lino-i18n/lino-i18n/rust/target
Test (macos-latest)	Run Swatinem/rust-cache@v2	2026-05-18T17:09:00.0409750Z Restore Key:
Test (macos-latest)	Run Swatinem/rust-cache@v2	2026-05-18T17:09:00.0410580Z     v0-rust-test-Darwin-arm64-f72f18d2
Test (macos-latest)	Run Swatinem/rust-cache@v2	2026-05-18T17:09:00.0411510Z Cache Key:
Test (macos-latest)	Run Swatinem/rust-cache@v2	2026-05-18T17:09:00.0413000Z     v0-rust-test-Darwin-arm64-f72f18d2-31365a33
Test (macos-latest)	Run Swatinem/rust-cache@v2	2026-05-18T17:09:00.0415320Z .. Prefix:
Test (macos-latest)	Run Swatinem/rust-cache@v2	2026-05-18T17:09:00.0429860Z   - v0-rust-test-Darwin-arm64
Test (macos-latest)	Run Swatinem/rust-cache@v2	2026-05-18T17:09:00.0431640Z .. Environment considered:
Test (macos-latest)	Run Swatinem/rust-cache@v2	2026-05-18T17:09:00.0432100Z   - Rust Versions:
Test (macos-latest)	Run Swatinem/rust-cache@v2	2026-05-18T17:09:00.0432530Z     - 1.95.0 aarch64-apple-darwin 59807616e1fa2540724bfbac14d7976d7e4a3860
Test (macos-latest)	Run Swatinem/rust-cache@v2	2026-05-18T17:09:00.0433060Z     - 1.95.0 aarch64-apple-darwin 59807616e1fa2540724bfbac14d7976d7e4a3860
Test (macos-latest)	Run Swatinem/rust-cache@v2	2026-05-18T17:09:00.0433420Z   - CARGO_HOME
Test (macos-latest)	Run Swatinem/rust-cache@v2	2026-05-18T17:09:00.0433610Z   - CARGO_INCREMENTAL
Test (macos-latest)	Run Swatinem/rust-cache@v2	2026-05-18T17:09:00.0433790Z   - CARGO_REGISTRY_TOKEN
Test (macos-latest)	Run Swatinem/rust-cache@v2	2026-05-18T17:09:00.0433990Z   - CARGO_TERM_COLOR
Test (macos-latest)	Run Swatinem/rust-cache@v2	2026-05-18T17:09:00.0434160Z   - CARGO_TOKEN
Test (macos-latest)	Run Swatinem/rust-cache@v2	2026-05-18T17:09:00.0434310Z   - RUST_BACKTRACE
Test (macos-latest)	Run Swatinem/rust-cache@v2	2026-05-18T17:09:00.0434580Z   - RUSTFLAGS
Test (macos-latest)	Run Swatinem/rust-cache@v2	2026-05-18T17:09:00.0434820Z .. Lockfiles considered:
Test (macos-latest)	Run Swatinem/rust-cache@v2	2026-05-18T17:09:00.0435100Z   - /Users/runner/work/lino-i18n/lino-i18n/rust/Cargo.lock
Test (macos-latest)	Run Swatinem/rust-cache@v2	2026-05-18T17:09:00.0435480Z   - /Users/runner/work/lino-i18n/lino-i18n/rust/lino-i18n-macros/Cargo.toml
Test (macos-latest)	Run Swatinem/rust-cache@v2	2026-05-18T17:09:00.0435870Z   - /Users/runner/work/lino-i18n/lino-i18n/rust/lino-i18n/Cargo.toml
Test (macos-latest)	Run Swatinem/rust-cache@v2	2026-05-18T17:09:00.0436490Z ##[endgroup]
Test (macos-latest)	Run Swatinem/rust-cache@v2	2026-05-18T17:09:00.0436580Z
Test (macos-latest)	Run Swatinem/rust-cache@v2	2026-05-18T17:09:00.0436670Z ... Restoring cache ...
Test (macos-latest)	Run Swatinem/rust-cache@v2	2026-05-18T17:09:00.3401370Z Cache hit for restore-key: v0-rust-test-Darwin-arm64-f72f18d2-d2ed2b7f
Test (macos-latest)	Run Swatinem/rust-cache@v2	2026-05-18T17:09:01.6288630Z Received 0 of 9789979 (0.0%), 0.0 MBs/sec
Test (macos-latest)	Run Swatinem/rust-cache@v2	2026-05-18T17:09:01.9993890Z Received 9789979 of 9789979 (100.0%), 6.8 MBs/sec
Test (macos-latest)	Run Swatinem/rust-cache@v2	2026-05-18T17:09:02.0012580Z Cache Size: ~9 MB (9789979 B)
Test (macos-latest)	Run Swatinem/rust-cache@v2	2026-05-18T17:09:02.0201800Z [command]/opt/homebrew/bin/gtar -xf /Users/runner/work/_temp/8978f8b9-d6c8-426a-8f52-d537881275f5/cache.tzst -P -C /Users/runner/work/lino-i18n/lino-i18n --delay-directory-restore --use-compress-program unzstd
Test (macos-latest)	Run Swatinem/rust-cache@v2	2026-05-18T17:09:02.1426420Z Cache restored successfully
Test (macos-latest)	Run Swatinem/rust-cache@v2	2026-05-18T17:09:02.1528350Z Restored from cache key "v0-rust-test-Darwin-arm64-f72f18d2-d2ed2b7f" full match: false.
Test (macos-latest)	Run cargo build --manifest-path rust/Cargo.toml --all-targets	﻿2026-05-18T17:09:02.1692600Z ##[group]Run cargo build --manifest-path rust/Cargo.toml --all-targets
Test (macos-latest)	Run cargo build --manifest-path rust/Cargo.toml --all-targets	2026-05-18T17:09:02.1694970Z ^[[36;1mcargo build --manifest-path rust/Cargo.toml --all-targets^[[0m
Test (macos-latest)	Run cargo build --manifest-path rust/Cargo.toml --all-targets	2026-05-18T17:09:02.1757980Z shell: /bin/bash -e {0}
Test (macos-latest)	Run cargo build --manifest-path rust/Cargo.toml --all-targets	2026-05-18T17:09:02.1758180Z env:
Test (macos-latest)	Run cargo build --manifest-path rust/Cargo.toml --all-targets	2026-05-18T17:09:02.1758330Z   CARGO_TERM_COLOR: always
Test (macos-latest)	Run cargo build --manifest-path rust/Cargo.toml --all-targets	2026-05-18T17:09:02.1758490Z   RUST_BACKTRACE: 1
Test (macos-latest)	Run cargo build --manifest-path rust/Cargo.toml --all-targets	2026-05-18T17:09:02.1758700Z   RUSTFLAGS: -Dwarnings
Test (macos-latest)	Run cargo build --manifest-path rust/Cargo.toml --all-targets	2026-05-18T17:09:02.1759380Z   CARGO_REGISTRY_TOKEN: ***
Test (macos-latest)	Run cargo build --manifest-path rust/Cargo.toml --all-targets	2026-05-18T17:09:02.1759940Z   CARGO_TOKEN: ***
Test (macos-latest)	Run cargo build --manifest-path rust/Cargo.toml --all-targets	2026-05-18T17:09:02.1760120Z   CARGO_HOME: /Users/runner/.cargo
Test (macos-latest)	Run cargo build --manifest-path rust/Cargo.toml --all-targets	2026-05-18T17:09:02.1760310Z   CARGO_INCREMENTAL: 0
Test (macos-latest)	Run cargo build --manifest-path rust/Cargo.toml --all-targets	2026-05-18T17:09:02.1760480Z   CACHE_ON_FAILURE: false
Test (macos-latest)	Run cargo build --manifest-path rust/Cargo.toml --all-targets	2026-05-18T17:09:02.1760700Z ##[endgroup]
Test (macos-latest)	Run cargo build --manifest-path rust/Cargo.toml --all-targets	2026-05-18T17:09:02.4593350Z ^[[1m^[[92m    Updating^[[0m crates.io index
Test (macos-latest)	Run cargo build --manifest-path rust/Cargo.toml --all-targets	2026-05-18T17:09:02.6003990Z ^[[1m^[[92m   Compiling^[[0m lino-i18n-macros v0.0.1 (/Users/runner/work/lino-i18n/lino-i18n/rust/lino-i18n-macros)
Test (macos-latest)	Run cargo build --manifest-path rust/Cargo.toml --all-targets	2026-05-18T17:09:06.2991030Z ^[[1m^[[92m   Compiling^[[0m lino-i18n v0.0.1 (/Users/runner/work/lino-i18n/lino-i18n/rust/lino-i18n)
Test (macos-latest)	Run cargo build --manifest-path rust/Cargo.toml --all-targets	2026-05-18T17:09:07.4957840Z ^[[1m^[[92m    Finished^[[0m `dev` profile [unoptimized + debuginfo] target(s) in 5.24s
Test (macos-latest)	Run cargo test --manifest-path rust/Cargo.toml --all-targets	﻿2026-05-18T17:09:07.5073170Z ##[group]Run cargo test --manifest-path rust/Cargo.toml --all-targets
Test (macos-latest)	Run cargo test --manifest-path rust/Cargo.toml --all-targets	2026-05-18T17:09:07.5073870Z ^[[36;1mcargo test --manifest-path rust/Cargo.toml --all-targets^[[0m
Test (macos-latest)	Run cargo test --manifest-path rust/Cargo.toml --all-targets	2026-05-18T17:09:07.5130130Z shell: /bin/bash -e {0}
Test (macos-latest)	Run cargo test --manifest-path rust/Cargo.toml --all-targets	2026-05-18T17:09:07.5130480Z env:
Test (macos-latest)	Run cargo test --manifest-path rust/Cargo.toml --all-targets	2026-05-18T17:09:07.5130790Z   CARGO_TERM_COLOR: always
Test (macos-latest)	Run cargo test --manifest-path rust/Cargo.toml --all-targets	2026-05-18T17:09:07.5131060Z   RUST_BACKTRACE: 1
Test (macos-latest)	Run cargo test --manifest-path rust/Cargo.toml --all-targets	2026-05-18T17:09:07.5131320Z   RUSTFLAGS: -Dwarnings
Test (macos-latest)	Run cargo test --manifest-path rust/Cargo.toml --all-targets	2026-05-18T17:09:07.5131970Z   CARGO_REGISTRY_TOKEN: ***
Test (macos-latest)	Run cargo test --manifest-path rust/Cargo.toml --all-targets	2026-05-18T17:09:07.5132280Z   CARGO_TOKEN: ***
Test (macos-latest)	Run cargo test --manifest-path rust/Cargo.toml --all-targets	2026-05-18T17:09:07.5132540Z   CARGO_HOME: /Users/runner/.cargo
Test (macos-latest)	Run cargo test --manifest-path rust/Cargo.toml --all-targets	2026-05-18T17:09:07.5132960Z   CARGO_INCREMENTAL: 0
Test (macos-latest)	Run cargo test --manifest-path rust/Cargo.toml --all-targets	2026-05-18T17:09:07.5133240Z   CACHE_ON_FAILURE: false
Test (macos-latest)	Run cargo test --manifest-path rust/Cargo.toml --all-targets	2026-05-18T17:09:07.5133570Z ##[endgroup]
Test (macos-latest)	Run cargo test --manifest-path rust/Cargo.toml --all-targets	2026-05-18T17:09:07.6188110Z ^[[1m^[[92m   Compiling^[[0m lino-i18n-macros v0.0.1 (/Users/runner/work/lino-i18n/lino-i18n/rust/lino-i18n-macros)
Test (macos-latest)	Run cargo test --manifest-path rust/Cargo.toml --all-targets	2026-05-18T17:09:07.7793190Z ^[[1m^[[92m   Compiling^[[0m lino-i18n v0.0.1 (/Users/runner/work/lino-i18n/lino-i18n/rust/lino-i18n)
Test (macos-latest)	Run cargo test --manifest-path rust/Cargo.toml --all-targets	2026-05-18T17:09:08.6439370Z ^[[1m^[[92m    Finished^[[0m `test` profile [unoptimized + debuginfo] target(s) in 1.06s
Test (macos-latest)	Run cargo test --manifest-path rust/Cargo.toml --all-targets	2026-05-18T17:09:08.6443820Z ^[[1m^[[92m     Running^[[0m unittests src/lib.rs (rust/target/debug/deps/lino_i18n-1fe355aecb959b27)
Test (macos-latest)	Run cargo test --manifest-path rust/Cargo.toml --all-targets	2026-05-18T17:09:08.6477640Z
Test (macos-latest)	Run cargo test --manifest-path rust/Cargo.toml --all-targets	2026-05-18T17:09:08.6481720Z running 29 tests
Test (macos-latest)	Run cargo test --manifest-path rust/Cargo.toml --all-targets	2026-05-18T17:09:08.6494680Z test format::tests::dotted_names_supported ... ok
Test (macos-latest)	Run cargo test --manifest-path rust/Cargo.toml --all-targets	2026-05-18T17:09:08.6498640Z test format::tests::missing_value_left_untouched ... ok
Test (macos-latest)	Run cargo test --manifest-path rust/Cargo.toml --all-targets	2026-05-18T17:09:08.6500400Z test format::tests::double_braces ... ok
Test (macos-latest)	Run cargo test --manifest-path rust/Cargo.toml --all-targets	2026-05-18T17:09:08.6504830Z test format::tests::preserves_multibyte_text ... ok
Test (macos-latest)	Run cargo test --manifest-path rust/Cargo.toml --all-targets	2026-05-18T17:09:08.6506600Z test format::tests::single_braces ... ok
Test (macos-latest)	Run cargo test --manifest-path rust/Cargo.toml --all-targets	2026-05-18T17:09:08.6507250Z test format::tests::whitespace_inside_braces ... ok
Test (macos-latest)	Run cargo test --manifest-path rust/Cargo.toml --all-targets	2026-05-18T17:09:08.6507980Z test i18n::tests::context_suffix ... ok
Test (macos-latest)	Run cargo test --manifest-path rust/Cargo.toml --all-targets	2026-05-18T17:09:08.6509190Z test i18n::tests::compatibility_aliases_resolve_migrated_deep_keys ... ok
Test (macos-latest)	Run cargo test --manifest-path rust/Cargo.toml --all-targets	2026-05-18T17:09:08.6510920Z test i18n::tests::default_value_used_when_missing ... ok
Test (macos-latest)	Run cargo test --manifest-path rust/Cargo.toml --all-targets	2026-05-18T17:09:08.6511490Z test i18n::tests::fallback_chain ... ok
Test (macos-latest)	Run cargo test --manifest-path rust/Cargo.toml --all-targets	2026-05-18T17:09:08.6513240Z test i18n::tests::interpolates ... ok
Test (macos-latest)	Run cargo test --manifest-path rust/Cargo.toml --all-targets	2026-05-18T17:09:08.6517820Z test i18n::tests::missing_key_handler ... ok
Test (macos-latest)	Run cargo test --manifest-path rust/Cargo.toml --all-targets	2026-05-18T17:09:08.6519300Z test i18n::tests::plurals_in_english ... ok
Test (macos-latest)	Run cargo test --manifest-path rust/Cargo.toml --all-targets	2026-05-18T17:09:08.6519750Z test i18n::tests::plurals_in_russian ... ok
Test (macos-latest)	Run cargo test --manifest-path rust/Cargo.toml --all-targets	2026-05-18T17:09:08.6522070Z test i18n::tests::resolves_label_aliases_while_explicit_keys_win ... ok
Test (macos-latest)	Run cargo test --manifest-path rust/Cargo.toml --all-targets	2026-05-18T17:09:08.6523040Z ^[[1m^[[92m     Running^[[0m tests/integration.rs (rust/target/debug/deps/integration-c89dc69d6e1bd3dd)
Test (macos-latest)	Run cargo test --manifest-path rust/Cargo.toml --all-targets	2026-05-18T17:09:08.6524680Z test loader::tests::expands_compatibility_aliases_without_overwriting_explicit_keys ... ok
Test (macos-latest)	Run cargo test --manifest-path rust/Cargo.toml --all-targets	2026-05-18T17:09:08.6526420Z test loader::tests::format_preserves_scalar_parent_translations_as_labels ... ok
Test (macos-latest)	Run cargo test --manifest-path rust/Cargo.toml --all-targets	2026-05-18T17:09:08.6528030Z test loader::tests::label_aliases_preserve_selector_suffix_groups ... ok
Test (macos-latest)	Run cargo test --manifest-path rust/Cargo.toml --all-targets	2026-05-18T17:09:08.6542210Z test loader::tests::parse_aliases_nested_label_children_to_their_parent_key ... ok
Test (macos-latest)	Run cargo test --manifest-path rust/Cargo.toml --all-targets	2026-05-18T17:09:08.6543800Z test loader::tests::parses_bundled_multi_locale_file ... ok
Test (macos-latest)	Run cargo test --manifest-path rust/Cargo.toml --all-targets	2026-05-18T17:09:08.6544890Z test loader::tests::parses_simple_catalogue ... ok
Test (macos-latest)	Run cargo test --manifest-path rust/Cargo.toml --all-targets	2026-05-18T17:09:08.6545260Z test loader::tests::parses_nested_catalogue ... ok
Test (macos-latest)	Run cargo test --manifest-path rust/Cargo.toml --all-targets	2026-05-18T17:09:08.6546580Z test plurals::tests::arabic ... ok
Test (macos-latest)	Run cargo test --manifest-path rust/Cargo.toml --all-targets	2026-05-18T17:09:08.6547740Z test plurals::tests::english ... ok
Test (macos-latest)	Run cargo test --manifest-path rust/Cargo.toml --all-targets	2026-05-18T17:09:08.6549250Z test plurals::tests::french_zero_is_one ... ok
Test (macos-latest)	Run cargo test --manifest-path rust/Cargo.toml --all-targets	2026-05-18T17:09:08.6551320Z test plurals::tests::japanese_has_one_form ... ok
Test (macos-latest)	Run cargo test --manifest-path rust/Cargo.toml --all-targets	2026-05-18T17:09:08.6551950Z test loader::tests::round_trips ... ok
Test (macos-latest)	Run cargo test --manifest-path rust/Cargo.toml --all-targets	2026-05-18T17:09:08.6553150Z test plurals::tests::polish ... ok
Test (macos-latest)	Run cargo test --manifest-path rust/Cargo.toml --all-targets	2026-05-18T17:09:08.6554190Z test plurals::tests::russian ... ok
Test (macos-latest)	Run cargo test --manifest-path rust/Cargo.toml --all-targets	2026-05-18T17:09:08.6554330Z
Test (macos-latest)	Run cargo test --manifest-path rust/Cargo.toml --all-targets	2026-05-18T17:09:08.6554610Z test result: ok. 29 passed; 0 failed; 0 ignored; 0 measured; 0 filtered out; finished in 0.00s
Test (macos-latest)	Run cargo test --manifest-path rust/Cargo.toml --all-targets	2026-05-18T17:09:08.6555600Z
Test (macos-latest)	Run cargo test --manifest-path rust/Cargo.toml --all-targets	2026-05-18T17:09:08.6556360Z
Test (macos-latest)	Run cargo test --manifest-path rust/Cargo.toml --all-targets	2026-05-18T17:09:08.6557700Z running 9 tests
Test (macos-latest)	Run cargo test --manifest-path rust/Cargo.toml --all-targets	2026-05-18T17:09:08.6568850Z test fallback_chain_picks_first_available ... ok
Test (macos-latest)	Run cargo test --manifest-path rust/Cargo.toml --all-targets	2026-05-18T17:09:08.6577190Z test loader_and_macro_agree_on_keys ... ok
Test (macos-latest)	Run cargo test --manifest-path rust/Cargo.toml --all-targets	2026-05-18T17:09:08.6578070Z test deeply_nested_sample_catalogues_resolve ... ok
Test (macos-latest)	Run cargo test --manifest-path rust/Cargo.toml --all-targets	2026-05-18T17:09:08.6578860Z test macro_loads_translations ... ok
Test (macos-latest)	Run cargo test --manifest-path rust/Cargo.toml --all-targets	2026-05-18T17:09:08.6579360Z test macro_accepts_compatibility_alias_options ... ok
Test (macos-latest)	Run cargo test --manifest-path rust/Cargo.toml --all-targets	2026-05-18T17:09:08.6580970Z test macro_supports_locale_override_and_plurals ... ok
Test (macos-latest)	Run cargo test --manifest-path rust/Cargo.toml --all-targets	2026-05-18T17:09:08.6581360Z test namespaces_and_context_resolve ... ok
Test (macos-latest)	Run cargo test --manifest-path rust/Cargo.toml --all-targets	2026-05-18T17:09:08.6581870Z test parser_flattens_hive_mind_style_deep_multiline_catalogues ... ok
Test (macos-latest)	Run cargo test --manifest-path rust/Cargo.toml --all-targets	2026-05-18T17:09:08.6590640Z test runtime_loads_bundled_locale_file ... ok
Test (macos-latest)	Run cargo test --manifest-path rust/Cargo.toml --all-targets	2026-05-18T17:09:08.6590910Z
Test (macos-latest)	Run cargo test --manifest-path rust/Cargo.toml --all-targets	2026-05-18T17:09:08.6592520Z test result: ok. 9 passed; 0 failed; 0 ignored; 0 measured; 0 filtered out; finished in 0.00s
Test (macos-latest)	Run cargo test --manifest-path rust/Cargo.toml --all-targets	2026-05-18T17:09:08.6592900Z
Test (macos-latest)	Run cargo test --manifest-path rust/Cargo.toml --all-targets	2026-05-18T17:09:08.6598180Z ^[[1m^[[92m     Running^[[0m unittests examples/basic.rs (rust/target/debug/examples/basic-dc21bbe62a45bd82)
Test (macos-latest)	Run cargo test --manifest-path rust/Cargo.toml --all-targets	2026-05-18T17:09:08.6623130Z
Test (macos-latest)	Run cargo test --manifest-path rust/Cargo.toml --all-targets	2026-05-18T17:09:08.6623660Z running 0 tests
Test (macos-latest)	Run cargo test --manifest-path rust/Cargo.toml --all-targets	2026-05-18T17:09:08.6623860Z
Test (macos-latest)	Run cargo test --manifest-path rust/Cargo.toml --all-targets	2026-05-18T17:09:08.6624530Z test result: ok. 0 passed; 0 failed; 0 ignored; 0 measured; 0 filtered out; finished in 0.00s
Test (macos-latest)	Run cargo test --manifest-path rust/Cargo.toml --all-targets	2026-05-18T17:09:08.6624880Z
Test (macos-latest)	Run cargo test --manifest-path rust/Cargo.toml --all-targets	2026-05-18T17:09:08.6700100Z ^[[1m^[[92m     Running^[[0m unittests src/lib.rs (rust/target/debug/deps/lino_i18n_macros-a3f6501147f9d1e8)
Test (macos-latest)	Run cargo test --manifest-path rust/Cargo.toml --all-targets	2026-05-18T17:09:08.6700450Z
Test (macos-latest)	Run cargo test --manifest-path rust/Cargo.toml --all-targets	2026-05-18T17:09:08.6700580Z running 0 tests
Test (macos-latest)	Run cargo test --manifest-path rust/Cargo.toml --all-targets	2026-05-18T17:09:08.6700780Z
Test (macos-latest)	Run cargo test --manifest-path rust/Cargo.toml --all-targets	2026-05-18T17:09:08.6701000Z test result: ok. 0 passed; 0 failed; 0 ignored; 0 measured; 0 filtered out; finished in 0.00s
Test (macos-latest)	Run cargo test --manifest-path rust/Cargo.toml --all-targets	2026-05-18T17:09:08.6701370Z
Test (macos-latest)	Run cargo run --manifest-path rust/lino-i18n/Cargo.toml --example basic	﻿2026-05-18T17:09:08.6791750Z ##[group]Run cargo run --manifest-path rust/lino-i18n/Cargo.toml --example basic
Test (macos-latest)	Run cargo run --manifest-path rust/lino-i18n/Cargo.toml --example basic	2026-05-18T17:09:08.6793180Z ^[[36;1mcargo run --manifest-path rust/lino-i18n/Cargo.toml --example basic^[[0m
Test (macos-latest)	Run cargo run --manifest-path rust/lino-i18n/Cargo.toml --example basic	2026-05-18T17:09:08.6869450Z shell: /bin/bash -e {0}
Test (macos-latest)	Run cargo run --manifest-path rust/lino-i18n/Cargo.toml --example basic	2026-05-18T17:09:08.6869730Z env:
Test (macos-latest)	Run cargo run --manifest-path rust/lino-i18n/Cargo.toml --example basic	2026-05-18T17:09:08.6869940Z   CARGO_TERM_COLOR: always
Test (macos-latest)	Run cargo run --manifest-path rust/lino-i18n/Cargo.toml --example basic	2026-05-18T17:09:08.6870190Z   RUST_BACKTRACE: 1
Test (macos-latest)	Run cargo run --manifest-path rust/lino-i18n/Cargo.toml --example basic	2026-05-18T17:09:08.6870390Z   RUSTFLAGS: -Dwarnings
Test (macos-latest)	Run cargo run --manifest-path rust/lino-i18n/Cargo.toml --example basic	2026-05-18T17:09:08.6870900Z   CARGO_REGISTRY_TOKEN: ***
Test (macos-latest)	Run cargo run --manifest-path rust/lino-i18n/Cargo.toml --example basic	2026-05-18T17:09:08.6871200Z   CARGO_TOKEN: ***
Test (macos-latest)	Run cargo run --manifest-path rust/lino-i18n/Cargo.toml --example basic	2026-05-18T17:09:08.6871410Z   CARGO_HOME: /Users/runner/.cargo
Test (macos-latest)	Run cargo run --manifest-path rust/lino-i18n/Cargo.toml --example basic	2026-05-18T17:09:08.6871730Z   CARGO_INCREMENTAL: 0
Test (macos-latest)	Run cargo run --manifest-path rust/lino-i18n/Cargo.toml --example basic	2026-05-18T17:09:08.6871960Z   CACHE_ON_FAILURE: false
Test (macos-latest)	Run cargo run --manifest-path rust/lino-i18n/Cargo.toml --example basic	2026-05-18T17:09:08.6872430Z ##[endgroup]
Test (macos-latest)	Run cargo run --manifest-path rust/lino-i18n/Cargo.toml --example basic	2026-05-18T17:09:08.7464920Z ^[[1m^[[92m   Compiling^[[0m lino-i18n v0.0.1 (/Users/runner/work/lino-i18n/lino-i18n/rust/lino-i18n)
Test (macos-latest)	Run cargo run --manifest-path rust/lino-i18n/Cargo.toml --example basic	2026-05-18T17:09:08.8818520Z ^[[1m^[[92m    Finished^[[0m `dev` profile [unoptimized + debuginfo] target(s) in 0.14s
Test (macos-latest)	Run cargo run --manifest-path rust/lino-i18n/Cargo.toml --example basic	2026-05-18T17:09:08.8824670Z ^[[1m^[[92m     Running^[[0m `rust/target/debug/examples/basic`
Test (macos-latest)	Run cargo run --manifest-path rust/lino-i18n/Cargo.toml --example basic	2026-05-18T17:09:08.8868450Z Hello, Alice!
Test (macos-latest)	Run cargo run --manifest-path rust/lino-i18n/Cargo.toml --example basic	2026-05-18T17:09:08.8868850Z Your cart is empty
Test (macos-latest)	Run cargo run --manifest-path rust/lino-i18n/Cargo.toml --example basic	2026-05-18T17:09:08.8869060Z 1 item
Test (macos-latest)	Run cargo run --manifest-path rust/lino-i18n/Cargo.toml --example basic	2026-05-18T17:09:08.8869260Z 5 items
Test (macos-latest)	Run cargo run --manifest-path rust/lino-i18n/Cargo.toml --example basic	2026-05-18T17:09:08.8869660Z Keep each language in its own block, nest related messages together,
Test (macos-latest)	Run cargo run --manifest-path rust/lino-i18n/Cargo.toml --example basic	2026-05-18T17:09:08.8870690Z and still resolve the same runtime keys.
Test (macos-latest)	Run cargo run --manifest-path rust/lino-i18n/Cargo.toml --example basic	2026-05-18T17:09:08.8871300Z Привет, Алиса!
Test (macos-latest)	Run cargo run --manifest-path rust/lino-i18n/Cargo.toml --example basic	2026-05-18T17:09:08.8871590Z 3 товара
Test (macos-latest)	Run cargo run --manifest-path rust/lino-i18n/Cargo.toml --example basic	2026-05-18T17:09:08.8871760Z Home
Test (macos-latest)	Run cargo run --manifest-path rust/lino-i18n/Cargo.toml --example basic	2026-05-18T17:09:08.8871990Z She is a developer
Test (macos-latest)	Post Run Swatinem/rust-cache@v2	﻿2026-05-18T17:09:08.8940160Z Post job cleanup.
Test (macos-latest)	Post Run Swatinem/rust-cache@v2	2026-05-18T17:09:09.1683750Z ##[group]Cache Configuration
Test (macos-latest)	Post Run Swatinem/rust-cache@v2	2026-05-18T17:09:09.1685230Z Cache Provider:
Test (macos-latest)	Post Run Swatinem/rust-cache@v2	2026-05-18T17:09:09.1685530Z     github
Test (macos-latest)	Post Run Swatinem/rust-cache@v2	2026-05-18T17:09:09.1685770Z Workspaces:
Test (macos-latest)	Post Run Swatinem/rust-cache@v2	2026-05-18T17:09:09.1686030Z     /Users/runner/work/lino-i18n/lino-i18n/rust
Test (macos-latest)	Post Run Swatinem/rust-cache@v2	2026-05-18T17:09:09.1686380Z Cache Paths:
Test (macos-latest)	Post Run Swatinem/rust-cache@v2	2026-05-18T17:09:09.1686630Z     /Users/runner/.cargo/bin
Test (macos-latest)	Post Run Swatinem/rust-cache@v2	2026-05-18T17:09:09.1686930Z     /Users/runner/.cargo/.crates.toml
Test (macos-latest)	Post Run Swatinem/rust-cache@v2	2026-05-18T17:09:09.1687250Z     /Users/runner/.cargo/.crates2.json
Test (macos-latest)	Post Run Swatinem/rust-cache@v2	2026-05-18T17:09:09.1687550Z     /Users/runner/.cargo/registry
Test (macos-latest)	Post Run Swatinem/rust-cache@v2	2026-05-18T17:09:09.1687830Z     /Users/runner/.cargo/git
Test (macos-latest)	Post Run Swatinem/rust-cache@v2	2026-05-18T17:09:09.1688190Z     /Users/runner/work/lino-i18n/lino-i18n/rust/target
Test (macos-latest)	Post Run Swatinem/rust-cache@v2	2026-05-18T17:09:09.1688570Z Restore Key:
Test (macos-latest)	Post Run Swatinem/rust-cache@v2	2026-05-18T17:09:09.1688820Z     v0-rust-test-Darwin-arm64-f72f18d2
Test (macos-latest)	Post Run Swatinem/rust-cache@v2	2026-05-18T17:09:09.1689130Z Cache Key:
Test (macos-latest)	Post Run Swatinem/rust-cache@v2	2026-05-18T17:09:09.1690620Z     v0-rust-test-Darwin-arm64-f72f18d2-31365a33
Test (macos-latest)	Post Run Swatinem/rust-cache@v2	2026-05-18T17:09:09.1691030Z .. Prefix:
Test (macos-latest)	Post Run Swatinem/rust-cache@v2	2026-05-18T17:09:09.1691300Z   - v0-rust-test-Darwin-arm64
Test (macos-latest)	Post Run Swatinem/rust-cache@v2	2026-05-18T17:09:09.1691830Z (node:5477) [DEP0040] DeprecationWarning: The `punycode` module is deprecated. Please use a userland alternative instead.
Test (macos-latest)	Post Run Swatinem/rust-cache@v2	2026-05-18T17:09:09.1692510Z (Use `node --trace-deprecation ...` to show where the warning was created)
Test (macos-latest)	Post Run Swatinem/rust-cache@v2	2026-05-18T17:09:09.1692850Z .. Environment considered:
Test (macos-latest)	Post Run Swatinem/rust-cache@v2	2026-05-18T17:09:09.1693920Z   - Rust Versions:
Test (macos-latest)	Post Run Swatinem/rust-cache@v2	2026-05-18T17:09:09.1694320Z     - 1.95.0 aarch64-apple-darwin 59807616e1fa2540724bfbac14d7976d7e4a3860
Test (macos-latest)	Post Run Swatinem/rust-cache@v2	2026-05-18T17:09:09.1695040Z     - 1.95.0 aarch64-apple-darwin 59807616e1fa2540724bfbac14d7976d7e4a3860
Test (macos-latest)	Post Run Swatinem/rust-cache@v2	2026-05-18T17:09:09.1695430Z   - CARGO_HOME
Test (macos-latest)	Post Run Swatinem/rust-cache@v2	2026-05-18T17:09:09.1695670Z   - CARGO_INCREMENTAL
Test (macos-latest)	Post Run Swatinem/rust-cache@v2	2026-05-18T17:09:09.1697520Z   - CARGO_REGISTRY_TOKEN
Test (macos-latest)	Post Run Swatinem/rust-cache@v2	2026-05-18T17:09:09.1697790Z   - CARGO_TERM_COLOR
Test (macos-latest)	Post Run Swatinem/rust-cache@v2	2026-05-18T17:09:09.1697980Z   - CARGO_TOKEN
Test (macos-latest)	Post Run Swatinem/rust-cache@v2	2026-05-18T17:09:09.1698130Z   - RUST_BACKTRACE
Test (macos-latest)	Post Run Swatinem/rust-cache@v2	2026-05-18T17:09:09.1698310Z   - RUSTFLAGS
Test (macos-latest)	Post Run Swatinem/rust-cache@v2	2026-05-18T17:09:09.1698510Z .. Lockfiles considered:
Test (macos-latest)	Post Run Swatinem/rust-cache@v2	2026-05-18T17:09:09.1698730Z   - /Users/runner/work/lino-i18n/lino-i18n/rust/Cargo.lock
Test (macos-latest)	Post Run Swatinem/rust-cache@v2	2026-05-18T17:09:09.1699090Z   - /Users/runner/work/lino-i18n/lino-i18n/rust/lino-i18n-macros/Cargo.toml
Test (macos-latest)	Post Run Swatinem/rust-cache@v2	2026-05-18T17:09:09.1699470Z   - /Users/runner/work/lino-i18n/lino-i18n/rust/lino-i18n/Cargo.toml
Test (macos-latest)	Post Run Swatinem/rust-cache@v2	2026-05-18T17:09:09.1699960Z ##[endgroup]
Test (macos-latest)	Post Run Swatinem/rust-cache@v2	2026-05-18T17:09:09.1700060Z
Test (macos-latest)	Post Run Swatinem/rust-cache@v2	2026-05-18T17:09:12.7109690Z ... Cleaning /Users/runner/work/lino-i18n/lino-i18n/rust/target ...
Test (macos-latest)	Post Run Swatinem/rust-cache@v2	2026-05-18T17:09:12.7568070Z ... Cleaning cargo registry (cache-all-crates: false) ...
Test (macos-latest)	Post Run Swatinem/rust-cache@v2	2026-05-18T17:09:12.7960850Z ... Cleaning cargo/bin ...
Test (macos-latest)	Post Run Swatinem/rust-cache@v2	2026-05-18T17:09:12.7966710Z ... Cleaning cargo git cache ...
Test (macos-latest)	Post Run Swatinem/rust-cache@v2	2026-05-18T17:09:12.7968590Z ... Saving cache ...
Test (macos-latest)	Post Run Swatinem/rust-cache@v2	2026-05-18T17:09:12.8308230Z [command]/opt/homebrew/bin/gtar --posix -cf cache.tzst --exclude cache.tzst -P -C /Users/runner/work/lino-i18n/lino-i18n --files-from manifest.txt --delay-directory-restore --use-compress-program zstdmt
Test (macos-latest)	Post Run Swatinem/rust-cache@v2	2026-05-18T17:09:14.3983890Z Sent 9790180 of 9790180 (100.0%), 9.3 MBs/sec
Test (macos-latest)	Post Run actions/checkout@v6	﻿2026-05-18T17:09:14.7231260Z Post job cleanup.
Test (macos-latest)	Post Run actions/checkout@v6	2026-05-18T17:09:14.9863970Z [command]/opt/homebrew/bin/git version
Test (macos-latest)	Post Run actions/checkout@v6	2026-05-18T17:09:15.0087590Z git version 2.54.0
Test (macos-latest)	Post Run actions/checkout@v6	2026-05-18T17:09:15.0107110Z Copying '/Users/runner/.gitconfig' to '/Users/runner/work/_temp/01ab33f5-0e10-43a6-88b4-7efc69330601/.gitconfig'
Test (macos-latest)	Post Run actions/checkout@v6	2026-05-18T17:09:15.0114130Z Temporarily overriding HOME='/Users/runner/work/_temp/01ab33f5-0e10-43a6-88b4-7efc69330601' before making global git config changes
Test (macos-latest)	Post Run actions/checkout@v6	2026-05-18T17:09:15.0114870Z Adding repository directory to the temporary git global config as a safe directory
Test (macos-latest)	Post Run actions/checkout@v6	2026-05-18T17:09:15.0117810Z [command]/opt/homebrew/bin/git config --global --add safe.directory /Users/runner/work/lino-i18n/lino-i18n
Test (macos-latest)	Post Run actions/checkout@v6	2026-05-18T17:09:15.0245720Z Removing SSH command configuration
Test (macos-latest)	Post Run actions/checkout@v6	2026-05-18T17:09:15.0252070Z [command]/opt/homebrew/bin/git config --local --name-only --get-regexp core\.sshCommand
Test (macos-latest)	Post Run actions/checkout@v6	2026-05-18T17:09:15.0339490Z [command]/opt/homebrew/bin/git submodule foreach --recursive sh -c "git config --local --name-only --get-regexp 'core\.sshCommand' && git config --local --unset-all 'core.sshCommand' || :"
Test (macos-latest)	Post Run actions/checkout@v6	2026-05-18T17:09:15.1894310Z Removing HTTP extra header
Test (macos-latest)	Post Run actions/checkout@v6	2026-05-18T17:09:15.1898080Z [command]/opt/homebrew/bin/git config --local --name-only --get-regexp http\.https\:\/\/github\.com\/\.extraheader
Test (macos-latest)	Post Run actions/checkout@v6	2026-05-18T17:09:15.1981880Z [command]/opt/homebrew/bin/git submodule foreach --recursive sh -c "git config --local --name-only --get-regexp 'http\.https\:\/\/github\.com\/\.extraheader' && git config --local --unset-all 'http.https://github.com/.extraheader' || :"
Test (macos-latest)	Post Run actions/checkout@v6	2026-05-18T17:09:15.3477280Z Removing includeIf entries pointing to credentials config files
Test (macos-latest)	Post Run actions/checkout@v6	2026-05-18T17:09:15.3521740Z [command]/opt/homebrew/bin/git config --local --name-only --get-regexp ^includeIf\.gitdir:
Test (macos-latest)	Post Run actions/checkout@v6	2026-05-18T17:09:15.3598650Z includeif.gitdir:/Users/runner/work/lino-i18n/lino-i18n/.git.path
Test (macos-latest)	Post Run actions/checkout@v6	2026-05-18T17:09:15.3600700Z includeif.gitdir:/Users/runner/work/lino-i18n/lino-i18n/.git/worktrees/*.path
Test (macos-latest)	Post Run actions/checkout@v6	2026-05-18T17:09:15.3601880Z includeif.gitdir:/github/workspace/.git.path
Test (macos-latest)	Post Run actions/checkout@v6	2026-05-18T17:09:15.3613030Z includeif.gitdir:/github/workspace/.git/worktrees/*.path
Test (macos-latest)	Post Run actions/checkout@v6	2026-05-18T17:09:15.3616500Z [command]/opt/homebrew/bin/git config --local --get-all includeif.gitdir:/Users/runner/work/lino-i18n/lino-i18n/.git.path
Test (macos-latest)	Post Run actions/checkout@v6	2026-05-18T17:09:15.3851030Z /Users/runner/work/_temp/git-credentials-e0a09af2-5db1-4f5a-a82f-63278ead114e.config
Test (macos-latest)	Post Run actions/checkout@v6	2026-05-18T17:09:15.3862740Z [command]/opt/homebrew/bin/git config --local --unset includeif.gitdir:/Users/runner/work/lino-i18n/lino-i18n/.git.path /Users/runner/work/_temp/git-credentials-e0a09af2-5db1-4f5a-a82f-63278ead114e.config
Test (macos-latest)	Post Run actions/checkout@v6	2026-05-18T17:09:15.4020140Z [command]/opt/homebrew/bin/git config --local --get-all includeif.gitdir:/Users/runner/work/lino-i18n/lino-i18n/.git/worktrees/*.path
Test (macos-latest)	Post Run actions/checkout@v6	2026-05-18T17:09:15.4098700Z /Users/runner/work/_temp/git-credentials-e0a09af2-5db1-4f5a-a82f-63278ead114e.config
Test (macos-latest)	Post Run actions/checkout@v6	2026-05-18T17:09:15.4106080Z [command]/opt/homebrew/bin/git config --local --unset includeif.gitdir:/Users/runner/work/lino-i18n/lino-i18n/.git/worktrees/*.path /Users/runner/work/_temp/git-credentials-e0a09af2-5db1-4f5a-a82f-63278ead114e.config
Test (macos-latest)	Post Run actions/checkout@v6	2026-05-18T17:09:15.4325300Z [command]/opt/homebrew/bin/git config --local --get-all includeif.gitdir:/github/workspace/.git.path
Test (macos-latest)	Post Run actions/checkout@v6	2026-05-18T17:09:15.4406120Z /github/runner_temp/git-credentials-e0a09af2-5db1-4f5a-a82f-63278ead114e.config
Test (macos-latest)	Post Run actions/checkout@v6	2026-05-18T17:09:15.4413850Z [command]/opt/homebrew/bin/git config --local --unset includeif.gitdir:/github/workspace/.git.path /github/runner_temp/git-credentials-e0a09af2-5db1-4f5a-a82f-63278ead114e.config
Test (macos-latest)	Post Run actions/checkout@v6	2026-05-18T17:09:15.4571190Z [command]/opt/homebrew/bin/git config --local --get-all includeif.gitdir:/github/workspace/.git/worktrees/*.path
Test (macos-latest)	Post Run actions/checkout@v6	2026-05-18T17:09:15.4682350Z /github/runner_temp/git-credentials-e0a09af2-5db1-4f5a-a82f-63278ead114e.config
Test (macos-latest)	Post Run actions/checkout@v6	2026-05-18T17:09:15.4699830Z [command]/opt/homebrew/bin/git config --local --unset includeif.gitdir:/github/workspace/.git/worktrees/*.path /github/runner_temp/git-credentials-e0a09af2-5db1-4f5a-a82f-63278ead114e.config
Test (macos-latest)	Post Run actions/checkout@v6	2026-05-18T17:09:15.4844790Z [command]/opt/homebrew/bin/git submodule foreach --recursive git config --local --show-origin --name-only --get-regexp remote.origin.url
Test (macos-latest)	Post Run actions/checkout@v6	2026-05-18T17:09:15.6251080Z Removing credentials config '/Users/runner/work/_temp/git-credentials-e0a09af2-5db1-4f5a-a82f-63278ead114e.config'
Test (macos-latest)	Complete job	﻿2026-05-18T17:09:15.6716910Z Cleaning up orphan processes
Test (ubuntu-latest)	Set up job	﻿2026-05-18T17:08:51.4626776Z Current runner version: '2.334.0'
Test (ubuntu-latest)	Set up job	2026-05-18T17:08:51.4664362Z ##[group]Runner Image Provisioner
Test (ubuntu-latest)	Set up job	2026-05-18T17:08:51.4665561Z Hosted Compute Agent
Test (ubuntu-latest)	Set up job	2026-05-18T17:08:51.4666337Z Version: 20260213.493
Test (ubuntu-latest)	Set up job	2026-05-18T17:08:51.4667384Z Commit: 5c115507f6dd24b8de37d8bbe0bb4509d0cc0fa3
Test (ubuntu-latest)	Set up job	2026-05-18T17:08:51.4668415Z Build Date: 2026-02-13T00:28:41Z
Test (ubuntu-latest)	Set up job	2026-05-18T17:08:51.4669517Z Worker ID: {9fbc8ebe-c84b-4791-a6ed-2e7167ff3ce2}
Test (ubuntu-latest)	Set up job	2026-05-18T17:08:51.4670766Z Azure Region: eastus
Test (ubuntu-latest)	Set up job	2026-05-18T17:08:51.4671729Z ##[endgroup]
Test (ubuntu-latest)	Set up job	2026-05-18T17:08:51.4673663Z ##[group]Operating System
Test (ubuntu-latest)	Set up job	2026-05-18T17:08:51.4674692Z Ubuntu
Test (ubuntu-latest)	Set up job	2026-05-18T17:08:51.4675369Z 24.04.4
Test (ubuntu-latest)	Set up job	2026-05-18T17:08:51.4676114Z LTS
Test (ubuntu-latest)	Set up job	2026-05-18T17:08:51.4676869Z ##[endgroup]
Test (ubuntu-latest)	Set up job	2026-05-18T17:08:51.4677744Z ##[group]Runner Image
Test (ubuntu-latest)	Set up job	2026-05-18T17:08:51.4678597Z Image: ubuntu-24.04
Test (ubuntu-latest)	Set up job	2026-05-18T17:08:51.4679421Z Version: 20260513.135.3
Test (ubuntu-latest)	Set up job	2026-05-18T17:08:51.4681295Z Included Software: https://github.com/actions/runner-images/blob/ubuntu24/20260513.135/images/ubuntu/Ubuntu2404-Readme.md
Test (ubuntu-latest)	Set up job	2026-05-18T17:08:51.4684130Z Image Release: https://github.com/actions/runner-images/releases/tag/ubuntu24%2F20260513.135
Test (ubuntu-latest)	Set up job	2026-05-18T17:08:51.4685620Z ##[endgroup]
Test (ubuntu-latest)	Set up job	2026-05-18T17:08:51.4688183Z ##[group]GITHUB_TOKEN Permissions
Test (ubuntu-latest)	Set up job	2026-05-18T17:08:51.4691810Z Contents: write
Test (ubuntu-latest)	Set up job	2026-05-18T17:08:51.4692612Z Metadata: read
Test (ubuntu-latest)	Set up job	2026-05-18T17:08:51.4693449Z Pages: write
Test (ubuntu-latest)	Set up job	2026-05-18T17:08:51.4694250Z PullRequests: write
Test (ubuntu-latest)	Set up job	2026-05-18T17:08:51.4694994Z ##[endgroup]
Test (ubuntu-latest)	Set up job	2026-05-18T17:08:51.4697805Z Secret source: Actions
Test (ubuntu-latest)	Set up job	2026-05-18T17:08:51.4699270Z Prepare workflow directory
Test (ubuntu-latest)	Set up job	2026-05-18T17:08:51.5459157Z Prepare all required actions
Test (ubuntu-latest)	Set up job	2026-05-18T17:08:51.5515760Z Getting action download info
Test (ubuntu-latest)	Set up job	2026-05-18T17:08:51.9631847Z Download action repository 'actions/checkout@v6' (SHA:de0fac2e4500dabe0009e67214ff5f5447ce83dd)
Test (ubuntu-latest)	Set up job	2026-05-18T17:08:52.1177985Z Download action repository 'dtolnay/rust-toolchain@stable' (SHA:29eef336d9b2848a0b548edc03f92a220660cdb8)
Test (ubuntu-latest)	Set up job	2026-05-18T17:08:52.2865475Z Download action repository 'Swatinem/rust-cache@v2' (SHA:e18b497796c12c097a38f9edb9d0641fb99eee32)
Test (ubuntu-latest)	Set up job	2026-05-18T17:08:52.6743085Z Complete job name: Test (ubuntu-latest)
Test (ubuntu-latest)	Run actions/checkout@v6	﻿2026-05-18T17:08:52.7436760Z ##[group]Run actions/checkout@v6
Test (ubuntu-latest)	Run actions/checkout@v6	2026-05-18T17:08:52.7437668Z with:
Test (ubuntu-latest)	Run actions/checkout@v6	2026-05-18T17:08:52.7438129Z   repository: link-foundation/lino-i18n
Test (ubuntu-latest)	Run actions/checkout@v6	2026-05-18T17:08:52.7439036Z   token: ***
Test (ubuntu-latest)	Run actions/checkout@v6	2026-05-18T17:08:52.7439460Z   ssh-strict: true
Test (ubuntu-latest)	Run actions/checkout@v6	2026-05-18T17:08:52.7439908Z   ssh-user: git
Test (ubuntu-latest)	Run actions/checkout@v6	2026-05-18T17:08:52.7440356Z   persist-credentials: true
Test (ubuntu-latest)	Run actions/checkout@v6	2026-05-18T17:08:52.7440953Z   clean: true
Test (ubuntu-latest)	Run actions/checkout@v6	2026-05-18T17:08:52.7441742Z   sparse-checkout-cone-mode: true
Test (ubuntu-latest)	Run actions/checkout@v6	2026-05-18T17:08:52.7442265Z   fetch-depth: 1
Test (ubuntu-latest)	Run actions/checkout@v6	2026-05-18T17:08:52.7442676Z   fetch-tags: false
Test (ubuntu-latest)	Run actions/checkout@v6	2026-05-18T17:08:52.7443150Z   show-progress: true
Test (ubuntu-latest)	Run actions/checkout@v6	2026-05-18T17:08:52.7443592Z   lfs: false
Test (ubuntu-latest)	Run actions/checkout@v6	2026-05-18T17:08:52.7444006Z   submodules: false
Test (ubuntu-latest)	Run actions/checkout@v6	2026-05-18T17:08:52.7444445Z   set-safe-directory: true
Test (ubuntu-latest)	Run actions/checkout@v6	2026-05-18T17:08:52.7445357Z env:
Test (ubuntu-latest)	Run actions/checkout@v6	2026-05-18T17:08:52.7445846Z   CARGO_TERM_COLOR: always
Test (ubuntu-latest)	Run actions/checkout@v6	2026-05-18T17:08:52.7446307Z   RUST_BACKTRACE: 1
Test (ubuntu-latest)	Run actions/checkout@v6	2026-05-18T17:08:52.7446762Z   RUSTFLAGS: -Dwarnings
Test (ubuntu-latest)	Run actions/checkout@v6	2026-05-18T17:08:52.7447501Z   CARGO_REGISTRY_TOKEN: ***
Test (ubuntu-latest)	Run actions/checkout@v6	2026-05-18T17:08:52.7448058Z   CARGO_TOKEN: ***
Test (ubuntu-latest)	Run actions/checkout@v6	2026-05-18T17:08:52.7448528Z ##[endgroup]
Test (ubuntu-latest)	Run actions/checkout@v6	2026-05-18T17:08:52.8458798Z Syncing repository: link-foundation/lino-i18n
Test (ubuntu-latest)	Run actions/checkout@v6	2026-05-18T17:08:52.8461277Z ##[group]Getting Git version info
Test (ubuntu-latest)	Run actions/checkout@v6	2026-05-18T17:08:52.8462131Z Working directory is '/home/runner/work/lino-i18n/lino-i18n'
Test (ubuntu-latest)	Run actions/checkout@v6	2026-05-18T17:08:52.8463462Z [command]/usr/bin/git version
Test (ubuntu-latest)	Run actions/checkout@v6	2026-05-18T17:08:52.8497128Z git version 2.54.0
Test (ubuntu-latest)	Run actions/checkout@v6	2026-05-18T17:08:52.8553063Z ##[endgroup]
Test (ubuntu-latest)	Run actions/checkout@v6	2026-05-18T17:08:52.8568299Z Temporarily overriding HOME='/home/runner/work/_temp/1c039f5c-1c07-431c-a4c0-f288a57eeb25' before making global git config changes
Test (ubuntu-latest)	Run actions/checkout@v6	2026-05-18T17:08:52.8573880Z Adding repository directory to the temporary git global config as a safe directory
Test (ubuntu-latest)	Run actions/checkout@v6	2026-05-18T17:08:52.8575096Z [command]/usr/bin/git config --global --add safe.directory /home/runner/work/lino-i18n/lino-i18n
Test (ubuntu-latest)	Run actions/checkout@v6	2026-05-18T17:08:52.8621539Z Deleting the contents of '/home/runner/work/lino-i18n/lino-i18n'
Test (ubuntu-latest)	Run actions/checkout@v6	2026-05-18T17:08:52.8625239Z ##[group]Initializing the repository
Test (ubuntu-latest)	Run actions/checkout@v6	2026-05-18T17:08:52.8629960Z [command]/usr/bin/git init /home/runner/work/lino-i18n/lino-i18n
Test (ubuntu-latest)	Run actions/checkout@v6	2026-05-18T17:08:52.8703695Z hint: Using 'master' as the name for the initial branch. This default branch name
Test (ubuntu-latest)	Run actions/checkout@v6	2026-05-18T17:08:52.8705040Z hint: will change to "main" in Git 3.0. To configure the initial branch name
Test (ubuntu-latest)	Run actions/checkout@v6	2026-05-18T17:08:52.8706564Z hint: to use in all of your new repositories, which will suppress this warning,
Test (ubuntu-latest)	Run actions/checkout@v6	2026-05-18T17:08:52.8707434Z hint: call:
Test (ubuntu-latest)	Run actions/checkout@v6	2026-05-18T17:08:52.8708109Z hint:
Test (ubuntu-latest)	Run actions/checkout@v6	2026-05-18T17:08:52.8709122Z hint: 	git config --global init.defaultBranch <name>
Test (ubuntu-latest)	Run actions/checkout@v6	2026-05-18T17:08:52.8710219Z hint:
Test (ubuntu-latest)	Run actions/checkout@v6	2026-05-18T17:08:52.8711396Z hint: Names commonly chosen instead of 'master' are 'main', 'trunk' and
Test (ubuntu-latest)	Run actions/checkout@v6	2026-05-18T17:08:52.8713027Z hint: 'development'. The just-created branch can be renamed via this command:
Test (ubuntu-latest)	Run actions/checkout@v6	2026-05-18T17:08:52.8714317Z hint:
Test (ubuntu-latest)	Run actions/checkout@v6	2026-05-18T17:08:52.8715003Z hint: 	git branch -m <name>
Test (ubuntu-latest)	Run actions/checkout@v6	2026-05-18T17:08:52.8715775Z hint:
Test (ubuntu-latest)	Run actions/checkout@v6	2026-05-18T17:08:52.8716853Z hint: Disable this message with "git config set advice.defaultBranchName false"
Test (ubuntu-latest)	Run actions/checkout@v6	2026-05-18T17:08:52.8718651Z Initialized empty Git repository in /home/runner/work/lino-i18n/lino-i18n/.git/
Test (ubuntu-latest)	Run actions/checkout@v6	2026-05-18T17:08:52.8721906Z [command]/usr/bin/git remote add origin https://github.com/link-foundation/lino-i18n
Test (ubuntu-latest)	Run actions/checkout@v6	2026-05-18T17:08:52.8762376Z ##[endgroup]
Test (ubuntu-latest)	Run actions/checkout@v6	2026-05-18T17:08:52.8763667Z ##[group]Disabling automatic garbage collection
Test (ubuntu-latest)	Run actions/checkout@v6	2026-05-18T17:08:52.8767114Z [command]/usr/bin/git config --local gc.auto 0
Test (ubuntu-latest)	Run actions/checkout@v6	2026-05-18T17:08:52.8798661Z ##[endgroup]
Test (ubuntu-latest)	Run actions/checkout@v6	2026-05-18T17:08:52.8799988Z ##[group]Setting up auth
Test (ubuntu-latest)	Run actions/checkout@v6	2026-05-18T17:08:52.8800867Z Removing SSH command configuration
Test (ubuntu-latest)	Run actions/checkout@v6	2026-05-18T17:08:52.8806965Z [command]/usr/bin/git config --local --name-only --get-regexp core\.sshCommand
Test (ubuntu-latest)	Run actions/checkout@v6	2026-05-18T17:08:52.8842330Z [command]/usr/bin/git submodule foreach --recursive sh -c "git config --local --name-only --get-regexp 'core\.sshCommand' && git config --local --unset-all 'core.sshCommand' || :"
Test (ubuntu-latest)	Run actions/checkout@v6	2026-05-18T17:08:52.9149634Z Removing HTTP extra header
Test (ubuntu-latest)	Run actions/checkout@v6	2026-05-18T17:08:52.9156287Z [command]/usr/bin/git config --local --name-only --get-regexp http\.https\:\/\/github\.com\/\.extraheader
Test (ubuntu-latest)	Run actions/checkout@v6	2026-05-18T17:08:52.9190654Z [command]/usr/bin/git submodule foreach --recursive sh -c "git config --local --name-only --get-regexp 'http\.https\:\/\/github\.com\/\.extraheader' && git config --local --unset-all 'http.https://github.com/.extraheader' || :"
Test (ubuntu-latest)	Run actions/checkout@v6	2026-05-18T17:08:52.9422854Z Removing includeIf entries pointing to credentials config files
Test (ubuntu-latest)	Run actions/checkout@v6	2026-05-18T17:08:52.9429385Z [command]/usr/bin/git config --local --name-only --get-regexp ^includeIf\.gitdir:
Test (ubuntu-latest)	Run actions/checkout@v6	2026-05-18T17:08:52.9464576Z [command]/usr/bin/git submodule foreach --recursive git config --local --show-origin --name-only --get-regexp remote.origin.url
Test (ubuntu-latest)	Run actions/checkout@v6	2026-05-18T17:08:52.9701457Z [command]/usr/bin/git config --file /home/runner/work/_temp/git-credentials-aae0d230-4ee9-422c-bee3-fe2da8cc2962.config http.https://github.com/.extraheader AUTHORIZATION: basic ***
Test (ubuntu-latest)	Run actions/checkout@v6	2026-05-18T17:08:52.9740233Z [command]/usr/bin/git config --local includeIf.gitdir:/home/runner/work/lino-i18n/lino-i18n/.git.path /home/runner/work/_temp/git-credentials-aae0d230-4ee9-422c-bee3-fe2da8cc2962.config
Test (ubuntu-latest)	Run actions/checkout@v6	2026-05-18T17:08:52.9771829Z [command]/usr/bin/git config --local includeIf.gitdir:/home/runner/work/lino-i18n/lino-i18n/.git/worktrees/*.path /home/runner/work/_temp/git-credentials-aae0d230-4ee9-422c-bee3-fe2da8cc2962.config
Test (ubuntu-latest)	Run actions/checkout@v6	2026-05-18T17:08:52.9807934Z [command]/usr/bin/git config --local includeIf.gitdir:/github/workspace/.git.path /github/runner_temp/git-credentials-aae0d230-4ee9-422c-bee3-fe2da8cc2962.config
Test (ubuntu-latest)	Run actions/checkout@v6	2026-05-18T17:08:52.9840744Z [command]/usr/bin/git config --local includeIf.gitdir:/github/workspace/.git/worktrees/*.path /github/runner_temp/git-credentials-aae0d230-4ee9-422c-bee3-fe2da8cc2962.config
Test (ubuntu-latest)	Run actions/checkout@v6	2026-05-18T17:08:52.9868553Z ##[endgroup]
Test (ubuntu-latest)	Run actions/checkout@v6	2026-05-18T17:08:52.9869741Z ##[group]Fetching the repository
Test (ubuntu-latest)	Run actions/checkout@v6	2026-05-18T17:08:52.9879267Z [command]/usr/bin/git -c protocol.version=2 fetch --no-tags --prune --no-recurse-submodules --depth=1 origin +992b91dd1eeb865ff89d2c130c88ad313a609723:refs/remotes/origin/main
Test (ubuntu-latest)	Run actions/checkout@v6	2026-05-18T17:08:53.3665027Z From https://github.com/link-foundation/lino-i18n
Test (ubuntu-latest)	Run actions/checkout@v6	2026-05-18T17:08:53.3666499Z  * [new ref]         992b91dd1eeb865ff89d2c130c88ad313a609723 -> origin/main
Test (ubuntu-latest)	Run actions/checkout@v6	2026-05-18T17:08:53.3706417Z [command]/usr/bin/git branch --list --remote origin/main
Test (ubuntu-latest)	Run actions/checkout@v6	2026-05-18T17:08:53.3833961Z   origin/main
Test (ubuntu-latest)	Run actions/checkout@v6	2026-05-18T17:08:53.3843889Z [command]/usr/bin/git rev-parse refs/remotes/origin/main
Test (ubuntu-latest)	Run actions/checkout@v6	2026-05-18T17:08:53.3869871Z 992b91dd1eeb865ff89d2c130c88ad313a609723
Test (ubuntu-latest)	Run actions/checkout@v6	2026-05-18T17:08:53.3874624Z ##[endgroup]
Test (ubuntu-latest)	Run actions/checkout@v6	2026-05-18T17:08:53.3876022Z ##[group]Determining the checkout info
Test (ubuntu-latest)	Run actions/checkout@v6	2026-05-18T17:08:53.3877252Z ##[endgroup]
Test (ubuntu-latest)	Run actions/checkout@v6	2026-05-18T17:08:53.3880163Z [command]/usr/bin/git sparse-checkout disable
Test (ubuntu-latest)	Run actions/checkout@v6	2026-05-18T17:08:53.3927137Z [command]/usr/bin/git config --local --unset-all extensions.worktreeConfig
Test (ubuntu-latest)	Run actions/checkout@v6	2026-05-18T17:08:53.3956908Z ##[group]Checking out the ref
Test (ubuntu-latest)	Run actions/checkout@v6	2026-05-18T17:08:53.3960770Z [command]/usr/bin/git checkout --progress --force -B main refs/remotes/origin/main
Test (ubuntu-latest)	Run actions/checkout@v6	2026-05-18T17:08:53.4596887Z Switched to a new branch 'main'
Test (ubuntu-latest)	Run actions/checkout@v6	2026-05-18T17:08:53.4599068Z branch 'main' set up to track 'origin/main'.
Test (ubuntu-latest)	Run actions/checkout@v6	2026-05-18T17:08:53.4612470Z ##[endgroup]
Test (ubuntu-latest)	Run actions/checkout@v6	2026-05-18T17:08:53.4664356Z [command]/usr/bin/git log -1 --format=%H
Test (ubuntu-latest)	Run actions/checkout@v6	2026-05-18T17:08:53.4692835Z 992b91dd1eeb865ff89d2c130c88ad313a609723
Test (ubuntu-latest)	Run dtolnay/rust-toolchain@stable	﻿2026-05-18T17:08:53.5399707Z ##[group]Run dtolnay/rust-toolchain@stable
Test (ubuntu-latest)	Run dtolnay/rust-toolchain@stable	2026-05-18T17:08:53.5401709Z with:
Test (ubuntu-latest)	Run dtolnay/rust-toolchain@stable	2026-05-18T17:08:53.5402891Z   toolchain: stable
Test (ubuntu-latest)	Run dtolnay/rust-toolchain@stable	2026-05-18T17:08:53.5404198Z env:
Test (ubuntu-latest)	Run dtolnay/rust-toolchain@stable	2026-05-18T17:08:53.5405385Z   CARGO_TERM_COLOR: always
Test (ubuntu-latest)	Run dtolnay/rust-toolchain@stable	2026-05-18T17:08:53.5406768Z   RUST_BACKTRACE: 1
Test (ubuntu-latest)	Run dtolnay/rust-toolchain@stable	2026-05-18T17:08:53.5408089Z   RUSTFLAGS: -Dwarnings
Test (ubuntu-latest)	Run dtolnay/rust-toolchain@stable	2026-05-18T17:08:53.5409989Z   CARGO_REGISTRY_TOKEN: ***
Test (ubuntu-latest)	Run dtolnay/rust-toolchain@stable	2026-05-18T17:08:53.5411516Z   CARGO_TOKEN: ***
Test (ubuntu-latest)	Run dtolnay/rust-toolchain@stable	2026-05-18T17:08:53.5412376Z ##[endgroup]
Test (ubuntu-latest)	Run dtolnay/rust-toolchain@stable	2026-05-18T17:08:53.5653873Z ##[group]Run : parse toolchain version
Test (ubuntu-latest)	Run dtolnay/rust-toolchain@stable	2026-05-18T17:08:53.5655140Z ^[[36;1m: parse toolchain version^[[0m
Test (ubuntu-latest)	Run dtolnay/rust-toolchain@stable	2026-05-18T17:08:53.5656211Z ^[[36;1mif [[ -z $toolchain ]]; then^[[0m
Test (ubuntu-latest)	Run dtolnay/rust-toolchain@stable	2026-05-18T17:08:53.5658065Z ^[[36;1m  # GitHub does not enforce `required: true` inputs itself. https://github.com/actions/runner/issues/1070^[[0m
Test (ubuntu-latest)	Run dtolnay/rust-toolchain@stable	2026-05-18T17:08:53.5660326Z ^[[36;1m  echo "'toolchain' is a required input" >&2^[[0m
Test (ubuntu-latest)	Run dtolnay/rust-toolchain@stable	2026-05-18T17:08:53.5661680Z ^[[36;1m  exit 1^[[0m
Test (ubuntu-latest)	Run dtolnay/rust-toolchain@stable	2026-05-18T17:08:53.5662942Z ^[[36;1melif [[ $toolchain =~ ^stable' '[0-9]+' '(year|month|week|day)s?' 'ago$ ]]; then^[[0m
Test (ubuntu-latest)	Run dtolnay/rust-toolchain@stable	2026-05-18T17:08:53.5664609Z ^[[36;1m  if [[ Linux == macOS ]]; then^[[0m
Test (ubuntu-latest)	Run dtolnay/rust-toolchain@stable	2026-05-18T17:08:53.5666665Z ^[[36;1m    echo "toolchain=1.$((($(date -v-$(sed 's/stable \([0-9]*\) \(.\).*/\1\2/' <<< $toolchain) +%s)/60/60/24-16569)/7/6))" >> $GITHUB_OUTPUT^[[0m
Test (ubuntu-latest)	Run dtolnay/rust-toolchain@stable	2026-05-18T17:08:53.5668561Z ^[[36;1m  else^[[0m
Test (ubuntu-latest)	Run dtolnay/rust-toolchain@stable	2026-05-18T17:08:53.5670031Z ^[[36;1m    echo "toolchain=1.$((($(date --date "${toolchain#stable }" +%s)/60/60/24-16569)/7/6))" >> $GITHUB_OUTPUT^[[0m
Test (ubuntu-latest)	Run dtolnay/rust-toolchain@stable	2026-05-18T17:08:53.5672185Z ^[[36;1m  fi^[[0m
Test (ubuntu-latest)	Run dtolnay/rust-toolchain@stable	2026-05-18T17:08:53.5673295Z ^[[36;1melif [[ $toolchain =~ ^stable' 'minus' '[0-9]+' 'releases?$ ]]; then^[[0m
Test (ubuntu-latest)	Run dtolnay/rust-toolchain@stable	2026-05-18T17:08:53.5675284Z ^[[36;1m  echo "toolchain=1.$((($(date +%s)/60/60/24-16569)/7/6-${toolchain//[^0-9]/}))" >> $GITHUB_OUTPUT^[[0m
Test (ubuntu-latest)	Run dtolnay/rust-toolchain@stable	2026-05-18T17:08:53.5676983Z ^[[36;1melif [[ $toolchain =~ ^1\.[0-9]+$ ]]; then^[[0m
Test (ubuntu-latest)	Run dtolnay/rust-toolchain@stable	2026-05-18T17:08:53.5678906Z ^[[36;1m  echo "toolchain=1.$((i=${toolchain#1.}, c=($(date +%s)/60/60/24-16569)/7/6, i+9*i*(10*i<=c)+90*i*(100*i<=c)))" >> $GITHUB_OUTPUT^[[0m
Test (ubuntu-latest)	Run dtolnay/rust-toolchain@stable	2026-05-18T17:08:53.5681362Z ^[[36;1melse^[[0m
Test (ubuntu-latest)	Run dtolnay/rust-toolchain@stable	2026-05-18T17:08:53.5682315Z ^[[36;1m  echo "toolchain=$toolchain" >> $GITHUB_OUTPUT^[[0m
Test (ubuntu-latest)	Run dtolnay/rust-toolchain@stable	2026-05-18T17:08:53.5683469Z ^[[36;1mfi^[[0m
Test (ubuntu-latest)	Run dtolnay/rust-toolchain@stable	2026-05-18T17:08:53.5728699Z shell: /usr/bin/bash --noprofile --norc -e -o pipefail {0}
Test (ubuntu-latest)	Run dtolnay/rust-toolchain@stable	2026-05-18T17:08:53.5729956Z env:
Test (ubuntu-latest)	Run dtolnay/rust-toolchain@stable	2026-05-18T17:08:53.5730687Z   CARGO_TERM_COLOR: always
Test (ubuntu-latest)	Run dtolnay/rust-toolchain@stable	2026-05-18T17:08:53.5731740Z   RUST_BACKTRACE: 1
Test (ubuntu-latest)	Run dtolnay/rust-toolchain@stable	2026-05-18T17:08:53.5732558Z   RUSTFLAGS: -Dwarnings
Test (ubuntu-latest)	Run dtolnay/rust-toolchain@stable	2026-05-18T17:08:53.5734257Z   CARGO_REGISTRY_TOKEN: ***
Test (ubuntu-latest)	Run dtolnay/rust-toolchain@stable	2026-05-18T17:08:53.5735905Z   CARGO_TOKEN: ***
Test (ubuntu-latest)	Run dtolnay/rust-toolchain@stable	2026-05-18T17:08:53.5736815Z   toolchain: stable
Test (ubuntu-latest)	Run dtolnay/rust-toolchain@stable	2026-05-18T17:08:53.5737872Z ##[endgroup]
Test (ubuntu-latest)	Run dtolnay/rust-toolchain@stable	2026-05-18T17:08:53.5921408Z ##[group]Run : construct rustup command line
Test (ubuntu-latest)	Run dtolnay/rust-toolchain@stable	2026-05-18T17:08:53.5922597Z ^[[36;1m: construct rustup command line^[[0m
Test (ubuntu-latest)	Run dtolnay/rust-toolchain@stable	2026-05-18T17:08:53.5924204Z ^[[36;1mecho "targets=$(for t in ${targets//,/ }; do echo -n ' --target' $t; done)" >> $GITHUB_OUTPUT^[[0m
Test (ubuntu-latest)	Run dtolnay/rust-toolchain@stable	2026-05-18T17:08:53.5926475Z ^[[36;1mecho "components=$(for c in ${components//,/ }; do echo -n ' --component' $c; done)" >> $GITHUB_OUTPUT^[[0m
Test (ubuntu-latest)	Run dtolnay/rust-toolchain@stable	2026-05-18T17:08:53.5928282Z ^[[36;1mecho "downgrade=" >> $GITHUB_OUTPUT^[[0m
Test (ubuntu-latest)	Run dtolnay/rust-toolchain@stable	2026-05-18T17:08:53.5964001Z shell: /usr/bin/bash --noprofile --norc -e -o pipefail {0}
Test (ubuntu-latest)	Run dtolnay/rust-toolchain@stable	2026-05-18T17:08:53.5965206Z env:
Test (ubuntu-latest)	Run dtolnay/rust-toolchain@stable	2026-05-18T17:08:53.5965908Z   CARGO_TERM_COLOR: always
Test (ubuntu-latest)	Run dtolnay/rust-toolchain@stable	2026-05-18T17:08:53.5966754Z   RUST_BACKTRACE: 1
Test (ubuntu-latest)	Run dtolnay/rust-toolchain@stable	2026-05-18T17:08:53.5967560Z   RUSTFLAGS: -Dwarnings
Test (ubuntu-latest)	Run dtolnay/rust-toolchain@stable	2026-05-18T17:08:53.5968763Z   CARGO_REGISTRY_TOKEN: ***
Test (ubuntu-latest)	Run dtolnay/rust-toolchain@stable	2026-05-18T17:08:53.5969850Z   CARGO_TOKEN: ***
Test (ubuntu-latest)	Run dtolnay/rust-toolchain@stable	2026-05-18T17:08:53.5970629Z   targets:
Test (ubuntu-latest)	Run dtolnay/rust-toolchain@stable	2026-05-18T17:08:53.5971532Z   components:
Test (ubuntu-latest)	Run dtolnay/rust-toolchain@stable	2026-05-18T17:08:53.5972296Z ##[endgroup]
Test (ubuntu-latest)	Run dtolnay/rust-toolchain@stable	2026-05-18T17:08:53.6097097Z ##[group]Run : set $CARGO_HOME
Test (ubuntu-latest)	Run dtolnay/rust-toolchain@stable	2026-05-18T17:08:53.6098100Z ^[[36;1m: set $CARGO_HOME^[[0m
Test (ubuntu-latest)	Run dtolnay/rust-toolchain@stable	2026-05-18T17:08:53.6099282Z ^[[36;1mecho CARGO_HOME=${CARGO_HOME:-"$HOME/.cargo"} >> $GITHUB_ENV^[[0m
Test (ubuntu-latest)	Run dtolnay/rust-toolchain@stable	2026-05-18T17:08:53.6136172Z shell: /usr/bin/bash --noprofile --norc -e -o pipefail {0}
Test (ubuntu-latest)	Run dtolnay/rust-toolchain@stable	2026-05-18T17:08:53.6137390Z env:
Test (ubuntu-latest)	Run dtolnay/rust-toolchain@stable	2026-05-18T17:08:53.6138353Z   CARGO_TERM_COLOR: always
Test (ubuntu-latest)	Run dtolnay/rust-toolchain@stable	2026-05-18T17:08:53.6139226Z   RUST_BACKTRACE: 1
Test (ubuntu-latest)	Run dtolnay/rust-toolchain@stable	2026-05-18T17:08:53.6140108Z   RUSTFLAGS: -Dwarnings
Test (ubuntu-latest)	Run dtolnay/rust-toolchain@stable	2026-05-18T17:08:53.6141610Z   CARGO_REGISTRY_TOKEN: ***
Test (ubuntu-latest)	Run dtolnay/rust-toolchain@stable	2026-05-18T17:08:53.6143579Z   CARGO_TOKEN: ***
Test (ubuntu-latest)	Run dtolnay/rust-toolchain@stable	2026-05-18T17:08:53.6144463Z ##[endgroup]
Test (ubuntu-latest)	Run dtolnay/rust-toolchain@stable	2026-05-18T17:08:53.6276717Z ##[group]Run : install rustup if needed
Test (ubuntu-latest)	Run dtolnay/rust-toolchain@stable	2026-05-18T17:08:53.6277890Z ^[[36;1m: install rustup if needed^[[0m
Test (ubuntu-latest)	Run dtolnay/rust-toolchain@stable	2026-05-18T17:08:53.6279009Z ^[[36;1mif ! command -v rustup &>/dev/null; then^[[0m
Test (ubuntu-latest)	Run dtolnay/rust-toolchain@stable	2026-05-18T17:08:53.6281802Z ^[[36;1m  curl --proto '=https' --tlsv1.2 --retry 10 --retry-connrefused --location --silent --show-error --fail https://sh.rustup.rs | sh -s -- --default-toolchain none -y^[[0m
Test (ubuntu-latest)	Run dtolnay/rust-toolchain@stable	2026-05-18T17:08:53.6284430Z ^[[36;1m  echo "$CARGO_HOME/bin" >> $GITHUB_PATH^[[0m
Test (ubuntu-latest)	Run dtolnay/rust-toolchain@stable	2026-05-18T17:08:53.6285513Z ^[[36;1mfi^[[0m
Test (ubuntu-latest)	Run dtolnay/rust-toolchain@stable	2026-05-18T17:08:53.6324149Z shell: /usr/bin/bash --noprofile --norc -e -o pipefail {0}
Test (ubuntu-latest)	Run dtolnay/rust-toolchain@stable	2026-05-18T17:08:53.6325417Z env:
Test (ubuntu-latest)	Run dtolnay/rust-toolchain@stable	2026-05-18T17:08:53.6326143Z   CARGO_TERM_COLOR: always
Test (ubuntu-latest)	Run dtolnay/rust-toolchain@stable	2026-05-18T17:08:53.6327039Z   RUST_BACKTRACE: 1
Test (ubuntu-latest)	Run dtolnay/rust-toolchain@stable	2026-05-18T17:08:53.6327857Z   RUSTFLAGS: -Dwarnings
Test (ubuntu-latest)	Run dtolnay/rust-toolchain@stable	2026-05-18T17:08:53.6329120Z   CARGO_REGISTRY_TOKEN: ***
Test (ubuntu-latest)	Run dtolnay/rust-toolchain@stable	2026-05-18T17:08:53.6330199Z   CARGO_TOKEN: ***
Test (ubuntu-latest)	Run dtolnay/rust-toolchain@stable	2026-05-18T17:08:53.6331282Z   CARGO_HOME: /home/runner/.cargo
Test (ubuntu-latest)	Run dtolnay/rust-toolchain@stable	2026-05-18T17:08:53.6332249Z ##[endgroup]
Test (ubuntu-latest)	Run dtolnay/rust-toolchain@stable	2026-05-18T17:08:53.6468332Z ##[group]Run rustup toolchain install stable --profile minimal --no-self-update
Test (ubuntu-latest)	Run dtolnay/rust-toolchain@stable	2026-05-18T17:08:53.6470299Z ^[[36;1mrustup toolchain install stable --profile minimal --no-self-update^[[0m
Test (ubuntu-latest)	Run dtolnay/rust-toolchain@stable	2026-05-18T17:08:53.6508758Z shell: /usr/bin/bash --noprofile --norc -e -o pipefail {0}
Test (ubuntu-latest)	Run dtolnay/rust-toolchain@stable	2026-05-18T17:08:53.6509987Z env:
Test (ubuntu-latest)	Run dtolnay/rust-toolchain@stable	2026-05-18T17:08:53.6510729Z   CARGO_TERM_COLOR: always
Test (ubuntu-latest)	Run dtolnay/rust-toolchain@stable	2026-05-18T17:08:53.6511742Z   RUST_BACKTRACE: 1
Test (ubuntu-latest)	Run dtolnay/rust-toolchain@stable	2026-05-18T17:08:53.6512543Z   RUSTFLAGS: -Dwarnings
Test (ubuntu-latest)	Run dtolnay/rust-toolchain@stable	2026-05-18T17:08:53.6513800Z   CARGO_REGISTRY_TOKEN: ***
Test (ubuntu-latest)	Run dtolnay/rust-toolchain@stable	2026-05-18T17:08:53.6514861Z   CARGO_TOKEN: ***
Test (ubuntu-latest)	Run dtolnay/rust-toolchain@stable	2026-05-18T17:08:53.6515670Z   CARGO_HOME: /home/runner/.cargo
Test (ubuntu-latest)	Run dtolnay/rust-toolchain@stable	2026-05-18T17:08:53.6516633Z   RUSTUP_PERMIT_COPY_RENAME: 1
Test (ubuntu-latest)	Run dtolnay/rust-toolchain@stable	2026-05-18T17:08:53.6517545Z ##[endgroup]
Test (ubuntu-latest)	Run dtolnay/rust-toolchain@stable	2026-05-18T17:09:00.4460317Z info: syncing channel updates for stable-x86_64-unknown-linux-gnu
Test (ubuntu-latest)	Run dtolnay/rust-toolchain@stable	2026-05-18T17:09:01.0233218Z
Test (ubuntu-latest)	Run dtolnay/rust-toolchain@stable	2026-05-18T17:09:01.0330246Z   stable-x86_64-unknown-linux-gnu unchanged - rustc 1.95.0 (59807616e 2026-04-14)
Test (ubuntu-latest)	Run dtolnay/rust-toolchain@stable	2026-05-18T17:09:01.0331376Z
Test (ubuntu-latest)	Run dtolnay/rust-toolchain@stable	2026-05-18T17:09:01.0446426Z ##[group]Run rustup default stable
Test (ubuntu-latest)	Run dtolnay/rust-toolchain@stable	2026-05-18T17:09:01.0446813Z ^[[36;1mrustup default stable^[[0m
Test (ubuntu-latest)	Run dtolnay/rust-toolchain@stable	2026-05-18T17:09:01.0485931Z shell: /usr/bin/bash --noprofile --norc -e -o pipefail {0}
Test (ubuntu-latest)	Run dtolnay/rust-toolchain@stable	2026-05-18T17:09:01.0486330Z env:
Test (ubuntu-latest)	Run dtolnay/rust-toolchain@stable	2026-05-18T17:09:01.0486558Z   CARGO_TERM_COLOR: always
Test (ubuntu-latest)	Run dtolnay/rust-toolchain@stable	2026-05-18T17:09:01.0487061Z   RUST_BACKTRACE: 1
Test (ubuntu-latest)	Run dtolnay/rust-toolchain@stable	2026-05-18T17:09:01.0487302Z   RUSTFLAGS: -Dwarnings
Test (ubuntu-latest)	Run dtolnay/rust-toolchain@stable	2026-05-18T17:09:01.0487999Z   CARGO_REGISTRY_TOKEN: ***
Test (ubuntu-latest)	Run dtolnay/rust-toolchain@stable	2026-05-18T17:09:01.0488334Z   CARGO_TOKEN: ***
Test (ubuntu-latest)	Run dtolnay/rust-toolchain@stable	2026-05-18T17:09:01.0488597Z   CARGO_HOME: /home/runner/.cargo
Test (ubuntu-latest)	Run dtolnay/rust-toolchain@stable	2026-05-18T17:09:01.0488873Z ##[endgroup]
Test (ubuntu-latest)	Run dtolnay/rust-toolchain@stable	2026-05-18T17:09:01.0608534Z info: using existing install for stable-x86_64-unknown-linux-gnu
Test (ubuntu-latest)	Run dtolnay/rust-toolchain@stable	2026-05-18T17:09:01.0613376Z info: default toolchain set to stable-x86_64-unknown-linux-gnu
Test (ubuntu-latest)	Run dtolnay/rust-toolchain@stable	2026-05-18T17:09:01.0613837Z
Test (ubuntu-latest)	Run dtolnay/rust-toolchain@stable	2026-05-18T17:09:01.0708083Z   stable-x86_64-unknown-linux-gnu unchanged - rustc 1.95.0 (59807616e 2026-04-14)
Test (ubuntu-latest)	Run dtolnay/rust-toolchain@stable	2026-05-18T17:09:01.0708600Z
Test (ubuntu-latest)	Run dtolnay/rust-toolchain@stable	2026-05-18T17:09:01.0754606Z ##[group]Run : create cachekey
Test (ubuntu-latest)	Run dtolnay/rust-toolchain@stable	2026-05-18T17:09:01.0754985Z ^[[36;1m: create cachekey^[[0m
Test (ubuntu-latest)	Run dtolnay/rust-toolchain@stable	2026-05-18T17:09:01.0755529Z ^[[36;1mDATE=$(rustc +stable --version --verbose | sed -ne 's/^commit-date: \(20[0-9][0-9]\)-\([01][0-9]\)-\([0-3][0-9]\)$/\1\2\3/p')^[[0m
Test (ubuntu-latest)	Run dtolnay/rust-toolchain@stable	2026-05-18T17:09:01.0756193Z ^[[36;1mHASH=$(rustc +stable --version --verbose | sed -ne 's/^commit-hash: //p')^[[0m
Test (ubuntu-latest)	Run dtolnay/rust-toolchain@stable	2026-05-18T17:09:01.0756737Z ^[[36;1mecho "cachekey=$(echo $DATE$HASH | head -c12)" >> $GITHUB_OUTPUT^[[0m
Test (ubuntu-latest)	Run dtolnay/rust-toolchain@stable	2026-05-18T17:09:01.0795991Z shell: /usr/bin/bash --noprofile --norc -e -o pipefail {0}
Test (ubuntu-latest)	Run dtolnay/rust-toolchain@stable	2026-05-18T17:09:01.0796386Z env:
Test (ubuntu-latest)	Run dtolnay/rust-toolchain@stable	2026-05-18T17:09:01.0796612Z   CARGO_TERM_COLOR: always
Test (ubuntu-latest)	Run dtolnay/rust-toolchain@stable	2026-05-18T17:09:01.0796884Z   RUST_BACKTRACE: 1
Test (ubuntu-latest)	Run dtolnay/rust-toolchain@stable	2026-05-18T17:09:01.0797186Z   RUSTFLAGS: -Dwarnings
Test (ubuntu-latest)	Run dtolnay/rust-toolchain@stable	2026-05-18T17:09:01.0797900Z   CARGO_REGISTRY_TOKEN: ***
Test (ubuntu-latest)	Run dtolnay/rust-toolchain@stable	2026-05-18T17:09:01.0798245Z   CARGO_TOKEN: ***
Test (ubuntu-latest)	Run dtolnay/rust-toolchain@stable	2026-05-18T17:09:01.0798497Z   CARGO_HOME: /home/runner/.cargo
Test (ubuntu-latest)	Run dtolnay/rust-toolchain@stable	2026-05-18T17:09:01.0798773Z ##[endgroup]
Test (ubuntu-latest)	Run dtolnay/rust-toolchain@stable	2026-05-18T17:09:01.1690094Z ##[group]Run : disable incremental compilation
Test (ubuntu-latest)	Run dtolnay/rust-toolchain@stable	2026-05-18T17:09:01.1690581Z ^[[36;1m: disable incremental compilation^[[0m
Test (ubuntu-latest)	Run dtolnay/rust-toolchain@stable	2026-05-18T17:09:01.1690959Z ^[[36;1mif [ -z "${CARGO_INCREMENTAL+set}" ]; then^[[0m
Test (ubuntu-latest)	Run dtolnay/rust-toolchain@stable	2026-05-18T17:09:01.1691592Z ^[[36;1m  echo CARGO_INCREMENTAL=0 >> $GITHUB_ENV^[[0m
Test (ubuntu-latest)	Run dtolnay/rust-toolchain@stable	2026-05-18T17:09:01.1691920Z ^[[36;1mfi^[[0m
Test (ubuntu-latest)	Run dtolnay/rust-toolchain@stable	2026-05-18T17:09:01.1731436Z shell: /usr/bin/bash --noprofile --norc -e -o pipefail {0}
Test (ubuntu-latest)	Run dtolnay/rust-toolchain@stable	2026-05-18T17:09:01.1731857Z env:
Test (ubuntu-latest)	Run dtolnay/rust-toolchain@stable	2026-05-18T17:09:01.1732102Z   CARGO_TERM_COLOR: always
Test (ubuntu-latest)	Run dtolnay/rust-toolchain@stable	2026-05-18T17:09:01.1732375Z   RUST_BACKTRACE: 1
Test (ubuntu-latest)	Run dtolnay/rust-toolchain@stable	2026-05-18T17:09:01.1732619Z   RUSTFLAGS: -Dwarnings
Test (ubuntu-latest)	Run dtolnay/rust-toolchain@stable	2026-05-18T17:09:01.1733106Z   CARGO_REGISTRY_TOKEN: ***
Test (ubuntu-latest)	Run dtolnay/rust-toolchain@stable	2026-05-18T17:09:01.1733439Z   CARGO_TOKEN: ***
Test (ubuntu-latest)	Run dtolnay/rust-toolchain@stable	2026-05-18T17:09:01.1733689Z   CARGO_HOME: /home/runner/.cargo
Test (ubuntu-latest)	Run dtolnay/rust-toolchain@stable	2026-05-18T17:09:01.1733988Z ##[endgroup]
Test (ubuntu-latest)	Run dtolnay/rust-toolchain@stable	2026-05-18T17:09:01.1823641Z ##[group]Run : enable colors in Cargo output
Test (ubuntu-latest)	Run dtolnay/rust-toolchain@stable	2026-05-18T17:09:01.1824049Z ^[[36;1m: enable colors in Cargo output^[[0m
Test (ubuntu-latest)	Run dtolnay/rust-toolchain@stable	2026-05-18T17:09:01.1824392Z ^[[36;1mif [ -z "${CARGO_TERM_COLOR+set}" ]; then^[[0m
Test (ubuntu-latest)	Run dtolnay/rust-toolchain@stable	2026-05-18T17:09:01.1824747Z ^[[36;1m  echo CARGO_TERM_COLOR=always >> $GITHUB_ENV^[[0m
Test (ubuntu-latest)	Run dtolnay/rust-toolchain@stable	2026-05-18T17:09:01.1825066Z ^[[36;1mfi^[[0m
Test (ubuntu-latest)	Run dtolnay/rust-toolchain@stable	2026-05-18T17:09:01.1860891Z shell: /usr/bin/bash --noprofile --norc -e -o pipefail {0}
Test (ubuntu-latest)	Run dtolnay/rust-toolchain@stable	2026-05-18T17:09:01.1861551Z env:
Test (ubuntu-latest)	Run dtolnay/rust-toolchain@stable	2026-05-18T17:09:01.1861785Z   CARGO_TERM_COLOR: always
Test (ubuntu-latest)	Run dtolnay/rust-toolchain@stable	2026-05-18T17:09:01.1862054Z   RUST_BACKTRACE: 1
Test (ubuntu-latest)	Run dtolnay/rust-toolchain@stable	2026-05-18T17:09:01.1862312Z   RUSTFLAGS: -Dwarnings
Test (ubuntu-latest)	Run dtolnay/rust-toolchain@stable	2026-05-18T17:09:01.1862752Z   CARGO_REGISTRY_TOKEN: ***
Test (ubuntu-latest)	Run dtolnay/rust-toolchain@stable	2026-05-18T17:09:01.1863092Z   CARGO_TOKEN: ***
Test (ubuntu-latest)	Run dtolnay/rust-toolchain@stable	2026-05-18T17:09:01.1863330Z   CARGO_HOME: /home/runner/.cargo
Test (ubuntu-latest)	Run dtolnay/rust-toolchain@stable	2026-05-18T17:09:01.1863620Z   CARGO_INCREMENTAL: 0
Test (ubuntu-latest)	Run dtolnay/rust-toolchain@stable	2026-05-18T17:09:01.1863866Z ##[endgroup]
Test (ubuntu-latest)	Run dtolnay/rust-toolchain@stable	2026-05-18T17:09:01.1957817Z ##[group]Run : enable Cargo sparse registry
Test (ubuntu-latest)	Run dtolnay/rust-toolchain@stable	2026-05-18T17:09:01.1958262Z ^[[36;1m: enable Cargo sparse registry^[[0m
Test (ubuntu-latest)	Run dtolnay/rust-toolchain@stable	2026-05-18T17:09:01.1958647Z ^[[36;1m# implemented in 1.66, stabilized in 1.68, made default in 1.70^[[0m
Test (ubuntu-latest)	Run dtolnay/rust-toolchain@stable	2026-05-18T17:09:01.1959383Z ^[[36;1mif [ -z "${CARGO_REGISTRIES_CRATES_IO_PROTOCOL+set}" -o -f "/home/runner/work/_temp"/.implicit_cargo_registries_crates_io_protocol ]; then^[[0m
Test (ubuntu-latest)	Run dtolnay/rust-toolchain@stable	2026-05-18T17:09:01.1960238Z ^[[36;1m  if rustc +stable --version --verbose | grep -q '^release: 1\.6[89]\.'; then^[[0m
Test (ubuntu-latest)	Run dtolnay/rust-toolchain@stable	2026-05-18T17:09:01.1961240Z ^[[36;1m    touch "/home/runner/work/_temp"/.implicit_cargo_registries_crates_io_protocol || true^[[0m
Test (ubuntu-latest)	Run dtolnay/rust-toolchain@stable	2026-05-18T17:09:01.1961968Z ^[[36;1m    echo CARGO_REGISTRIES_CRATES_IO_PROTOCOL=sparse >> $GITHUB_ENV^[[0m
Test (ubuntu-latest)	Run dtolnay/rust-toolchain@stable	2026-05-18T17:09:01.1962683Z ^[[36;1m  elif rustc +stable --version --verbose | grep -q '^release: 1\.6[67]\.'; then^[[0m
Test (ubuntu-latest)	Run dtolnay/rust-toolchain@stable	2026-05-18T17:09:01.1963276Z ^[[36;1m    touch "/home/runner/work/_temp"/.implicit_cargo_registries_crates_io_protocol || true^[[0m
Test (ubuntu-latest)	Run dtolnay/rust-toolchain@stable	2026-05-18T17:09:01.1963804Z ^[[36;1m    echo CARGO_REGISTRIES_CRATES_IO_PROTOCOL=git >> $GITHUB_ENV^[[0m
Test (ubuntu-latest)	Run dtolnay/rust-toolchain@stable	2026-05-18T17:09:01.1964182Z ^[[36;1m  fi^[[0m
Test (ubuntu-latest)	Run dtolnay/rust-toolchain@stable	2026-05-18T17:09:01.1964403Z ^[[36;1mfi^[[0m
Test (ubuntu-latest)	Run dtolnay/rust-toolchain@stable	2026-05-18T17:09:01.2002877Z shell: /usr/bin/bash --noprofile --norc -e -o pipefail {0}
Test (ubuntu-latest)	Run dtolnay/rust-toolchain@stable	2026-05-18T17:09:01.2003249Z env:
Test (ubuntu-latest)	Run dtolnay/rust-toolchain@stable	2026-05-18T17:09:01.2003481Z   CARGO_TERM_COLOR: always
Test (ubuntu-latest)	Run dtolnay/rust-toolchain@stable	2026-05-18T17:09:01.2003739Z   RUST_BACKTRACE: 1
Test (ubuntu-latest)	Run dtolnay/rust-toolchain@stable	2026-05-18T17:09:01.2003989Z   RUSTFLAGS: -Dwarnings
Test (ubuntu-latest)	Run dtolnay/rust-toolchain@stable	2026-05-18T17:09:01.2004424Z   CARGO_REGISTRY_TOKEN: ***
Test (ubuntu-latest)	Run dtolnay/rust-toolchain@stable	2026-05-18T17:09:01.2004771Z   CARGO_TOKEN: ***
Test (ubuntu-latest)	Run dtolnay/rust-toolchain@stable	2026-05-18T17:09:01.2005015Z   CARGO_HOME: /home/runner/.cargo
Test (ubuntu-latest)	Run dtolnay/rust-toolchain@stable	2026-05-18T17:09:01.2005292Z   CARGO_INCREMENTAL: 0
Test (ubuntu-latest)	Run dtolnay/rust-toolchain@stable	2026-05-18T17:09:01.2005559Z ##[endgroup]
Test (ubuntu-latest)	Run dtolnay/rust-toolchain@stable	2026-05-18T17:09:01.2443606Z ##[group]Run : work around spurious network errors in curl 8.0
Test (ubuntu-latest)	Run dtolnay/rust-toolchain@stable	2026-05-18T17:09:01.2444127Z ^[[36;1m: work around spurious network errors in curl 8.0^[[0m
Test (ubuntu-latest)	Run dtolnay/rust-toolchain@stable	2026-05-18T17:09:01.2444906Z ^[[36;1m# https://rust-lang.zulipchat.com/#narrow/stream/246057-t-cargo/topic/timeout.20investigation^[[0m
Test (ubuntu-latest)	Run dtolnay/rust-toolchain@stable	2026-05-18T17:09:01.2445634Z ^[[36;1mif rustc +stable --version --verbose | grep -q '^release: 1\.7[01]\.'; then^[[0m
Test (ubuntu-latest)	Run dtolnay/rust-toolchain@stable	2026-05-18T17:09:01.2446329Z ^[[36;1m  echo CARGO_HTTP_MULTIPLEXING=false >> $GITHUB_ENV^[[0m
Test (ubuntu-latest)	Run dtolnay/rust-toolchain@stable	2026-05-18T17:09:01.2446660Z ^[[36;1mfi^[[0m
Test (ubuntu-latest)	Run dtolnay/rust-toolchain@stable	2026-05-18T17:09:01.2486666Z shell: /usr/bin/bash --noprofile --norc -e -o pipefail {0}
Test (ubuntu-latest)	Run dtolnay/rust-toolchain@stable	2026-05-18T17:09:01.2487046Z env:
Test (ubuntu-latest)	Run dtolnay/rust-toolchain@stable	2026-05-18T17:09:01.2487285Z   CARGO_TERM_COLOR: always
Test (ubuntu-latest)	Run dtolnay/rust-toolchain@stable	2026-05-18T17:09:01.2487554Z   RUST_BACKTRACE: 1
Test (ubuntu-latest)	Run dtolnay/rust-toolchain@stable	2026-05-18T17:09:01.2487802Z   RUSTFLAGS: -Dwarnings
Test (ubuntu-latest)	Run dtolnay/rust-toolchain@stable	2026-05-18T17:09:01.2488224Z   CARGO_REGISTRY_TOKEN: ***
Test (ubuntu-latest)	Run dtolnay/rust-toolchain@stable	2026-05-18T17:09:01.2488547Z   CARGO_TOKEN: ***
Test (ubuntu-latest)	Run dtolnay/rust-toolchain@stable	2026-05-18T17:09:01.2488799Z   CARGO_HOME: /home/runner/.cargo
Test (ubuntu-latest)	Run dtolnay/rust-toolchain@stable	2026-05-18T17:09:01.2489092Z   CARGO_INCREMENTAL: 0
Test (ubuntu-latest)	Run dtolnay/rust-toolchain@stable	2026-05-18T17:09:01.2489337Z ##[endgroup]
Test (ubuntu-latest)	Run dtolnay/rust-toolchain@stable	2026-05-18T17:09:01.2741605Z ##[group]Run rustc +stable --version --verbose
Test (ubuntu-latest)	Run dtolnay/rust-toolchain@stable	2026-05-18T17:09:01.2742043Z ^[[36;1mrustc +stable --version --verbose^[[0m
Test (ubuntu-latest)	Run dtolnay/rust-toolchain@stable	2026-05-18T17:09:01.2781644Z shell: /usr/bin/bash --noprofile --norc -e -o pipefail {0}
Test (ubuntu-latest)	Run dtolnay/rust-toolchain@stable	2026-05-18T17:09:01.2782035Z env:
Test (ubuntu-latest)	Run dtolnay/rust-toolchain@stable	2026-05-18T17:09:01.2782274Z   CARGO_TERM_COLOR: always
Test (ubuntu-latest)	Run dtolnay/rust-toolchain@stable	2026-05-18T17:09:01.2782546Z   RUST_BACKTRACE: 1
Test (ubuntu-latest)	Run dtolnay/rust-toolchain@stable	2026-05-18T17:09:01.2782792Z   RUSTFLAGS: -Dwarnings
Test (ubuntu-latest)	Run dtolnay/rust-toolchain@stable	2026-05-18T17:09:01.2783251Z   CARGO_REGISTRY_TOKEN: ***
Test (ubuntu-latest)	Run dtolnay/rust-toolchain@stable	2026-05-18T17:09:01.2783591Z   CARGO_TOKEN: ***
Test (ubuntu-latest)	Run dtolnay/rust-toolchain@stable	2026-05-18T17:09:01.2783841Z   CARGO_HOME: /home/runner/.cargo
Test (ubuntu-latest)	Run dtolnay/rust-toolchain@stable	2026-05-18T17:09:01.2784129Z   CARGO_INCREMENTAL: 0
Test (ubuntu-latest)	Run dtolnay/rust-toolchain@stable	2026-05-18T17:09:01.2784377Z ##[endgroup]
Test (ubuntu-latest)	Run dtolnay/rust-toolchain@stable	2026-05-18T17:09:01.2989845Z rustc 1.95.0 (59807616e 2026-04-14)
Test (ubuntu-latest)	Run dtolnay/rust-toolchain@stable	2026-05-18T17:09:01.2990507Z binary: rustc
Test (ubuntu-latest)	Run dtolnay/rust-toolchain@stable	2026-05-18T17:09:01.2991419Z commit-hash: 59807616e1fa2540724bfbac14d7976d7e4a3860
Test (ubuntu-latest)	Run dtolnay/rust-toolchain@stable	2026-05-18T17:09:01.2992038Z commit-date: 2026-04-14
Test (ubuntu-latest)	Run dtolnay/rust-toolchain@stable	2026-05-18T17:09:01.2992424Z host: x86_64-unknown-linux-gnu
Test (ubuntu-latest)	Run dtolnay/rust-toolchain@stable	2026-05-18T17:09:01.2992716Z release: 1.95.0
Test (ubuntu-latest)	Run dtolnay/rust-toolchain@stable	2026-05-18T17:09:01.2992960Z LLVM version: 22.1.2
Test (ubuntu-latest)	Run Swatinem/rust-cache@v2	﻿2026-05-18T17:09:01.3140662Z ##[group]Run Swatinem/rust-cache@v2
Test (ubuntu-latest)	Run Swatinem/rust-cache@v2	2026-05-18T17:09:01.3141169Z with:
Test (ubuntu-latest)	Run Swatinem/rust-cache@v2	2026-05-18T17:09:01.3141394Z   workspaces: rust
Test (ubuntu-latest)	Run Swatinem/rust-cache@v2	2026-05-18T17:09:01.3141641Z   prefix-key: v0-rust
Test (ubuntu-latest)	Run Swatinem/rust-cache@v2	2026-05-18T17:09:01.3141896Z   add-job-id-key: true
Test (ubuntu-latest)	Run Swatinem/rust-cache@v2	2026-05-18T17:09:01.3142154Z   add-rust-environment-hash-key: true
Test (ubuntu-latest)	Run Swatinem/rust-cache@v2	2026-05-18T17:09:01.3142453Z   cache-targets: true
Test (ubuntu-latest)	Run Swatinem/rust-cache@v2	2026-05-18T17:09:01.3142694Z   cache-all-crates: false
Test (ubuntu-latest)	Run Swatinem/rust-cache@v2	2026-05-18T17:09:01.3142967Z   cache-workspace-crates: false
Test (ubuntu-latest)	Run Swatinem/rust-cache@v2	2026-05-18T17:09:01.3143237Z   save-if: true
Test (ubuntu-latest)	Run Swatinem/rust-cache@v2	2026-05-18T17:09:01.3143468Z   cache-provider: github
Test (ubuntu-latest)	Run Swatinem/rust-cache@v2	2026-05-18T17:09:01.3143722Z   cache-bin: true
Test (ubuntu-latest)	Run Swatinem/rust-cache@v2	2026-05-18T17:09:01.3143944Z   lookup-only: false
Test (ubuntu-latest)	Run Swatinem/rust-cache@v2	2026-05-18T17:09:01.3144187Z   cmd-format: {0}
Test (ubuntu-latest)	Run Swatinem/rust-cache@v2	2026-05-18T17:09:01.3144416Z env:
Test (ubuntu-latest)	Run Swatinem/rust-cache@v2	2026-05-18T17:09:01.3144630Z   CARGO_TERM_COLOR: always
Test (ubuntu-latest)	Run Swatinem/rust-cache@v2	2026-05-18T17:09:01.3145106Z   RUST_BACKTRACE: 1
Test (ubuntu-latest)	Run Swatinem/rust-cache@v2	2026-05-18T17:09:01.3145344Z   RUSTFLAGS: -Dwarnings
Test (ubuntu-latest)	Run Swatinem/rust-cache@v2	2026-05-18T17:09:01.3145817Z   CARGO_REGISTRY_TOKEN: ***
Test (ubuntu-latest)	Run Swatinem/rust-cache@v2	2026-05-18T17:09:01.3146168Z   CARGO_TOKEN: ***
Test (ubuntu-latest)	Run Swatinem/rust-cache@v2	2026-05-18T17:09:01.3146448Z   CARGO_HOME: /home/runner/.cargo
Test (ubuntu-latest)	Run Swatinem/rust-cache@v2	2026-05-18T17:09:01.3146753Z   CARGO_INCREMENTAL: 0
Test (ubuntu-latest)	Run Swatinem/rust-cache@v2	2026-05-18T17:09:01.3147001Z ##[endgroup]
Test (ubuntu-latest)	Run Swatinem/rust-cache@v2	2026-05-18T17:09:01.6124316Z (node:2435) [DEP0040] DeprecationWarning: The `punycode` module is deprecated. Please use a userland alternative instead.
Test (ubuntu-latest)	Run Swatinem/rust-cache@v2	2026-05-18T17:09:01.6761982Z (Use `node --trace-deprecation ...` to show where the warning was created)
Test (ubuntu-latest)	Run Swatinem/rust-cache@v2	2026-05-18T17:09:04.6533322Z ##[group]Cache Configuration
Test (ubuntu-latest)	Run Swatinem/rust-cache@v2	2026-05-18T17:09:04.6533844Z Cache Provider:
Test (ubuntu-latest)	Run Swatinem/rust-cache@v2	2026-05-18T17:09:04.6534149Z     github
Test (ubuntu-latest)	Run Swatinem/rust-cache@v2	2026-05-18T17:09:04.6534455Z Workspaces:
Test (ubuntu-latest)	Run Swatinem/rust-cache@v2	2026-05-18T17:09:04.6534821Z     /home/runner/work/lino-i18n/lino-i18n/rust
Test (ubuntu-latest)	Run Swatinem/rust-cache@v2	2026-05-18T17:09:04.6535244Z Cache Paths:
Test (ubuntu-latest)	Run Swatinem/rust-cache@v2	2026-05-18T17:09:04.6535532Z     /home/runner/.cargo/bin
Test (ubuntu-latest)	Run Swatinem/rust-cache@v2	2026-05-18T17:09:04.6535913Z     /home/runner/.cargo/.crates.toml
Test (ubuntu-latest)	Run Swatinem/rust-cache@v2	2026-05-18T17:09:04.6536376Z     /home/runner/.cargo/.crates2.json
Test (ubuntu-latest)	Run Swatinem/rust-cache@v2	2026-05-18T17:09:04.6536781Z     /home/runner/.cargo/registry
Test (ubuntu-latest)	Run Swatinem/rust-cache@v2	2026-05-18T17:09:04.6537127Z     /home/runner/.cargo/git
Test (ubuntu-latest)	Run Swatinem/rust-cache@v2	2026-05-18T17:09:04.6537529Z     /home/runner/work/lino-i18n/lino-i18n/rust/target
Test (ubuntu-latest)	Run Swatinem/rust-cache@v2	2026-05-18T17:09:04.6538092Z Restore Key:
Test (ubuntu-latest)	Run Swatinem/rust-cache@v2	2026-05-18T17:09:04.6538410Z     v0-rust-test-Linux-x64-27ed6b6c
Test (ubuntu-latest)	Run Swatinem/rust-cache@v2	2026-05-18T17:09:04.6538780Z Cache Key:
Test (ubuntu-latest)	Run Swatinem/rust-cache@v2	2026-05-18T17:09:04.6539120Z     v0-rust-test-Linux-x64-27ed6b6c-31365a33
Test (ubuntu-latest)	Run Swatinem/rust-cache@v2	2026-05-18T17:09:04.6539541Z .. Prefix:
Test (ubuntu-latest)	Run Swatinem/rust-cache@v2	2026-05-18T17:09:04.6539830Z   - v0-rust-test-Linux-x64
Test (ubuntu-latest)	Run Swatinem/rust-cache@v2	2026-05-18T17:09:04.6540198Z .. Environment considered:
Test (ubuntu-latest)	Run Swatinem/rust-cache@v2	2026-05-18T17:09:04.6540522Z   - Rust Versions:
Test (ubuntu-latest)	Run Swatinem/rust-cache@v2	2026-05-18T17:09:04.6541220Z     - 1.95.0 x86_64-unknown-linux-gnu 59807616e1fa2540724bfbac14d7976d7e4a3860
Test (ubuntu-latest)	Run Swatinem/rust-cache@v2	2026-05-18T17:09:04.6541966Z     - 1.95.0 x86_64-unknown-linux-gnu 59807616e1fa2540724bfbac14d7976d7e4a3860
Test (ubuntu-latest)	Run Swatinem/rust-cache@v2	2026-05-18T17:09:04.6542515Z   - CARGO_HOME
Test (ubuntu-latest)	Run Swatinem/rust-cache@v2	2026-05-18T17:09:04.6542817Z   - CARGO_INCREMENTAL
Test (ubuntu-latest)	Run Swatinem/rust-cache@v2	2026-05-18T17:09:04.6543152Z   - CARGO_REGISTRY_TOKEN
Test (ubuntu-latest)	Run Swatinem/rust-cache@v2	2026-05-18T17:09:04.6543490Z   - CARGO_TERM_COLOR
Test (ubuntu-latest)	Run Swatinem/rust-cache@v2	2026-05-18T17:09:04.6543769Z   - CARGO_TOKEN
Test (ubuntu-latest)	Run Swatinem/rust-cache@v2	2026-05-18T17:09:04.6544054Z   - RUST_BACKTRACE
Test (ubuntu-latest)	Run Swatinem/rust-cache@v2	2026-05-18T17:09:04.6544350Z   - RUSTFLAGS
Test (ubuntu-latest)	Run Swatinem/rust-cache@v2	2026-05-18T17:09:04.6544649Z .. Lockfiles considered:
Test (ubuntu-latest)	Run Swatinem/rust-cache@v2	2026-05-18T17:09:04.6545100Z   - /home/runner/work/lino-i18n/lino-i18n/rust/Cargo.lock
Test (ubuntu-latest)	Run Swatinem/rust-cache@v2	2026-05-18T17:09:04.6545762Z   - /home/runner/work/lino-i18n/lino-i18n/rust/lino-i18n-macros/Cargo.toml
Test (ubuntu-latest)	Run Swatinem/rust-cache@v2	2026-05-18T17:09:04.6546464Z   - /home/runner/work/lino-i18n/lino-i18n/rust/lino-i18n/Cargo.toml
Test (ubuntu-latest)	Run Swatinem/rust-cache@v2	2026-05-18T17:09:04.6547292Z ##[endgroup]
Test (ubuntu-latest)	Run Swatinem/rust-cache@v2	2026-05-18T17:09:04.6547482Z
Test (ubuntu-latest)	Run Swatinem/rust-cache@v2	2026-05-18T17:09:04.6547608Z ... Restoring cache ...
Test (ubuntu-latest)	Run Swatinem/rust-cache@v2	2026-05-18T17:09:04.7223995Z Cache hit for restore-key: v0-rust-test-Linux-x64-27ed6b6c-d2ed2b7f
Test (ubuntu-latest)	Run Swatinem/rust-cache@v2	2026-05-18T17:09:05.0922280Z Received 11919523 of 11919523 (100.0%), 36.6 MBs/sec
Test (ubuntu-latest)	Run Swatinem/rust-cache@v2	2026-05-18T17:09:05.0932779Z Cache Size: ~11 MB (11919523 B)
Test (ubuntu-latest)	Run Swatinem/rust-cache@v2	2026-05-18T17:09:05.1001403Z [command]/usr/bin/tar -xf /home/runner/work/_temp/7efd2b33-5e39-4f1d-98c8-45b53313c227/cache.tzst -P -C /home/runner/work/lino-i18n/lino-i18n --use-compress-program unzstd
Test (ubuntu-latest)	Run Swatinem/rust-cache@v2	2026-05-18T17:09:05.1803725Z Cache restored successfully
Test (ubuntu-latest)	Run Swatinem/rust-cache@v2	2026-05-18T17:09:05.1813501Z Restored from cache key "v0-rust-test-Linux-x64-27ed6b6c-d2ed2b7f" full match: false.
Test (ubuntu-latest)	Run cargo build --manifest-path rust/Cargo.toml --all-targets	﻿2026-05-18T17:09:05.1975287Z ##[group]Run cargo build --manifest-path rust/Cargo.toml --all-targets
Test (ubuntu-latest)	Run cargo build --manifest-path rust/Cargo.toml --all-targets	2026-05-18T17:09:05.1975824Z ^[[36;1mcargo build --manifest-path rust/Cargo.toml --all-targets^[[0m
Test (ubuntu-latest)	Run cargo build --manifest-path rust/Cargo.toml --all-targets	2026-05-18T17:09:05.2014728Z shell: /usr/bin/bash -e {0}
Test (ubuntu-latest)	Run cargo build --manifest-path rust/Cargo.toml --all-targets	2026-05-18T17:09:05.2015020Z env:
Test (ubuntu-latest)	Run cargo build --manifest-path rust/Cargo.toml --all-targets	2026-05-18T17:09:05.2015226Z   CARGO_TERM_COLOR: always
Test (ubuntu-latest)	Run cargo build --manifest-path rust/Cargo.toml --all-targets	2026-05-18T17:09:05.2015466Z   RUST_BACKTRACE: 1
Test (ubuntu-latest)	Run cargo build --manifest-path rust/Cargo.toml --all-targets	2026-05-18T17:09:05.2015685Z   RUSTFLAGS: -Dwarnings
Test (ubuntu-latest)	Run cargo build --manifest-path rust/Cargo.toml --all-targets	2026-05-18T17:09:05.2016071Z   CARGO_REGISTRY_TOKEN: ***
Test (ubuntu-latest)	Run cargo build --manifest-path rust/Cargo.toml --all-targets	2026-05-18T17:09:05.2016379Z   CARGO_TOKEN: ***
Test (ubuntu-latest)	Run cargo build --manifest-path rust/Cargo.toml --all-targets	2026-05-18T17:09:05.2016599Z   CARGO_HOME: /home/runner/.cargo
Test (ubuntu-latest)	Run cargo build --manifest-path rust/Cargo.toml --all-targets	2026-05-18T17:09:05.2016848Z   CARGO_INCREMENTAL: 0
Test (ubuntu-latest)	Run cargo build --manifest-path rust/Cargo.toml --all-targets	2026-05-18T17:09:05.2017071Z   CACHE_ON_FAILURE: false
Test (ubuntu-latest)	Run cargo build --manifest-path rust/Cargo.toml --all-targets	2026-05-18T17:09:05.2017306Z ##[endgroup]
Test (ubuntu-latest)	Run cargo build --manifest-path rust/Cargo.toml --all-targets	2026-05-18T17:09:06.8805112Z ^[[1m^[[92m    Updating^[[0m crates.io index
Test (ubuntu-latest)	Run cargo build --manifest-path rust/Cargo.toml --all-targets	2026-05-18T17:09:07.0374234Z ^[[1m^[[92m   Compiling^[[0m lino-i18n-macros v0.0.1 (/home/runner/work/lino-i18n/lino-i18n/rust/lino-i18n-macros)
Test (ubuntu-latest)	Run cargo build --manifest-path rust/Cargo.toml --all-targets	2026-05-18T17:09:23.8138116Z ^[[1m^[[92m   Compiling^[[0m lino-i18n v0.0.1 (/home/runner/work/lino-i18n/lino-i18n/rust/lino-i18n)
Test (ubuntu-latest)	Run cargo build --manifest-path rust/Cargo.toml --all-targets	2026-05-18T17:09:26.0536199Z ^[[1m^[[92m    Finished^[[0m `dev` profile [unoptimized + debuginfo] target(s) in 20.83s
Test (ubuntu-latest)	Run cargo test --manifest-path rust/Cargo.toml --all-targets	﻿2026-05-18T17:09:26.0688572Z ##[group]Run cargo test --manifest-path rust/Cargo.toml --all-targets
Test (ubuntu-latest)	Run cargo test --manifest-path rust/Cargo.toml --all-targets	2026-05-18T17:09:26.0689134Z ^[[36;1mcargo test --manifest-path rust/Cargo.toml --all-targets^[[0m
Test (ubuntu-latest)	Run cargo test --manifest-path rust/Cargo.toml --all-targets	2026-05-18T17:09:26.0725093Z shell: /usr/bin/bash -e {0}
Test (ubuntu-latest)	Run cargo test --manifest-path rust/Cargo.toml --all-targets	2026-05-18T17:09:26.0725357Z env:
Test (ubuntu-latest)	Run cargo test --manifest-path rust/Cargo.toml --all-targets	2026-05-18T17:09:26.0725558Z   CARGO_TERM_COLOR: always
Test (ubuntu-latest)	Run cargo test --manifest-path rust/Cargo.toml --all-targets	2026-05-18T17:09:26.0725798Z   RUST_BACKTRACE: 1
Test (ubuntu-latest)	Run cargo test --manifest-path rust/Cargo.toml --all-targets	2026-05-18T17:09:26.0726016Z   RUSTFLAGS: -Dwarnings
Test (ubuntu-latest)	Run cargo test --manifest-path rust/Cargo.toml --all-targets	2026-05-18T17:09:26.0726386Z   CARGO_REGISTRY_TOKEN: ***
Test (ubuntu-latest)	Run cargo test --manifest-path rust/Cargo.toml --all-targets	2026-05-18T17:09:26.0726676Z   CARGO_TOKEN: ***
Test (ubuntu-latest)	Run cargo test --manifest-path rust/Cargo.toml --all-targets	2026-05-18T17:09:26.0726911Z   CARGO_HOME: /home/runner/.cargo
Test (ubuntu-latest)	Run cargo test --manifest-path rust/Cargo.toml --all-targets	2026-05-18T17:09:26.0727159Z   CARGO_INCREMENTAL: 0
Test (ubuntu-latest)	Run cargo test --manifest-path rust/Cargo.toml --all-targets	2026-05-18T17:09:26.0727384Z   CACHE_ON_FAILURE: false
Test (ubuntu-latest)	Run cargo test --manifest-path rust/Cargo.toml --all-targets	2026-05-18T17:09:26.0727616Z ##[endgroup]
Test (ubuntu-latest)	Run cargo test --manifest-path rust/Cargo.toml --all-targets	2026-05-18T17:09:26.1055256Z ^[[1m^[[92m   Compiling^[[0m lino-i18n-macros v0.0.1 (/home/runner/work/lino-i18n/lino-i18n/rust/lino-i18n-macros)
Test (ubuntu-latest)	Run cargo test --manifest-path rust/Cargo.toml --all-targets	2026-05-18T17:09:26.2693747Z ^[[1m^[[92m   Compiling^[[0m lino-i18n v0.0.1 (/home/runner/work/lino-i18n/lino-i18n/rust/lino-i18n)
Test (ubuntu-latest)	Run cargo test --manifest-path rust/Cargo.toml --all-targets	2026-05-18T17:09:27.1747374Z ^[[1m^[[92m    Finished^[[0m `test` profile [unoptimized + debuginfo] target(s) in 1.08s
Test (ubuntu-latest)	Run cargo test --manifest-path rust/Cargo.toml --all-targets	2026-05-18T17:09:27.1756819Z ^[[1m^[[92m     Running^[[0m unittests src/lib.rs (rust/target/debug/deps/lino_i18n-02194a187c7744e1)
Test (ubuntu-latest)	Run cargo test --manifest-path rust/Cargo.toml --all-targets	2026-05-18T17:09:27.1769465Z
Test (ubuntu-latest)	Run cargo test --manifest-path rust/Cargo.toml --all-targets	2026-05-18T17:09:27.1769620Z running 29 tests
Test (ubuntu-latest)	Run cargo test --manifest-path rust/Cargo.toml --all-targets	2026-05-18T17:09:27.1779810Z test format::tests::dotted_names_supported ... ok
Test (ubuntu-latest)	Run cargo test --manifest-path rust/Cargo.toml --all-targets	2026-05-18T17:09:27.1780404Z test format::tests::double_braces ... ok
Test (ubuntu-latest)	Run cargo test --manifest-path rust/Cargo.toml --all-targets	2026-05-18T17:09:27.1780960Z test format::tests::missing_value_left_untouched ... ok
Test (ubuntu-latest)	Run cargo test --manifest-path rust/Cargo.toml --all-targets	2026-05-18T17:09:27.1782503Z test format::tests::preserves_multibyte_text ... ok
Test (ubuntu-latest)	Run cargo test --manifest-path rust/Cargo.toml --all-targets	2026-05-18T17:09:27.1783003Z test format::tests::single_braces ... ok
Test (ubuntu-latest)	Run cargo test --manifest-path rust/Cargo.toml --all-targets	2026-05-18T17:09:27.1783467Z test format::tests::whitespace_inside_braces ... ok
Test (ubuntu-latest)	Run cargo test --manifest-path rust/Cargo.toml --all-targets	2026-05-18T17:09:27.1784105Z test i18n::tests::compatibility_aliases_resolve_migrated_deep_keys ... ok
Test (ubuntu-latest)	Run cargo test --manifest-path rust/Cargo.toml --all-targets	2026-05-18T17:09:27.1784710Z test i18n::tests::context_suffix ... ok
Test (ubuntu-latest)	Run cargo test --manifest-path rust/Cargo.toml --all-targets	2026-05-18T17:09:27.1785205Z test i18n::tests::default_value_used_when_missing ... ok
Test (ubuntu-latest)	Run cargo test --manifest-path rust/Cargo.toml --all-targets	2026-05-18T17:09:27.1785722Z test i18n::tests::fallback_chain ... ok
Test (ubuntu-latest)	Run cargo test --manifest-path rust/Cargo.toml --all-targets	2026-05-18T17:09:27.1786140Z test i18n::tests::interpolates ... ok
Test (ubuntu-latest)	Run cargo test --manifest-path rust/Cargo.toml --all-targets	2026-05-18T17:09:27.1786576Z test i18n::tests::missing_key_handler ... ok
Test (ubuntu-latest)	Run cargo test --manifest-path rust/Cargo.toml --all-targets	2026-05-18T17:09:27.1787031Z test i18n::tests::plurals_in_english ... ok
Test (ubuntu-latest)	Run cargo test --manifest-path rust/Cargo.toml --all-targets	2026-05-18T17:09:27.1787472Z test i18n::tests::plurals_in_russian ... ok
Test (ubuntu-latest)	Run cargo test --manifest-path rust/Cargo.toml --all-targets	2026-05-18T17:09:27.1788088Z test i18n::tests::resolves_label_aliases_while_explicit_keys_win ... ok
Test (ubuntu-latest)	Run cargo test --manifest-path rust/Cargo.toml --all-targets	2026-05-18T17:09:27.1788870Z test loader::tests::format_preserves_scalar_parent_translations_as_labels ... ok
Test (ubuntu-latest)	Run cargo test --manifest-path rust/Cargo.toml --all-targets	2026-05-18T17:09:27.1790017Z ^[[1m^[[92m     Running^[[0m tests/integration.rs (rust/target/debug/deps/integration-11eaeaccfec2a73f)
Test (ubuntu-latest)	Run cargo test --manifest-path rust/Cargo.toml --all-targets	2026-05-18T17:09:27.1791183Z test loader::tests::expands_compatibility_aliases_without_overwriting_explicit_keys ... ok
Test (ubuntu-latest)	Run cargo test --manifest-path rust/Cargo.toml --all-targets	2026-05-18T17:09:27.1792065Z test loader::tests::label_aliases_preserve_selector_suffix_groups ... ok
Test (ubuntu-latest)	Run cargo test --manifest-path rust/Cargo.toml --all-targets	2026-05-18T17:09:27.1792862Z test loader::tests::parse_aliases_nested_label_children_to_their_parent_key ... ok
Test (ubuntu-latest)	Run cargo test --manifest-path rust/Cargo.toml --all-targets	2026-05-18T17:09:27.1793614Z test loader::tests::parses_bundled_multi_locale_file ... ok
Test (ubuntu-latest)	Run cargo test --manifest-path rust/Cargo.toml --all-targets	2026-05-18T17:09:27.1794180Z test loader::tests::parses_nested_catalogue ... ok
Test (ubuntu-latest)	Run cargo test --manifest-path rust/Cargo.toml --all-targets	2026-05-18T17:09:27.1794691Z test loader::tests::parses_simple_catalogue ... ok
Test (ubuntu-latest)	Run cargo test --manifest-path rust/Cargo.toml --all-targets	2026-05-18T17:09:27.1795160Z test plurals::tests::arabic ... ok
Test (ubuntu-latest)	Run cargo test --manifest-path rust/Cargo.toml --all-targets	2026-05-18T17:09:27.1795575Z test loader::tests::round_trips ... ok
Test (ubuntu-latest)	Run cargo test --manifest-path rust/Cargo.toml --all-targets	2026-05-18T17:09:27.1795979Z test plurals::tests::english ... ok
Test (ubuntu-latest)	Run cargo test --manifest-path rust/Cargo.toml --all-targets	2026-05-18T17:09:27.1796270Z test plurals::tests::french_zero_is_one ... ok
Test (ubuntu-latest)	Run cargo test --manifest-path rust/Cargo.toml --all-targets	2026-05-18T17:09:27.1796881Z test plurals::tests::japanese_has_one_form ... ok
Test (ubuntu-latest)	Run cargo test --manifest-path rust/Cargo.toml --all-targets	2026-05-18T17:09:27.1797187Z test plurals::tests::polish ... ok
Test (ubuntu-latest)	Run cargo test --manifest-path rust/Cargo.toml --all-targets	2026-05-18T17:09:27.1797453Z test plurals::tests::russian ... ok
Test (ubuntu-latest)	Run cargo test --manifest-path rust/Cargo.toml --all-targets	2026-05-18T17:09:27.1797620Z
Test (ubuntu-latest)	Run cargo test --manifest-path rust/Cargo.toml --all-targets	2026-05-18T17:09:27.1797870Z test result: ok. 29 passed; 0 failed; 0 ignored; 0 measured; 0 filtered out; finished in 0.00s
Test (ubuntu-latest)	Run cargo test --manifest-path rust/Cargo.toml --all-targets	2026-05-18T17:09:27.1798193Z
Test (ubuntu-latest)	Run cargo test --manifest-path rust/Cargo.toml --all-targets	2026-05-18T17:09:27.1799959Z
Test (ubuntu-latest)	Run cargo test --manifest-path rust/Cargo.toml --all-targets	2026-05-18T17:09:27.1800091Z running 9 tests
Test (ubuntu-latest)	Run cargo test --manifest-path rust/Cargo.toml --all-targets	2026-05-18T17:09:27.1804430Z test fallback_chain_picks_first_available ... ok
Test (ubuntu-latest)	Run cargo test --manifest-path rust/Cargo.toml --all-targets	2026-05-18T17:09:27.1813565Z test macro_loads_translations ... ok
Test (ubuntu-latest)	Run cargo test --manifest-path rust/Cargo.toml --all-targets	2026-05-18T17:09:27.1814376Z test macro_accepts_compatibility_alias_options ... ok
Test (ubuntu-latest)	Run cargo test --manifest-path rust/Cargo.toml --all-targets	2026-05-18T17:09:27.1814922Z test namespaces_and_context_resolve ... ok
Test (ubuntu-latest)	Run cargo test --manifest-path rust/Cargo.toml --all-targets	2026-05-18T17:09:27.1815434Z test macro_supports_locale_override_and_plurals ... ok
Test (ubuntu-latest)	Run cargo test --manifest-path rust/Cargo.toml --all-targets	2026-05-18T17:09:27.1816115Z test parser_flattens_hive_mind_style_deep_multiline_catalogues ... ok
Test (ubuntu-latest)	Run cargo test --manifest-path rust/Cargo.toml --all-targets	2026-05-18T17:09:27.1816738Z test runtime_loads_bundled_locale_file ... ok
Test (ubuntu-latest)	Run cargo test --manifest-path rust/Cargo.toml --all-targets	2026-05-18T17:09:27.1817743Z ^[[1m^[[92m     Running^[[0m unittests examples/basic.rs (rust/target/debug/examples/basic-07343f2980ec6208)
Test (ubuntu-latest)	Run cargo test --manifest-path rust/Cargo.toml --all-targets	2026-05-18T17:09:27.1818539Z test deeply_nested_sample_catalogues_resolve ... ok
Test (ubuntu-latest)	Run cargo test --manifest-path rust/Cargo.toml --all-targets	2026-05-18T17:09:27.1819030Z test loader_and_macro_agree_on_keys ... ok
Test (ubuntu-latest)	Run cargo test --manifest-path rust/Cargo.toml --all-targets	2026-05-18T17:09:27.1819364Z
Test (ubuntu-latest)	Run cargo test --manifest-path rust/Cargo.toml --all-targets	2026-05-18T17:09:27.1819740Z test result: ok. 9 passed; 0 failed; 0 ignored; 0 measured; 0 filtered out; finished in 0.00s
Test (ubuntu-latest)	Run cargo test --manifest-path rust/Cargo.toml --all-targets	2026-05-18T17:09:27.1820275Z
Test (ubuntu-latest)	Run cargo test --manifest-path rust/Cargo.toml --all-targets	2026-05-18T17:09:27.1827204Z
Test (ubuntu-latest)	Run cargo test --manifest-path rust/Cargo.toml --all-targets	2026-05-18T17:09:27.1827343Z running 0 tests
Test (ubuntu-latest)	Run cargo test --manifest-path rust/Cargo.toml --all-targets	2026-05-18T17:09:27.1827529Z
Test (ubuntu-latest)	Run cargo test --manifest-path rust/Cargo.toml --all-targets	2026-05-18T17:09:27.1828024Z test result: ok. 0 passed; 0 failed; 0 ignored; 0 measured; 0 filtered out; finished in 0.00s
Test (ubuntu-latest)	Run cargo test --manifest-path rust/Cargo.toml --all-targets	2026-05-18T17:09:27.1828540Z
Test (ubuntu-latest)	Run cargo test --manifest-path rust/Cargo.toml --all-targets	2026-05-18T17:09:27.1830100Z ^[[1m^[[92m     Running^[[0m unittests src/lib.rs (rust/target/debug/deps/lino_i18n_macros-3e16493a0f462937)
Test (ubuntu-latest)	Run cargo test --manifest-path rust/Cargo.toml --all-targets	2026-05-18T17:09:27.3756878Z
Test (ubuntu-latest)	Run cargo test --manifest-path rust/Cargo.toml --all-targets	2026-05-18T17:09:27.3757828Z running 0 tests
Test (ubuntu-latest)	Run cargo test --manifest-path rust/Cargo.toml --all-targets	2026-05-18T17:09:27.3758107Z
Test (ubuntu-latest)	Run cargo test --manifest-path rust/Cargo.toml --all-targets	2026-05-18T17:09:27.3758533Z test result: ok. 0 passed; 0 failed; 0 ignored; 0 measured; 0 filtered out; finished in 0.00s
Test (ubuntu-latest)	Run cargo test --manifest-path rust/Cargo.toml --all-targets	2026-05-18T17:09:27.3758951Z
Test (ubuntu-latest)	Run cargo run --manifest-path rust/lino-i18n/Cargo.toml --example basic	﻿2026-05-18T17:09:27.3822777Z ##[group]Run cargo run --manifest-path rust/lino-i18n/Cargo.toml --example basic
Test (ubuntu-latest)	Run cargo run --manifest-path rust/lino-i18n/Cargo.toml --example basic	2026-05-18T17:09:27.3823411Z ^[[36;1mcargo run --manifest-path rust/lino-i18n/Cargo.toml --example basic^[[0m
Test (ubuntu-latest)	Run cargo run --manifest-path rust/lino-i18n/Cargo.toml --example basic	2026-05-18T17:09:27.3867298Z shell: /usr/bin/bash -e {0}
Test (ubuntu-latest)	Run cargo run --manifest-path rust/lino-i18n/Cargo.toml --example basic	2026-05-18T17:09:27.3867562Z env:
Test (ubuntu-latest)	Run cargo run --manifest-path rust/lino-i18n/Cargo.toml --example basic	2026-05-18T17:09:27.3867765Z   CARGO_TERM_COLOR: always
Test (ubuntu-latest)	Run cargo run --manifest-path rust/lino-i18n/Cargo.toml --example basic	2026-05-18T17:09:27.3868092Z   RUST_BACKTRACE: 1
Test (ubuntu-latest)	Run cargo run --manifest-path rust/lino-i18n/Cargo.toml --example basic	2026-05-18T17:09:27.3868440Z   RUSTFLAGS: -Dwarnings
Test (ubuntu-latest)	Run cargo run --manifest-path rust/lino-i18n/Cargo.toml --example basic	2026-05-18T17:09:27.3869017Z   CARGO_REGISTRY_TOKEN: ***
Test (ubuntu-latest)	Run cargo run --manifest-path rust/lino-i18n/Cargo.toml --example basic	2026-05-18T17:09:27.3869309Z   CARGO_TOKEN: ***
Test (ubuntu-latest)	Run cargo run --manifest-path rust/lino-i18n/Cargo.toml --example basic	2026-05-18T17:09:27.3869533Z   CARGO_HOME: /home/runner/.cargo
Test (ubuntu-latest)	Run cargo run --manifest-path rust/lino-i18n/Cargo.toml --example basic	2026-05-18T17:09:27.3869818Z   CARGO_INCREMENTAL: 0
Test (ubuntu-latest)	Run cargo run --manifest-path rust/lino-i18n/Cargo.toml --example basic	2026-05-18T17:09:27.3870167Z   CACHE_ON_FAILURE: false
Test (ubuntu-latest)	Run cargo run --manifest-path rust/lino-i18n/Cargo.toml --example basic	2026-05-18T17:09:27.3870534Z ##[endgroup]
Test (ubuntu-latest)	Run cargo run --manifest-path rust/lino-i18n/Cargo.toml --example basic	2026-05-18T17:09:27.4607900Z ^[[1m^[[92m   Compiling^[[0m lino-i18n v0.0.1 (/home/runner/work/lino-i18n/lino-i18n/rust/lino-i18n)
Test (ubuntu-latest)	Run cargo run --manifest-path rust/lino-i18n/Cargo.toml --example basic	2026-05-18T17:09:27.5817577Z ^[[1m^[[92m    Finished^[[0m `dev` profile [unoptimized + debuginfo] target(s) in 0.17s
Test (ubuntu-latest)	Run cargo run --manifest-path rust/lino-i18n/Cargo.toml --example basic	2026-05-18T17:09:27.5827456Z ^[[1m^[[92m     Running^[[0m `rust/target/debug/examples/basic`
Test (ubuntu-latest)	Run cargo run --manifest-path rust/lino-i18n/Cargo.toml --example basic	2026-05-18T17:09:27.5855075Z Hello, Alice!
Test (ubuntu-latest)	Run cargo run --manifest-path rust/lino-i18n/Cargo.toml --example basic	2026-05-18T17:09:27.5855438Z Your cart is empty
Test (ubuntu-latest)	Run cargo run --manifest-path rust/lino-i18n/Cargo.toml --example basic	2026-05-18T17:09:27.5855736Z 1 item
Test (ubuntu-latest)	Run cargo run --manifest-path rust/lino-i18n/Cargo.toml --example basic	2026-05-18T17:09:27.5856007Z 5 items
Test (ubuntu-latest)	Run cargo run --manifest-path rust/lino-i18n/Cargo.toml --example basic	2026-05-18T17:09:27.5856435Z Keep each language in its own block, nest related messages together,
Test (ubuntu-latest)	Run cargo run --manifest-path rust/lino-i18n/Cargo.toml --example basic	2026-05-18T17:09:27.5857021Z and still resolve the same runtime keys.
Test (ubuntu-latest)	Run cargo run --manifest-path rust/lino-i18n/Cargo.toml --example basic	2026-05-18T17:09:27.5857517Z Привет, Алиса!
Test (ubuntu-latest)	Run cargo run --manifest-path rust/lino-i18n/Cargo.toml --example basic	2026-05-18T17:09:27.5857827Z 3 товара
Test (ubuntu-latest)	Run cargo run --manifest-path rust/lino-i18n/Cargo.toml --example basic	2026-05-18T17:09:27.5858179Z Home
Test (ubuntu-latest)	Run cargo run --manifest-path rust/lino-i18n/Cargo.toml --example basic	2026-05-18T17:09:27.5858448Z She is a developer
Test (ubuntu-latest)	Post Run Swatinem/rust-cache@v2	﻿2026-05-18T17:09:27.5939285Z Post job cleanup.
Test (ubuntu-latest)	Post Run Swatinem/rust-cache@v2	2026-05-18T17:09:27.8778122Z ##[group]Cache Configuration
Test (ubuntu-latest)	Post Run Swatinem/rust-cache@v2	2026-05-18T17:09:27.8778646Z Cache Provider:
Test (ubuntu-latest)	Post Run Swatinem/rust-cache@v2	2026-05-18T17:09:27.8778956Z     github
Test (ubuntu-latest)	Post Run Swatinem/rust-cache@v2	2026-05-18T17:09:27.8779258Z Workspaces:
Test (ubuntu-latest)	Post Run Swatinem/rust-cache@v2	2026-05-18T17:09:27.8779609Z     /home/runner/work/lino-i18n/lino-i18n/rust
Test (ubuntu-latest)	Post Run Swatinem/rust-cache@v2	2026-05-18T17:09:27.8780039Z Cache Paths:
Test (ubuntu-latest)	Post Run Swatinem/rust-cache@v2	2026-05-18T17:09:27.8780914Z     /home/runner/.cargo/bin
Test (ubuntu-latest)	Post Run Swatinem/rust-cache@v2	2026-05-18T17:09:27.8781700Z     /home/runner/.cargo/.crates.toml
Test (ubuntu-latest)	Post Run Swatinem/rust-cache@v2	2026-05-18T17:09:27.8782158Z     /home/runner/.cargo/.crates2.json
Test (ubuntu-latest)	Post Run Swatinem/rust-cache@v2	2026-05-18T17:09:27.8782575Z     /home/runner/.cargo/registry
Test (ubuntu-latest)	Post Run Swatinem/rust-cache@v2	2026-05-18T17:09:27.8782963Z     /home/runner/.cargo/git
Test (ubuntu-latest)	Post Run Swatinem/rust-cache@v2	2026-05-18T17:09:27.8783399Z     /home/runner/work/lino-i18n/lino-i18n/rust/target
Test (ubuntu-latest)	Post Run Swatinem/rust-cache@v2	2026-05-18T17:09:27.8783865Z Restore Key:
Test (ubuntu-latest)	Post Run Swatinem/rust-cache@v2	2026-05-18T17:09:27.8784177Z     v0-rust-test-Linux-x64-27ed6b6c
Test (ubuntu-latest)	Post Run Swatinem/rust-cache@v2	2026-05-18T17:09:27.8784575Z Cache Key:
Test (ubuntu-latest)	Post Run Swatinem/rust-cache@v2	2026-05-18T17:09:27.8784909Z     v0-rust-test-Linux-x64-27ed6b6c-31365a33
Test (ubuntu-latest)	Post Run Swatinem/rust-cache@v2	2026-05-18T17:09:27.8785332Z .. Prefix:
Test (ubuntu-latest)	Post Run Swatinem/rust-cache@v2	2026-05-18T17:09:27.8785620Z   - v0-rust-test-Linux-x64
Test (ubuntu-latest)	Post Run Swatinem/rust-cache@v2	2026-05-18T17:09:27.8786048Z .. Environment considered:
Test (ubuntu-latest)	Post Run Swatinem/rust-cache@v2	2026-05-18T17:09:27.8786400Z   - Rust Versions:
Test (ubuntu-latest)	Post Run Swatinem/rust-cache@v2	2026-05-18T17:09:27.8786894Z     - 1.95.0 x86_64-unknown-linux-gnu 59807616e1fa2540724bfbac14d7976d7e4a3860
Test (ubuntu-latest)	Post Run Swatinem/rust-cache@v2	2026-05-18T17:09:27.8787633Z     - 1.95.0 x86_64-unknown-linux-gnu 59807616e1fa2540724bfbac14d7976d7e4a3860
Test (ubuntu-latest)	Post Run Swatinem/rust-cache@v2	2026-05-18T17:09:27.8788205Z   - CARGO_HOME
Test (ubuntu-latest)	Post Run Swatinem/rust-cache@v2	2026-05-18T17:09:27.8788497Z   - CARGO_INCREMENTAL
Test (ubuntu-latest)	Post Run Swatinem/rust-cache@v2	2026-05-18T17:09:27.8788834Z   - CARGO_REGISTRY_TOKEN
Test (ubuntu-latest)	Post Run Swatinem/rust-cache@v2	2026-05-18T17:09:27.8789171Z   - CARGO_TERM_COLOR
Test (ubuntu-latest)	Post Run Swatinem/rust-cache@v2	2026-05-18T17:09:27.8789474Z   - CARGO_TOKEN
Test (ubuntu-latest)	Post Run Swatinem/rust-cache@v2	2026-05-18T17:09:27.8789766Z   - RUST_BACKTRACE
Test (ubuntu-latest)	Post Run Swatinem/rust-cache@v2	2026-05-18T17:09:27.8790065Z   - RUSTFLAGS
Test (ubuntu-latest)	Post Run Swatinem/rust-cache@v2	2026-05-18T17:09:27.8790368Z .. Lockfiles considered:
Test (ubuntu-latest)	Post Run Swatinem/rust-cache@v2	2026-05-18T17:09:27.8790797Z   - /home/runner/work/lino-i18n/lino-i18n/rust/Cargo.lock
Test (ubuntu-latest)	Post Run Swatinem/rust-cache@v2	2026-05-18T17:09:27.8791718Z   - /home/runner/work/lino-i18n/lino-i18n/rust/lino-i18n-macros/Cargo.toml
Test (ubuntu-latest)	Post Run Swatinem/rust-cache@v2	2026-05-18T17:09:27.8792460Z   - /home/runner/work/lino-i18n/lino-i18n/rust/lino-i18n/Cargo.toml
Test (ubuntu-latest)	Post Run Swatinem/rust-cache@v2	2026-05-18T17:09:27.8793300Z ##[endgroup]
Test (ubuntu-latest)	Post Run Swatinem/rust-cache@v2	2026-05-18T17:09:27.8793480Z
Test (ubuntu-latest)	Post Run Swatinem/rust-cache@v2	2026-05-18T17:09:27.8804852Z (node:2793) [DEP0040] DeprecationWarning: The `punycode` module is deprecated. Please use a userland alternative instead.
Test (ubuntu-latest)	Post Run Swatinem/rust-cache@v2	2026-05-18T17:09:27.8805983Z (Use `node --trace-deprecation ...` to show where the warning was created)
Test (ubuntu-latest)	Post Run Swatinem/rust-cache@v2	2026-05-18T17:09:27.9272552Z ... Cleaning /home/runner/work/lino-i18n/lino-i18n/rust/target ...
Test (ubuntu-latest)	Post Run Swatinem/rust-cache@v2	2026-05-18T17:09:27.9512191Z ... Cleaning cargo registry (cache-all-crates: false) ...
Test (ubuntu-latest)	Post Run Swatinem/rust-cache@v2	2026-05-18T17:09:27.9797259Z ... Cleaning cargo/bin ...
Test (ubuntu-latest)	Post Run Swatinem/rust-cache@v2	2026-05-18T17:09:27.9817981Z ... Cleaning cargo git cache ...
Test (ubuntu-latest)	Post Run Swatinem/rust-cache@v2	2026-05-18T17:09:27.9821350Z ... Saving cache ...
Test (ubuntu-latest)	Post Run Swatinem/rust-cache@v2	2026-05-18T17:09:27.9981784Z [command]/usr/bin/tar --posix -cf cache.tzst --exclude cache.tzst -P -C /home/runner/work/lino-i18n/lino-i18n --files-from manifest.txt --use-compress-program zstdmt
Test (ubuntu-latest)	Post Run Swatinem/rust-cache@v2	2026-05-18T17:09:28.5628346Z Sent 11919671 of 11919671 (100.0%), 49.6 MBs/sec
Test (ubuntu-latest)	Post Run actions/checkout@v6	﻿2026-05-18T17:09:28.6393346Z Post job cleanup.
Test (ubuntu-latest)	Post Run actions/checkout@v6	2026-05-18T17:09:28.7261432Z [command]/usr/bin/git version
Test (ubuntu-latest)	Post Run actions/checkout@v6	2026-05-18T17:09:28.7299994Z git version 2.54.0
Test (ubuntu-latest)	Post Run actions/checkout@v6	2026-05-18T17:09:28.7371109Z Temporarily overriding HOME='/home/runner/work/_temp/64db3167-eb48-4f87-96c4-37c8b481a9a5' before making global git config changes
Test (ubuntu-latest)	Post Run actions/checkout@v6	2026-05-18T17:09:28.7372073Z Adding repository directory to the temporary git global config as a safe directory
Test (ubuntu-latest)	Post Run actions/checkout@v6	2026-05-18T17:09:28.7377580Z [command]/usr/bin/git config --global --add safe.directory /home/runner/work/lino-i18n/lino-i18n
Test (ubuntu-latest)	Post Run actions/checkout@v6	2026-05-18T17:09:28.7411551Z Removing SSH command configuration
Test (ubuntu-latest)	Post Run actions/checkout@v6	2026-05-18T17:09:28.7418166Z [command]/usr/bin/git config --local --name-only --get-regexp core\.sshCommand
Test (ubuntu-latest)	Post Run actions/checkout@v6	2026-05-18T17:09:28.7454688Z [command]/usr/bin/git submodule foreach --recursive sh -c "git config --local --name-only --get-regexp 'core\.sshCommand' && git config --local --unset-all 'core.sshCommand' || :"
Test (ubuntu-latest)	Post Run actions/checkout@v6	2026-05-18T17:09:28.7698609Z Removing HTTP extra header
Test (ubuntu-latest)	Post Run actions/checkout@v6	2026-05-18T17:09:28.7704416Z [command]/usr/bin/git config --local --name-only --get-regexp http\.https\:\/\/github\.com\/\.extraheader
Test (ubuntu-latest)	Post Run actions/checkout@v6	2026-05-18T17:09:28.7740753Z [command]/usr/bin/git submodule foreach --recursive sh -c "git config --local --name-only --get-regexp 'http\.https\:\/\/github\.com\/\.extraheader' && git config --local --unset-all 'http.https://github.com/.extraheader' || :"
Test (ubuntu-latest)	Post Run actions/checkout@v6	2026-05-18T17:09:28.7979975Z Removing includeIf entries pointing to credentials config files
Test (ubuntu-latest)	Post Run actions/checkout@v6	2026-05-18T17:09:28.7987838Z [command]/usr/bin/git config --local --name-only --get-regexp ^includeIf\.gitdir:
Test (ubuntu-latest)	Post Run actions/checkout@v6	2026-05-18T17:09:28.8017055Z includeif.gitdir:/home/runner/work/lino-i18n/lino-i18n/.git.path
Test (ubuntu-latest)	Post Run actions/checkout@v6	2026-05-18T17:09:28.8017895Z includeif.gitdir:/home/runner/work/lino-i18n/lino-i18n/.git/worktrees/*.path
Test (ubuntu-latest)	Post Run actions/checkout@v6	2026-05-18T17:09:28.8018580Z includeif.gitdir:/github/workspace/.git.path
Test (ubuntu-latest)	Post Run actions/checkout@v6	2026-05-18T17:09:28.8019160Z includeif.gitdir:/github/workspace/.git/worktrees/*.path
Test (ubuntu-latest)	Post Run actions/checkout@v6	2026-05-18T17:09:28.8027671Z [command]/usr/bin/git config --local --get-all includeif.gitdir:/home/runner/work/lino-i18n/lino-i18n/.git.path
Test (ubuntu-latest)	Post Run actions/checkout@v6	2026-05-18T17:09:28.8052102Z /home/runner/work/_temp/git-credentials-aae0d230-4ee9-422c-bee3-fe2da8cc2962.config
Test (ubuntu-latest)	Post Run actions/checkout@v6	2026-05-18T17:09:28.8062848Z [command]/usr/bin/git config --local --unset includeif.gitdir:/home/runner/work/lino-i18n/lino-i18n/.git.path /home/runner/work/_temp/git-credentials-aae0d230-4ee9-422c-bee3-fe2da8cc2962.config
Test (ubuntu-latest)	Post Run actions/checkout@v6	2026-05-18T17:09:28.8100390Z [command]/usr/bin/git config --local --get-all includeif.gitdir:/home/runner/work/lino-i18n/lino-i18n/.git/worktrees/*.path
Test (ubuntu-latest)	Post Run actions/checkout@v6	2026-05-18T17:09:28.8124486Z /home/runner/work/_temp/git-credentials-aae0d230-4ee9-422c-bee3-fe2da8cc2962.config
Test (ubuntu-latest)	Post Run actions/checkout@v6	2026-05-18T17:09:28.8135108Z [command]/usr/bin/git config --local --unset includeif.gitdir:/home/runner/work/lino-i18n/lino-i18n/.git/worktrees/*.path /home/runner/work/_temp/git-credentials-aae0d230-4ee9-422c-bee3-fe2da8cc2962.config
Test (ubuntu-latest)	Post Run actions/checkout@v6	2026-05-18T17:09:28.8170416Z [command]/usr/bin/git config --local --get-all includeif.gitdir:/github/workspace/.git.path
Test (ubuntu-latest)	Post Run actions/checkout@v6	2026-05-18T17:09:28.8195070Z /github/runner_temp/git-credentials-aae0d230-4ee9-422c-bee3-fe2da8cc2962.config
Test (ubuntu-latest)	Post Run actions/checkout@v6	2026-05-18T17:09:28.8204239Z [command]/usr/bin/git config --local --unset includeif.gitdir:/github/workspace/.git.path /github/runner_temp/git-credentials-aae0d230-4ee9-422c-bee3-fe2da8cc2962.config
Test (ubuntu-latest)	Post Run actions/checkout@v6	2026-05-18T17:09:28.8238943Z [command]/usr/bin/git config --local --get-all includeif.gitdir:/github/workspace/.git/worktrees/*.path
Test (ubuntu-latest)	Post Run actions/checkout@v6	2026-05-18T17:09:28.8262967Z /github/runner_temp/git-credentials-aae0d230-4ee9-422c-bee3-fe2da8cc2962.config
Test (ubuntu-latest)	Post Run actions/checkout@v6	2026-05-18T17:09:28.8273450Z [command]/usr/bin/git config --local --unset includeif.gitdir:/github/workspace/.git/worktrees/*.path /github/runner_temp/git-credentials-aae0d230-4ee9-422c-bee3-fe2da8cc2962.config
Test (ubuntu-latest)	Post Run actions/checkout@v6	2026-05-18T17:09:28.8309210Z [command]/usr/bin/git submodule foreach --recursive git config --local --show-origin --name-only --get-regexp remote.origin.url
Test (ubuntu-latest)	Post Run actions/checkout@v6	2026-05-18T17:09:28.8548173Z Removing credentials config '/home/runner/work/_temp/git-credentials-aae0d230-4ee9-422c-bee3-fe2da8cc2962.config'
Test (ubuntu-latest)	Complete job	﻿2026-05-18T17:09:28.8700851Z Cleaning up orphan processes
Test (windows-latest)	Set up job	﻿2026-05-18T17:08:52.3245411Z Current runner version: '2.334.0'
Test (windows-latest)	Set up job	2026-05-18T17:08:52.3394243Z ##[group]Runner Image Provisioner
Test (windows-latest)	Set up job	2026-05-18T17:08:52.3395408Z Hosted Compute Agent
Test (windows-latest)	Set up job	2026-05-18T17:08:52.3396248Z Version: 20260415.520
Test (windows-latest)	Set up job	2026-05-18T17:08:52.3397145Z Commit: af089020f5f67b61ccc91db6c07980876c02bf7b
Test (windows-latest)	Set up job	2026-05-18T17:08:52.3398344Z Build Date: 2026-04-15T18:07:08Z
Test (windows-latest)	Set up job	2026-05-18T17:08:52.3399496Z Worker ID: {04a10d58-40ca-4064-bfec-94903545728c}
Test (windows-latest)	Set up job	2026-05-18T17:08:52.3400618Z Azure Region: eastus
Test (windows-latest)	Set up job	2026-05-18T17:08:52.3401495Z ##[endgroup]
Test (windows-latest)	Set up job	2026-05-18T17:08:52.3403604Z ##[group]Operating System
Test (windows-latest)	Set up job	2026-05-18T17:08:52.3404498Z Microsoft Windows Server 2025
Test (windows-latest)	Set up job	2026-05-18T17:08:52.3405363Z 10.0.26100
Test (windows-latest)	Set up job	2026-05-18T17:08:52.3406018Z Datacenter
Test (windows-latest)	Set up job	2026-05-18T17:08:52.3406797Z ##[endgroup]
Test (windows-latest)	Set up job	2026-05-18T17:08:52.3407566Z ##[group]Runner Image
Test (windows-latest)	Set up job	2026-05-18T17:08:52.3408364Z Image: windows-2025-vs2026
Test (windows-latest)	Set up job	2026-05-18T17:08:52.3409416Z Version: 20260510.103.1
Test (windows-latest)	Set up job	2026-05-18T17:08:52.3411728Z Included Software: https://github.com/actions/runner-images/blob/win25-vs2026/20260510.103/images/windows/Windows2025-VS2026-Readme.md
Test (windows-latest)	Set up job	2026-05-18T17:08:52.3415500Z Image Release: https://github.com/actions/runner-images/releases/tag/win25-vs2026%2F20260510.103
Test (windows-latest)	Set up job	2026-05-18T17:08:52.3417192Z ##[endgroup]
Test (windows-latest)	Set up job	2026-05-18T17:08:52.3419679Z ##[group]GITHUB_TOKEN Permissions
Test (windows-latest)	Set up job	2026-05-18T17:08:52.3422556Z Contents: write
Test (windows-latest)	Set up job	2026-05-18T17:08:52.3423456Z Metadata: read
Test (windows-latest)	Set up job	2026-05-18T17:08:52.3424285Z Pages: write
Test (windows-latest)	Set up job	2026-05-18T17:08:52.3425044Z PullRequests: write
Test (windows-latest)	Set up job	2026-05-18T17:08:52.3425951Z ##[endgroup]
Test (windows-latest)	Set up job	2026-05-18T17:08:52.3428654Z Secret source: Actions
Test (windows-latest)	Set up job	2026-05-18T17:08:52.3430147Z Prepare workflow directory
Test (windows-latest)	Set up job	2026-05-18T17:08:52.3979763Z Prepare all required actions
Test (windows-latest)	Set up job	2026-05-18T17:08:52.4018748Z Getting action download info
Test (windows-latest)	Set up job	2026-05-18T17:08:52.6492174Z Download action repository 'actions/checkout@v6' (SHA:de0fac2e4500dabe0009e67214ff5f5447ce83dd)
Test (windows-latest)	Set up job	2026-05-18T17:08:52.7886726Z Download action repository 'dtolnay/rust-toolchain@stable' (SHA:29eef336d9b2848a0b548edc03f92a220660cdb8)
Test (windows-latest)	Set up job	2026-05-18T17:08:52.9107559Z Download action repository 'Swatinem/rust-cache@v2' (SHA:e18b497796c12c097a38f9edb9d0641fb99eee32)
Test (windows-latest)	Set up job	2026-05-18T17:08:53.3870362Z Complete job name: Test (windows-latest)
Test (windows-latest)	Run actions/checkout@v6	﻿2026-05-18T17:08:53.6323389Z ##[group]Run actions/checkout@v6
Test (windows-latest)	Run actions/checkout@v6	2026-05-18T17:08:53.6324595Z with:
Test (windows-latest)	Run actions/checkout@v6	2026-05-18T17:08:53.6325068Z   repository: link-foundation/lino-i18n
Test (windows-latest)	Run actions/checkout@v6	2026-05-18T17:08:53.6325897Z   token: ***
Test (windows-latest)	Run actions/checkout@v6	2026-05-18T17:08:53.6326333Z   ssh-strict: true
Test (windows-latest)	Run actions/checkout@v6	2026-05-18T17:08:53.6326691Z   ssh-user: git
Test (windows-latest)	Run actions/checkout@v6	2026-05-18T17:08:53.6327064Z   persist-credentials: true
Test (windows-latest)	Run actions/checkout@v6	2026-05-18T17:08:53.6327475Z   clean: true
Test (windows-latest)	Run actions/checkout@v6	2026-05-18T17:08:53.6327833Z   sparse-checkout-cone-mode: true
Test (windows-latest)	Run actions/checkout@v6	2026-05-18T17:08:53.6328284Z   fetch-depth: 1
Test (windows-latest)	Run actions/checkout@v6	2026-05-18T17:08:53.6328642Z   fetch-tags: false
Test (windows-latest)	Run actions/checkout@v6	2026-05-18T17:08:53.6329011Z   show-progress: true
Test (windows-latest)	Run actions/checkout@v6	2026-05-18T17:08:53.6329377Z   lfs: false
Test (windows-latest)	Run actions/checkout@v6	2026-05-18T17:08:53.6329706Z   submodules: false
Test (windows-latest)	Run actions/checkout@v6	2026-05-18T17:08:53.6330084Z   set-safe-directory: true
Test (windows-latest)	Run actions/checkout@v6	2026-05-18T17:08:53.6330717Z env:
Test (windows-latest)	Run actions/checkout@v6	2026-05-18T17:08:53.6331088Z   CARGO_TERM_COLOR: always
Test (windows-latest)	Run actions/checkout@v6	2026-05-18T17:08:53.6331496Z   RUST_BACKTRACE: 1
Test (windows-latest)	Run actions/checkout@v6	2026-05-18T17:08:53.6331865Z   RUSTFLAGS: -Dwarnings
Test (windows-latest)	Run actions/checkout@v6	2026-05-18T17:08:53.6332411Z   CARGO_REGISTRY_TOKEN: ***
Test (windows-latest)	Run actions/checkout@v6	2026-05-18T17:08:53.6332934Z   CARGO_TOKEN: ***
Test (windows-latest)	Run actions/checkout@v6	2026-05-18T17:08:53.6333284Z ##[endgroup]
Test (windows-latest)	Run actions/checkout@v6	2026-05-18T17:08:53.8258074Z Syncing repository: link-foundation/lino-i18n
Test (windows-latest)	Run actions/checkout@v6	2026-05-18T17:08:53.8259763Z ##[group]Getting Git version info
Test (windows-latest)	Run actions/checkout@v6	2026-05-18T17:08:53.8260374Z Working directory is 'D:\a\lino-i18n\lino-i18n'
Test (windows-latest)	Run actions/checkout@v6	2026-05-18T17:08:53.9125580Z [command]"C:\Program Files\Git\bin\git.exe" version
Test (windows-latest)	Run actions/checkout@v6	2026-05-18T17:08:54.3894280Z git version 2.54.0.windows.1
Test (windows-latest)	Run actions/checkout@v6	2026-05-18T17:08:54.3951929Z ##[endgroup]
Test (windows-latest)	Run actions/checkout@v6	2026-05-18T17:08:54.3992387Z Temporarily overriding HOME='D:\a\_temp\d5ab10d4-6379-4694-b8c1-b8cf0af1a781' before making global git config changes
Test (windows-latest)	Run actions/checkout@v6	2026-05-18T17:08:54.3997944Z Adding repository directory to the temporary git global config as a safe directory
Test (windows-latest)	Run actions/checkout@v6	2026-05-18T17:08:54.4004353Z [command]"C:\Program Files\Git\bin\git.exe" config --global --add safe.directory D:\a\lino-i18n\lino-i18n
Test (windows-latest)	Run actions/checkout@v6	2026-05-18T17:08:54.4362462Z Deleting the contents of 'D:\a\lino-i18n\lino-i18n'
Test (windows-latest)	Run actions/checkout@v6	2026-05-18T17:08:54.4366967Z ##[group]Initializing the repository
Test (windows-latest)	Run actions/checkout@v6	2026-05-18T17:08:54.4375961Z [command]"C:\Program Files\Git\bin\git.exe" init D:\a\lino-i18n\lino-i18n
Test (windows-latest)	Run actions/checkout@v6	2026-05-18T17:08:54.5305622Z Initialized empty Git repository in D:/a/lino-i18n/lino-i18n/.git/
Test (windows-latest)	Run actions/checkout@v6	2026-05-18T17:08:54.5368860Z [command]"C:\Program Files\Git\bin\git.exe" remote add origin https://github.com/link-foundation/lino-i18n
Test (windows-latest)	Run actions/checkout@v6	2026-05-18T17:08:54.5731075Z ##[endgroup]
Test (windows-latest)	Run actions/checkout@v6	2026-05-18T17:08:54.5731891Z ##[group]Disabling automatic garbage collection
Test (windows-latest)	Run actions/checkout@v6	2026-05-18T17:08:54.5742322Z [command]"C:\Program Files\Git\bin\git.exe" config --local gc.auto 0
Test (windows-latest)	Run actions/checkout@v6	2026-05-18T17:08:54.6046817Z ##[endgroup]
Test (windows-latest)	Run actions/checkout@v6	2026-05-18T17:08:54.6048151Z ##[group]Setting up auth
Test (windows-latest)	Run actions/checkout@v6	2026-05-18T17:08:54.6048835Z Removing SSH command configuration
Test (windows-latest)	Run actions/checkout@v6	2026-05-18T17:08:54.6060827Z [command]"C:\Program Files\Git\bin\git.exe" config --local --name-only --get-regexp core\.sshCommand
Test (windows-latest)	Run actions/checkout@v6	2026-05-18T17:08:54.6393613Z [command]"C:\Program Files\Git\bin\git.exe" submodule foreach --recursive "sh -c \"git config --local --name-only --get-regexp 'core\.sshCommand' && git config --local --unset-all 'core.sshCommand' || :\""
Test (windows-latest)	Run actions/checkout@v6	2026-05-18T17:08:56.5273039Z Removing HTTP extra header
Test (windows-latest)	Run actions/checkout@v6	2026-05-18T17:08:56.5282925Z [command]"C:\Program Files\Git\bin\git.exe" config --local --name-only --get-regexp http\.https\:\/\/github\.com\/\.extraheader
Test (windows-latest)	Run actions/checkout@v6	2026-05-18T17:08:56.5584648Z [command]"C:\Program Files\Git\bin\git.exe" submodule foreach --recursive "sh -c \"git config --local --name-only --get-regexp 'http\.https\:\/\/github\.com\/\.extraheader' && git config --local --unset-all 'http.https://github.com/.extraheader' || :\""
Test (windows-latest)	Run actions/checkout@v6	2026-05-18T17:08:57.1464707Z Removing includeIf entries pointing to credentials config files
Test (windows-latest)	Run actions/checkout@v6	2026-05-18T17:08:57.1470581Z [command]"C:\Program Files\Git\bin\git.exe" config --local --name-only --get-regexp ^includeIf\.gitdir:
Test (windows-latest)	Run actions/checkout@v6	2026-05-18T17:08:57.1823437Z [command]"C:\Program Files\Git\bin\git.exe" submodule foreach --recursive "git config --local --show-origin --name-only --get-regexp remote.origin.url"
Test (windows-latest)	Run actions/checkout@v6	2026-05-18T17:08:57.7625490Z [command]"C:\Program Files\Git\bin\git.exe" config --file D:\a\_temp\git-credentials-19e4b6fc-6115-4a7b-a972-a34311926e65.config http.https://github.com/.extraheader "AUTHORIZATION: basic ***"
Test (windows-latest)	Run actions/checkout@v6	2026-05-18T17:08:57.7956802Z [command]"C:\Program Files\Git\bin\git.exe" config --local includeIf.gitdir:D:/a/lino-i18n/lino-i18n/.git.path D:\a\_temp\git-credentials-19e4b6fc-6115-4a7b-a972-a34311926e65.config
Test (windows-latest)	Run actions/checkout@v6	2026-05-18T17:08:57.8269322Z [command]"C:\Program Files\Git\bin\git.exe" config --local includeIf.gitdir:D:/a/lino-i18n/lino-i18n/.git/worktrees/*.path D:\a\_temp\git-credentials-19e4b6fc-6115-4a7b-a972-a34311926e65.config
Test (windows-latest)	Run actions/checkout@v6	2026-05-18T17:08:57.8580783Z [command]"C:\Program Files\Git\bin\git.exe" config --local includeIf.gitdir:/github/workspace/.git.path /github/runner_temp/git-credentials-19e4b6fc-6115-4a7b-a972-a34311926e65.config
Test (windows-latest)	Run actions/checkout@v6	2026-05-18T17:08:57.8889886Z [command]"C:\Program Files\Git\bin\git.exe" config --local includeIf.gitdir:/github/workspace/.git/worktrees/*.path /github/runner_temp/git-credentials-19e4b6fc-6115-4a7b-a972-a34311926e65.config
Test (windows-latest)	Run actions/checkout@v6	2026-05-18T17:08:57.9188605Z ##[endgroup]
Test (windows-latest)	Run actions/checkout@v6	2026-05-18T17:08:57.9189099Z ##[group]Fetching the repository
Test (windows-latest)	Run actions/checkout@v6	2026-05-18T17:08:57.9202219Z [command]"C:\Program Files\Git\bin\git.exe" -c protocol.version=2 fetch --no-tags --prune --no-recurse-submodules --depth=1 origin +992b91dd1eeb865ff89d2c130c88ad313a609723:refs/remotes/origin/main
Test (windows-latest)	Run actions/checkout@v6	2026-05-18T17:08:59.5632598Z From https://github.com/link-foundation/lino-i18n
Test (windows-latest)	Run actions/checkout@v6	2026-05-18T17:08:59.5633527Z  * [new ref]         992b91dd1eeb865ff89d2c130c88ad313a609723 -> origin/main
Test (windows-latest)	Run actions/checkout@v6	2026-05-18T17:08:59.5899789Z [command]"C:\Program Files\Git\bin\git.exe" branch --list --remote origin/main
Test (windows-latest)	Run actions/checkout@v6	2026-05-18T17:08:59.6207554Z   origin/main
Test (windows-latest)	Run actions/checkout@v6	2026-05-18T17:08:59.6252085Z [command]"C:\Program Files\Git\bin\git.exe" rev-parse refs/remotes/origin/main
Test (windows-latest)	Run actions/checkout@v6	2026-05-18T17:08:59.6545177Z 992b91dd1eeb865ff89d2c130c88ad313a609723
Test (windows-latest)	Run actions/checkout@v6	2026-05-18T17:08:59.6595272Z ##[endgroup]
Test (windows-latest)	Run actions/checkout@v6	2026-05-18T17:08:59.6595781Z ##[group]Determining the checkout info
Test (windows-latest)	Run actions/checkout@v6	2026-05-18T17:08:59.6596802Z ##[endgroup]
Test (windows-latest)	Run actions/checkout@v6	2026-05-18T17:08:59.6610765Z [command]"C:\Program Files\Git\bin\git.exe" sparse-checkout disable
Test (windows-latest)	Run actions/checkout@v6	2026-05-18T17:08:59.6993653Z [command]"C:\Program Files\Git\bin\git.exe" config --local --unset-all extensions.worktreeConfig
Test (windows-latest)	Run actions/checkout@v6	2026-05-18T17:08:59.7338186Z ##[group]Checking out the ref
Test (windows-latest)	Run actions/checkout@v6	2026-05-18T17:08:59.7346523Z [command]"C:\Program Files\Git\bin\git.exe" checkout --progress --force -B main refs/remotes/origin/main
Test (windows-latest)	Run actions/checkout@v6	2026-05-18T17:08:59.9594016Z Switched to a new branch 'main'
Test (windows-latest)	Run actions/checkout@v6	2026-05-18T17:08:59.9618259Z branch 'main' set up to track 'origin/main'.
Test (windows-latest)	Run actions/checkout@v6	2026-05-18T17:08:59.9693081Z ##[endgroup]
Test (windows-latest)	Run actions/checkout@v6	2026-05-18T17:09:00.0136833Z [command]"C:\Program Files\Git\bin\git.exe" log -1 --format=%H
Test (windows-latest)	Run actions/checkout@v6	2026-05-18T17:09:00.0458507Z 992b91dd1eeb865ff89d2c130c88ad313a609723
Test (windows-latest)	Run dtolnay/rust-toolchain@stable	﻿2026-05-18T17:09:00.1045804Z ##[group]Run dtolnay/rust-toolchain@stable
Test (windows-latest)	Run dtolnay/rust-toolchain@stable	2026-05-18T17:09:00.1046273Z with:
Test (windows-latest)	Run dtolnay/rust-toolchain@stable	2026-05-18T17:09:00.1046537Z   toolchain: stable
Test (windows-latest)	Run dtolnay/rust-toolchain@stable	2026-05-18T17:09:00.1046779Z env:
Test (windows-latest)	Run dtolnay/rust-toolchain@stable	2026-05-18T17:09:00.1046972Z   CARGO_TERM_COLOR: always
Test (windows-latest)	Run dtolnay/rust-toolchain@stable	2026-05-18T17:09:00.1047251Z   RUST_BACKTRACE: 1
Test (windows-latest)	Run dtolnay/rust-toolchain@stable	2026-05-18T17:09:00.1047465Z   RUSTFLAGS: -Dwarnings
Test (windows-latest)	Run dtolnay/rust-toolchain@stable	2026-05-18T17:09:00.1048053Z   CARGO_REGISTRY_TOKEN: ***
Test (windows-latest)	Run dtolnay/rust-toolchain@stable	2026-05-18T17:09:00.1048427Z   CARGO_TOKEN: ***
Test (windows-latest)	Run dtolnay/rust-toolchain@stable	2026-05-18T17:09:00.1048683Z ##[endgroup]
Test (windows-latest)	Run dtolnay/rust-toolchain@stable	2026-05-18T17:09:00.1297588Z ##[group]Run : parse toolchain version
Test (windows-latest)	Run dtolnay/rust-toolchain@stable	2026-05-18T17:09:00.1298270Z ^[[36;1m: parse toolchain version^[[0m
Test (windows-latest)	Run dtolnay/rust-toolchain@stable	2026-05-18T17:09:00.1298756Z ^[[36;1mif [[ -z $toolchain ]]; then^[[0m
Test (windows-latest)	Run dtolnay/rust-toolchain@stable	2026-05-18T17:09:00.1299602Z ^[[36;1m  # GitHub does not enforce `required: true` inputs itself. https://github.com/actions/runner/issues/1070^[[0m
Test (windows-latest)	Run dtolnay/rust-toolchain@stable	2026-05-18T17:09:00.1300229Z ^[[36;1m  echo "'toolchain' is a required input" >&2^[[0m
Test (windows-latest)	Run dtolnay/rust-toolchain@stable	2026-05-18T17:09:00.1300588Z ^[[36;1m  exit 1^[[0m
Test (windows-latest)	Run dtolnay/rust-toolchain@stable	2026-05-18T17:09:00.1300986Z ^[[36;1melif [[ $toolchain =~ ^stable' '[0-9]+' '(year|month|week|day)s?' 'ago$ ]]; then^[[0m
Test (windows-latest)	Run dtolnay/rust-toolchain@stable	2026-05-18T17:09:00.1301550Z ^[[36;1m  if [[ Windows == macOS ]]; then^[[0m
Test (windows-latest)	Run dtolnay/rust-toolchain@stable	2026-05-18T17:09:00.1302184Z ^[[36;1m    echo "toolchain=1.$((($(date -v-$(sed 's/stable \([0-9]*\) \(.\).*/\1\2/' <<< $toolchain) +%s)/60/60/24-16569)/7/6))" >> $GITHUB_OUTPUT^[[0m
Test (windows-latest)	Run dtolnay/rust-toolchain@stable	2026-05-18T17:09:00.1302744Z ^[[36;1m  else^[[0m
Test (windows-latest)	Run dtolnay/rust-toolchain@stable	2026-05-18T17:09:00.1303195Z ^[[36;1m    echo "toolchain=1.$((($(date --date "${toolchain#stable }" +%s)/60/60/24-16569)/7/6))" >> $GITHUB_OUTPUT^[[0m
Test (windows-latest)	Run dtolnay/rust-toolchain@stable	2026-05-18T17:09:00.1303738Z ^[[36;1m  fi^[[0m
Test (windows-latest)	Run dtolnay/rust-toolchain@stable	2026-05-18T17:09:00.1304045Z ^[[36;1melif [[ $toolchain =~ ^stable' 'minus' '[0-9]+' 'releases?$ ]]; then^[[0m
Test (windows-latest)	Run dtolnay/rust-toolchain@stable	2026-05-18T17:09:00.1304621Z ^[[36;1m  echo "toolchain=1.$((($(date +%s)/60/60/24-16569)/7/6-${toolchain//[^0-9]/}))" >> $GITHUB_OUTPUT^[[0m
Test (windows-latest)	Run dtolnay/rust-toolchain@stable	2026-05-18T17:09:00.1305161Z ^[[36;1melif [[ $toolchain =~ ^1\.[0-9]+$ ]]; then^[[0m
Test (windows-latest)	Run dtolnay/rust-toolchain@stable	2026-05-18T17:09:00.1305701Z ^[[36;1m  echo "toolchain=1.$((i=${toolchain#1.}, c=($(date +%s)/60/60/24-16569)/7/6, i+9*i*(10*i<=c)+90*i*(100*i<=c)))" >> $GITHUB_OUTPUT^[[0m
Test (windows-latest)	Run dtolnay/rust-toolchain@stable	2026-05-18T17:09:00.1306257Z ^[[36;1melse^[[0m
Test (windows-latest)	Run dtolnay/rust-toolchain@stable	2026-05-18T17:09:00.1306567Z ^[[36;1m  echo "toolchain=$toolchain" >> $GITHUB_OUTPUT^[[0m
Test (windows-latest)	Run dtolnay/rust-toolchain@stable	2026-05-18T17:09:00.1306961Z ^[[36;1mfi^[[0m
Test (windows-latest)	Run dtolnay/rust-toolchain@stable	2026-05-18T17:09:00.1324782Z shell: C:\Program Files\Git\bin\bash.EXE --noprofile --norc -e -o pipefail {0}
Test (windows-latest)	Run dtolnay/rust-toolchain@stable	2026-05-18T17:09:00.1325277Z env:
Test (windows-latest)	Run dtolnay/rust-toolchain@stable	2026-05-18T17:09:00.1325524Z   CARGO_TERM_COLOR: always
Test (windows-latest)	Run dtolnay/rust-toolchain@stable	2026-05-18T17:09:00.1325830Z   RUST_BACKTRACE: 1
Test (windows-latest)	Run dtolnay/rust-toolchain@stable	2026-05-18T17:09:00.1326101Z   RUSTFLAGS: -Dwarnings
Test (windows-latest)	Run dtolnay/rust-toolchain@stable	2026-05-18T17:09:00.1326537Z   CARGO_REGISTRY_TOKEN: ***
Test (windows-latest)	Run dtolnay/rust-toolchain@stable	2026-05-18T17:09:00.1391824Z   CARGO_TOKEN: ***
Test (windows-latest)	Run dtolnay/rust-toolchain@stable	2026-05-18T17:09:00.1392050Z   toolchain: stable
Test (windows-latest)	Run dtolnay/rust-toolchain@stable	2026-05-18T17:09:00.1392241Z ##[endgroup]
Test (windows-latest)	Run dtolnay/rust-toolchain@stable	2026-05-18T17:09:00.2028767Z ##[group]Run : construct rustup command line
Test (windows-latest)	Run dtolnay/rust-toolchain@stable	2026-05-18T17:09:00.2029306Z ^[[36;1m: construct rustup command line^[[0m
Test (windows-latest)	Run dtolnay/rust-toolchain@stable	2026-05-18T17:09:00.2030000Z ^[[36;1mecho "targets=$(for t in ${targets//,/ }; do echo -n ' --target' $t; done)" >> $GITHUB_OUTPUT^[[0m
Test (windows-latest)	Run dtolnay/rust-toolchain@stable	2026-05-18T17:09:00.2031134Z ^[[36;1mecho "components=$(for c in ${components//,/ }; do echo -n ' --component' $c; done)" >> $GITHUB_OUTPUT^[[0m
Test (windows-latest)	Run dtolnay/rust-toolchain@stable	2026-05-18T17:09:00.2031621Z ^[[36;1mecho "downgrade=" >> $GITHUB_OUTPUT^[[0m
Test (windows-latest)	Run dtolnay/rust-toolchain@stable	2026-05-18T17:09:00.2044335Z shell: C:\Program Files\Git\bin\bash.EXE --noprofile --norc -e -o pipefail {0}
Test (windows-latest)	Run dtolnay/rust-toolchain@stable	2026-05-18T17:09:00.2044717Z env:
Test (windows-latest)	Run dtolnay/rust-toolchain@stable	2026-05-18T17:09:00.2044871Z   CARGO_TERM_COLOR: always
Test (windows-latest)	Run dtolnay/rust-toolchain@stable	2026-05-18T17:09:00.2045067Z   RUST_BACKTRACE: 1
Test (windows-latest)	Run dtolnay/rust-toolchain@stable	2026-05-18T17:09:00.2045233Z   RUSTFLAGS: -Dwarnings
Test (windows-latest)	Run dtolnay/rust-toolchain@stable	2026-05-18T17:09:00.2045589Z   CARGO_REGISTRY_TOKEN: ***
Test (windows-latest)	Run dtolnay/rust-toolchain@stable	2026-05-18T17:09:00.2045847Z   CARGO_TOKEN: ***
Test (windows-latest)	Run dtolnay/rust-toolchain@stable	2026-05-18T17:09:00.2045995Z   targets:
Test (windows-latest)	Run dtolnay/rust-toolchain@stable	2026-05-18T17:09:00.2046144Z   components:
Test (windows-latest)	Run dtolnay/rust-toolchain@stable	2026-05-18T17:09:00.2046295Z ##[endgroup]
Test (windows-latest)	Run dtolnay/rust-toolchain@stable	2026-05-18T17:09:00.2945604Z ##[group]Run : set $CARGO_HOME
Test (windows-latest)	Run dtolnay/rust-toolchain@stable	2026-05-18T17:09:00.2945872Z ^[[36;1m: set $CARGO_HOME^[[0m
Test (windows-latest)	Run dtolnay/rust-toolchain@stable	2026-05-18T17:09:00.2946176Z ^[[36;1mecho CARGO_HOME=${CARGO_HOME:-"$USERPROFILE\.cargo"} >> $GITHUB_ENV^[[0m
Test (windows-latest)	Run dtolnay/rust-toolchain@stable	2026-05-18T17:09:00.2958617Z shell: C:\Program Files\Git\bin\bash.EXE --noprofile --norc -e -o pipefail {0}
Test (windows-latest)	Run dtolnay/rust-toolchain@stable	2026-05-18T17:09:00.2960949Z env:
Test (windows-latest)	Run dtolnay/rust-toolchain@stable	2026-05-18T17:09:00.2961117Z   CARGO_TERM_COLOR: always
Test (windows-latest)	Run dtolnay/rust-toolchain@stable	2026-05-18T17:09:00.2961318Z   RUST_BACKTRACE: 1
Test (windows-latest)	Run dtolnay/rust-toolchain@stable	2026-05-18T17:09:00.2961486Z   RUSTFLAGS: -Dwarnings
Test (windows-latest)	Run dtolnay/rust-toolchain@stable	2026-05-18T17:09:00.2961848Z   CARGO_REGISTRY_TOKEN: ***
Test (windows-latest)	Run dtolnay/rust-toolchain@stable	2026-05-18T17:09:00.2962111Z   CARGO_TOKEN: ***
Test (windows-latest)	Run dtolnay/rust-toolchain@stable	2026-05-18T17:09:00.2962273Z ##[endgroup]
Test (windows-latest)	Run dtolnay/rust-toolchain@stable	2026-05-18T17:09:00.3597745Z ##[group]Run : install rustup if needed on windows
Test (windows-latest)	Run dtolnay/rust-toolchain@stable	2026-05-18T17:09:00.3598104Z ^[[36;1m: install rustup if needed on windows^[[0m
Test (windows-latest)	Run dtolnay/rust-toolchain@stable	2026-05-18T17:09:00.3598395Z ^[[36;1mif ! command -v rustup &>/dev/null; then^[[0m
Test (windows-latest)	Run dtolnay/rust-toolchain@stable	2026-05-18T17:09:00.3599141Z ^[[36;1m  curl --proto '=https' --tlsv1.2 --retry 10 --retry-connrefused --location --silent --show-error --fail https://win.rustup.rs/x86_64 --output 'D:\a\_temp\rustup-init.exe'^[[0m
Test (windows-latest)	Run dtolnay/rust-toolchain@stable	2026-05-18T17:09:00.3599978Z ^[[36;1m  'D:\a\_temp\rustup-init.exe' --default-toolchain none --no-modify-path -y^[[0m
Test (windows-latest)	Run dtolnay/rust-toolchain@stable	2026-05-18T17:09:00.3600374Z ^[[36;1m  echo "$CARGO_HOME\bin" >> $GITHUB_PATH^[[0m
Test (windows-latest)	Run dtolnay/rust-toolchain@stable	2026-05-18T17:09:00.3600636Z ^[[36;1mfi^[[0m
Test (windows-latest)	Run dtolnay/rust-toolchain@stable	2026-05-18T17:09:00.3616623Z shell: C:\Program Files\Git\bin\bash.EXE --noprofile --norc -e -o pipefail {0}
Test (windows-latest)	Run dtolnay/rust-toolchain@stable	2026-05-18T17:09:00.3617006Z env:
Test (windows-latest)	Run dtolnay/rust-toolchain@stable	2026-05-18T17:09:00.3617162Z   CARGO_TERM_COLOR: always
Test (windows-latest)	Run dtolnay/rust-toolchain@stable	2026-05-18T17:09:00.3617361Z   RUST_BACKTRACE: 1
Test (windows-latest)	Run dtolnay/rust-toolchain@stable	2026-05-18T17:09:00.3617529Z   RUSTFLAGS: -Dwarnings
Test (windows-latest)	Run dtolnay/rust-toolchain@stable	2026-05-18T17:09:00.3617894Z   CARGO_REGISTRY_TOKEN: ***
Test (windows-latest)	Run dtolnay/rust-toolchain@stable	2026-05-18T17:09:00.3618156Z   CARGO_TOKEN: ***
Test (windows-latest)	Run dtolnay/rust-toolchain@stable	2026-05-18T17:09:00.3618346Z   CARGO_HOME: C:\Users\runneradmin\.cargo
Test (windows-latest)	Run dtolnay/rust-toolchain@stable	2026-05-18T17:09:00.3618584Z ##[endgroup]
Test (windows-latest)	Run dtolnay/rust-toolchain@stable	2026-05-18T17:09:00.4334530Z ##[group]Run rustup toolchain install stable --profile minimal --no-self-update
Test (windows-latest)	Run dtolnay/rust-toolchain@stable	2026-05-18T17:09:00.4335118Z ^[[36;1mrustup toolchain install stable --profile minimal --no-self-update^[[0m
Test (windows-latest)	Run dtolnay/rust-toolchain@stable	2026-05-18T17:09:00.4348364Z shell: C:\Program Files\Git\bin\bash.EXE --noprofile --norc -e -o pipefail {0}
Test (windows-latest)	Run dtolnay/rust-toolchain@stable	2026-05-18T17:09:00.4348742Z env:
Test (windows-latest)	Run dtolnay/rust-toolchain@stable	2026-05-18T17:09:00.4348894Z   CARGO_TERM_COLOR: always
Test (windows-latest)	Run dtolnay/rust-toolchain@stable	2026-05-18T17:09:00.4349119Z   RUST_BACKTRACE: 1
Test (windows-latest)	Run dtolnay/rust-toolchain@stable	2026-05-18T17:09:00.4349295Z   RUSTFLAGS: -Dwarnings
Test (windows-latest)	Run dtolnay/rust-toolchain@stable	2026-05-18T17:09:00.4349661Z   CARGO_REGISTRY_TOKEN: ***
Test (windows-latest)	Run dtolnay/rust-toolchain@stable	2026-05-18T17:09:00.4349917Z   CARGO_TOKEN: ***
Test (windows-latest)	Run dtolnay/rust-toolchain@stable	2026-05-18T17:09:00.4350100Z   CARGO_HOME: C:\Users\runneradmin\.cargo
Test (windows-latest)	Run dtolnay/rust-toolchain@stable	2026-05-18T17:09:00.4350333Z   RUSTUP_PERMIT_COPY_RENAME: 1
Test (windows-latest)	Run dtolnay/rust-toolchain@stable	2026-05-18T17:09:00.4350525Z ##[endgroup]
Test (windows-latest)	Run dtolnay/rust-toolchain@stable	2026-05-18T17:09:10.8948054Z info: syncing channel updates for stable-x86_64-pc-windows-msvc
Test (windows-latest)	Run dtolnay/rust-toolchain@stable	2026-05-18T17:09:11.5413184Z
Test (windows-latest)	Run dtolnay/rust-toolchain@stable	2026-05-18T17:09:11.5695903Z   stable-x86_64-pc-windows-msvc unchanged - rustc 1.95.0 (59807616e 2026-04-14)
Test (windows-latest)	Run dtolnay/rust-toolchain@stable	2026-05-18T17:09:11.5697990Z
Test (windows-latest)	Run dtolnay/rust-toolchain@stable	2026-05-18T17:09:11.6006732Z ##[group]Run rustup default stable
Test (windows-latest)	Run dtolnay/rust-toolchain@stable	2026-05-18T17:09:11.6007017Z ^[[36;1mrustup default stable^[[0m
Test (windows-latest)	Run dtolnay/rust-toolchain@stable	2026-05-18T17:09:11.6020368Z shell: C:\Program Files\Git\bin\bash.EXE --noprofile --norc -e -o pipefail {0}
Test (windows-latest)	Run dtolnay/rust-toolchain@stable	2026-05-18T17:09:11.6020745Z env:
Test (windows-latest)	Run dtolnay/rust-toolchain@stable	2026-05-18T17:09:11.6020897Z   CARGO_TERM_COLOR: always
Test (windows-latest)	Run dtolnay/rust-toolchain@stable	2026-05-18T17:09:11.6021090Z   RUST_BACKTRACE: 1
Test (windows-latest)	Run dtolnay/rust-toolchain@stable	2026-05-18T17:09:11.6021448Z   RUSTFLAGS: -Dwarnings
Test (windows-latest)	Run dtolnay/rust-toolchain@stable	2026-05-18T17:09:11.6021821Z   CARGO_REGISTRY_TOKEN: ***
Test (windows-latest)	Run dtolnay/rust-toolchain@stable	2026-05-18T17:09:11.6022090Z   CARGO_TOKEN: ***
Test (windows-latest)	Run dtolnay/rust-toolchain@stable	2026-05-18T17:09:11.6022271Z   CARGO_HOME: C:\Users\runneradmin\.cargo
Test (windows-latest)	Run dtolnay/rust-toolchain@stable	2026-05-18T17:09:11.6022509Z ##[endgroup]
Test (windows-latest)	Run dtolnay/rust-toolchain@stable	2026-05-18T17:09:11.6813970Z info: using existing install for stable-x86_64-pc-windows-msvc
Test (windows-latest)	Run dtolnay/rust-toolchain@stable	2026-05-18T17:09:11.7096359Z info: default toolchain set to stable-x86_64-pc-windows-msvc
Test (windows-latest)	Run dtolnay/rust-toolchain@stable	2026-05-18T17:09:11.7096730Z
Test (windows-latest)	Run dtolnay/rust-toolchain@stable	2026-05-18T17:09:11.7315325Z   stable-x86_64-pc-windows-msvc unchanged - rustc 1.95.0 (59807616e 2026-04-14)
Test (windows-latest)	Run dtolnay/rust-toolchain@stable	2026-05-18T17:09:11.7315712Z
Test (windows-latest)	Run dtolnay/rust-toolchain@stable	2026-05-18T17:09:11.8323033Z ##[group]Run : create cachekey
Test (windows-latest)	Run dtolnay/rust-toolchain@stable	2026-05-18T17:09:11.8323288Z ^[[36;1m: create cachekey^[[0m
Test (windows-latest)	Run dtolnay/rust-toolchain@stable	2026-05-18T17:09:11.8323758Z ^[[36;1mDATE=$(rustc +stable --version --verbose | sed -ne 's/^commit-date: \(20[0-9][0-9]\)-\([01][0-9]\)-\([0-3][0-9]\)$/\1\2\3/p')^[[0m
Test (windows-latest)	Run dtolnay/rust-toolchain@stable	2026-05-18T17:09:11.8324457Z ^[[36;1mHASH=$(rustc +stable --version --verbose | sed -ne 's/^commit-hash: //p')^[[0m
Test (windows-latest)	Run dtolnay/rust-toolchain@stable	2026-05-18T17:09:11.8325667Z ^[[36;1mecho "cachekey=$(echo $DATE$HASH | head -c12)" >> $GITHUB_OUTPUT^[[0m
Test (windows-latest)	Run dtolnay/rust-toolchain@stable	2026-05-18T17:09:11.8338621Z shell: C:\Program Files\Git\bin\bash.EXE --noprofile --norc -e -o pipefail {0}
Test (windows-latest)	Run dtolnay/rust-toolchain@stable	2026-05-18T17:09:11.8339012Z env:
Test (windows-latest)	Run dtolnay/rust-toolchain@stable	2026-05-18T17:09:11.8339162Z   CARGO_TERM_COLOR: always
Test (windows-latest)	Run dtolnay/rust-toolchain@stable	2026-05-18T17:09:11.8339359Z   RUST_BACKTRACE: 1
Test (windows-latest)	Run dtolnay/rust-toolchain@stable	2026-05-18T17:09:11.8339522Z   RUSTFLAGS: -Dwarnings
Test (windows-latest)	Run dtolnay/rust-toolchain@stable	2026-05-18T17:09:11.8340678Z   CARGO_REGISTRY_TOKEN: ***
Test (windows-latest)	Run dtolnay/rust-toolchain@stable	2026-05-18T17:09:11.8340975Z   CARGO_TOKEN: ***
Test (windows-latest)	Run dtolnay/rust-toolchain@stable	2026-05-18T17:09:11.8341161Z   CARGO_HOME: C:\Users\runneradmin\.cargo
Test (windows-latest)	Run dtolnay/rust-toolchain@stable	2026-05-18T17:09:11.8341388Z ##[endgroup]
Test (windows-latest)	Run dtolnay/rust-toolchain@stable	2026-05-18T17:09:13.2036566Z ##[group]Run : disable incremental compilation
Test (windows-latest)	Run dtolnay/rust-toolchain@stable	2026-05-18T17:09:13.2036902Z ^[[36;1m: disable incremental compilation^[[0m
Test (windows-latest)	Run dtolnay/rust-toolchain@stable	2026-05-18T17:09:13.2037184Z ^[[36;1mif [ -z "${CARGO_INCREMENTAL+set}" ]; then^[[0m
Test (windows-latest)	Run dtolnay/rust-toolchain@stable	2026-05-18T17:09:13.2037478Z ^[[36;1m  echo CARGO_INCREMENTAL=0 >> $GITHUB_ENV^[[0m
Test (windows-latest)	Run dtolnay/rust-toolchain@stable	2026-05-18T17:09:13.2037719Z ^[[36;1mfi^[[0m
Test (windows-latest)	Run dtolnay/rust-toolchain@stable	2026-05-18T17:09:13.2049560Z shell: C:\Program Files\Git\bin\bash.EXE --noprofile --norc -e -o pipefail {0}
Test (windows-latest)	Run dtolnay/rust-toolchain@stable	2026-05-18T17:09:13.2049922Z env:
Test (windows-latest)	Run dtolnay/rust-toolchain@stable	2026-05-18T17:09:13.2050068Z   CARGO_TERM_COLOR: always
Test (windows-latest)	Run dtolnay/rust-toolchain@stable	2026-05-18T17:09:13.2050258Z   RUST_BACKTRACE: 1
Test (windows-latest)	Run dtolnay/rust-toolchain@stable	2026-05-18T17:09:13.2050425Z   RUSTFLAGS: -Dwarnings
Test (windows-latest)	Run dtolnay/rust-toolchain@stable	2026-05-18T17:09:13.2050917Z   CARGO_REGISTRY_TOKEN: ***
Test (windows-latest)	Run dtolnay/rust-toolchain@stable	2026-05-18T17:09:13.2051189Z   CARGO_TOKEN: ***
Test (windows-latest)	Run dtolnay/rust-toolchain@stable	2026-05-18T17:09:13.2051372Z   CARGO_HOME: C:\Users\runneradmin\.cargo
Test (windows-latest)	Run dtolnay/rust-toolchain@stable	2026-05-18T17:09:13.2051609Z ##[endgroup]
Test (windows-latest)	Run dtolnay/rust-toolchain@stable	2026-05-18T17:09:13.2558786Z ##[group]Run : enable colors in Cargo output
Test (windows-latest)	Run dtolnay/rust-toolchain@stable	2026-05-18T17:09:13.2576852Z ^[[36;1m: enable colors in Cargo output^[[0m
Test (windows-latest)	Run dtolnay/rust-toolchain@stable	2026-05-18T17:09:13.2577216Z ^[[36;1mif [ -z "${CARGO_TERM_COLOR+set}" ]; then^[[0m
Test (windows-latest)	Run dtolnay/rust-toolchain@stable	2026-05-18T17:09:13.2577532Z ^[[36;1m  echo CARGO_TERM_COLOR=always >> $GITHUB_ENV^[[0m
Test (windows-latest)	Run dtolnay/rust-toolchain@stable	2026-05-18T17:09:13.2577789Z ^[[36;1mfi^[[0m
Test (windows-latest)	Run dtolnay/rust-toolchain@stable	2026-05-18T17:09:13.2591318Z shell: C:\Program Files\Git\bin\bash.EXE --noprofile --norc -e -o pipefail {0}
Test (windows-latest)	Run dtolnay/rust-toolchain@stable	2026-05-18T17:09:13.2591689Z env:
Test (windows-latest)	Run dtolnay/rust-toolchain@stable	2026-05-18T17:09:13.2591865Z   CARGO_TERM_COLOR: always
Test (windows-latest)	Run dtolnay/rust-toolchain@stable	2026-05-18T17:09:13.2592059Z   RUST_BACKTRACE: 1
Test (windows-latest)	Run dtolnay/rust-toolchain@stable	2026-05-18T17:09:13.2592224Z   RUSTFLAGS: -Dwarnings
Test (windows-latest)	Run dtolnay/rust-toolchain@stable	2026-05-18T17:09:13.2592584Z   CARGO_REGISTRY_TOKEN: ***
Test (windows-latest)	Run dtolnay/rust-toolchain@stable	2026-05-18T17:09:13.2592859Z   CARGO_TOKEN: ***
Test (windows-latest)	Run dtolnay/rust-toolchain@stable	2026-05-18T17:09:13.2593034Z   CARGO_HOME: C:\Users\runneradmin\.cargo
Test (windows-latest)	Run dtolnay/rust-toolchain@stable	2026-05-18T17:09:13.2593271Z   CARGO_INCREMENTAL: 0
Test (windows-latest)	Run dtolnay/rust-toolchain@stable	2026-05-18T17:09:13.2593442Z ##[endgroup]
Test (windows-latest)	Run dtolnay/rust-toolchain@stable	2026-05-18T17:09:13.3104463Z ##[group]Run : enable Cargo sparse registry
Test (windows-latest)	Run dtolnay/rust-toolchain@stable	2026-05-18T17:09:13.3104773Z ^[[36;1m: enable Cargo sparse registry^[[0m
Test (windows-latest)	Run dtolnay/rust-toolchain@stable	2026-05-18T17:09:13.3105098Z ^[[36;1m# implemented in 1.66, stabilized in 1.68, made default in 1.70^[[0m
Test (windows-latest)	Run dtolnay/rust-toolchain@stable	2026-05-18T17:09:13.3105714Z ^[[36;1mif [ -z "${CARGO_REGISTRIES_CRATES_IO_PROTOCOL+set}" -o -f "D:\a\_temp"/.implicit_cargo_registries_crates_io_protocol ]; then^[[0m
Test (windows-latest)	Run dtolnay/rust-toolchain@stable	2026-05-18T17:09:13.3106643Z ^[[36;1m  if rustc +stable --version --verbose | grep -q '^release: 1\.6[89]\.'; then^[[0m
Test (windows-latest)	Run dtolnay/rust-toolchain@stable	2026-05-18T17:09:13.3107131Z ^[[36;1m    touch "D:\a\_temp"/.implicit_cargo_registries_crates_io_protocol || true^[[0m
Test (windows-latest)	Run dtolnay/rust-toolchain@stable	2026-05-18T17:09:13.3108400Z ^[[36;1m    echo CARGO_REGISTRIES_CRATES_IO_PROTOCOL=sparse >> $GITHUB_ENV^[[0m
Test (windows-latest)	Run dtolnay/rust-toolchain@stable	2026-05-18T17:09:13.3108876Z ^[[36;1m  elif rustc +stable --version --verbose | grep -q '^release: 1\.6[67]\.'; then^[[0m
Test (windows-latest)	Run dtolnay/rust-toolchain@stable	2026-05-18T17:09:13.3109368Z ^[[36;1m    touch "D:\a\_temp"/.implicit_cargo_registries_crates_io_protocol || true^[[0m
Test (windows-latest)	Run dtolnay/rust-toolchain@stable	2026-05-18T17:09:13.3109813Z ^[[36;1m    echo CARGO_REGISTRIES_CRATES_IO_PROTOCOL=git >> $GITHUB_ENV^[[0m
Test (windows-latest)	Run dtolnay/rust-toolchain@stable	2026-05-18T17:09:13.3110115Z ^[[36;1m  fi^[[0m
Test (windows-latest)	Run dtolnay/rust-toolchain@stable	2026-05-18T17:09:13.3110255Z ^[[36;1mfi^[[0m
Test (windows-latest)	Run dtolnay/rust-toolchain@stable	2026-05-18T17:09:13.3127580Z shell: C:\Program Files\Git\bin\bash.EXE --noprofile --norc -e -o pipefail {0}
Test (windows-latest)	Run dtolnay/rust-toolchain@stable	2026-05-18T17:09:13.3127997Z env:
Test (windows-latest)	Run dtolnay/rust-toolchain@stable	2026-05-18T17:09:13.3128158Z   CARGO_TERM_COLOR: always
Test (windows-latest)	Run dtolnay/rust-toolchain@stable	2026-05-18T17:09:13.3128352Z   RUST_BACKTRACE: 1
Test (windows-latest)	Run dtolnay/rust-toolchain@stable	2026-05-18T17:09:13.3128514Z   RUSTFLAGS: -Dwarnings
Test (windows-latest)	Run dtolnay/rust-toolchain@stable	2026-05-18T17:09:13.3128869Z   CARGO_REGISTRY_TOKEN: ***
Test (windows-latest)	Run dtolnay/rust-toolchain@stable	2026-05-18T17:09:13.3129134Z   CARGO_TOKEN: ***
Test (windows-latest)	Run dtolnay/rust-toolchain@stable	2026-05-18T17:09:13.3129518Z   CARGO_HOME: C:\Users\runneradmin\.cargo
Test (windows-latest)	Run dtolnay/rust-toolchain@stable	2026-05-18T17:09:13.3129753Z   CARGO_INCREMENTAL: 0
Test (windows-latest)	Run dtolnay/rust-toolchain@stable	2026-05-18T17:09:13.3129926Z ##[endgroup]
Test (windows-latest)	Run dtolnay/rust-toolchain@stable	2026-05-18T17:09:13.5194333Z ##[group]Run : work around spurious network errors in curl 8.0
Test (windows-latest)	Run dtolnay/rust-toolchain@stable	2026-05-18T17:09:13.5194744Z ^[[36;1m: work around spurious network errors in curl 8.0^[[0m
Test (windows-latest)	Run dtolnay/rust-toolchain@stable	2026-05-18T17:09:13.5195254Z ^[[36;1m# https://rust-lang.zulipchat.com/#narrow/stream/246057-t-cargo/topic/timeout.20investigation^[[0m
Test (windows-latest)	Run dtolnay/rust-toolchain@stable	2026-05-18T17:09:13.5195891Z ^[[36;1mif rustc +stable --version --verbose | grep -q '^release: 1\.7[01]\.'; then^[[0m
Test (windows-latest)	Run dtolnay/rust-toolchain@stable	2026-05-18T17:09:13.5196334Z ^[[36;1m  echo CARGO_HTTP_MULTIPLEXING=false >> $GITHUB_ENV^[[0m
Test (windows-latest)	Run dtolnay/rust-toolchain@stable	2026-05-18T17:09:13.5196606Z ^[[36;1mfi^[[0m
Test (windows-latest)	Run dtolnay/rust-toolchain@stable	2026-05-18T17:09:13.5208003Z shell: C:\Program Files\Git\bin\bash.EXE --noprofile --norc -e -o pipefail {0}
Test (windows-latest)	Run dtolnay/rust-toolchain@stable	2026-05-18T17:09:13.5208373Z env:
Test (windows-latest)	Run dtolnay/rust-toolchain@stable	2026-05-18T17:09:13.5208526Z   CARGO_TERM_COLOR: always
Test (windows-latest)	Run dtolnay/rust-toolchain@stable	2026-05-18T17:09:13.5208715Z   RUST_BACKTRACE: 1
Test (windows-latest)	Run dtolnay/rust-toolchain@stable	2026-05-18T17:09:13.5208889Z   RUSTFLAGS: -Dwarnings
Test (windows-latest)	Run dtolnay/rust-toolchain@stable	2026-05-18T17:09:13.5209277Z   CARGO_REGISTRY_TOKEN: ***
Test (windows-latest)	Run dtolnay/rust-toolchain@stable	2026-05-18T17:09:13.5209532Z   CARGO_TOKEN: ***
Test (windows-latest)	Run dtolnay/rust-toolchain@stable	2026-05-18T17:09:13.5209714Z   CARGO_HOME: C:\Users\runneradmin\.cargo
Test (windows-latest)	Run dtolnay/rust-toolchain@stable	2026-05-18T17:09:13.5209945Z   CARGO_INCREMENTAL: 0
Test (windows-latest)	Run dtolnay/rust-toolchain@stable	2026-05-18T17:09:13.5210129Z ##[endgroup]
Test (windows-latest)	Run dtolnay/rust-toolchain@stable	2026-05-18T17:09:13.6491239Z ##[group]Run rustc +stable --version --verbose
Test (windows-latest)	Run dtolnay/rust-toolchain@stable	2026-05-18T17:09:13.6491561Z ^[[36;1mrustc +stable --version --verbose^[[0m
Test (windows-latest)	Run dtolnay/rust-toolchain@stable	2026-05-18T17:09:13.6502844Z shell: C:\Program Files\Git\bin\bash.EXE --noprofile --norc -e -o pipefail {0}
Test (windows-latest)	Run dtolnay/rust-toolchain@stable	2026-05-18T17:09:13.6503221Z env:
Test (windows-latest)	Run dtolnay/rust-toolchain@stable	2026-05-18T17:09:13.6503378Z   CARGO_TERM_COLOR: always
Test (windows-latest)	Run dtolnay/rust-toolchain@stable	2026-05-18T17:09:13.6503574Z   RUST_BACKTRACE: 1
Test (windows-latest)	Run dtolnay/rust-toolchain@stable	2026-05-18T17:09:13.6503737Z   RUSTFLAGS: -Dwarnings
Test (windows-latest)	Run dtolnay/rust-toolchain@stable	2026-05-18T17:09:13.6504091Z   CARGO_REGISTRY_TOKEN: ***
Test (windows-latest)	Run dtolnay/rust-toolchain@stable	2026-05-18T17:09:13.6504341Z   CARGO_TOKEN: ***
Test (windows-latest)	Run dtolnay/rust-toolchain@stable	2026-05-18T17:09:13.6504514Z   CARGO_HOME: C:\Users\runneradmin\.cargo
Test (windows-latest)	Run dtolnay/rust-toolchain@stable	2026-05-18T17:09:13.6504748Z   CARGO_INCREMENTAL: 0
Test (windows-latest)	Run dtolnay/rust-toolchain@stable	2026-05-18T17:09:13.6504914Z ##[endgroup]
Test (windows-latest)	Run dtolnay/rust-toolchain@stable	2026-05-18T17:09:13.7323218Z rustc 1.95.0 (59807616e 2026-04-14)
Test (windows-latest)	Run dtolnay/rust-toolchain@stable	2026-05-18T17:09:13.7323738Z binary: rustc
Test (windows-latest)	Run dtolnay/rust-toolchain@stable	2026-05-18T17:09:13.7324503Z commit-hash: 59807616e1fa2540724bfbac14d7976d7e4a3860
Test (windows-latest)	Run dtolnay/rust-toolchain@stable	2026-05-18T17:09:13.7325053Z commit-date: 2026-04-14
Test (windows-latest)	Run dtolnay/rust-toolchain@stable	2026-05-18T17:09:13.7325463Z host: x86_64-pc-windows-msvc
Test (windows-latest)	Run dtolnay/rust-toolchain@stable	2026-05-18T17:09:13.7325843Z release: 1.95.0
Test (windows-latest)	Run dtolnay/rust-toolchain@stable	2026-05-18T17:09:13.7326283Z LLVM version: 22.1.2
Test (windows-latest)	Run Swatinem/rust-cache@v2	﻿2026-05-18T17:09:13.7651093Z ##[group]Run Swatinem/rust-cache@v2
Test (windows-latest)	Run Swatinem/rust-cache@v2	2026-05-18T17:09:13.7651401Z with:
Test (windows-latest)	Run Swatinem/rust-cache@v2	2026-05-18T17:09:13.7651555Z   workspaces: rust
Test (windows-latest)	Run Swatinem/rust-cache@v2	2026-05-18T17:09:13.7651734Z   prefix-key: v0-rust
Test (windows-latest)	Run Swatinem/rust-cache@v2	2026-05-18T17:09:13.7651913Z   add-job-id-key: true
Test (windows-latest)	Run Swatinem/rust-cache@v2	2026-05-18T17:09:13.7652109Z   add-rust-environment-hash-key: true
Test (windows-latest)	Run Swatinem/rust-cache@v2	2026-05-18T17:09:13.7652338Z   cache-targets: true
Test (windows-latest)	Run Swatinem/rust-cache@v2	2026-05-18T17:09:13.7652509Z   cache-all-crates: false
Test (windows-latest)	Run Swatinem/rust-cache@v2	2026-05-18T17:09:13.7652705Z   cache-workspace-crates: false
Test (windows-latest)	Run Swatinem/rust-cache@v2	2026-05-18T17:09:13.7652903Z   save-if: true
Test (windows-latest)	Run Swatinem/rust-cache@v2	2026-05-18T17:09:13.7653061Z   cache-provider: github
Test (windows-latest)	Run Swatinem/rust-cache@v2	2026-05-18T17:09:13.7653245Z   cache-bin: true
Test (windows-latest)	Run Swatinem/rust-cache@v2	2026-05-18T17:09:13.7653603Z   lookup-only: false
Test (windows-latest)	Run Swatinem/rust-cache@v2	2026-05-18T17:09:13.7653767Z   cmd-format: {0}
Test (windows-latest)	Run Swatinem/rust-cache@v2	2026-05-18T17:09:13.7653924Z env:
Test (windows-latest)	Run Swatinem/rust-cache@v2	2026-05-18T17:09:13.7654060Z   CARGO_TERM_COLOR: always
Test (windows-latest)	Run Swatinem/rust-cache@v2	2026-05-18T17:09:13.7654247Z   RUST_BACKTRACE: 1
Test (windows-latest)	Run Swatinem/rust-cache@v2	2026-05-18T17:09:13.7654412Z   RUSTFLAGS: -Dwarnings
Test (windows-latest)	Run Swatinem/rust-cache@v2	2026-05-18T17:09:13.7654796Z   CARGO_REGISTRY_TOKEN: ***
Test (windows-latest)	Run Swatinem/rust-cache@v2	2026-05-18T17:09:13.7655054Z   CARGO_TOKEN: ***
Test (windows-latest)	Run Swatinem/rust-cache@v2	2026-05-18T17:09:13.7655270Z   CARGO_HOME: C:\Users\runneradmin\.cargo
Test (windows-latest)	Run Swatinem/rust-cache@v2	2026-05-18T17:09:13.7655499Z   CARGO_INCREMENTAL: 0
Test (windows-latest)	Run Swatinem/rust-cache@v2	2026-05-18T17:09:13.7655661Z ##[endgroup]
Test (windows-latest)	Run Swatinem/rust-cache@v2	2026-05-18T17:09:14.1050914Z (node:1672) [DEP0040] DeprecationWarning: The `punycode` module is deprecated. Please use a userland alternative instead.
Test (windows-latest)	Run Swatinem/rust-cache@v2	2026-05-18T17:09:14.1051885Z (Use `node --trace-deprecation ...` to show where the warning was created)
Test (windows-latest)	Run Swatinem/rust-cache@v2	2026-05-18T17:09:18.5730876Z ##[group]Cache Configuration
Test (windows-latest)	Run Swatinem/rust-cache@v2	2026-05-18T17:09:18.5731332Z Cache Provider:
Test (windows-latest)	Run Swatinem/rust-cache@v2	2026-05-18T17:09:18.5731617Z     github
Test (windows-latest)	Run Swatinem/rust-cache@v2	2026-05-18T17:09:18.5731834Z Workspaces:
Test (windows-latest)	Run Swatinem/rust-cache@v2	2026-05-18T17:09:18.5732172Z     D:\a\lino-i18n\lino-i18n\rust
Test (windows-latest)	Run Swatinem/rust-cache@v2	2026-05-18T17:09:18.5732532Z Cache Paths:
Test (windows-latest)	Run Swatinem/rust-cache@v2	2026-05-18T17:09:18.5733016Z     C:\Users\runneradmin\.cargo\bin
Test (windows-latest)	Run Swatinem/rust-cache@v2	2026-05-18T17:09:18.5733417Z     C:\Users\runneradmin\.cargo\.crates.toml
Test (windows-latest)	Run Swatinem/rust-cache@v2	2026-05-18T17:09:18.5733813Z     C:\Users\runneradmin\.cargo\.crates2.json
Test (windows-latest)	Run Swatinem/rust-cache@v2	2026-05-18T17:09:18.5734260Z     C:\Users\runneradmin\.cargo\registry
Test (windows-latest)	Run Swatinem/rust-cache@v2	2026-05-18T17:09:18.5734667Z     C:\Users\runneradmin\.cargo\git
Test (windows-latest)	Run Swatinem/rust-cache@v2	2026-05-18T17:09:18.5735072Z     D:\a\lino-i18n\lino-i18n\rust\target
Test (windows-latest)	Run Swatinem/rust-cache@v2	2026-05-18T17:09:18.5735423Z Restore Key:
Test (windows-latest)	Run Swatinem/rust-cache@v2	2026-05-18T17:09:18.5735683Z     v0-rust-test-Windows_NT-x64-7460ca64
Test (windows-latest)	Run Swatinem/rust-cache@v2	2026-05-18T17:09:18.5736065Z Cache Key:
Test (windows-latest)	Run Swatinem/rust-cache@v2	2026-05-18T17:09:18.5736374Z     v0-rust-test-Windows_NT-x64-7460ca64-31365a33
Test (windows-latest)	Run Swatinem/rust-cache@v2	2026-05-18T17:09:18.5736798Z .. Prefix:
Test (windows-latest)	Run Swatinem/rust-cache@v2	2026-05-18T17:09:18.5737085Z   - v0-rust-test-Windows_NT-x64
Test (windows-latest)	Run Swatinem/rust-cache@v2	2026-05-18T17:09:18.5737443Z .. Environment considered:
Test (windows-latest)	Run Swatinem/rust-cache@v2	2026-05-18T17:09:18.5738047Z   - Rust Versions:
Test (windows-latest)	Run Swatinem/rust-cache@v2	2026-05-18T17:09:18.5738542Z     - 1.95.0 x86_64-pc-windows-msvc 59807616e1fa2540724bfbac14d7976d7e4a3860
Test (windows-latest)	Run Swatinem/rust-cache@v2	2026-05-18T17:09:18.5739311Z     - 1.95.0 x86_64-pc-windows-msvc 59807616e1fa2540724bfbac14d7976d7e4a3860
Test (windows-latest)	Run Swatinem/rust-cache@v2	2026-05-18T17:09:18.5739848Z   - CARGO_HOME
Test (windows-latest)	Run Swatinem/rust-cache@v2	2026-05-18T17:09:18.5740111Z   - CARGO_INCREMENTAL
Test (windows-latest)	Run Swatinem/rust-cache@v2	2026-05-18T17:09:18.5740425Z   - CARGO_REGISTRY_TOKEN
Test (windows-latest)	Run Swatinem/rust-cache@v2	2026-05-18T17:09:18.5740748Z   - CARGO_TERM_COLOR
Test (windows-latest)	Run Swatinem/rust-cache@v2	2026-05-18T17:09:18.5741026Z   - CARGO_TOKEN
Test (windows-latest)	Run Swatinem/rust-cache@v2	2026-05-18T17:09:18.5741304Z   - RUST_BACKTRACE
Test (windows-latest)	Run Swatinem/rust-cache@v2	2026-05-18T17:09:18.5741574Z   - RUSTFLAGS
Test (windows-latest)	Run Swatinem/rust-cache@v2	2026-05-18T17:09:18.5741842Z .. Lockfiles considered:
Test (windows-latest)	Run Swatinem/rust-cache@v2	2026-05-18T17:09:18.5742214Z   - D:\a\lino-i18n\lino-i18n\rust\Cargo.lock
Test (windows-latest)	Run Swatinem/rust-cache@v2	2026-05-18T17:09:18.5742740Z   - D:\a\lino-i18n\lino-i18n\rust\lino-i18n-macros\Cargo.toml
Test (windows-latest)	Run Swatinem/rust-cache@v2	2026-05-18T17:09:18.5743326Z   - D:\a\lino-i18n\lino-i18n\rust\lino-i18n\Cargo.toml
Test (windows-latest)	Run Swatinem/rust-cache@v2	2026-05-18T17:09:18.5744001Z ##[endgroup]
Test (windows-latest)	Run Swatinem/rust-cache@v2	2026-05-18T17:09:18.5744165Z
Test (windows-latest)	Run Swatinem/rust-cache@v2	2026-05-18T17:09:18.5744283Z ... Restoring cache ...
Test (windows-latest)	Run Swatinem/rust-cache@v2	2026-05-18T17:09:18.8581454Z Cache hit for restore-key: v0-rust-test-Windows_NT-x64-7460ca64-d2ed2b7f
Test (windows-latest)	Run Swatinem/rust-cache@v2	2026-05-18T17:09:19.1457856Z Received 10691006 of 10691006 (100.0%), 43.9 MBs/sec
Test (windows-latest)	Run Swatinem/rust-cache@v2	2026-05-18T17:09:19.1459434Z Cache Size: ~10 MB (10691006 B)
Test (windows-latest)	Run Swatinem/rust-cache@v2	2026-05-18T17:09:19.1487002Z [command]"C:\Program Files\Git\usr\bin\tar.exe" -xf D:/a/_temp/ed8cad53-d335-48be-afbc-60d8eae38ae4/cache.tzst -P -C D:/a/lino-i18n/lino-i18n --force-local --use-compress-program "zstd -d"
Test (windows-latest)	Run Swatinem/rust-cache@v2	2026-05-18T17:09:19.3819182Z Cache restored successfully
Test (windows-latest)	Run Swatinem/rust-cache@v2	2026-05-18T17:09:19.3831315Z Restored from cache key "v0-rust-test-Windows_NT-x64-7460ca64-d2ed2b7f" full match: false.
Test (windows-latest)	Run cargo build --manifest-path rust/Cargo.toml --all-targets	﻿2026-05-18T17:09:19.4217228Z ##[group]Run cargo build --manifest-path rust/Cargo.toml --all-targets
Test (windows-latest)	Run cargo build --manifest-path rust/Cargo.toml --all-targets	2026-05-18T17:09:19.4218045Z ^[[36;1mcargo build --manifest-path rust/Cargo.toml --all-targets^[[0m
Test (windows-latest)	Run cargo build --manifest-path rust/Cargo.toml --all-targets	2026-05-18T17:09:19.4344998Z shell: C:\Program Files\PowerShell\7\pwsh.EXE -command ". '{0}'"
Test (windows-latest)	Run cargo build --manifest-path rust/Cargo.toml --all-targets	2026-05-18T17:09:19.4345335Z env:
Test (windows-latest)	Run cargo build --manifest-path rust/Cargo.toml --all-targets	2026-05-18T17:09:19.4345489Z   CARGO_TERM_COLOR: always
Test (windows-latest)	Run cargo build --manifest-path rust/Cargo.toml --all-targets	2026-05-18T17:09:19.4345691Z   RUST_BACKTRACE: 1
Test (windows-latest)	Run cargo build --manifest-path rust/Cargo.toml --all-targets	2026-05-18T17:09:19.4346049Z   RUSTFLAGS: -Dwarnings
Test (windows-latest)	Run cargo build --manifest-path rust/Cargo.toml --all-targets	2026-05-18T17:09:19.4346442Z   CARGO_REGISTRY_TOKEN: ***
Test (windows-latest)	Run cargo build --manifest-path rust/Cargo.toml --all-targets	2026-05-18T17:09:19.4346729Z   CARGO_TOKEN: ***
Test (windows-latest)	Run cargo build --manifest-path rust/Cargo.toml --all-targets	2026-05-18T17:09:19.4346919Z   CARGO_HOME: C:\Users\runneradmin\.cargo
Test (windows-latest)	Run cargo build --manifest-path rust/Cargo.toml --all-targets	2026-05-18T17:09:19.4347152Z   CARGO_INCREMENTAL: 0
Test (windows-latest)	Run cargo build --manifest-path rust/Cargo.toml --all-targets	2026-05-18T17:09:19.4347336Z   CACHE_ON_FAILURE: false
Test (windows-latest)	Run cargo build --manifest-path rust/Cargo.toml --all-targets	2026-05-18T17:09:19.4347511Z ##[endgroup]
Test (windows-latest)	Run cargo build --manifest-path rust/Cargo.toml --all-targets	2026-05-18T17:09:31.9949732Z ^[[1m^[[92m    Updating^[[0m crates.io index
Test (windows-latest)	Run cargo build --manifest-path rust/Cargo.toml --all-targets	2026-05-18T17:09:32.8061777Z ^[[1m^[[92m   Compiling^[[0m lino-i18n-macros v0.0.1 (D:\a\lino-i18n\lino-i18n\rust\lino-i18n-macros)
Test (windows-latest)	Run cargo build --manifest-path rust/Cargo.toml --all-targets	2026-05-18T17:09:51.8461969Z ^[[1m^[[92m   Compiling^[[0m lino-i18n v0.0.1 (D:\a\lino-i18n\lino-i18n\rust\lino-i18n)
Test (windows-latest)	Run cargo build --manifest-path rust/Cargo.toml --all-targets	2026-05-18T17:09:55.0198958Z ^[[1m^[[92m    Finished^[[0m `dev` profile [unoptimized + debuginfo] target(s) in 25.68s
Test (windows-latest)	Run cargo test --manifest-path rust/Cargo.toml --all-targets	﻿2026-05-18T17:09:55.8682403Z ##[group]Run cargo test --manifest-path rust/Cargo.toml --all-targets
Test (windows-latest)	Run cargo test --manifest-path rust/Cargo.toml --all-targets	2026-05-18T17:09:55.8683079Z ^[[36;1mcargo test --manifest-path rust/Cargo.toml --all-targets^[[0m
Test (windows-latest)	Run cargo test --manifest-path rust/Cargo.toml --all-targets	2026-05-18T17:09:55.8740396Z shell: C:\Program Files\PowerShell\7\pwsh.EXE -command ". '{0}'"
Test (windows-latest)	Run cargo test --manifest-path rust/Cargo.toml --all-targets	2026-05-18T17:09:55.8740724Z env:
Test (windows-latest)	Run cargo test --manifest-path rust/Cargo.toml --all-targets	2026-05-18T17:09:55.8740887Z   CARGO_TERM_COLOR: always
Test (windows-latest)	Run cargo test --manifest-path rust/Cargo.toml --all-targets	2026-05-18T17:09:55.8741085Z   RUST_BACKTRACE: 1
Test (windows-latest)	Run cargo test --manifest-path rust/Cargo.toml --all-targets	2026-05-18T17:09:55.8741266Z   RUSTFLAGS: -Dwarnings
Test (windows-latest)	Run cargo test --manifest-path rust/Cargo.toml --all-targets	2026-05-18T17:09:55.8741619Z   CARGO_REGISTRY_TOKEN: ***
Test (windows-latest)	Run cargo test --manifest-path rust/Cargo.toml --all-targets	2026-05-18T17:09:55.8741888Z   CARGO_TOKEN: ***
Test (windows-latest)	Run cargo test --manifest-path rust/Cargo.toml --all-targets	2026-05-18T17:09:55.8742075Z   CARGO_HOME: C:\Users\runneradmin\.cargo
Test (windows-latest)	Run cargo test --manifest-path rust/Cargo.toml --all-targets	2026-05-18T17:09:55.8742742Z   CARGO_INCREMENTAL: 0
Test (windows-latest)	Run cargo test --manifest-path rust/Cargo.toml --all-targets	2026-05-18T17:09:55.8742981Z   CACHE_ON_FAILURE: false
Test (windows-latest)	Run cargo test --manifest-path rust/Cargo.toml --all-targets	2026-05-18T17:09:55.8743168Z ##[endgroup]
Test (windows-latest)	Run cargo test --manifest-path rust/Cargo.toml --all-targets	2026-05-18T17:09:56.2487511Z ^[[1m^[[92m   Compiling^[[0m lino-i18n-macros v0.0.1 (D:\a\lino-i18n\lino-i18n\rust\lino-i18n-macros)
Test (windows-latest)	Run cargo test --manifest-path rust/Cargo.toml --all-targets	2026-05-18T17:09:56.5850572Z ^[[1m^[[92m   Compiling^[[0m lino-i18n v0.0.1 (D:\a\lino-i18n\lino-i18n\rust\lino-i18n)
Test (windows-latest)	Run cargo test --manifest-path rust/Cargo.toml --all-targets	2026-05-18T17:09:58.3968291Z ^[[1m^[[92m    Finished^[[0m `test` profile [unoptimized + debuginfo] target(s) in 2.19s
Test (windows-latest)	Run cargo test --manifest-path rust/Cargo.toml --all-targets	2026-05-18T17:09:58.3987672Z ^[[1m^[[92m     Running^[[0m unittests src\lib.rs (rust\target\debug\deps\lino_i18n-d8c462a6e97c6a62.exe)
Test (windows-latest)	Run cargo test --manifest-path rust/Cargo.toml --all-targets	2026-05-18T17:09:58.4095604Z
Test (windows-latest)	Run cargo test --manifest-path rust/Cargo.toml --all-targets	2026-05-18T17:09:58.4095902Z running 29 tests
Test (windows-latest)	Run cargo test --manifest-path rust/Cargo.toml --all-targets	2026-05-18T17:09:58.4111092Z test format::tests::missing_value_left_untouched ... ok
Test (windows-latest)	Run cargo test --manifest-path rust/Cargo.toml --all-targets	2026-05-18T17:09:58.4112546Z test format::tests::double_braces ... ok
Test (windows-latest)	Run cargo test --manifest-path rust/Cargo.toml --all-targets	2026-05-18T17:09:58.4113083Z test format::tests::preserves_multibyte_text ... ok
Test (windows-latest)	Run cargo test --manifest-path rust/Cargo.toml --all-targets	2026-05-18T17:09:58.4114434Z test format::tests::dotted_names_supported ... ok
Test (windows-latest)	Run cargo test --manifest-path rust/Cargo.toml --all-targets	2026-05-18T17:09:58.4114941Z test format::tests::single_braces ... ok
Test (windows-latest)	Run cargo test --manifest-path rust/Cargo.toml --all-targets	2026-05-18T17:09:58.4115757Z test format::tests::whitespace_inside_braces ... ok
Test (windows-latest)	Run cargo test --manifest-path rust/Cargo.toml --all-targets	2026-05-18T17:09:58.4116560Z test i18n::tests::context_suffix ... ok
Test (windows-latest)	Run cargo test --manifest-path rust/Cargo.toml --all-targets	2026-05-18T17:09:58.4117355Z test i18n::tests::default_value_used_when_missing ... ok
Test (windows-latest)	Run cargo test --manifest-path rust/Cargo.toml --all-targets	2026-05-18T17:09:58.4119235Z test i18n::tests::fallback_chain ... ok
Test (windows-latest)	Run cargo test --manifest-path rust/Cargo.toml --all-targets	2026-05-18T17:09:58.4120356Z test i18n::tests::compatibility_aliases_resolve_migrated_deep_keys ... ok
Test (windows-latest)	Run cargo test --manifest-path rust/Cargo.toml --all-targets	2026-05-18T17:09:58.4121116Z test i18n::tests::interpolates ... ok
Test (windows-latest)	Run cargo test --manifest-path rust/Cargo.toml --all-targets	2026-05-18T17:09:58.4122339Z test i18n::tests::missing_key_handler ... ok
Test (windows-latest)	Run cargo test --manifest-path rust/Cargo.toml --all-targets	2026-05-18T17:09:58.4123816Z test i18n::tests::plurals_in_english ... ok
Test (windows-latest)	Run cargo test --manifest-path rust/Cargo.toml --all-targets	2026-05-18T17:09:58.4124998Z test i18n::tests::plurals_in_russian ... ok
Test (windows-latest)	Run cargo test --manifest-path rust/Cargo.toml --all-targets	2026-05-18T17:09:58.4126267Z test i18n::tests::resolves_label_aliases_while_explicit_keys_win ... ok
Test (windows-latest)	Run cargo test --manifest-path rust/Cargo.toml --all-targets	2026-05-18T17:09:58.4128569Z test loader::tests::expands_compatibility_aliases_without_overwriting_explicit_keys ... ok
Test (windows-latest)	Run cargo test --manifest-path rust/Cargo.toml --all-targets	2026-05-18T17:09:58.4129599Z test loader::tests::label_aliases_preserve_selector_suffix_groups ... ok
Test (windows-latest)	Run cargo test --manifest-path rust/Cargo.toml --all-targets	2026-05-18T17:09:58.4130457Z test loader::tests::format_preserves_scalar_parent_translations_as_labels ... ok
Test (windows-latest)	Run cargo test --manifest-path rust/Cargo.toml --all-targets	2026-05-18T17:09:58.4131392Z test loader::tests::parse_aliases_nested_label_children_to_their_parent_key ... ok
Test (windows-latest)	Run cargo test --manifest-path rust/Cargo.toml --all-targets	2026-05-18T17:09:58.4132735Z test loader::tests::parses_bundled_multi_locale_file ... ok
Test (windows-latest)	Run cargo test --manifest-path rust/Cargo.toml --all-targets	2026-05-18T17:09:58.4133366Z test loader::tests::parses_nested_catalogue ... ok
Test (windows-latest)	Run cargo test --manifest-path rust/Cargo.toml --all-targets	2026-05-18T17:09:58.4135375Z test loader::tests::parses_simple_catalogue ... ok
Test (windows-latest)	Run cargo test --manifest-path rust/Cargo.toml --all-targets	2026-05-18T17:09:58.4136494Z test loader::tests::round_trips ... ok
Test (windows-latest)	Run cargo test --manifest-path rust/Cargo.toml --all-targets	2026-05-18T17:09:58.4137478Z test plurals::tests::arabic ... ok
Test (windows-latest)	Run cargo test --manifest-path rust/Cargo.toml --all-targets	2026-05-18T17:09:58.4138440Z test plurals::tests::english ... ok
Test (windows-latest)	Run cargo test --manifest-path rust/Cargo.toml --all-targets	2026-05-18T17:09:58.4140846Z test plurals::tests::french_zero_is_one ... ok
Test (windows-latest)	Run cargo test --manifest-path rust/Cargo.toml --all-targets	2026-05-18T17:09:58.4142233Z test plurals::tests::japanese_has_one_form ... ok
Test (windows-latest)	Run cargo test --manifest-path rust/Cargo.toml --all-targets	2026-05-18T17:09:58.4142796Z test plurals::tests::polish ... ok
Test (windows-latest)	Run cargo test --manifest-path rust/Cargo.toml --all-targets	2026-05-18T17:09:58.4143236Z test plurals::tests::russian ... ok
Test (windows-latest)	Run cargo test --manifest-path rust/Cargo.toml --all-targets	2026-05-18T17:09:58.4143414Z
Test (windows-latest)	Run cargo test --manifest-path rust/Cargo.toml --all-targets	2026-05-18T17:09:58.4143648Z test result: ok. 29 passed; 0 failed; 0 ignored; 0 measured; 0 filtered out; finished in 0.00s
Test (windows-latest)	Run cargo test --manifest-path rust/Cargo.toml --all-targets	2026-05-18T17:09:58.4143975Z
Test (windows-latest)	Run cargo test --manifest-path rust/Cargo.toml --all-targets	2026-05-18T17:09:58.4161844Z ^[[1m^[[92m     Running^[[0m tests\integration.rs (rust\target\debug\deps\integration-96a71729f164200c.exe)
Test (windows-latest)	Run cargo test --manifest-path rust/Cargo.toml --all-targets	2026-05-18T17:09:58.4351120Z
Test (windows-latest)	Run cargo test --manifest-path rust/Cargo.toml --all-targets	2026-05-18T17:09:58.4351546Z running 9 tests
Test (windows-latest)	Run cargo test --manifest-path rust/Cargo.toml --all-targets	2026-05-18T17:09:58.4360035Z test fallback_chain_picks_first_available ... ok
Test (windows-latest)	Run cargo test --manifest-path rust/Cargo.toml --all-targets	2026-05-18T17:09:58.4368380Z test macro_loads_translations ... ok
Test (windows-latest)	Run cargo test --manifest-path rust/Cargo.toml --all-targets	2026-05-18T17:09:58.4371774Z test macro_accepts_compatibility_alias_options ... ok
Test (windows-latest)	Run cargo test --manifest-path rust/Cargo.toml --all-targets	2026-05-18T17:09:58.4372711Z test macro_supports_locale_override_and_plurals ... ok
Test (windows-latest)	Run cargo test --manifest-path rust/Cargo.toml --all-targets	2026-05-18T17:09:58.4376511Z test namespaces_and_context_resolve ... ok
Test (windows-latest)	Run cargo test --manifest-path rust/Cargo.toml --all-targets	2026-05-18T17:09:58.4377762Z test parser_flattens_hive_mind_style_deep_multiline_catalogues ... ok
Test (windows-latest)	Run cargo test --manifest-path rust/Cargo.toml --all-targets	2026-05-18T17:09:58.4381372Z test deeply_nested_sample_catalogues_resolve ... ok
Test (windows-latest)	Run cargo test --manifest-path rust/Cargo.toml --all-targets	2026-05-18T17:09:58.4381925Z test loader_and_macro_agree_on_keys ... ok
Test (windows-latest)	Run cargo test --manifest-path rust/Cargo.toml --all-targets	2026-05-18T17:09:58.4388456Z test runtime_loads_bundled_locale_file ... ok
Test (windows-latest)	Run cargo test --manifest-path rust/Cargo.toml --all-targets	2026-05-18T17:09:58.4388863Z
Test (windows-latest)	Run cargo test --manifest-path rust/Cargo.toml --all-targets	2026-05-18T17:09:58.4389259Z test result: ok. 9 passed; 0 failed; 0 ignored; 0 measured; 0 filtered out; finished in 0.00s
Test (windows-latest)	Run cargo test --manifest-path rust/Cargo.toml --all-targets	2026-05-18T17:09:58.4389616Z
Test (windows-latest)	Run cargo test --manifest-path rust/Cargo.toml --all-targets	2026-05-18T17:09:58.4407026Z ^[[1m^[[92m     Running^[[0m unittests examples\basic.rs (rust\target\debug\examples\basic-20286469f48deabe.exe)
Test (windows-latest)	Run cargo test --manifest-path rust/Cargo.toml --all-targets	2026-05-18T17:09:58.4504409Z
Test (windows-latest)	Run cargo test --manifest-path rust/Cargo.toml --all-targets	2026-05-18T17:09:58.4504832Z running 0 tests
Test (windows-latest)	Run cargo test --manifest-path rust/Cargo.toml --all-targets	2026-05-18T17:09:58.4507483Z
Test (windows-latest)	Run cargo test --manifest-path rust/Cargo.toml --all-targets	2026-05-18T17:09:58.4508273Z test result: ok. 0 passed; 0 failed; 0 ignored; 0 measured; 0 filtered out; finished in 0.00s
Test (windows-latest)	Run cargo test --manifest-path rust/Cargo.toml --all-targets	2026-05-18T17:09:58.4508884Z
Test (windows-latest)	Run cargo test --manifest-path rust/Cargo.toml --all-targets	2026-05-18T17:09:58.4521972Z ^[[1m^[[92m     Running^[[0m unittests src\lib.rs (rust\target\debug\deps\lino_i18n_macros-f48c22ea10035585.exe)
Test (windows-latest)	Run cargo test --manifest-path rust/Cargo.toml --all-targets	2026-05-18T17:09:58.5902028Z
Test (windows-latest)	Run cargo test --manifest-path rust/Cargo.toml --all-targets	2026-05-18T17:09:58.5902413Z running 0 tests
Test (windows-latest)	Run cargo test --manifest-path rust/Cargo.toml --all-targets	2026-05-18T17:09:58.5902649Z
Test (windows-latest)	Run cargo test --manifest-path rust/Cargo.toml --all-targets	2026-05-18T17:09:58.5907317Z test result: ok. 0 passed; 0 failed; 0 ignored; 0 measured; 0 filtered out; finished in 0.02s
Test (windows-latest)	Run cargo test --manifest-path rust/Cargo.toml --all-targets	2026-05-18T17:09:58.5907789Z
Test (windows-latest)	Run cargo run --manifest-path rust/lino-i18n/Cargo.toml --example basic	﻿2026-05-18T17:09:58.7372135Z ##[group]Run cargo run --manifest-path rust/lino-i18n/Cargo.toml --example basic
Test (windows-latest)	Run cargo run --manifest-path rust/lino-i18n/Cargo.toml --example basic	2026-05-18T17:09:58.7372771Z ^[[36;1mcargo run --manifest-path rust/lino-i18n/Cargo.toml --example basic^[[0m
Test (windows-latest)	Run cargo run --manifest-path rust/lino-i18n/Cargo.toml --example basic	2026-05-18T17:09:58.7432539Z shell: C:\Program Files\PowerShell\7\pwsh.EXE -command ". '{0}'"
Test (windows-latest)	Run cargo run --manifest-path rust/lino-i18n/Cargo.toml --example basic	2026-05-18T17:09:58.7432881Z env:
Test (windows-latest)	Run cargo run --manifest-path rust/lino-i18n/Cargo.toml --example basic	2026-05-18T17:09:58.7433048Z   CARGO_TERM_COLOR: always
Test (windows-latest)	Run cargo run --manifest-path rust/lino-i18n/Cargo.toml --example basic	2026-05-18T17:09:58.7433240Z   RUST_BACKTRACE: 1
Test (windows-latest)	Run cargo run --manifest-path rust/lino-i18n/Cargo.toml --example basic	2026-05-18T17:09:58.7433433Z   RUSTFLAGS: -Dwarnings
Test (windows-latest)	Run cargo run --manifest-path rust/lino-i18n/Cargo.toml --example basic	2026-05-18T17:09:58.7433770Z   CARGO_REGISTRY_TOKEN: ***
Test (windows-latest)	Run cargo run --manifest-path rust/lino-i18n/Cargo.toml --example basic	2026-05-18T17:09:58.7434039Z   CARGO_TOKEN: ***
Test (windows-latest)	Run cargo run --manifest-path rust/lino-i18n/Cargo.toml --example basic	2026-05-18T17:09:58.7434231Z   CARGO_HOME: C:\Users\runneradmin\.cargo
Test (windows-latest)	Run cargo run --manifest-path rust/lino-i18n/Cargo.toml --example basic	2026-05-18T17:09:58.7434467Z   CARGO_INCREMENTAL: 0
Test (windows-latest)	Run cargo run --manifest-path rust/lino-i18n/Cargo.toml --example basic	2026-05-18T17:09:58.7434657Z   CACHE_ON_FAILURE: false
Test (windows-latest)	Run cargo run --manifest-path rust/lino-i18n/Cargo.toml --example basic	2026-05-18T17:09:58.7434842Z ##[endgroup]
Test (windows-latest)	Run cargo run --manifest-path rust/lino-i18n/Cargo.toml --example basic	2026-05-18T17:09:59.1288118Z ^[[1m^[[92m   Compiling^[[0m lino-i18n v0.0.1 (D:\a\lino-i18n\lino-i18n\rust\lino-i18n)
Test (windows-latest)	Run cargo run --manifest-path rust/lino-i18n/Cargo.toml --example basic	2026-05-18T17:09:59.4110380Z ^[[1m^[[92m    Finished^[[0m `dev` profile [unoptimized + debuginfo] target(s) in 0.32s
Test (windows-latest)	Run cargo run --manifest-path rust/lino-i18n/Cargo.toml --example basic	2026-05-18T17:09:59.4123143Z ^[[1m^[[92m     Running^[[0m `rust\target\debug\examples\basic.exe`
Test (windows-latest)	Run cargo run --manifest-path rust/lino-i18n/Cargo.toml --example basic	2026-05-18T17:09:59.4224014Z Hello, Alice!
Test (windows-latest)	Run cargo run --manifest-path rust/lino-i18n/Cargo.toml --example basic	2026-05-18T17:09:59.4224361Z Your cart is empty
Test (windows-latest)	Run cargo run --manifest-path rust/lino-i18n/Cargo.toml --example basic	2026-05-18T17:09:59.4224673Z 1 item
Test (windows-latest)	Run cargo run --manifest-path rust/lino-i18n/Cargo.toml --example basic	2026-05-18T17:09:59.4224934Z 5 items
Test (windows-latest)	Run cargo run --manifest-path rust/lino-i18n/Cargo.toml --example basic	2026-05-18T17:09:59.4225394Z Keep each language in its own block, nest related messages together,
Test (windows-latest)	Run cargo run --manifest-path rust/lino-i18n/Cargo.toml --example basic	2026-05-18T17:09:59.4226059Z and still resolve the same runtime keys.
Test (windows-latest)	Run cargo run --manifest-path rust/lino-i18n/Cargo.toml --example basic	2026-05-18T17:09:59.4227933Z Привет, Алиса!
Test (windows-latest)	Run cargo run --manifest-path rust/lino-i18n/Cargo.toml --example basic	2026-05-18T17:09:59.4228457Z 3 товара
Test (windows-latest)	Run cargo run --manifest-path rust/lino-i18n/Cargo.toml --example basic	2026-05-18T17:09:59.4228678Z Home
Test (windows-latest)	Run cargo run --manifest-path rust/lino-i18n/Cargo.toml --example basic	2026-05-18T17:09:59.4228913Z She is a developer
Test (windows-latest)	Post Run Swatinem/rust-cache@v2	﻿2026-05-18T17:09:59.5523255Z Post job cleanup.
Test (windows-latest)	Post Run Swatinem/rust-cache@v2	2026-05-18T17:09:59.9064785Z ##[group]Cache Configuration
Test (windows-latest)	Post Run Swatinem/rust-cache@v2	2026-05-18T17:09:59.9067635Z Cache Provider:
Test (windows-latest)	Post Run Swatinem/rust-cache@v2	2026-05-18T17:09:59.9068365Z     github
Test (windows-latest)	Post Run Swatinem/rust-cache@v2	2026-05-18T17:09:59.9068706Z Workspaces:
Test (windows-latest)	Post Run Swatinem/rust-cache@v2	2026-05-18T17:09:59.9069029Z     D:\a\lino-i18n\lino-i18n\rust
Test (windows-latest)	Post Run Swatinem/rust-cache@v2	2026-05-18T17:09:59.9069547Z Cache Paths:
Test (windows-latest)	Post Run Swatinem/rust-cache@v2	2026-05-18T17:09:59.9069889Z     C:\Users\runneradmin\.cargo\bin
Test (windows-latest)	Post Run Swatinem/rust-cache@v2	2026-05-18T17:09:59.9070430Z     C:\Users\runneradmin\.cargo\.crates.toml
Test (windows-latest)	Post Run Swatinem/rust-cache@v2	2026-05-18T17:09:59.9071007Z     C:\Users\runneradmin\.cargo\.crates2.json
Test (windows-latest)	Post Run Swatinem/rust-cache@v2	2026-05-18T17:09:59.9071634Z     C:\Users\runneradmin\.cargo\registry
Test (windows-latest)	Post Run Swatinem/rust-cache@v2	2026-05-18T17:09:59.9072339Z     C:\Users\runneradmin\.cargo\git
Test (windows-latest)	Post Run Swatinem/rust-cache@v2	2026-05-18T17:09:59.9072900Z     D:\a\lino-i18n\lino-i18n\rust\target
Test (windows-latest)	Post Run Swatinem/rust-cache@v2	2026-05-18T17:09:59.9073397Z Restore Key:
Test (windows-latest)	Post Run Swatinem/rust-cache@v2	2026-05-18T17:09:59.9073809Z     v0-rust-test-Windows_NT-x64-7460ca64
Test (windows-latest)	Post Run Swatinem/rust-cache@v2	2026-05-18T17:09:59.9074336Z Cache Key:
Test (windows-latest)	Post Run Swatinem/rust-cache@v2	2026-05-18T17:09:59.9074794Z     v0-rust-test-Windows_NT-x64-7460ca64-31365a33
Test (windows-latest)	Post Run Swatinem/rust-cache@v2	2026-05-18T17:09:59.9075293Z .. Prefix:
Test (windows-latest)	Post Run Swatinem/rust-cache@v2	2026-05-18T17:09:59.9075707Z   - v0-rust-test-Windows_NT-x64
Test (windows-latest)	Post Run Swatinem/rust-cache@v2	2026-05-18T17:09:59.9076185Z .. Environment considered:
Test (windows-latest)	Post Run Swatinem/rust-cache@v2	2026-05-18T17:09:59.9076655Z   - Rust Versions:
Test (windows-latest)	Post Run Swatinem/rust-cache@v2	2026-05-18T17:09:59.9077239Z     - 1.95.0 x86_64-pc-windows-msvc 59807616e1fa2540724bfbac14d7976d7e4a3860
Test (windows-latest)	Post Run Swatinem/rust-cache@v2	2026-05-18T17:09:59.9078100Z     - 1.95.0 x86_64-pc-windows-msvc 59807616e1fa2540724bfbac14d7976d7e4a3860
Test (windows-latest)	Post Run Swatinem/rust-cache@v2	2026-05-18T17:09:59.9078885Z   - CARGO_HOME
Test (windows-latest)	Post Run Swatinem/rust-cache@v2	2026-05-18T17:09:59.9079251Z   - CARGO_INCREMENTAL
Test (windows-latest)	Post Run Swatinem/rust-cache@v2	2026-05-18T17:09:59.9079622Z   - CARGO_REGISTRY_TOKEN
Test (windows-latest)	Post Run Swatinem/rust-cache@v2	2026-05-18T17:09:59.9080051Z   - CARGO_TERM_COLOR
Test (windows-latest)	Post Run Swatinem/rust-cache@v2	2026-05-18T17:09:59.9080455Z   - CARGO_TOKEN
Test (windows-latest)	Post Run Swatinem/rust-cache@v2	2026-05-18T17:09:59.9080831Z   - RUST_BACKTRACE
Test (windows-latest)	Post Run Swatinem/rust-cache@v2	2026-05-18T17:09:59.9081150Z   - RUSTFLAGS
Test (windows-latest)	Post Run Swatinem/rust-cache@v2	2026-05-18T17:09:59.9081426Z .. Lockfiles considered:
Test (windows-latest)	Post Run Swatinem/rust-cache@v2	2026-05-18T17:09:59.9081848Z   - D:\a\lino-i18n\lino-i18n\rust\Cargo.lock
Test (windows-latest)	Post Run Swatinem/rust-cache@v2	2026-05-18T17:09:59.9082393Z   - D:\a\lino-i18n\lino-i18n\rust\lino-i18n-macros\Cargo.toml
Test (windows-latest)	Post Run Swatinem/rust-cache@v2	2026-05-18T17:09:59.9083019Z   - D:\a\lino-i18n\lino-i18n\rust\lino-i18n\Cargo.toml
Test (windows-latest)	Post Run Swatinem/rust-cache@v2	2026-05-18T17:09:59.9083870Z ##[endgroup]
Test (windows-latest)	Post Run Swatinem/rust-cache@v2	2026-05-18T17:09:59.9084038Z
Test (windows-latest)	Post Run Swatinem/rust-cache@v2	2026-05-18T17:09:59.9121031Z (node:5664) [DEP0040] DeprecationWarning: The `punycode` module is deprecated. Please use a userland alternative instead.
Test (windows-latest)	Post Run Swatinem/rust-cache@v2	2026-05-18T17:09:59.9122372Z (Use `node --trace-deprecation ...` to show where the warning was created)
Test (windows-latest)	Post Run Swatinem/rust-cache@v2	2026-05-18T17:10:00.1213715Z ... Cleaning D:\a\lino-i18n\lino-i18n\rust\target ...
Test (windows-latest)	Post Run Swatinem/rust-cache@v2	2026-05-18T17:10:00.1612328Z ... Cleaning cargo registry (cache-all-crates: false) ...
Test (windows-latest)	Post Run Swatinem/rust-cache@v2	2026-05-18T17:10:00.2479049Z ... Cleaning cargo/bin ...
Test (windows-latest)	Post Run Swatinem/rust-cache@v2	2026-05-18T17:10:00.2547308Z ... Cleaning cargo git cache ...
Test (windows-latest)	Post Run Swatinem/rust-cache@v2	2026-05-18T17:10:00.2551893Z ... Saving cache ...
Test (windows-latest)	Post Run Swatinem/rust-cache@v2	2026-05-18T17:10:00.3549710Z [command]"C:\Program Files\Git\usr\bin\tar.exe" --posix -cf cache.tzst --exclude cache.tzst -P -C D:/a/lino-i18n/lino-i18n --files-from manifest.txt --force-local --use-compress-program "zstd -T0"
Test (windows-latest)	Post Run Swatinem/rust-cache@v2	2026-05-18T17:10:00.9472346Z Sent 10690863 of 10690863 (100.0%), 35.2 MBs/sec
Test (windows-latest)	Post Run actions/checkout@v6	﻿2026-05-18T17:10:01.0678519Z Post job cleanup.
Test (windows-latest)	Post Run actions/checkout@v6	2026-05-18T17:10:01.2589246Z [command]"C:\Program Files\Git\bin\git.exe" version
Test (windows-latest)	Post Run actions/checkout@v6	2026-05-18T17:10:01.2879021Z git version 2.54.0.windows.1
Test (windows-latest)	Post Run actions/checkout@v6	2026-05-18T17:10:01.2958678Z Temporarily overriding HOME='D:\a\_temp\40b7d1d3-717d-40a0-928a-11607f6a1a04' before making global git config changes
Test (windows-latest)	Post Run actions/checkout@v6	2026-05-18T17:10:01.2959936Z Adding repository directory to the temporary git global config as a safe directory
Test (windows-latest)	Post Run actions/checkout@v6	2026-05-18T17:10:01.2971455Z [command]"C:\Program Files\Git\bin\git.exe" config --global --add safe.directory D:\a\lino-i18n\lino-i18n
Test (windows-latest)	Post Run actions/checkout@v6	2026-05-18T17:10:01.3332720Z Removing SSH command configuration
Test (windows-latest)	Post Run actions/checkout@v6	2026-05-18T17:10:01.3350715Z [command]"C:\Program Files\Git\bin\git.exe" config --local --name-only --get-regexp core\.sshCommand
Test (windows-latest)	Post Run actions/checkout@v6	2026-05-18T17:10:01.3710335Z [command]"C:\Program Files\Git\bin\git.exe" submodule foreach --recursive "sh -c \"git config --local --name-only --get-regexp 'core\.sshCommand' && git config --local --unset-all 'core.sshCommand' || :\""
Test (windows-latest)	Post Run actions/checkout@v6	2026-05-18T17:10:01.9233620Z Removing HTTP extra header
Test (windows-latest)	Post Run actions/checkout@v6	2026-05-18T17:10:01.9244189Z [command]"C:\Program Files\Git\bin\git.exe" config --local --name-only --get-regexp http\.https\:\/\/github\.com\/\.extraheader
Test (windows-latest)	Post Run actions/checkout@v6	2026-05-18T17:10:01.9559713Z [command]"C:\Program Files\Git\bin\git.exe" submodule foreach --recursive "sh -c \"git config --local --name-only --get-regexp 'http\.https\:\/\/github\.com\/\.extraheader' && git config --local --unset-all 'http.https://github.com/.extraheader' || :\""
Test (windows-latest)	Post Run actions/checkout@v6	2026-05-18T17:10:02.4814530Z Removing includeIf entries pointing to credentials config files
Test (windows-latest)	Post Run actions/checkout@v6	2026-05-18T17:10:02.4826805Z [command]"C:\Program Files\Git\bin\git.exe" config --local --name-only --get-regexp ^includeIf\.gitdir:
Test (windows-latest)	Post Run actions/checkout@v6	2026-05-18T17:10:02.5095201Z includeif.gitdir:D:/a/lino-i18n/lino-i18n/.git.path
Test (windows-latest)	Post Run actions/checkout@v6	2026-05-18T17:10:02.5095993Z includeif.gitdir:D:/a/lino-i18n/lino-i18n/.git/worktrees/*.path
Test (windows-latest)	Post Run actions/checkout@v6	2026-05-18T17:10:02.5096566Z includeif.gitdir:/github/workspace/.git.path
Test (windows-latest)	Post Run actions/checkout@v6	2026-05-18T17:10:02.5109799Z includeif.gitdir:/github/workspace/.git/worktrees/*.path
Test (windows-latest)	Post Run actions/checkout@v6	2026-05-18T17:10:02.5141861Z [command]"C:\Program Files\Git\bin\git.exe" config --local --get-all includeif.gitdir:D:/a/lino-i18n/lino-i18n/.git.path
Test (windows-latest)	Post Run actions/checkout@v6	2026-05-18T17:10:02.5413913Z D:\a\_temp\git-credentials-19e4b6fc-6115-4a7b-a972-a34311926e65.config
Test (windows-latest)	Post Run actions/checkout@v6	2026-05-18T17:10:02.5460351Z [command]"C:\Program Files\Git\bin\git.exe" config --local --unset includeif.gitdir:D:/a/lino-i18n/lino-i18n/.git.path D:\a\_temp\git-credentials-19e4b6fc-6115-4a7b-a972-a34311926e65.config
Test (windows-latest)	Post Run actions/checkout@v6	2026-05-18T17:10:02.5775460Z [command]"C:\Program Files\Git\bin\git.exe" config --local --get-all includeif.gitdir:D:/a/lino-i18n/lino-i18n/.git/worktrees/*.path
Test (windows-latest)	Post Run actions/checkout@v6	2026-05-18T17:10:02.6044019Z D:\a\_temp\git-credentials-19e4b6fc-6115-4a7b-a972-a34311926e65.config
Test (windows-latest)	Post Run actions/checkout@v6	2026-05-18T17:10:02.6086922Z [command]"C:\Program Files\Git\bin\git.exe" config --local --unset includeif.gitdir:D:/a/lino-i18n/lino-i18n/.git/worktrees/*.path D:\a\_temp\git-credentials-19e4b6fc-6115-4a7b-a972-a34311926e65.config
Test (windows-latest)	Post Run actions/checkout@v6	2026-05-18T17:10:02.6399305Z [command]"C:\Program Files\Git\bin\git.exe" config --local --get-all includeif.gitdir:/github/workspace/.git.path
Test (windows-latest)	Post Run actions/checkout@v6	2026-05-18T17:10:02.6713009Z /github/runner_temp/git-credentials-19e4b6fc-6115-4a7b-a972-a34311926e65.config
Test (windows-latest)	Post Run actions/checkout@v6	2026-05-18T17:10:02.6758815Z [command]"C:\Program Files\Git\bin\git.exe" config --local --unset includeif.gitdir:/github/workspace/.git.path /github/runner_temp/git-credentials-19e4b6fc-6115-4a7b-a972-a34311926e65.config
Test (windows-latest)	Post Run actions/checkout@v6	2026-05-18T17:10:02.7073236Z [command]"C:\Program Files\Git\bin\git.exe" config --local --get-all includeif.gitdir:/github/workspace/.git/worktrees/*.path
Test (windows-latest)	Post Run actions/checkout@v6	2026-05-18T17:10:02.7331894Z /github/runner_temp/git-credentials-19e4b6fc-6115-4a7b-a972-a34311926e65.config
Test (windows-latest)	Post Run actions/checkout@v6	2026-05-18T17:10:02.7373424Z [command]"C:\Program Files\Git\bin\git.exe" config --local --unset includeif.gitdir:/github/workspace/.git/worktrees/*.path /github/runner_temp/git-credentials-19e4b6fc-6115-4a7b-a972-a34311926e65.config
Test (windows-latest)	Post Run actions/checkout@v6	2026-05-18T17:10:02.7675958Z [command]"C:\Program Files\Git\bin\git.exe" submodule foreach --recursive "git config --local --show-origin --name-only --get-regexp remote.origin.url"
Test (windows-latest)	Post Run actions/checkout@v6	2026-05-18T17:10:03.3325752Z Removing credentials config 'D:\a\_temp\git-credentials-19e4b6fc-6115-4a7b-a972-a34311926e65.config'
Test (windows-latest)	Complete job	﻿2026-05-18T17:10:03.3524393Z Cleaning up orphan processes
Test (windows-latest)	Complete job	2026-05-18T17:10:03.3676202Z Terminate orphan process: pid (156) (vctip)
Package Dry Run	Set up job	﻿2026-05-18T17:10:24.9461299Z Current runner version: '2.334.0'
Package Dry Run	Set up job	2026-05-18T17:10:24.9488349Z ##[group]Runner Image Provisioner
Package Dry Run	Set up job	2026-05-18T17:10:24.9489264Z Hosted Compute Agent
Package Dry Run	Set up job	2026-05-18T17:10:24.9489774Z Version: 20260213.493
Package Dry Run	Set up job	2026-05-18T17:10:24.9490495Z Commit: 5c115507f6dd24b8de37d8bbe0bb4509d0cc0fa3
Package Dry Run	Set up job	2026-05-18T17:10:24.9491175Z Build Date: 2026-02-13T00:28:41Z
Package Dry Run	Set up job	2026-05-18T17:10:24.9491851Z Worker ID: {490a26b7-4f2c-4be4-902a-2c17e1aa6040}
Package Dry Run	Set up job	2026-05-18T17:10:24.9492651Z Azure Region: westus
Package Dry Run	Set up job	2026-05-18T17:10:24.9493177Z ##[endgroup]
Package Dry Run	Set up job	2026-05-18T17:10:24.9494539Z ##[group]Operating System
Package Dry Run	Set up job	2026-05-18T17:10:24.9495250Z Ubuntu
Package Dry Run	Set up job	2026-05-18T17:10:24.9495705Z 24.04.4
Package Dry Run	Set up job	2026-05-18T17:10:24.9496197Z LTS
Package Dry Run	Set up job	2026-05-18T17:10:24.9496699Z ##[endgroup]
Package Dry Run	Set up job	2026-05-18T17:10:24.9497421Z ##[group]Runner Image
Package Dry Run	Set up job	2026-05-18T17:10:24.9497968Z Image: ubuntu-24.04
Package Dry Run	Set up job	2026-05-18T17:10:24.9498538Z Version: 20260513.135.3
Package Dry Run	Set up job	2026-05-18T17:10:24.9499575Z Included Software: https://github.com/actions/runner-images/blob/ubuntu24/20260513.135/images/ubuntu/Ubuntu2404-Readme.md
Package Dry Run	Set up job	2026-05-18T17:10:24.9501381Z Image Release: https://github.com/actions/runner-images/releases/tag/ubuntu24%2F20260513.135
Package Dry Run	Set up job	2026-05-18T17:10:24.9502317Z ##[endgroup]
Package Dry Run	Set up job	2026-05-18T17:10:24.9504028Z ##[group]GITHUB_TOKEN Permissions
Package Dry Run	Set up job	2026-05-18T17:10:24.9506069Z Contents: write
Package Dry Run	Set up job	2026-05-18T17:10:24.9506647Z Metadata: read
Package Dry Run	Set up job	2026-05-18T17:10:24.9507586Z Pages: write
Package Dry Run	Set up job	2026-05-18T17:10:24.9508088Z PullRequests: write
Package Dry Run	Set up job	2026-05-18T17:10:24.9508607Z ##[endgroup]
Package Dry Run	Set up job	2026-05-18T17:10:24.9510958Z Secret source: Actions
Package Dry Run	Set up job	2026-05-18T17:10:24.9511682Z Prepare workflow directory
Package Dry Run	Set up job	2026-05-18T17:10:25.0120863Z Prepare all required actions
Package Dry Run	Set up job	2026-05-18T17:10:25.0158767Z Getting action download info
Package Dry Run	Set up job	2026-05-18T17:10:25.6282169Z Download action repository 'actions/checkout@v6' (SHA:de0fac2e4500dabe0009e67214ff5f5447ce83dd)
Package Dry Run	Set up job	2026-05-18T17:10:25.7819250Z Download action repository 'dtolnay/rust-toolchain@stable' (SHA:29eef336d9b2848a0b548edc03f92a220660cdb8)
Package Dry Run	Set up job	2026-05-18T17:10:26.0162595Z Download action repository 'Swatinem/rust-cache@v2' (SHA:e18b497796c12c097a38f9edb9d0641fb99eee32)
Package Dry Run	Set up job	2026-05-18T17:10:26.7511685Z Complete job name: Package Dry Run
Package Dry Run	Run actions/checkout@v6	﻿2026-05-18T17:10:26.8228088Z ##[group]Run actions/checkout@v6
Package Dry Run	Run actions/checkout@v6	2026-05-18T17:10:26.8229080Z with:
Package Dry Run	Run actions/checkout@v6	2026-05-18T17:10:26.8229539Z   repository: link-foundation/lino-i18n
Package Dry Run	Run actions/checkout@v6	2026-05-18T17:10:26.8230314Z   token: ***
Package Dry Run	Run actions/checkout@v6	2026-05-18T17:10:26.8230734Z   ssh-strict: true
Package Dry Run	Run actions/checkout@v6	2026-05-18T17:10:26.8231185Z   ssh-user: git
Package Dry Run	Run actions/checkout@v6	2026-05-18T17:10:26.8231617Z   persist-credentials: true
Package Dry Run	Run actions/checkout@v6	2026-05-18T17:10:26.8232102Z   clean: true
Package Dry Run	Run actions/checkout@v6	2026-05-18T17:10:26.8232540Z   sparse-checkout-cone-mode: true
Package Dry Run	Run actions/checkout@v6	2026-05-18T17:10:26.8233053Z   fetch-depth: 1
Package Dry Run	Run actions/checkout@v6	2026-05-18T17:10:26.8233485Z   fetch-tags: false
Package Dry Run	Run actions/checkout@v6	2026-05-18T17:10:26.8233929Z   show-progress: true
Package Dry Run	Run actions/checkout@v6	2026-05-18T17:10:26.8234375Z   lfs: false
Package Dry Run	Run actions/checkout@v6	2026-05-18T17:10:26.8234781Z   submodules: false
Package Dry Run	Run actions/checkout@v6	2026-05-18T17:10:26.8235231Z   set-safe-directory: true
Package Dry Run	Run actions/checkout@v6	2026-05-18T17:10:26.8235990Z env:
Package Dry Run	Run actions/checkout@v6	2026-05-18T17:10:26.8236414Z   CARGO_TERM_COLOR: always
Package Dry Run	Run actions/checkout@v6	2026-05-18T17:10:26.8236899Z   RUST_BACKTRACE: 1
Package Dry Run	Run actions/checkout@v6	2026-05-18T17:10:26.8237574Z   RUSTFLAGS: -Dwarnings
Package Dry Run	Run actions/checkout@v6	2026-05-18T17:10:26.8238281Z   CARGO_REGISTRY_TOKEN: ***
Package Dry Run	Run actions/checkout@v6	2026-05-18T17:10:26.8238887Z   CARGO_TOKEN: ***
Package Dry Run	Run actions/checkout@v6	2026-05-18T17:10:26.8239358Z ##[endgroup]
Package Dry Run	Run actions/checkout@v6	2026-05-18T17:10:26.9270392Z Syncing repository: link-foundation/lino-i18n
Package Dry Run	Run actions/checkout@v6	2026-05-18T17:10:26.9272300Z ##[group]Getting Git version info
Package Dry Run	Run actions/checkout@v6	2026-05-18T17:10:26.9273591Z Working directory is '/home/runner/work/lino-i18n/lino-i18n'
Package Dry Run	Run actions/checkout@v6	2026-05-18T17:10:26.9275543Z [command]/usr/bin/git version
Package Dry Run	Run actions/checkout@v6	2026-05-18T17:10:26.9348141Z git version 2.54.0
Package Dry Run	Run actions/checkout@v6	2026-05-18T17:10:26.9374300Z ##[endgroup]
Package Dry Run	Run actions/checkout@v6	2026-05-18T17:10:26.9391202Z Temporarily overriding HOME='/home/runner/work/_temp/590b39a3-82f0-484e-917e-3c01456a073b' before making global git config changes
Package Dry Run	Run actions/checkout@v6	2026-05-18T17:10:26.9393893Z Adding repository directory to the temporary git global config as a safe directory
Package Dry Run	Run actions/checkout@v6	2026-05-18T17:10:26.9398177Z [command]/usr/bin/git config --global --add safe.directory /home/runner/work/lino-i18n/lino-i18n
Package Dry Run	Run actions/checkout@v6	2026-05-18T17:10:26.9449371Z Deleting the contents of '/home/runner/work/lino-i18n/lino-i18n'
Package Dry Run	Run actions/checkout@v6	2026-05-18T17:10:26.9454487Z ##[group]Initializing the repository
Package Dry Run	Run actions/checkout@v6	2026-05-18T17:10:26.9459995Z [command]/usr/bin/git init /home/runner/work/lino-i18n/lino-i18n
Package Dry Run	Run actions/checkout@v6	2026-05-18T17:10:26.9566779Z hint: Using 'master' as the name for the initial branch. This default branch name
Package Dry Run	Run actions/checkout@v6	2026-05-18T17:10:26.9568321Z hint: will change to "main" in Git 3.0. To configure the initial branch name
Package Dry Run	Run actions/checkout@v6	2026-05-18T17:10:26.9569330Z hint: to use in all of your new repositories, which will suppress this warning,
Package Dry Run	Run actions/checkout@v6	2026-05-18T17:10:26.9570081Z hint: call:
Package Dry Run	Run actions/checkout@v6	2026-05-18T17:10:26.9570474Z hint:
Package Dry Run	Run actions/checkout@v6	2026-05-18T17:10:26.9571005Z hint: 	git config --global init.defaultBranch <name>
Package Dry Run	Run actions/checkout@v6	2026-05-18T17:10:26.9571769Z hint:
Package Dry Run	Run actions/checkout@v6	2026-05-18T17:10:26.9572870Z hint: Names commonly chosen instead of 'master' are 'main', 'trunk' and
Package Dry Run	Run actions/checkout@v6	2026-05-18T17:10:26.9574334Z hint: 'development'. The just-created branch can be renamed via this command:
Package Dry Run	Run actions/checkout@v6	2026-05-18T17:10:26.9575873Z hint:
Package Dry Run	Run actions/checkout@v6	2026-05-18T17:10:26.9576740Z hint: 	git branch -m <name>
Package Dry Run	Run actions/checkout@v6	2026-05-18T17:10:26.9578001Z hint:
Package Dry Run	Run actions/checkout@v6	2026-05-18T17:10:26.9579317Z hint: Disable this message with "git config set advice.defaultBranchName false"
Package Dry Run	Run actions/checkout@v6	2026-05-18T17:10:26.9581425Z Initialized empty Git repository in /home/runner/work/lino-i18n/lino-i18n/.git/
Package Dry Run	Run actions/checkout@v6	2026-05-18T17:10:26.9585713Z [command]/usr/bin/git remote add origin https://github.com/link-foundation/lino-i18n
Package Dry Run	Run actions/checkout@v6	2026-05-18T17:10:26.9628389Z ##[endgroup]
Package Dry Run	Run actions/checkout@v6	2026-05-18T17:10:26.9629774Z ##[group]Disabling automatic garbage collection
Package Dry Run	Run actions/checkout@v6	2026-05-18T17:10:26.9632933Z [command]/usr/bin/git config --local gc.auto 0
Package Dry Run	Run actions/checkout@v6	2026-05-18T17:10:26.9662851Z ##[endgroup]
Package Dry Run	Run actions/checkout@v6	2026-05-18T17:10:26.9664310Z ##[group]Setting up auth
Package Dry Run	Run actions/checkout@v6	2026-05-18T17:10:26.9665406Z Removing SSH command configuration
Package Dry Run	Run actions/checkout@v6	2026-05-18T17:10:26.9671144Z [command]/usr/bin/git config --local --name-only --get-regexp core\.sshCommand
Package Dry Run	Run actions/checkout@v6	2026-05-18T17:10:26.9717840Z [command]/usr/bin/git submodule foreach --recursive sh -c "git config --local --name-only --get-regexp 'core\.sshCommand' && git config --local --unset-all 'core.sshCommand' || :"
Package Dry Run	Run actions/checkout@v6	2026-05-18T17:10:27.0043693Z Removing HTTP extra header
Package Dry Run	Run actions/checkout@v6	2026-05-18T17:10:27.0051100Z [command]/usr/bin/git config --local --name-only --get-regexp http\.https\:\/\/github\.com\/\.extraheader
Package Dry Run	Run actions/checkout@v6	2026-05-18T17:10:27.0086289Z [command]/usr/bin/git submodule foreach --recursive sh -c "git config --local --name-only --get-regexp 'http\.https\:\/\/github\.com\/\.extraheader' && git config --local --unset-all 'http.https://github.com/.extraheader' || :"
Package Dry Run	Run actions/checkout@v6	2026-05-18T17:10:27.0331009Z Removing includeIf entries pointing to credentials config files
Package Dry Run	Run actions/checkout@v6	2026-05-18T17:10:27.0335677Z [command]/usr/bin/git config --local --name-only --get-regexp ^includeIf\.gitdir:
Package Dry Run	Run actions/checkout@v6	2026-05-18T17:10:27.0371363Z [command]/usr/bin/git submodule foreach --recursive git config --local --show-origin --name-only --get-regexp remote.origin.url
Package Dry Run	Run actions/checkout@v6	2026-05-18T17:10:27.0628686Z [command]/usr/bin/git config --file /home/runner/work/_temp/git-credentials-37d638d2-1492-4d34-9529-97b9da6a883f.config http.https://github.com/.extraheader AUTHORIZATION: basic ***
Package Dry Run	Run actions/checkout@v6	2026-05-18T17:10:27.0676648Z [command]/usr/bin/git config --local includeIf.gitdir:/home/runner/work/lino-i18n/lino-i18n/.git.path /home/runner/work/_temp/git-credentials-37d638d2-1492-4d34-9529-97b9da6a883f.config
Package Dry Run	Run actions/checkout@v6	2026-05-18T17:10:27.0712710Z [command]/usr/bin/git config --local includeIf.gitdir:/home/runner/work/lino-i18n/lino-i18n/.git/worktrees/*.path /home/runner/work/_temp/git-credentials-37d638d2-1492-4d34-9529-97b9da6a883f.config
Package Dry Run	Run actions/checkout@v6	2026-05-18T17:10:27.0748717Z [command]/usr/bin/git config --local includeIf.gitdir:/github/workspace/.git.path /github/runner_temp/git-credentials-37d638d2-1492-4d34-9529-97b9da6a883f.config
Package Dry Run	Run actions/checkout@v6	2026-05-18T17:10:27.0779825Z [command]/usr/bin/git config --local includeIf.gitdir:/github/workspace/.git/worktrees/*.path /github/runner_temp/git-credentials-37d638d2-1492-4d34-9529-97b9da6a883f.config
Package Dry Run	Run actions/checkout@v6	2026-05-18T17:10:27.0806105Z ##[endgroup]
Package Dry Run	Run actions/checkout@v6	2026-05-18T17:10:27.0807193Z ##[group]Fetching the repository
Package Dry Run	Run actions/checkout@v6	2026-05-18T17:10:27.0815931Z [command]/usr/bin/git -c protocol.version=2 fetch --no-tags --prune --no-recurse-submodules --depth=1 origin +992b91dd1eeb865ff89d2c130c88ad313a609723:refs/remotes/origin/main
Package Dry Run	Run actions/checkout@v6	2026-05-18T17:10:27.8084526Z From https://github.com/link-foundation/lino-i18n
Package Dry Run	Run actions/checkout@v6	2026-05-18T17:10:27.8086804Z  * [new ref]         992b91dd1eeb865ff89d2c130c88ad313a609723 -> origin/main
Package Dry Run	Run actions/checkout@v6	2026-05-18T17:10:27.8130784Z [command]/usr/bin/git branch --list --remote origin/main
Package Dry Run	Run actions/checkout@v6	2026-05-18T17:10:27.8310690Z   origin/main
Package Dry Run	Run actions/checkout@v6	2026-05-18T17:10:27.8321913Z [command]/usr/bin/git rev-parse refs/remotes/origin/main
Package Dry Run	Run actions/checkout@v6	2026-05-18T17:10:27.8346490Z 992b91dd1eeb865ff89d2c130c88ad313a609723
Package Dry Run	Run actions/checkout@v6	2026-05-18T17:10:27.8352851Z ##[endgroup]
Package Dry Run	Run actions/checkout@v6	2026-05-18T17:10:27.8354766Z ##[group]Determining the checkout info
Package Dry Run	Run actions/checkout@v6	2026-05-18T17:10:27.8356821Z ##[endgroup]
Package Dry Run	Run actions/checkout@v6	2026-05-18T17:10:27.8359183Z [command]/usr/bin/git sparse-checkout disable
Package Dry Run	Run actions/checkout@v6	2026-05-18T17:10:27.8406696Z [command]/usr/bin/git config --local --unset-all extensions.worktreeConfig
Package Dry Run	Run actions/checkout@v6	2026-05-18T17:10:27.8435451Z ##[group]Checking out the ref
Package Dry Run	Run actions/checkout@v6	2026-05-18T17:10:27.8439475Z [command]/usr/bin/git checkout --progress --force -B main refs/remotes/origin/main
Package Dry Run	Run actions/checkout@v6	2026-05-18T17:10:27.9036393Z Switched to a new branch 'main'
Package Dry Run	Run actions/checkout@v6	2026-05-18T17:10:27.9038540Z branch 'main' set up to track 'origin/main'.
Package Dry Run	Run actions/checkout@v6	2026-05-18T17:10:27.9049603Z ##[endgroup]
Package Dry Run	Run actions/checkout@v6	2026-05-18T17:10:27.9096279Z [command]/usr/bin/git log -1 --format=%H
Package Dry Run	Run actions/checkout@v6	2026-05-18T17:10:27.9121610Z 992b91dd1eeb865ff89d2c130c88ad313a609723
Package Dry Run	Run dtolnay/rust-toolchain@stable	﻿2026-05-18T17:10:27.9726918Z ##[group]Run dtolnay/rust-toolchain@stable
Package Dry Run	Run dtolnay/rust-toolchain@stable	2026-05-18T17:10:27.9728336Z with:
Package Dry Run	Run dtolnay/rust-toolchain@stable	2026-05-18T17:10:27.9729140Z   toolchain: stable
Package Dry Run	Run dtolnay/rust-toolchain@stable	2026-05-18T17:10:27.9729998Z env:
Package Dry Run	Run dtolnay/rust-toolchain@stable	2026-05-18T17:10:27.9730795Z   CARGO_TERM_COLOR: always
Package Dry Run	Run dtolnay/rust-toolchain@stable	2026-05-18T17:10:27.9731749Z   RUST_BACKTRACE: 1
Package Dry Run	Run dtolnay/rust-toolchain@stable	2026-05-18T17:10:27.9732639Z   RUSTFLAGS: -Dwarnings
Package Dry Run	Run dtolnay/rust-toolchain@stable	2026-05-18T17:10:27.9734091Z   CARGO_REGISTRY_TOKEN: ***
Package Dry Run	Run dtolnay/rust-toolchain@stable	2026-05-18T17:10:27.9735272Z   CARGO_TOKEN: ***
Package Dry Run	Run dtolnay/rust-toolchain@stable	2026-05-18T17:10:27.9736133Z ##[endgroup]
Package Dry Run	Run dtolnay/rust-toolchain@stable	2026-05-18T17:10:27.9978343Z ##[group]Run : parse toolchain version
Package Dry Run	Run dtolnay/rust-toolchain@stable	2026-05-18T17:10:27.9979622Z ^[[36;1m: parse toolchain version^[[0m
Package Dry Run	Run dtolnay/rust-toolchain@stable	2026-05-18T17:10:27.9980681Z ^[[36;1mif [[ -z $toolchain ]]; then^[[0m
Package Dry Run	Run dtolnay/rust-toolchain@stable	2026-05-18T17:10:27.9982588Z ^[[36;1m  # GitHub does not enforce `required: true` inputs itself. https://github.com/actions/runner/issues/1070^[[0m
Package Dry Run	Run dtolnay/rust-toolchain@stable	2026-05-18T17:10:27.9984617Z ^[[36;1m  echo "'toolchain' is a required input" >&2^[[0m
Package Dry Run	Run dtolnay/rust-toolchain@stable	2026-05-18T17:10:27.9985773Z ^[[36;1m  exit 1^[[0m
Package Dry Run	Run dtolnay/rust-toolchain@stable	2026-05-18T17:10:27.9987337Z ^[[36;1melif [[ $toolchain =~ ^stable' '[0-9]+' '(year|month|week|day)s?' 'ago$ ]]; then^[[0m
Package Dry Run	Run dtolnay/rust-toolchain@stable	2026-05-18T17:10:27.9988968Z ^[[36;1m  if [[ Linux == macOS ]]; then^[[0m
Package Dry Run	Run dtolnay/rust-toolchain@stable	2026-05-18T17:10:27.9990915Z ^[[36;1m    echo "toolchain=1.$((($(date -v-$(sed 's/stable \([0-9]*\) \(.\).*/\1\2/' <<< $toolchain) +%s)/60/60/24-16569)/7/6))" >> $GITHUB_OUTPUT^[[0m
Package Dry Run	Run dtolnay/rust-toolchain@stable	2026-05-18T17:10:27.9992839Z ^[[36;1m  else^[[0m
Package Dry Run	Run dtolnay/rust-toolchain@stable	2026-05-18T17:10:27.9994352Z ^[[36;1m    echo "toolchain=1.$((($(date --date "${toolchain#stable }" +%s)/60/60/24-16569)/7/6))" >> $GITHUB_OUTPUT^[[0m
Package Dry Run	Run dtolnay/rust-toolchain@stable	2026-05-18T17:10:27.9996085Z ^[[36;1m  fi^[[0m
Package Dry Run	Run dtolnay/rust-toolchain@stable	2026-05-18T17:10:27.9997647Z ^[[36;1melif [[ $toolchain =~ ^stable' 'minus' '[0-9]+' 'releases?$ ]]; then^[[0m
Package Dry Run	Run dtolnay/rust-toolchain@stable	2026-05-18T17:10:27.9999656Z ^[[36;1m  echo "toolchain=1.$((($(date +%s)/60/60/24-16569)/7/6-${toolchain//[^0-9]/}))" >> $GITHUB_OUTPUT^[[0m
Package Dry Run	Run dtolnay/rust-toolchain@stable	2026-05-18T17:10:28.0001396Z ^[[36;1melif [[ $toolchain =~ ^1\.[0-9]+$ ]]; then^[[0m
Package Dry Run	Run dtolnay/rust-toolchain@stable	2026-05-18T17:10:28.0003381Z ^[[36;1m  echo "toolchain=1.$((i=${toolchain#1.}, c=($(date +%s)/60/60/24-16569)/7/6, i+9*i*(10*i<=c)+90*i*(100*i<=c)))" >> $GITHUB_OUTPUT^[[0m
Package Dry Run	Run dtolnay/rust-toolchain@stable	2026-05-18T17:10:28.0005274Z ^[[36;1melse^[[0m
Package Dry Run	Run dtolnay/rust-toolchain@stable	2026-05-18T17:10:28.0006215Z ^[[36;1m  echo "toolchain=$toolchain" >> $GITHUB_OUTPUT^[[0m
Package Dry Run	Run dtolnay/rust-toolchain@stable	2026-05-18T17:10:28.0007756Z ^[[36;1mfi^[[0m
Package Dry Run	Run dtolnay/rust-toolchain@stable	2026-05-18T17:10:28.0050521Z shell: /usr/bin/bash --noprofile --norc -e -o pipefail {0}
Package Dry Run	Run dtolnay/rust-toolchain@stable	2026-05-18T17:10:28.0051857Z env:
Package Dry Run	Run dtolnay/rust-toolchain@stable	2026-05-18T17:10:28.0052608Z   CARGO_TERM_COLOR: always
Package Dry Run	Run dtolnay/rust-toolchain@stable	2026-05-18T17:10:28.0053488Z   RUST_BACKTRACE: 1
Package Dry Run	Run dtolnay/rust-toolchain@stable	2026-05-18T17:10:28.0054298Z   RUSTFLAGS: -Dwarnings
Package Dry Run	Run dtolnay/rust-toolchain@stable	2026-05-18T17:10:28.0055557Z   CARGO_REGISTRY_TOKEN: ***
Package Dry Run	Run dtolnay/rust-toolchain@stable	2026-05-18T17:10:28.0056655Z   CARGO_TOKEN: ***
Package Dry Run	Run dtolnay/rust-toolchain@stable	2026-05-18T17:10:28.0057756Z   toolchain: stable
Package Dry Run	Run dtolnay/rust-toolchain@stable	2026-05-18T17:10:28.0058784Z ##[endgroup]
Package Dry Run	Run dtolnay/rust-toolchain@stable	2026-05-18T17:10:28.0238194Z ##[group]Run : construct rustup command line
Package Dry Run	Run dtolnay/rust-toolchain@stable	2026-05-18T17:10:28.0239358Z ^[[36;1m: construct rustup command line^[[0m
Package Dry Run	Run dtolnay/rust-toolchain@stable	2026-05-18T17:10:28.0240978Z ^[[36;1mecho "targets=$(for t in ${targets//,/ }; do echo -n ' --target' $t; done)" >> $GITHUB_OUTPUT^[[0m
Package Dry Run	Run dtolnay/rust-toolchain@stable	2026-05-18T17:10:28.0243285Z ^[[36;1mecho "components=$(for c in ${components//,/ }; do echo -n ' --component' $c; done)" >> $GITHUB_OUTPUT^[[0m
Package Dry Run	Run dtolnay/rust-toolchain@stable	2026-05-18T17:10:28.0245106Z ^[[36;1mecho "downgrade=" >> $GITHUB_OUTPUT^[[0m
Package Dry Run	Run dtolnay/rust-toolchain@stable	2026-05-18T17:10:28.0281216Z shell: /usr/bin/bash --noprofile --norc -e -o pipefail {0}
Package Dry Run	Run dtolnay/rust-toolchain@stable	2026-05-18T17:10:28.0282429Z env:
Package Dry Run	Run dtolnay/rust-toolchain@stable	2026-05-18T17:10:28.0283115Z   CARGO_TERM_COLOR: always
Package Dry Run	Run dtolnay/rust-toolchain@stable	2026-05-18T17:10:28.0283957Z   RUST_BACKTRACE: 1
Package Dry Run	Run dtolnay/rust-toolchain@stable	2026-05-18T17:10:28.0284727Z   RUSTFLAGS: -Dwarnings
Package Dry Run	Run dtolnay/rust-toolchain@stable	2026-05-18T17:10:28.0285898Z   CARGO_REGISTRY_TOKEN: ***
Package Dry Run	Run dtolnay/rust-toolchain@stable	2026-05-18T17:10:28.0286955Z   CARGO_TOKEN: ***
Package Dry Run	Run dtolnay/rust-toolchain@stable	2026-05-18T17:10:28.0287989Z   targets:
Package Dry Run	Run dtolnay/rust-toolchain@stable	2026-05-18T17:10:28.0288693Z   components:
Package Dry Run	Run dtolnay/rust-toolchain@stable	2026-05-18T17:10:28.0289435Z ##[endgroup]
Package Dry Run	Run dtolnay/rust-toolchain@stable	2026-05-18T17:10:28.0415786Z ##[group]Run : set $CARGO_HOME
Package Dry Run	Run dtolnay/rust-toolchain@stable	2026-05-18T17:10:28.0416774Z ^[[36;1m: set $CARGO_HOME^[[0m
Package Dry Run	Run dtolnay/rust-toolchain@stable	2026-05-18T17:10:28.0418282Z ^[[36;1mecho CARGO_HOME=${CARGO_HOME:-"$HOME/.cargo"} >> $GITHUB_ENV^[[0m
Package Dry Run	Run dtolnay/rust-toolchain@stable	2026-05-18T17:10:28.0455861Z shell: /usr/bin/bash --noprofile --norc -e -o pipefail {0}
Package Dry Run	Run dtolnay/rust-toolchain@stable	2026-05-18T17:10:28.0457399Z env:
Package Dry Run	Run dtolnay/rust-toolchain@stable	2026-05-18T17:10:28.0458385Z   CARGO_TERM_COLOR: always
Package Dry Run	Run dtolnay/rust-toolchain@stable	2026-05-18T17:10:28.0459266Z   RUST_BACKTRACE: 1
Package Dry Run	Run dtolnay/rust-toolchain@stable	2026-05-18T17:10:28.0460071Z   RUSTFLAGS: -Dwarnings
Package Dry Run	Run dtolnay/rust-toolchain@stable	2026-05-18T17:10:28.0461315Z   CARGO_REGISTRY_TOKEN: ***
Package Dry Run	Run dtolnay/rust-toolchain@stable	2026-05-18T17:10:28.0462414Z   CARGO_TOKEN: ***
Package Dry Run	Run dtolnay/rust-toolchain@stable	2026-05-18T17:10:28.0463190Z ##[endgroup]
Package Dry Run	Run dtolnay/rust-toolchain@stable	2026-05-18T17:10:28.0590812Z ##[group]Run : install rustup if needed
Package Dry Run	Run dtolnay/rust-toolchain@stable	2026-05-18T17:10:28.0591927Z ^[[36;1m: install rustup if needed^[[0m
Package Dry Run	Run dtolnay/rust-toolchain@stable	2026-05-18T17:10:28.0593045Z ^[[36;1mif ! command -v rustup &>/dev/null; then^[[0m
Package Dry Run	Run dtolnay/rust-toolchain@stable	2026-05-18T17:10:28.0595672Z ^[[36;1m  curl --proto '=https' --tlsv1.2 --retry 10 --retry-connrefused --location --silent --show-error --fail https://sh.rustup.rs | sh -s -- --default-toolchain none -y^[[0m
Package Dry Run	Run dtolnay/rust-toolchain@stable	2026-05-18T17:10:28.0598565Z ^[[36;1m  echo "$CARGO_HOME/bin" >> $GITHUB_PATH^[[0m
Package Dry Run	Run dtolnay/rust-toolchain@stable	2026-05-18T17:10:28.0599658Z ^[[36;1mfi^[[0m
Package Dry Run	Run dtolnay/rust-toolchain@stable	2026-05-18T17:10:28.0638354Z shell: /usr/bin/bash --noprofile --norc -e -o pipefail {0}
Package Dry Run	Run dtolnay/rust-toolchain@stable	2026-05-18T17:10:28.0639577Z env:
Package Dry Run	Run dtolnay/rust-toolchain@stable	2026-05-18T17:10:28.0640283Z   CARGO_TERM_COLOR: always
Package Dry Run	Run dtolnay/rust-toolchain@stable	2026-05-18T17:10:28.0641189Z   RUST_BACKTRACE: 1
Package Dry Run	Run dtolnay/rust-toolchain@stable	2026-05-18T17:10:28.0641985Z   RUSTFLAGS: -Dwarnings
Package Dry Run	Run dtolnay/rust-toolchain@stable	2026-05-18T17:10:28.0643208Z   CARGO_REGISTRY_TOKEN: ***
Package Dry Run	Run dtolnay/rust-toolchain@stable	2026-05-18T17:10:28.0644292Z   CARGO_TOKEN: ***
Package Dry Run	Run dtolnay/rust-toolchain@stable	2026-05-18T17:10:28.0645104Z   CARGO_HOME: /home/runner/.cargo
Package Dry Run	Run dtolnay/rust-toolchain@stable	2026-05-18T17:10:28.0646039Z ##[endgroup]
Package Dry Run	Run dtolnay/rust-toolchain@stable	2026-05-18T17:10:28.0781536Z ##[group]Run rustup toolchain install stable --profile minimal --no-self-update
Package Dry Run	Run dtolnay/rust-toolchain@stable	2026-05-18T17:10:28.0783502Z ^[[36;1mrustup toolchain install stable --profile minimal --no-self-update^[[0m
Package Dry Run	Run dtolnay/rust-toolchain@stable	2026-05-18T17:10:28.0823073Z shell: /usr/bin/bash --noprofile --norc -e -o pipefail {0}
Package Dry Run	Run dtolnay/rust-toolchain@stable	2026-05-18T17:10:28.0824305Z env:
Package Dry Run	Run dtolnay/rust-toolchain@stable	2026-05-18T17:10:28.0825033Z   CARGO_TERM_COLOR: always
Package Dry Run	Run dtolnay/rust-toolchain@stable	2026-05-18T17:10:28.0825909Z   RUST_BACKTRACE: 1
Package Dry Run	Run dtolnay/rust-toolchain@stable	2026-05-18T17:10:28.0826701Z   RUSTFLAGS: -Dwarnings
Package Dry Run	Run dtolnay/rust-toolchain@stable	2026-05-18T17:10:28.0828241Z   CARGO_REGISTRY_TOKEN: ***
Package Dry Run	Run dtolnay/rust-toolchain@stable	2026-05-18T17:10:28.0829374Z   CARGO_TOKEN: ***
Package Dry Run	Run dtolnay/rust-toolchain@stable	2026-05-18T17:10:28.0830217Z   CARGO_HOME: /home/runner/.cargo
Package Dry Run	Run dtolnay/rust-toolchain@stable	2026-05-18T17:10:28.0831194Z   RUSTUP_PERMIT_COPY_RENAME: 1
Package Dry Run	Run dtolnay/rust-toolchain@stable	2026-05-18T17:10:28.0832110Z ##[endgroup]
Package Dry Run	Run dtolnay/rust-toolchain@stable	2026-05-18T17:10:30.8308678Z info: syncing channel updates for stable-x86_64-unknown-linux-gnu
Package Dry Run	Run dtolnay/rust-toolchain@stable	2026-05-18T17:10:31.1137672Z
Package Dry Run	Run dtolnay/rust-toolchain@stable	2026-05-18T17:10:31.1221631Z   stable-x86_64-unknown-linux-gnu unchanged - rustc 1.95.0 (59807616e 2026-04-14)
Package Dry Run	Run dtolnay/rust-toolchain@stable	2026-05-18T17:10:31.1222126Z
Package Dry Run	Run dtolnay/rust-toolchain@stable	2026-05-18T17:10:31.1329378Z ##[group]Run rustup default stable
Package Dry Run	Run dtolnay/rust-toolchain@stable	2026-05-18T17:10:31.1329721Z ^[[36;1mrustup default stable^[[0m
Package Dry Run	Run dtolnay/rust-toolchain@stable	2026-05-18T17:10:31.1363836Z shell: /usr/bin/bash --noprofile --norc -e -o pipefail {0}
Package Dry Run	Run dtolnay/rust-toolchain@stable	2026-05-18T17:10:31.1364215Z env:
Package Dry Run	Run dtolnay/rust-toolchain@stable	2026-05-18T17:10:31.1364428Z   CARGO_TERM_COLOR: always
Package Dry Run	Run dtolnay/rust-toolchain@stable	2026-05-18T17:10:31.1364690Z   RUST_BACKTRACE: 1
Package Dry Run	Run dtolnay/rust-toolchain@stable	2026-05-18T17:10:31.1365096Z   RUSTFLAGS: -Dwarnings
Package Dry Run	Run dtolnay/rust-toolchain@stable	2026-05-18T17:10:31.1365715Z   CARGO_REGISTRY_TOKEN: ***
Package Dry Run	Run dtolnay/rust-toolchain@stable	2026-05-18T17:10:31.1366056Z   CARGO_TOKEN: ***
Package Dry Run	Run dtolnay/rust-toolchain@stable	2026-05-18T17:10:31.1366306Z   CARGO_HOME: /home/runner/.cargo
Package Dry Run	Run dtolnay/rust-toolchain@stable	2026-05-18T17:10:31.1366569Z ##[endgroup]
Package Dry Run	Run dtolnay/rust-toolchain@stable	2026-05-18T17:10:31.1473608Z info: using existing install for stable-x86_64-unknown-linux-gnu
Package Dry Run	Run dtolnay/rust-toolchain@stable	2026-05-18T17:10:31.1482302Z info: default toolchain set to stable-x86_64-unknown-linux-gnu
Package Dry Run	Run dtolnay/rust-toolchain@stable	2026-05-18T17:10:31.1482878Z
Package Dry Run	Run dtolnay/rust-toolchain@stable	2026-05-18T17:10:31.1566851Z   stable-x86_64-unknown-linux-gnu unchanged - rustc 1.95.0 (59807616e 2026-04-14)
Package Dry Run	Run dtolnay/rust-toolchain@stable	2026-05-18T17:10:31.1568120Z
Package Dry Run	Run dtolnay/rust-toolchain@stable	2026-05-18T17:10:31.1609703Z ##[group]Run : create cachekey
Package Dry Run	Run dtolnay/rust-toolchain@stable	2026-05-18T17:10:31.1610029Z ^[[36;1m: create cachekey^[[0m
Package Dry Run	Run dtolnay/rust-toolchain@stable	2026-05-18T17:10:31.1610560Z ^[[36;1mDATE=$(rustc +stable --version --verbose | sed -ne 's/^commit-date: \(20[0-9][0-9]\)-\([01][0-9]\)-\([0-3][0-9]\)$/\1\2\3/p')^[[0m
Package Dry Run	Run dtolnay/rust-toolchain@stable	2026-05-18T17:10:31.1611250Z ^[[36;1mHASH=$(rustc +stable --version --verbose | sed -ne 's/^commit-hash: //p')^[[0m
Package Dry Run	Run dtolnay/rust-toolchain@stable	2026-05-18T17:10:31.1611800Z ^[[36;1mecho "cachekey=$(echo $DATE$HASH | head -c12)" >> $GITHUB_OUTPUT^[[0m
Package Dry Run	Run dtolnay/rust-toolchain@stable	2026-05-18T17:10:31.1646460Z shell: /usr/bin/bash --noprofile --norc -e -o pipefail {0}
Package Dry Run	Run dtolnay/rust-toolchain@stable	2026-05-18T17:10:31.1646845Z env:
Package Dry Run	Run dtolnay/rust-toolchain@stable	2026-05-18T17:10:31.1647345Z   CARGO_TERM_COLOR: always
Package Dry Run	Run dtolnay/rust-toolchain@stable	2026-05-18T17:10:31.1647684Z   RUST_BACKTRACE: 1
Package Dry Run	Run dtolnay/rust-toolchain@stable	2026-05-18T17:10:31.1647958Z   RUSTFLAGS: -Dwarnings
Package Dry Run	Run dtolnay/rust-toolchain@stable	2026-05-18T17:10:31.1648616Z   CARGO_REGISTRY_TOKEN: ***
Package Dry Run	Run dtolnay/rust-toolchain@stable	2026-05-18T17:10:31.1648945Z   CARGO_TOKEN: ***
Package Dry Run	Run dtolnay/rust-toolchain@stable	2026-05-18T17:10:31.1649184Z   CARGO_HOME: /home/runner/.cargo
Package Dry Run	Run dtolnay/rust-toolchain@stable	2026-05-18T17:10:31.1649450Z ##[endgroup]
Package Dry Run	Run dtolnay/rust-toolchain@stable	2026-05-18T17:10:31.2252526Z ##[group]Run : disable incremental compilation
Package Dry Run	Run dtolnay/rust-toolchain@stable	2026-05-18T17:10:31.2252958Z ^[[36;1m: disable incremental compilation^[[0m
Package Dry Run	Run dtolnay/rust-toolchain@stable	2026-05-18T17:10:31.2253326Z ^[[36;1mif [ -z "${CARGO_INCREMENTAL+set}" ]; then^[[0m
Package Dry Run	Run dtolnay/rust-toolchain@stable	2026-05-18T17:10:31.2253690Z ^[[36;1m  echo CARGO_INCREMENTAL=0 >> $GITHUB_ENV^[[0m
Package Dry Run	Run dtolnay/rust-toolchain@stable	2026-05-18T17:10:31.2254002Z ^[[36;1mfi^[[0m
Package Dry Run	Run dtolnay/rust-toolchain@stable	2026-05-18T17:10:31.2288067Z shell: /usr/bin/bash --noprofile --norc -e -o pipefail {0}
Package Dry Run	Run dtolnay/rust-toolchain@stable	2026-05-18T17:10:31.2288474Z env:
Package Dry Run	Run dtolnay/rust-toolchain@stable	2026-05-18T17:10:31.2288695Z   CARGO_TERM_COLOR: always
Package Dry Run	Run dtolnay/rust-toolchain@stable	2026-05-18T17:10:31.2288948Z   RUST_BACKTRACE: 1
Package Dry Run	Run dtolnay/rust-toolchain@stable	2026-05-18T17:10:31.2289180Z   RUSTFLAGS: -Dwarnings
Package Dry Run	Run dtolnay/rust-toolchain@stable	2026-05-18T17:10:31.2289617Z   CARGO_REGISTRY_TOKEN: ***
Package Dry Run	Run dtolnay/rust-toolchain@stable	2026-05-18T17:10:31.2289945Z   CARGO_TOKEN: ***
Package Dry Run	Run dtolnay/rust-toolchain@stable	2026-05-18T17:10:31.2290179Z   CARGO_HOME: /home/runner/.cargo
Package Dry Run	Run dtolnay/rust-toolchain@stable	2026-05-18T17:10:31.2290461Z ##[endgroup]
Package Dry Run	Run dtolnay/rust-toolchain@stable	2026-05-18T17:10:31.2370041Z ##[group]Run : enable colors in Cargo output
Package Dry Run	Run dtolnay/rust-toolchain@stable	2026-05-18T17:10:31.2370410Z ^[[36;1m: enable colors in Cargo output^[[0m
Package Dry Run	Run dtolnay/rust-toolchain@stable	2026-05-18T17:10:31.2370754Z ^[[36;1mif [ -z "${CARGO_TERM_COLOR+set}" ]; then^[[0m
Package Dry Run	Run dtolnay/rust-toolchain@stable	2026-05-18T17:10:31.2371111Z ^[[36;1m  echo CARGO_TERM_COLOR=always >> $GITHUB_ENV^[[0m
Package Dry Run	Run dtolnay/rust-toolchain@stable	2026-05-18T17:10:31.2371422Z ^[[36;1mfi^[[0m
Package Dry Run	Run dtolnay/rust-toolchain@stable	2026-05-18T17:10:31.2403461Z shell: /usr/bin/bash --noprofile --norc -e -o pipefail {0}
Package Dry Run	Run dtolnay/rust-toolchain@stable	2026-05-18T17:10:31.2403832Z env:
Package Dry Run	Run dtolnay/rust-toolchain@stable	2026-05-18T17:10:31.2404054Z   CARGO_TERM_COLOR: always
Package Dry Run	Run dtolnay/rust-toolchain@stable	2026-05-18T17:10:31.2404312Z   RUST_BACKTRACE: 1
Package Dry Run	Run dtolnay/rust-toolchain@stable	2026-05-18T17:10:31.2404551Z   RUSTFLAGS: -Dwarnings
Package Dry Run	Run dtolnay/rust-toolchain@stable	2026-05-18T17:10:31.2404939Z   CARGO_REGISTRY_TOKEN: ***
Package Dry Run	Run dtolnay/rust-toolchain@stable	2026-05-18T17:10:31.2405323Z   CARGO_TOKEN: ***
Package Dry Run	Run dtolnay/rust-toolchain@stable	2026-05-18T17:10:31.2405551Z   CARGO_HOME: /home/runner/.cargo
Package Dry Run	Run dtolnay/rust-toolchain@stable	2026-05-18T17:10:31.2405828Z   CARGO_INCREMENTAL: 0
Package Dry Run	Run dtolnay/rust-toolchain@stable	2026-05-18T17:10:31.2406067Z ##[endgroup]
Package Dry Run	Run dtolnay/rust-toolchain@stable	2026-05-18T17:10:31.2485116Z ##[group]Run : enable Cargo sparse registry
Package Dry Run	Run dtolnay/rust-toolchain@stable	2026-05-18T17:10:31.2485503Z ^[[36;1m: enable Cargo sparse registry^[[0m
Package Dry Run	Run dtolnay/rust-toolchain@stable	2026-05-18T17:10:31.2485894Z ^[[36;1m# implemented in 1.66, stabilized in 1.68, made default in 1.70^[[0m
Package Dry Run	Run dtolnay/rust-toolchain@stable	2026-05-18T17:10:31.2486622Z ^[[36;1mif [ -z "${CARGO_REGISTRIES_CRATES_IO_PROTOCOL+set}" -o -f "/home/runner/work/_temp"/.implicit_cargo_registries_crates_io_protocol ]; then^[[0m
Package Dry Run	Run dtolnay/rust-toolchain@stable	2026-05-18T17:10:31.2487677Z ^[[36;1m  if rustc +stable --version --verbose | grep -q '^release: 1\.6[89]\.'; then^[[0m
Package Dry Run	Run dtolnay/rust-toolchain@stable	2026-05-18T17:10:31.2488281Z ^[[36;1m    touch "/home/runner/work/_temp"/.implicit_cargo_registries_crates_io_protocol || true^[[0m
Package Dry Run	Run dtolnay/rust-toolchain@stable	2026-05-18T17:10:31.2488842Z ^[[36;1m    echo CARGO_REGISTRIES_CRATES_IO_PROTOCOL=sparse >> $GITHUB_ENV^[[0m
Package Dry Run	Run dtolnay/rust-toolchain@stable	2026-05-18T17:10:31.2489570Z ^[[36;1m  elif rustc +stable --version --verbose | grep -q '^release: 1\.6[67]\.'; then^[[0m
Package Dry Run	Run dtolnay/rust-toolchain@stable	2026-05-18T17:10:31.2490181Z ^[[36;1m    touch "/home/runner/work/_temp"/.implicit_cargo_registries_crates_io_protocol || true^[[0m
Package Dry Run	Run dtolnay/rust-toolchain@stable	2026-05-18T17:10:31.2490731Z ^[[36;1m    echo CARGO_REGISTRIES_CRATES_IO_PROTOCOL=git >> $GITHUB_ENV^[[0m
Package Dry Run	Run dtolnay/rust-toolchain@stable	2026-05-18T17:10:31.2491107Z ^[[36;1m  fi^[[0m
Package Dry Run	Run dtolnay/rust-toolchain@stable	2026-05-18T17:10:31.2491320Z ^[[36;1mfi^[[0m
Package Dry Run	Run dtolnay/rust-toolchain@stable	2026-05-18T17:10:31.2522858Z shell: /usr/bin/bash --noprofile --norc -e -o pipefail {0}
Package Dry Run	Run dtolnay/rust-toolchain@stable	2026-05-18T17:10:31.2523239Z env:
Package Dry Run	Run dtolnay/rust-toolchain@stable	2026-05-18T17:10:31.2523459Z   CARGO_TERM_COLOR: always
Package Dry Run	Run dtolnay/rust-toolchain@stable	2026-05-18T17:10:31.2523714Z   RUST_BACKTRACE: 1
Package Dry Run	Run dtolnay/rust-toolchain@stable	2026-05-18T17:10:31.2523948Z   RUSTFLAGS: -Dwarnings
Package Dry Run	Run dtolnay/rust-toolchain@stable	2026-05-18T17:10:31.2524330Z   CARGO_REGISTRY_TOKEN: ***
Package Dry Run	Run dtolnay/rust-toolchain@stable	2026-05-18T17:10:31.2524678Z   CARGO_TOKEN: ***
Package Dry Run	Run dtolnay/rust-toolchain@stable	2026-05-18T17:10:31.2524922Z   CARGO_HOME: /home/runner/.cargo
Package Dry Run	Run dtolnay/rust-toolchain@stable	2026-05-18T17:10:31.2525197Z   CARGO_INCREMENTAL: 0
Package Dry Run	Run dtolnay/rust-toolchain@stable	2026-05-18T17:10:31.2525444Z ##[endgroup]
Package Dry Run	Run dtolnay/rust-toolchain@stable	2026-05-18T17:10:31.2905372Z ##[group]Run : work around spurious network errors in curl 8.0
Package Dry Run	Run dtolnay/rust-toolchain@stable	2026-05-18T17:10:31.2905896Z ^[[36;1m: work around spurious network errors in curl 8.0^[[0m
Package Dry Run	Run dtolnay/rust-toolchain@stable	2026-05-18T17:10:31.2906683Z ^[[36;1m# https://rust-lang.zulipchat.com/#narrow/stream/246057-t-cargo/topic/timeout.20investigation^[[0m
Package Dry Run	Run dtolnay/rust-toolchain@stable	2026-05-18T17:10:31.2907720Z ^[[36;1mif rustc +stable --version --verbose | grep -q '^release: 1\.7[01]\.'; then^[[0m
Package Dry Run	Run dtolnay/rust-toolchain@stable	2026-05-18T17:10:31.2908446Z ^[[36;1m  echo CARGO_HTTP_MULTIPLEXING=false >> $GITHUB_ENV^[[0m
Package Dry Run	Run dtolnay/rust-toolchain@stable	2026-05-18T17:10:31.2908794Z ^[[36;1mfi^[[0m
Package Dry Run	Run dtolnay/rust-toolchain@stable	2026-05-18T17:10:31.2942776Z shell: /usr/bin/bash --noprofile --norc -e -o pipefail {0}
Package Dry Run	Run dtolnay/rust-toolchain@stable	2026-05-18T17:10:31.2943165Z env:
Package Dry Run	Run dtolnay/rust-toolchain@stable	2026-05-18T17:10:31.2943413Z   CARGO_TERM_COLOR: always
Package Dry Run	Run dtolnay/rust-toolchain@stable	2026-05-18T17:10:31.2943670Z   RUST_BACKTRACE: 1
Package Dry Run	Run dtolnay/rust-toolchain@stable	2026-05-18T17:10:31.2943906Z   RUSTFLAGS: -Dwarnings
Package Dry Run	Run dtolnay/rust-toolchain@stable	2026-05-18T17:10:31.2944358Z   CARGO_REGISTRY_TOKEN: ***
Package Dry Run	Run dtolnay/rust-toolchain@stable	2026-05-18T17:10:31.2944707Z   CARGO_TOKEN: ***
Package Dry Run	Run dtolnay/rust-toolchain@stable	2026-05-18T17:10:31.2944953Z   CARGO_HOME: /home/runner/.cargo
Package Dry Run	Run dtolnay/rust-toolchain@stable	2026-05-18T17:10:31.2945243Z   CARGO_INCREMENTAL: 0
Package Dry Run	Run dtolnay/rust-toolchain@stable	2026-05-18T17:10:31.2945474Z ##[endgroup]
Package Dry Run	Run dtolnay/rust-toolchain@stable	2026-05-18T17:10:31.3174237Z ##[group]Run rustc +stable --version --verbose
Package Dry Run	Run dtolnay/rust-toolchain@stable	2026-05-18T17:10:31.3174646Z ^[[36;1mrustc +stable --version --verbose^[[0m
Package Dry Run	Run dtolnay/rust-toolchain@stable	2026-05-18T17:10:31.3208999Z shell: /usr/bin/bash --noprofile --norc -e -o pipefail {0}
Package Dry Run	Run dtolnay/rust-toolchain@stable	2026-05-18T17:10:31.3209382Z env:
Package Dry Run	Run dtolnay/rust-toolchain@stable	2026-05-18T17:10:31.3209618Z   CARGO_TERM_COLOR: always
Package Dry Run	Run dtolnay/rust-toolchain@stable	2026-05-18T17:10:31.3209876Z   RUST_BACKTRACE: 1
Package Dry Run	Run dtolnay/rust-toolchain@stable	2026-05-18T17:10:31.3210111Z   RUSTFLAGS: -Dwarnings
Package Dry Run	Run dtolnay/rust-toolchain@stable	2026-05-18T17:10:31.3210542Z   CARGO_REGISTRY_TOKEN: ***
Package Dry Run	Run dtolnay/rust-toolchain@stable	2026-05-18T17:10:31.3210869Z   CARGO_TOKEN: ***
Package Dry Run	Run dtolnay/rust-toolchain@stable	2026-05-18T17:10:31.3211108Z   CARGO_HOME: /home/runner/.cargo
Package Dry Run	Run dtolnay/rust-toolchain@stable	2026-05-18T17:10:31.3211386Z   CARGO_INCREMENTAL: 0
Package Dry Run	Run dtolnay/rust-toolchain@stable	2026-05-18T17:10:31.3211613Z ##[endgroup]
Package Dry Run	Run dtolnay/rust-toolchain@stable	2026-05-18T17:10:31.3389384Z rustc 1.95.0 (59807616e 2026-04-14)
Package Dry Run	Run dtolnay/rust-toolchain@stable	2026-05-18T17:10:31.3390073Z binary: rustc
Package Dry Run	Run dtolnay/rust-toolchain@stable	2026-05-18T17:10:31.3390632Z commit-hash: 59807616e1fa2540724bfbac14d7976d7e4a3860
Package Dry Run	Run dtolnay/rust-toolchain@stable	2026-05-18T17:10:31.3391240Z commit-date: 2026-04-14
Package Dry Run	Run dtolnay/rust-toolchain@stable	2026-05-18T17:10:31.3391732Z host: x86_64-unknown-linux-gnu
Package Dry Run	Run dtolnay/rust-toolchain@stable	2026-05-18T17:10:31.3392043Z release: 1.95.0
Package Dry Run	Run dtolnay/rust-toolchain@stable	2026-05-18T17:10:31.3392364Z LLVM version: 22.1.2
Package Dry Run	Run Swatinem/rust-cache@v2	﻿2026-05-18T17:10:31.3540457Z ##[group]Run Swatinem/rust-cache@v2
Package Dry Run	Run Swatinem/rust-cache@v2	2026-05-18T17:10:31.3540833Z with:
Package Dry Run	Run Swatinem/rust-cache@v2	2026-05-18T17:10:31.3541049Z   workspaces: rust
Package Dry Run	Run Swatinem/rust-cache@v2	2026-05-18T17:10:31.3541289Z   prefix-key: v0-rust
Package Dry Run	Run Swatinem/rust-cache@v2	2026-05-18T17:10:31.3541533Z   add-job-id-key: true
Package Dry Run	Run Swatinem/rust-cache@v2	2026-05-18T17:10:31.3541791Z   add-rust-environment-hash-key: true
Package Dry Run	Run Swatinem/rust-cache@v2	2026-05-18T17:10:31.3542094Z   cache-targets: true
Package Dry Run	Run Swatinem/rust-cache@v2	2026-05-18T17:10:31.3542339Z   cache-all-crates: false
Package Dry Run	Run Swatinem/rust-cache@v2	2026-05-18T17:10:31.3542598Z   cache-workspace-crates: false
Package Dry Run	Run Swatinem/rust-cache@v2	2026-05-18T17:10:31.3542866Z   save-if: true
Package Dry Run	Run Swatinem/rust-cache@v2	2026-05-18T17:10:31.3543090Z   cache-provider: github
Package Dry Run	Run Swatinem/rust-cache@v2	2026-05-18T17:10:31.3543336Z   cache-bin: true
Package Dry Run	Run Swatinem/rust-cache@v2	2026-05-18T17:10:31.3543562Z   lookup-only: false
Package Dry Run	Run Swatinem/rust-cache@v2	2026-05-18T17:10:31.3543784Z   cmd-format: {0}
Package Dry Run	Run Swatinem/rust-cache@v2	2026-05-18T17:10:31.3544003Z env:
Package Dry Run	Run Swatinem/rust-cache@v2	2026-05-18T17:10:31.3544206Z   CARGO_TERM_COLOR: always
Package Dry Run	Run Swatinem/rust-cache@v2	2026-05-18T17:10:31.3544454Z   RUST_BACKTRACE: 1
Package Dry Run	Run Swatinem/rust-cache@v2	2026-05-18T17:10:31.3544890Z   RUSTFLAGS: -Dwarnings
Package Dry Run	Run Swatinem/rust-cache@v2	2026-05-18T17:10:31.3545347Z   CARGO_REGISTRY_TOKEN: ***
Package Dry Run	Run Swatinem/rust-cache@v2	2026-05-18T17:10:31.3545690Z   CARGO_TOKEN: ***
Package Dry Run	Run Swatinem/rust-cache@v2	2026-05-18T17:10:31.3545965Z   CARGO_HOME: /home/runner/.cargo
Package Dry Run	Run Swatinem/rust-cache@v2	2026-05-18T17:10:31.3546243Z   CARGO_INCREMENTAL: 0
Package Dry Run	Run Swatinem/rust-cache@v2	2026-05-18T17:10:31.3546479Z ##[endgroup]
Package Dry Run	Run Swatinem/rust-cache@v2	2026-05-18T17:10:31.6447748Z (node:2442) [DEP0040] DeprecationWarning: The `punycode` module is deprecated. Please use a userland alternative instead.
Package Dry Run	Run Swatinem/rust-cache@v2	2026-05-18T17:10:31.6449162Z (Use `node --trace-deprecation ...` to show where the warning was created)
Package Dry Run	Run Swatinem/rust-cache@v2	2026-05-18T17:10:33.4257400Z ##[group]Cache Configuration
Package Dry Run	Run Swatinem/rust-cache@v2	2026-05-18T17:10:33.4257983Z Cache Provider:
Package Dry Run	Run Swatinem/rust-cache@v2	2026-05-18T17:10:33.4258317Z     github
Package Dry Run	Run Swatinem/rust-cache@v2	2026-05-18T17:10:33.4258606Z Workspaces:
Package Dry Run	Run Swatinem/rust-cache@v2	2026-05-18T17:10:33.4258968Z     /home/runner/work/lino-i18n/lino-i18n/rust
Package Dry Run	Run Swatinem/rust-cache@v2	2026-05-18T17:10:33.4259469Z Cache Paths:
Package Dry Run	Run Swatinem/rust-cache@v2	2026-05-18T17:10:33.4259800Z     /home/runner/.cargo/bin
Package Dry Run	Run Swatinem/rust-cache@v2	2026-05-18T17:10:33.4260213Z     /home/runner/.cargo/.crates.toml
Package Dry Run	Run Swatinem/rust-cache@v2	2026-05-18T17:10:33.4260712Z     /home/runner/.cargo/.crates2.json
Package Dry Run	Run Swatinem/rust-cache@v2	2026-05-18T17:10:33.4261159Z     /home/runner/.cargo/registry
Package Dry Run	Run Swatinem/rust-cache@v2	2026-05-18T17:10:33.4261560Z     /home/runner/.cargo/git
Package Dry Run	Run Swatinem/rust-cache@v2	2026-05-18T17:10:33.4262048Z     /home/runner/work/lino-i18n/lino-i18n/rust/target
Package Dry Run	Run Swatinem/rust-cache@v2	2026-05-18T17:10:33.4262598Z Restore Key:
Package Dry Run	Run Swatinem/rust-cache@v2	2026-05-18T17:10:33.4262955Z     v0-rust-package-Linux-x64-27ed6b6c
Package Dry Run	Run Swatinem/rust-cache@v2	2026-05-18T17:10:33.4263381Z Cache Key:
Package Dry Run	Run Swatinem/rust-cache@v2	2026-05-18T17:10:33.4263744Z     v0-rust-package-Linux-x64-27ed6b6c-31365a33
Package Dry Run	Run Swatinem/rust-cache@v2	2026-05-18T17:10:33.4264239Z .. Prefix:
Package Dry Run	Run Swatinem/rust-cache@v2	2026-05-18T17:10:33.4264583Z   - v0-rust-package-Linux-x64
Package Dry Run	Run Swatinem/rust-cache@v2	2026-05-18T17:10:33.4265020Z .. Environment considered:
Package Dry Run	Run Swatinem/rust-cache@v2	2026-05-18T17:10:33.4265440Z   - Rust Versions:
Package Dry Run	Run Swatinem/rust-cache@v2	2026-05-18T17:10:33.4266020Z     - 1.95.0 x86_64-unknown-linux-gnu 59807616e1fa2540724bfbac14d7976d7e4a3860
Package Dry Run	Run Swatinem/rust-cache@v2	2026-05-18T17:10:33.4266881Z     - 1.95.0 x86_64-unknown-linux-gnu 59807616e1fa2540724bfbac14d7976d7e4a3860
Package Dry Run	Run Swatinem/rust-cache@v2	2026-05-18T17:10:33.4267888Z   - CARGO_HOME
Package Dry Run	Run Swatinem/rust-cache@v2	2026-05-18T17:10:33.4268239Z   - CARGO_INCREMENTAL
Package Dry Run	Run Swatinem/rust-cache@v2	2026-05-18T17:10:33.4268625Z   - CARGO_REGISTRY_TOKEN
Package Dry Run	Run Swatinem/rust-cache@v2	2026-05-18T17:10:33.4269077Z   - CARGO_TERM_COLOR
Package Dry Run	Run Swatinem/rust-cache@v2	2026-05-18T17:10:33.4269408Z   - CARGO_TOKEN
Package Dry Run	Run Swatinem/rust-cache@v2	2026-05-18T17:10:33.4269727Z   - RUST_BACKTRACE
Package Dry Run	Run Swatinem/rust-cache@v2	2026-05-18T17:10:33.4270048Z   - RUSTFLAGS
Package Dry Run	Run Swatinem/rust-cache@v2	2026-05-18T17:10:33.4270392Z .. Lockfiles considered:
Package Dry Run	Run Swatinem/rust-cache@v2	2026-05-18T17:10:33.4270837Z   - /home/runner/work/lino-i18n/lino-i18n/rust/Cargo.lock
Package Dry Run	Run Swatinem/rust-cache@v2	2026-05-18T17:10:33.4271535Z   - /home/runner/work/lino-i18n/lino-i18n/rust/lino-i18n-macros/Cargo.toml
Package Dry Run	Run Swatinem/rust-cache@v2	2026-05-18T17:10:33.4272296Z   - /home/runner/work/lino-i18n/lino-i18n/rust/lino-i18n/Cargo.toml
Package Dry Run	Run Swatinem/rust-cache@v2	2026-05-18T17:10:33.4273170Z ##[endgroup]
Package Dry Run	Run Swatinem/rust-cache@v2	2026-05-18T17:10:33.4273362Z
Package Dry Run	Run Swatinem/rust-cache@v2	2026-05-18T17:10:33.4273508Z ... Restoring cache ...
Package Dry Run	Run Swatinem/rust-cache@v2	2026-05-18T17:10:33.6804487Z Cache hit for restore-key: v0-rust-package-Linux-x64-27ed6b6c-d2ed2b7f
Package Dry Run	Run Swatinem/rust-cache@v2	2026-05-18T17:10:34.9643857Z Received 0 of 10585406 (0.0%), 0.0 MBs/sec
Package Dry Run	Run Swatinem/rust-cache@v2	2026-05-18T17:10:35.1787435Z Received 10585406 of 10585406 (100.0%), 8.3 MBs/sec
Package Dry Run	Run Swatinem/rust-cache@v2	2026-05-18T17:10:35.1788066Z Cache Size: ~10 MB (10585406 B)
Package Dry Run	Run Swatinem/rust-cache@v2	2026-05-18T17:10:35.1956963Z [command]/usr/bin/tar -xf /home/runner/work/_temp/178b4eda-b555-474a-831e-37dca2ba1ac6/cache.tzst -P -C /home/runner/work/lino-i18n/lino-i18n --use-compress-program unzstd
Package Dry Run	Run Swatinem/rust-cache@v2	2026-05-18T17:10:35.2622365Z Cache restored successfully
Package Dry Run	Run Swatinem/rust-cache@v2	2026-05-18T17:10:35.2630354Z Restored from cache key "v0-rust-package-Linux-x64-27ed6b6c-d2ed2b7f" full match: false.
Package Dry Run	Run cargo package --manifest-path rust/lino-i18n-macros/Cargo.toml --allow-dirty	﻿2026-05-18T17:10:35.2777925Z ##[group]Run cargo package --manifest-path rust/lino-i18n-macros/Cargo.toml --allow-dirty
Package Dry Run	Run cargo package --manifest-path rust/lino-i18n-macros/Cargo.toml --allow-dirty	2026-05-18T17:10:35.2778677Z ^[[36;1mcargo package --manifest-path rust/lino-i18n-macros/Cargo.toml --allow-dirty^[[0m
Package Dry Run	Run cargo package --manifest-path rust/lino-i18n-macros/Cargo.toml --allow-dirty	2026-05-18T17:10:35.2813553Z shell: /usr/bin/bash -e {0}
Package Dry Run	Run cargo package --manifest-path rust/lino-i18n-macros/Cargo.toml --allow-dirty	2026-05-18T17:10:35.2813800Z env:
Package Dry Run	Run cargo package --manifest-path rust/lino-i18n-macros/Cargo.toml --allow-dirty	2026-05-18T17:10:35.2813982Z   CARGO_TERM_COLOR: always
Package Dry Run	Run cargo package --manifest-path rust/lino-i18n-macros/Cargo.toml --allow-dirty	2026-05-18T17:10:35.2814199Z   RUST_BACKTRACE: 1
Package Dry Run	Run cargo package --manifest-path rust/lino-i18n-macros/Cargo.toml --allow-dirty	2026-05-18T17:10:35.2814400Z   RUSTFLAGS: -Dwarnings
Package Dry Run	Run cargo package --manifest-path rust/lino-i18n-macros/Cargo.toml --allow-dirty	2026-05-18T17:10:35.2814749Z   CARGO_REGISTRY_TOKEN: ***
Package Dry Run	Run cargo package --manifest-path rust/lino-i18n-macros/Cargo.toml --allow-dirty	2026-05-18T17:10:35.2815036Z   CARGO_TOKEN: ***
Package Dry Run	Run cargo package --manifest-path rust/lino-i18n-macros/Cargo.toml --allow-dirty	2026-05-18T17:10:35.2815237Z   CARGO_HOME: /home/runner/.cargo
Package Dry Run	Run cargo package --manifest-path rust/lino-i18n-macros/Cargo.toml --allow-dirty	2026-05-18T17:10:35.2815637Z   CARGO_INCREMENTAL: 0
Package Dry Run	Run cargo package --manifest-path rust/lino-i18n-macros/Cargo.toml --allow-dirty	2026-05-18T17:10:35.2815842Z   CACHE_ON_FAILURE: false
Package Dry Run	Run cargo package --manifest-path rust/lino-i18n-macros/Cargo.toml --allow-dirty	2026-05-18T17:10:35.2816049Z ##[endgroup]
Package Dry Run	Run cargo package --manifest-path rust/lino-i18n-macros/Cargo.toml --allow-dirty	2026-05-18T17:10:35.7961196Z ^[[1m^[[92m   Packaging^[[0m lino-i18n-macros v0.0.1 (/home/runner/work/lino-i18n/lino-i18n/rust/lino-i18n-macros)
Package Dry Run	Run cargo package --manifest-path rust/lino-i18n-macros/Cargo.toml --allow-dirty	2026-05-18T17:10:35.7990949Z ^[[1m^[[92m    Updating^[[0m crates.io index
Package Dry Run	Run cargo package --manifest-path rust/lino-i18n-macros/Cargo.toml --allow-dirty	2026-05-18T17:10:35.8858530Z ^[[1m^[[92m    Packaged^[[0m 6 files, 13.4KiB (4.5KiB compressed)
Package Dry Run	Run cargo package --manifest-path rust/lino-i18n-macros/Cargo.toml --allow-dirty	2026-05-18T17:10:35.8859858Z ^[[1m^[[92m   Verifying^[[0m lino-i18n-macros v0.0.1 (/home/runner/work/lino-i18n/lino-i18n/rust/lino-i18n-macros)
Package Dry Run	Run cargo package --manifest-path rust/lino-i18n-macros/Cargo.toml --allow-dirty	2026-05-18T17:10:36.4808870Z ^[[1m^[[92m   Compiling^[[0m lino-i18n-macros v0.0.1 (/home/runner/work/lino-i18n/lino-i18n/rust/target/package/lino-i18n-macros-0.0.1)
Package Dry Run	Run cargo package --manifest-path rust/lino-i18n-macros/Cargo.toml --allow-dirty	2026-05-18T17:10:45.4929261Z ^[[1m^[[92m    Finished^[[0m `dev` profile [unoptimized + debuginfo] target(s) in 10.19s
Package Dry Run	List runtime crate package contents	﻿2026-05-18T17:10:45.5055718Z ##[group]Run cargo package --manifest-path rust/lino-i18n/Cargo.toml --allow-dirty --list
Package Dry Run	List runtime crate package contents	2026-05-18T17:10:45.5056377Z ^[[36;1mcargo package --manifest-path rust/lino-i18n/Cargo.toml --allow-dirty --list^[[0m
Package Dry Run	List runtime crate package contents	2026-05-18T17:10:45.5089438Z shell: /usr/bin/bash -e {0}
Package Dry Run	List runtime crate package contents	2026-05-18T17:10:45.5089673Z env:
Package Dry Run	List runtime crate package contents	2026-05-18T17:10:45.5089855Z   CARGO_TERM_COLOR: always
Package Dry Run	List runtime crate package contents	2026-05-18T17:10:45.5090074Z   RUST_BACKTRACE: 1
Package Dry Run	List runtime crate package contents	2026-05-18T17:10:45.5090268Z   RUSTFLAGS: -Dwarnings
Package Dry Run	List runtime crate package contents	2026-05-18T17:10:45.5090608Z   CARGO_REGISTRY_TOKEN: ***
Package Dry Run	List runtime crate package contents	2026-05-18T17:10:45.5090887Z   CARGO_TOKEN: ***
Package Dry Run	List runtime crate package contents	2026-05-18T17:10:45.5091085Z   CARGO_HOME: /home/runner/.cargo
Package Dry Run	List runtime crate package contents	2026-05-18T17:10:45.5091318Z   CARGO_INCREMENTAL: 0
Package Dry Run	List runtime crate package contents	2026-05-18T17:10:45.5091527Z   CACHE_ON_FAILURE: false
Package Dry Run	List runtime crate package contents	2026-05-18T17:10:45.5091737Z ##[endgroup]
Package Dry Run	List runtime crate package contents	2026-05-18T17:10:45.5399213Z .cargo_vcs_info.json
Package Dry Run	List runtime crate package contents	2026-05-18T17:10:45.5399548Z Cargo.lock
Package Dry Run	List runtime crate package contents	2026-05-18T17:10:45.5399725Z Cargo.toml
Package Dry Run	List runtime crate package contents	2026-05-18T17:10:45.5399894Z Cargo.toml.orig
Package Dry Run	List runtime crate package contents	2026-05-18T17:10:45.5400072Z README.md
Package Dry Run	List runtime crate package contents	2026-05-18T17:10:45.5400244Z examples/basic.rs
Package Dry Run	List runtime crate package contents	2026-05-18T17:10:45.5400533Z locales/en.lino
Package Dry Run	List runtime crate package contents	2026-05-18T17:10:45.5400709Z locales/ru.lino
Package Dry Run	List runtime crate package contents	2026-05-18T17:10:45.5400879Z src/format.rs
Package Dry Run	List runtime crate package contents	2026-05-18T17:10:45.5401062Z src/i18n.rs
Package Dry Run	List runtime crate package contents	2026-05-18T17:10:45.5401217Z src/lib.rs
Package Dry Run	List runtime crate package contents	2026-05-18T17:10:45.5401378Z src/loader.rs
Package Dry Run	List runtime crate package contents	2026-05-18T17:10:45.5401548Z src/plurals.rs
Package Dry Run	List runtime crate package contents	2026-05-18T17:10:45.5401730Z tests/integration.rs
Package Dry Run	Post Run Swatinem/rust-cache@v2	﻿2026-05-18T17:10:45.5476068Z Post job cleanup.
Package Dry Run	Post Run Swatinem/rust-cache@v2	2026-05-18T17:10:45.8225935Z ##[group]Cache Configuration
Package Dry Run	Post Run Swatinem/rust-cache@v2	2026-05-18T17:10:45.8226946Z Cache Provider:
Package Dry Run	Post Run Swatinem/rust-cache@v2	2026-05-18T17:10:45.8227519Z     github
Package Dry Run	Post Run Swatinem/rust-cache@v2	2026-05-18T17:10:45.8227824Z Workspaces:
Package Dry Run	Post Run Swatinem/rust-cache@v2	2026-05-18T17:10:45.8228185Z     /home/runner/work/lino-i18n/lino-i18n/rust
Package Dry Run	Post Run Swatinem/rust-cache@v2	2026-05-18T17:10:45.8230419Z Cache Paths:
Package Dry Run	Post Run Swatinem/rust-cache@v2	2026-05-18T17:10:45.8231020Z     /home/runner/.cargo/bin
Package Dry Run	Post Run Swatinem/rust-cache@v2	2026-05-18T17:10:45.8231463Z     /home/runner/.cargo/.crates.toml
Package Dry Run	Post Run Swatinem/rust-cache@v2	2026-05-18T17:10:45.8231924Z     /home/runner/.cargo/.crates2.json
Package Dry Run	Post Run Swatinem/rust-cache@v2	2026-05-18T17:10:45.8232334Z     /home/runner/.cargo/registry
Package Dry Run	Post Run Swatinem/rust-cache@v2	2026-05-18T17:10:45.8232731Z     /home/runner/.cargo/git
Package Dry Run	Post Run Swatinem/rust-cache@v2	2026-05-18T17:10:45.8233185Z     /home/runner/work/lino-i18n/lino-i18n/rust/target
Package Dry Run	Post Run Swatinem/rust-cache@v2	2026-05-18T17:10:45.8233681Z Restore Key:
Package Dry Run	Post Run Swatinem/rust-cache@v2	2026-05-18T17:10:45.8234058Z     v0-rust-package-Linux-x64-27ed6b6c
Package Dry Run	Post Run Swatinem/rust-cache@v2	2026-05-18T17:10:45.8234480Z Cache Key:
Package Dry Run	Post Run Swatinem/rust-cache@v2	2026-05-18T17:10:45.8234849Z     v0-rust-package-Linux-x64-27ed6b6c-31365a33
Package Dry Run	Post Run Swatinem/rust-cache@v2	2026-05-18T17:10:45.8235326Z .. Prefix:
Package Dry Run	Post Run Swatinem/rust-cache@v2	2026-05-18T17:10:45.8235647Z   - v0-rust-package-Linux-x64
Package Dry Run	Post Run Swatinem/rust-cache@v2	2026-05-18T17:10:45.8236094Z .. Environment considered:
Package Dry Run	Post Run Swatinem/rust-cache@v2	2026-05-18T17:10:45.8236463Z   - Rust Versions:
Package Dry Run	Post Run Swatinem/rust-cache@v2	2026-05-18T17:10:45.8237229Z     - 1.95.0 x86_64-unknown-linux-gnu 59807616e1fa2540724bfbac14d7976d7e4a3860
Package Dry Run	Post Run Swatinem/rust-cache@v2	2026-05-18T17:10:45.8238023Z     - 1.95.0 x86_64-unknown-linux-gnu 59807616e1fa2540724bfbac14d7976d7e4a3860
Package Dry Run	Post Run Swatinem/rust-cache@v2	2026-05-18T17:10:45.8238660Z   - CARGO_HOME
Package Dry Run	Post Run Swatinem/rust-cache@v2	2026-05-18T17:10:45.8239005Z   - CARGO_INCREMENTAL
Package Dry Run	Post Run Swatinem/rust-cache@v2	2026-05-18T17:10:45.8239389Z   - CARGO_REGISTRY_TOKEN
Package Dry Run	Post Run Swatinem/rust-cache@v2	2026-05-18T17:10:45.8239763Z   - CARGO_TERM_COLOR
Package Dry Run	Post Run Swatinem/rust-cache@v2	2026-05-18T17:10:45.8240135Z   - CARGO_TOKEN
Package Dry Run	Post Run Swatinem/rust-cache@v2	2026-05-18T17:10:45.8240452Z   - RUST_BACKTRACE
Package Dry Run	Post Run Swatinem/rust-cache@v2	2026-05-18T17:10:45.8240780Z   - RUSTFLAGS
Package Dry Run	Post Run Swatinem/rust-cache@v2	2026-05-18T17:10:45.8241094Z .. Lockfiles considered:
Package Dry Run	Post Run Swatinem/rust-cache@v2	2026-05-18T17:10:45.8241571Z   - /home/runner/work/lino-i18n/lino-i18n/rust/Cargo.lock
Package Dry Run	Post Run Swatinem/rust-cache@v2	2026-05-18T17:10:45.8242790Z   - /home/runner/work/lino-i18n/lino-i18n/rust/lino-i18n-macros/Cargo.toml
Package Dry Run	Post Run Swatinem/rust-cache@v2	2026-05-18T17:10:45.8243636Z   - /home/runner/work/lino-i18n/lino-i18n/rust/lino-i18n/Cargo.toml
Package Dry Run	Post Run Swatinem/rust-cache@v2	2026-05-18T17:10:45.8244634Z ##[endgroup]
Package Dry Run	Post Run Swatinem/rust-cache@v2	2026-05-18T17:10:45.8244822Z
Package Dry Run	Post Run Swatinem/rust-cache@v2	2026-05-18T17:10:45.8254628Z (node:2552) [DEP0040] DeprecationWarning: The `punycode` module is deprecated. Please use a userland alternative instead.
Package Dry Run	Post Run Swatinem/rust-cache@v2	2026-05-18T17:10:45.8255879Z (Use `node --trace-deprecation ...` to show where the warning was created)
Package Dry Run	Post Run Swatinem/rust-cache@v2	2026-05-18T17:10:45.8716146Z ... Cleaning /home/runner/work/lino-i18n/lino-i18n/rust/target ...
Package Dry Run	Post Run Swatinem/rust-cache@v2	2026-05-18T17:10:45.8809159Z ... Cleaning cargo registry (cache-all-crates: false) ...
Package Dry Run	Post Run Swatinem/rust-cache@v2	2026-05-18T17:10:45.9113453Z ... Cleaning cargo/bin ...
Package Dry Run	Post Run Swatinem/rust-cache@v2	2026-05-18T17:10:45.9134603Z ... Cleaning cargo git cache ...
Package Dry Run	Post Run Swatinem/rust-cache@v2	2026-05-18T17:10:45.9138129Z ... Saving cache ...
Package Dry Run	Post Run Swatinem/rust-cache@v2	2026-05-18T17:10:45.9293844Z [command]/usr/bin/tar --posix -cf cache.tzst --exclude cache.tzst -P -C /home/runner/work/lino-i18n/lino-i18n --files-from manifest.txt --use-compress-program zstdmt
Package Dry Run	Post Run Swatinem/rust-cache@v2	2026-05-18T17:10:47.4141711Z Sent 10584934 of 10584934 (100.0%), 10.1 MBs/sec
Package Dry Run	Post Run actions/checkout@v6	﻿2026-05-18T17:10:47.8749920Z Post job cleanup.
Package Dry Run	Post Run actions/checkout@v6	2026-05-18T17:10:47.9600535Z [command]/usr/bin/git version
Package Dry Run	Post Run actions/checkout@v6	2026-05-18T17:10:47.9637760Z git version 2.54.0
Package Dry Run	Post Run actions/checkout@v6	2026-05-18T17:10:47.9677442Z Temporarily overriding HOME='/home/runner/work/_temp/12b9d3e6-8295-4cf6-a1a6-e8c57496966a' before making global git config changes
Package Dry Run	Post Run actions/checkout@v6	2026-05-18T17:10:47.9678443Z Adding repository directory to the temporary git global config as a safe directory
Package Dry Run	Post Run actions/checkout@v6	2026-05-18T17:10:47.9683324Z [command]/usr/bin/git config --global --add safe.directory /home/runner/work/lino-i18n/lino-i18n
Package Dry Run	Post Run actions/checkout@v6	2026-05-18T17:10:47.9712737Z Removing SSH command configuration
Package Dry Run	Post Run actions/checkout@v6	2026-05-18T17:10:47.9719874Z [command]/usr/bin/git config --local --name-only --get-regexp core\.sshCommand
Package Dry Run	Post Run actions/checkout@v6	2026-05-18T17:10:47.9754823Z [command]/usr/bin/git submodule foreach --recursive sh -c "git config --local --name-only --get-regexp 'core\.sshCommand' && git config --local --unset-all 'core.sshCommand' || :"
Package Dry Run	Post Run actions/checkout@v6	2026-05-18T17:10:47.9979780Z Removing HTTP extra header
Package Dry Run	Post Run actions/checkout@v6	2026-05-18T17:10:47.9985540Z [command]/usr/bin/git config --local --name-only --get-regexp http\.https\:\/\/github\.com\/\.extraheader
Package Dry Run	Post Run actions/checkout@v6	2026-05-18T17:10:48.0022417Z [command]/usr/bin/git submodule foreach --recursive sh -c "git config --local --name-only --get-regexp 'http\.https\:\/\/github\.com\/\.extraheader' && git config --local --unset-all 'http.https://github.com/.extraheader' || :"
Package Dry Run	Post Run actions/checkout@v6	2026-05-18T17:10:48.0240918Z Removing includeIf entries pointing to credentials config files
Package Dry Run	Post Run actions/checkout@v6	2026-05-18T17:10:48.0248347Z [command]/usr/bin/git config --local --name-only --get-regexp ^includeIf\.gitdir:
Package Dry Run	Post Run actions/checkout@v6	2026-05-18T17:10:48.0274975Z includeif.gitdir:/home/runner/work/lino-i18n/lino-i18n/.git.path
Package Dry Run	Post Run actions/checkout@v6	2026-05-18T17:10:48.0275717Z includeif.gitdir:/home/runner/work/lino-i18n/lino-i18n/.git/worktrees/*.path
Package Dry Run	Post Run actions/checkout@v6	2026-05-18T17:10:48.0276167Z includeif.gitdir:/github/workspace/.git.path
Package Dry Run	Post Run actions/checkout@v6	2026-05-18T17:10:48.0276526Z includeif.gitdir:/github/workspace/.git/worktrees/*.path
Package Dry Run	Post Run actions/checkout@v6	2026-05-18T17:10:48.0285069Z [command]/usr/bin/git config --local --get-all includeif.gitdir:/home/runner/work/lino-i18n/lino-i18n/.git.path
Package Dry Run	Post Run actions/checkout@v6	2026-05-18T17:10:48.0305923Z /home/runner/work/_temp/git-credentials-37d638d2-1492-4d34-9529-97b9da6a883f.config
Package Dry Run	Post Run actions/checkout@v6	2026-05-18T17:10:48.0317403Z [command]/usr/bin/git config --local --unset includeif.gitdir:/home/runner/work/lino-i18n/lino-i18n/.git.path /home/runner/work/_temp/git-credentials-37d638d2-1492-4d34-9529-97b9da6a883f.config
Package Dry Run	Post Run actions/checkout@v6	2026-05-18T17:10:48.0351484Z [command]/usr/bin/git config --local --get-all includeif.gitdir:/home/runner/work/lino-i18n/lino-i18n/.git/worktrees/*.path
Package Dry Run	Post Run actions/checkout@v6	2026-05-18T17:10:48.0374393Z /home/runner/work/_temp/git-credentials-37d638d2-1492-4d34-9529-97b9da6a883f.config
Package Dry Run	Post Run actions/checkout@v6	2026-05-18T17:10:48.0383980Z [command]/usr/bin/git config --local --unset includeif.gitdir:/home/runner/work/lino-i18n/lino-i18n/.git/worktrees/*.path /home/runner/work/_temp/git-credentials-37d638d2-1492-4d34-9529-97b9da6a883f.config
Package Dry Run	Post Run actions/checkout@v6	2026-05-18T17:10:48.0415132Z [command]/usr/bin/git config --local --get-all includeif.gitdir:/github/workspace/.git.path
Package Dry Run	Post Run actions/checkout@v6	2026-05-18T17:10:48.0436195Z /github/runner_temp/git-credentials-37d638d2-1492-4d34-9529-97b9da6a883f.config
Package Dry Run	Post Run actions/checkout@v6	2026-05-18T17:10:48.0443870Z [command]/usr/bin/git config --local --unset includeif.gitdir:/github/workspace/.git.path /github/runner_temp/git-credentials-37d638d2-1492-4d34-9529-97b9da6a883f.config
Package Dry Run	Post Run actions/checkout@v6	2026-05-18T17:10:48.0473678Z [command]/usr/bin/git config --local --get-all includeif.gitdir:/github/workspace/.git/worktrees/*.path
Package Dry Run	Post Run actions/checkout@v6	2026-05-18T17:10:48.0493852Z /github/runner_temp/git-credentials-37d638d2-1492-4d34-9529-97b9da6a883f.config
Package Dry Run	Post Run actions/checkout@v6	2026-05-18T17:10:48.0504449Z [command]/usr/bin/git config --local --unset includeif.gitdir:/github/workspace/.git/worktrees/*.path /github/runner_temp/git-credentials-37d638d2-1492-4d34-9529-97b9da6a883f.config
Package Dry Run	Post Run actions/checkout@v6	2026-05-18T17:10:48.0536525Z [command]/usr/bin/git submodule foreach --recursive git config --local --show-origin --name-only --get-regexp remote.origin.url
Package Dry Run	Post Run actions/checkout@v6	2026-05-18T17:10:48.0757264Z Removing credentials config '/home/runner/work/_temp/git-credentials-37d638d2-1492-4d34-9529-97b9da6a883f.config'
Package Dry Run	Complete job	﻿2026-05-18T17:10:48.0909498Z Cleaning up orphan processes
Deploy Rust Docs	Set up job	﻿2026-05-18T17:10:55.7450495Z Current runner version: '2.334.0'
Deploy Rust Docs	Set up job	2026-05-18T17:10:55.7477981Z ##[group]Runner Image Provisioner
Deploy Rust Docs	Set up job	2026-05-18T17:10:55.7478791Z Hosted Compute Agent
Deploy Rust Docs	Set up job	2026-05-18T17:10:55.7479345Z Version: 20260213.493
Deploy Rust Docs	Set up job	2026-05-18T17:10:55.7480048Z Commit: 5c115507f6dd24b8de37d8bbe0bb4509d0cc0fa3
Deploy Rust Docs	Set up job	2026-05-18T17:10:55.7480787Z Build Date: 2026-02-13T00:28:41Z
Deploy Rust Docs	Set up job	2026-05-18T17:10:55.7481448Z Worker ID: {7dc9e630-321e-4ff4-b2fe-33dc1f05b8b2}
Deploy Rust Docs	Set up job	2026-05-18T17:10:55.7482191Z Azure Region: eastus
Deploy Rust Docs	Set up job	2026-05-18T17:10:55.7482805Z ##[endgroup]
Deploy Rust Docs	Set up job	2026-05-18T17:10:55.7484341Z ##[group]Operating System
Deploy Rust Docs	Set up job	2026-05-18T17:10:55.7484996Z Ubuntu
Deploy Rust Docs	Set up job	2026-05-18T17:10:55.7485493Z 24.04.4
Deploy Rust Docs	Set up job	2026-05-18T17:10:55.7485930Z LTS
Deploy Rust Docs	Set up job	2026-05-18T17:10:55.7486499Z ##[endgroup]
Deploy Rust Docs	Set up job	2026-05-18T17:10:55.7487023Z ##[group]Runner Image
Deploy Rust Docs	Set up job	2026-05-18T17:10:55.7487560Z Image: ubuntu-24.04
Deploy Rust Docs	Set up job	2026-05-18T17:10:55.7488498Z Version: 20260513.135.3
Deploy Rust Docs	Set up job	2026-05-18T17:10:55.7489559Z Included Software: https://github.com/actions/runner-images/blob/ubuntu24/20260513.135/images/ubuntu/Ubuntu2404-Readme.md
Deploy Rust Docs	Set up job	2026-05-18T17:10:55.7491309Z Image Release: https://github.com/actions/runner-images/releases/tag/ubuntu24%2F20260513.135
Deploy Rust Docs	Set up job	2026-05-18T17:10:55.7492282Z ##[endgroup]
Deploy Rust Docs	Set up job	2026-05-18T17:10:55.7493767Z ##[group]GITHUB_TOKEN Permissions
Deploy Rust Docs	Set up job	2026-05-18T17:10:55.7496023Z Contents: read
Deploy Rust Docs	Set up job	2026-05-18T17:10:55.7496607Z Metadata: read
Deploy Rust Docs	Set up job	2026-05-18T17:10:55.7497255Z Pages: write
Deploy Rust Docs	Set up job	2026-05-18T17:10:55.7497732Z ##[endgroup]
Deploy Rust Docs	Set up job	2026-05-18T17:10:55.7499820Z Secret source: Actions
Deploy Rust Docs	Set up job	2026-05-18T17:10:55.7500809Z Prepare workflow directory
Deploy Rust Docs	Set up job	2026-05-18T17:10:55.8041491Z Prepare all required actions
Deploy Rust Docs	Set up job	2026-05-18T17:10:55.8079721Z Getting action download info
Deploy Rust Docs	Set up job	2026-05-18T17:10:56.3519562Z Download action repository 'actions/checkout@v6' (SHA:de0fac2e4500dabe0009e67214ff5f5447ce83dd)
Deploy Rust Docs	Set up job	2026-05-18T17:10:56.5024810Z Download action repository 'dtolnay/rust-toolchain@stable' (SHA:29eef336d9b2848a0b548edc03f92a220660cdb8)
Deploy Rust Docs	Set up job	2026-05-18T17:10:56.6150345Z Download action repository 'actions/configure-pages@v6' (SHA:45bfe0192ca1faeb007ade9deae92b16b8254a0d)
Deploy Rust Docs	Set up job	2026-05-18T17:10:56.7659511Z Download action repository 'actions/upload-pages-artifact@v5' (SHA:fc324d3547104276b827a68afc52ff2a11cc49c9)
Deploy Rust Docs	Set up job	2026-05-18T17:10:56.8840749Z Download action repository 'actions/deploy-pages@v5' (SHA:cd2ce8fcbc39b97be8ca5fce6e763baed58fa128)
Deploy Rust Docs	Set up job	2026-05-18T17:10:57.2789159Z Getting action download info
Deploy Rust Docs	Set up job	2026-05-18T17:10:57.4393553Z Download action repository 'actions/upload-artifact@bbbca2ddaa5d8feaa63e36b76fdaad77386f024f' (SHA:bbbca2ddaa5d8feaa63e36b76fdaad77386f024f)
Deploy Rust Docs	Set up job	2026-05-18T17:10:57.5550564Z Complete job name: Deploy Rust Docs
Deploy Rust Docs	Run actions/checkout@v6	﻿2026-05-18T17:10:57.6334361Z ##[group]Run actions/checkout@v6
Deploy Rust Docs	Run actions/checkout@v6	2026-05-18T17:10:57.6335963Z with:
Deploy Rust Docs	Run actions/checkout@v6	2026-05-18T17:10:57.6336862Z   repository: link-foundation/lino-i18n
Deploy Rust Docs	Run actions/checkout@v6	2026-05-18T17:10:57.6338287Z   token: ***
Deploy Rust Docs	Run actions/checkout@v6	2026-05-18T17:10:57.6339217Z   ssh-strict: true
Deploy Rust Docs	Run actions/checkout@v6	2026-05-18T17:10:57.6340176Z   ssh-user: git
Deploy Rust Docs	Run actions/checkout@v6	2026-05-18T17:10:57.6341081Z   persist-credentials: true
Deploy Rust Docs	Run actions/checkout@v6	2026-05-18T17:10:57.6342131Z   clean: true
Deploy Rust Docs	Run actions/checkout@v6	2026-05-18T17:10:57.6343062Z   sparse-checkout-cone-mode: true
Deploy Rust Docs	Run actions/checkout@v6	2026-05-18T17:10:57.6344345Z   fetch-depth: 1
Deploy Rust Docs	Run actions/checkout@v6	2026-05-18T17:10:57.6345280Z   fetch-tags: false
Deploy Rust Docs	Run actions/checkout@v6	2026-05-18T17:10:57.6346249Z   show-progress: true
Deploy Rust Docs	Run actions/checkout@v6	2026-05-18T17:10:57.6347142Z   lfs: false
Deploy Rust Docs	Run actions/checkout@v6	2026-05-18T17:10:57.6348081Z   submodules: false
Deploy Rust Docs	Run actions/checkout@v6	2026-05-18T17:10:57.6349020Z   set-safe-directory: true
Deploy Rust Docs	Run actions/checkout@v6	2026-05-18T17:10:57.6350211Z env:
Deploy Rust Docs	Run actions/checkout@v6	2026-05-18T17:10:57.6351128Z   CARGO_TERM_COLOR: always
Deploy Rust Docs	Run actions/checkout@v6	2026-05-18T17:10:57.6352133Z   RUST_BACKTRACE: 1
Deploy Rust Docs	Run actions/checkout@v6	2026-05-18T17:10:57.6353092Z   RUSTFLAGS: -Dwarnings
Deploy Rust Docs	Run actions/checkout@v6	2026-05-18T17:10:57.6354569Z   CARGO_REGISTRY_TOKEN: ***
Deploy Rust Docs	Run actions/checkout@v6	2026-05-18T17:10:57.6355750Z   CARGO_TOKEN: ***
Deploy Rust Docs	Run actions/checkout@v6	2026-05-18T17:10:57.6356780Z ##[endgroup]
Deploy Rust Docs	Run actions/checkout@v6	2026-05-18T17:10:57.7366676Z Syncing repository: link-foundation/lino-i18n
Deploy Rust Docs	Run actions/checkout@v6	2026-05-18T17:10:57.7369821Z ##[group]Getting Git version info
Deploy Rust Docs	Run actions/checkout@v6	2026-05-18T17:10:57.7371222Z Working directory is '/home/runner/work/lino-i18n/lino-i18n'
Deploy Rust Docs	Run actions/checkout@v6	2026-05-18T17:10:57.7373659Z [command]/usr/bin/git version
Deploy Rust Docs	Run actions/checkout@v6	2026-05-18T17:10:57.7396787Z git version 2.54.0
Deploy Rust Docs	Run actions/checkout@v6	2026-05-18T17:10:57.7418716Z ##[endgroup]
Deploy Rust Docs	Run actions/checkout@v6	2026-05-18T17:10:57.7432827Z Temporarily overriding HOME='/home/runner/work/_temp/c308c695-b9d6-4239-836a-d4a74eb3d81f' before making global git config changes
Deploy Rust Docs	Run actions/checkout@v6	2026-05-18T17:10:57.7436214Z Adding repository directory to the temporary git global config as a safe directory
Deploy Rust Docs	Run actions/checkout@v6	2026-05-18T17:10:57.7439312Z [command]/usr/bin/git config --global --add safe.directory /home/runner/work/lino-i18n/lino-i18n
Deploy Rust Docs	Run actions/checkout@v6	2026-05-18T17:10:57.7480331Z Deleting the contents of '/home/runner/work/lino-i18n/lino-i18n'
Deploy Rust Docs	Run actions/checkout@v6	2026-05-18T17:10:57.7485287Z ##[group]Initializing the repository
Deploy Rust Docs	Run actions/checkout@v6	2026-05-18T17:10:57.7489041Z [command]/usr/bin/git init /home/runner/work/lino-i18n/lino-i18n
Deploy Rust Docs	Run actions/checkout@v6	2026-05-18T17:10:57.7560023Z hint: Using 'master' as the name for the initial branch. This default branch name
Deploy Rust Docs	Run actions/checkout@v6	2026-05-18T17:10:57.7562357Z hint: will change to "main" in Git 3.0. To configure the initial branch name
Deploy Rust Docs	Run actions/checkout@v6	2026-05-18T17:10:57.7564971Z hint: to use in all of your new repositories, which will suppress this warning,
Deploy Rust Docs	Run actions/checkout@v6	2026-05-18T17:10:57.7566569Z hint: call:
Deploy Rust Docs	Run actions/checkout@v6	2026-05-18T17:10:57.7567604Z hint:
Deploy Rust Docs	Run actions/checkout@v6	2026-05-18T17:10:57.7568682Z hint: 	git config --global init.defaultBranch <name>
Deploy Rust Docs	Run actions/checkout@v6	2026-05-18T17:10:57.7569998Z hint:
Deploy Rust Docs	Run actions/checkout@v6	2026-05-18T17:10:57.7571318Z hint: Names commonly chosen instead of 'master' are 'main', 'trunk' and
Deploy Rust Docs	Run actions/checkout@v6	2026-05-18T17:10:57.7573871Z hint: 'development'. The just-created branch can be renamed via this command:
Deploy Rust Docs	Run actions/checkout@v6	2026-05-18T17:10:57.7575471Z hint:
Deploy Rust Docs	Run actions/checkout@v6	2026-05-18T17:10:57.7576338Z hint: 	git branch -m <name>
Deploy Rust Docs	Run actions/checkout@v6	2026-05-18T17:10:57.7577349Z hint:
Deploy Rust Docs	Run actions/checkout@v6	2026-05-18T17:10:57.7578865Z hint: Disable this message with "git config set advice.defaultBranchName false"
Deploy Rust Docs	Run actions/checkout@v6	2026-05-18T17:10:57.7580936Z Initialized empty Git repository in /home/runner/work/lino-i18n/lino-i18n/.git/
Deploy Rust Docs	Run actions/checkout@v6	2026-05-18T17:10:57.7584452Z [command]/usr/bin/git remote add origin https://github.com/link-foundation/lino-i18n
Deploy Rust Docs	Run actions/checkout@v6	2026-05-18T17:10:57.7613919Z ##[endgroup]
Deploy Rust Docs	Run actions/checkout@v6	2026-05-18T17:10:57.7616153Z ##[group]Disabling automatic garbage collection
Deploy Rust Docs	Run actions/checkout@v6	2026-05-18T17:10:57.7618174Z [command]/usr/bin/git config --local gc.auto 0
Deploy Rust Docs	Run actions/checkout@v6	2026-05-18T17:10:57.7651799Z ##[endgroup]
Deploy Rust Docs	Run actions/checkout@v6	2026-05-18T17:10:57.7653983Z ##[group]Setting up auth
Deploy Rust Docs	Run actions/checkout@v6	2026-05-18T17:10:57.7655257Z Removing SSH command configuration
Deploy Rust Docs	Run actions/checkout@v6	2026-05-18T17:10:57.7661814Z [command]/usr/bin/git config --local --name-only --get-regexp core\.sshCommand
Deploy Rust Docs	Run actions/checkout@v6	2026-05-18T17:10:57.7700820Z [command]/usr/bin/git submodule foreach --recursive sh -c "git config --local --name-only --get-regexp 'core\.sshCommand' && git config --local --unset-all 'core.sshCommand' || :"
Deploy Rust Docs	Run actions/checkout@v6	2026-05-18T17:10:57.8028737Z Removing HTTP extra header
Deploy Rust Docs	Run actions/checkout@v6	2026-05-18T17:10:57.8038491Z [command]/usr/bin/git config --local --name-only --get-regexp http\.https\:\/\/github\.com\/\.extraheader
Deploy Rust Docs	Run actions/checkout@v6	2026-05-18T17:10:57.8082151Z [command]/usr/bin/git submodule foreach --recursive sh -c "git config --local --name-only --get-regexp 'http\.https\:\/\/github\.com\/\.extraheader' && git config --local --unset-all 'http.https://github.com/.extraheader' || :"
Deploy Rust Docs	Run actions/checkout@v6	2026-05-18T17:10:57.8353893Z Removing includeIf entries pointing to credentials config files
Deploy Rust Docs	Run actions/checkout@v6	2026-05-18T17:10:57.8357072Z [command]/usr/bin/git config --local --name-only --get-regexp ^includeIf\.gitdir:
Deploy Rust Docs	Run actions/checkout@v6	2026-05-18T17:10:57.8381364Z [command]/usr/bin/git submodule foreach --recursive git config --local --show-origin --name-only --get-regexp remote.origin.url
Deploy Rust Docs	Run actions/checkout@v6	2026-05-18T17:10:57.8632338Z [command]/usr/bin/git config --file /home/runner/work/_temp/git-credentials-6fa2fdb2-a3b0-4ed1-929b-b478bb77f0c6.config http.https://github.com/.extraheader AUTHORIZATION: basic ***
Deploy Rust Docs	Run actions/checkout@v6	2026-05-18T17:10:57.8672576Z [command]/usr/bin/git config --local includeIf.gitdir:/home/runner/work/lino-i18n/lino-i18n/.git.path /home/runner/work/_temp/git-credentials-6fa2fdb2-a3b0-4ed1-929b-b478bb77f0c6.config
Deploy Rust Docs	Run actions/checkout@v6	2026-05-18T17:10:57.8705169Z [command]/usr/bin/git config --local includeIf.gitdir:/home/runner/work/lino-i18n/lino-i18n/.git/worktrees/*.path /home/runner/work/_temp/git-credentials-6fa2fdb2-a3b0-4ed1-929b-b478bb77f0c6.config
Deploy Rust Docs	Run actions/checkout@v6	2026-05-18T17:10:57.8743352Z [command]/usr/bin/git config --local includeIf.gitdir:/github/workspace/.git.path /github/runner_temp/git-credentials-6fa2fdb2-a3b0-4ed1-929b-b478bb77f0c6.config
Deploy Rust Docs	Run actions/checkout@v6	2026-05-18T17:10:57.8813114Z [command]/usr/bin/git config --local includeIf.gitdir:/github/workspace/.git/worktrees/*.path /github/runner_temp/git-credentials-6fa2fdb2-a3b0-4ed1-929b-b478bb77f0c6.config
Deploy Rust Docs	Run actions/checkout@v6	2026-05-18T17:10:57.8841787Z ##[endgroup]
Deploy Rust Docs	Run actions/checkout@v6	2026-05-18T17:10:57.8843962Z ##[group]Fetching the repository
Deploy Rust Docs	Run actions/checkout@v6	2026-05-18T17:10:57.8852540Z [command]/usr/bin/git -c protocol.version=2 fetch --no-tags --prune --no-recurse-submodules --depth=1 origin +992b91dd1eeb865ff89d2c130c88ad313a609723:refs/remotes/origin/main
Deploy Rust Docs	Run actions/checkout@v6	2026-05-18T17:10:58.2244245Z From https://github.com/link-foundation/lino-i18n
Deploy Rust Docs	Run actions/checkout@v6	2026-05-18T17:10:58.2247338Z  * [new ref]         992b91dd1eeb865ff89d2c130c88ad313a609723 -> origin/main
Deploy Rust Docs	Run actions/checkout@v6	2026-05-18T17:10:58.2284659Z [command]/usr/bin/git branch --list --remote origin/main
Deploy Rust Docs	Run actions/checkout@v6	2026-05-18T17:10:58.2313001Z   origin/main
Deploy Rust Docs	Run actions/checkout@v6	2026-05-18T17:10:58.2321018Z [command]/usr/bin/git rev-parse refs/remotes/origin/main
Deploy Rust Docs	Run actions/checkout@v6	2026-05-18T17:10:58.2346294Z 992b91dd1eeb865ff89d2c130c88ad313a609723
Deploy Rust Docs	Run actions/checkout@v6	2026-05-18T17:10:58.2350946Z ##[endgroup]
Deploy Rust Docs	Run actions/checkout@v6	2026-05-18T17:10:58.2352318Z ##[group]Determining the checkout info
Deploy Rust Docs	Run actions/checkout@v6	2026-05-18T17:10:58.2353946Z ##[endgroup]
Deploy Rust Docs	Run actions/checkout@v6	2026-05-18T17:10:58.2356252Z [command]/usr/bin/git sparse-checkout disable
Deploy Rust Docs	Run actions/checkout@v6	2026-05-18T17:10:58.2401302Z [command]/usr/bin/git config --local --unset-all extensions.worktreeConfig
Deploy Rust Docs	Run actions/checkout@v6	2026-05-18T17:10:58.2430648Z ##[group]Checking out the ref
Deploy Rust Docs	Run actions/checkout@v6	2026-05-18T17:10:58.2434607Z [command]/usr/bin/git checkout --progress --force -B main refs/remotes/origin/main
Deploy Rust Docs	Run actions/checkout@v6	2026-05-18T17:10:58.3057155Z Switched to a new branch 'main'
Deploy Rust Docs	Run actions/checkout@v6	2026-05-18T17:10:58.3058901Z branch 'main' set up to track 'origin/main'.
Deploy Rust Docs	Run actions/checkout@v6	2026-05-18T17:10:58.3069849Z ##[endgroup]
Deploy Rust Docs	Run actions/checkout@v6	2026-05-18T17:10:58.3115856Z [command]/usr/bin/git log -1 --format=%H
Deploy Rust Docs	Run actions/checkout@v6	2026-05-18T17:10:58.3140787Z 992b91dd1eeb865ff89d2c130c88ad313a609723
Deploy Rust Docs	Run dtolnay/rust-toolchain@stable	﻿2026-05-18T17:10:58.3656778Z ##[group]Run dtolnay/rust-toolchain@stable
Deploy Rust Docs	Run dtolnay/rust-toolchain@stable	2026-05-18T17:10:58.3657809Z with:
Deploy Rust Docs	Run dtolnay/rust-toolchain@stable	2026-05-18T17:10:58.3658495Z   toolchain: stable
Deploy Rust Docs	Run dtolnay/rust-toolchain@stable	2026-05-18T17:10:58.3659230Z env:
Deploy Rust Docs	Run dtolnay/rust-toolchain@stable	2026-05-18T17:10:58.3659931Z   CARGO_TERM_COLOR: always
Deploy Rust Docs	Run dtolnay/rust-toolchain@stable	2026-05-18T17:10:58.3660768Z   RUST_BACKTRACE: 1
Deploy Rust Docs	Run dtolnay/rust-toolchain@stable	2026-05-18T17:10:58.3661528Z   RUSTFLAGS: -Dwarnings
Deploy Rust Docs	Run dtolnay/rust-toolchain@stable	2026-05-18T17:10:58.3662718Z   CARGO_REGISTRY_TOKEN: ***
Deploy Rust Docs	Run dtolnay/rust-toolchain@stable	2026-05-18T17:10:58.3663891Z   CARGO_TOKEN: ***
Deploy Rust Docs	Run dtolnay/rust-toolchain@stable	2026-05-18T17:10:58.3664628Z ##[endgroup]
Deploy Rust Docs	Run dtolnay/rust-toolchain@stable	2026-05-18T17:10:58.3809172Z ##[group]Run : parse toolchain version
Deploy Rust Docs	Run dtolnay/rust-toolchain@stable	2026-05-18T17:10:58.3810339Z ^[[36;1m: parse toolchain version^[[0m
Deploy Rust Docs	Run dtolnay/rust-toolchain@stable	2026-05-18T17:10:58.3811306Z ^[[36;1mif [[ -z $toolchain ]]; then^[[0m
Deploy Rust Docs	Run dtolnay/rust-toolchain@stable	2026-05-18T17:10:58.3812963Z ^[[36;1m  # GitHub does not enforce `required: true` inputs itself. https://github.com/actions/runner/issues/1070^[[0m
Deploy Rust Docs	Run dtolnay/rust-toolchain@stable	2026-05-18T17:10:58.3814985Z ^[[36;1m  echo "'toolchain' is a required input" >&2^[[0m
Deploy Rust Docs	Run dtolnay/rust-toolchain@stable	2026-05-18T17:10:58.3816043Z ^[[36;1m  exit 1^[[0m
Deploy Rust Docs	Run dtolnay/rust-toolchain@stable	2026-05-18T17:10:58.3817160Z ^[[36;1melif [[ $toolchain =~ ^stable' '[0-9]+' '(year|month|week|day)s?' 'ago$ ]]; then^[[0m
Deploy Rust Docs	Run dtolnay/rust-toolchain@stable	2026-05-18T17:10:58.3818617Z ^[[36;1m  if [[ Linux == macOS ]]; then^[[0m
Deploy Rust Docs	Run dtolnay/rust-toolchain@stable	2026-05-18T17:10:58.3820329Z ^[[36;1m    echo "toolchain=1.$((($(date -v-$(sed 's/stable \([0-9]*\) \(.\).*/\1\2/' <<< $toolchain) +%s)/60/60/24-16569)/7/6))" >> $GITHUB_OUTPUT^[[0m
Deploy Rust Docs	Run dtolnay/rust-toolchain@stable	2026-05-18T17:10:58.3822047Z ^[[36;1m  else^[[0m
Deploy Rust Docs	Run dtolnay/rust-toolchain@stable	2026-05-18T17:10:58.3823490Z ^[[36;1m    echo "toolchain=1.$((($(date --date "${toolchain#stable }" +%s)/60/60/24-16569)/7/6))" >> $GITHUB_OUTPUT^[[0m
Deploy Rust Docs	Run dtolnay/rust-toolchain@stable	2026-05-18T17:10:58.3825043Z ^[[36;1m  fi^[[0m
Deploy Rust Docs	Run dtolnay/rust-toolchain@stable	2026-05-18T17:10:58.3826061Z ^[[36;1melif [[ $toolchain =~ ^stable' 'minus' '[0-9]+' 'releases?$ ]]; then^[[0m
Deploy Rust Docs	Run dtolnay/rust-toolchain@stable	2026-05-18T17:10:58.3827790Z ^[[36;1m  echo "toolchain=1.$((($(date +%s)/60/60/24-16569)/7/6-${toolchain//[^0-9]/}))" >> $GITHUB_OUTPUT^[[0m
Deploy Rust Docs	Run dtolnay/rust-toolchain@stable	2026-05-18T17:10:58.3829337Z ^[[36;1melif [[ $toolchain =~ ^1\.[0-9]+$ ]]; then^[[0m
Deploy Rust Docs	Run dtolnay/rust-toolchain@stable	2026-05-18T17:10:58.3831072Z ^[[36;1m  echo "toolchain=1.$((i=${toolchain#1.}, c=($(date +%s)/60/60/24-16569)/7/6, i+9*i*(10*i<=c)+90*i*(100*i<=c)))" >> $GITHUB_OUTPUT^[[0m
Deploy Rust Docs	Run dtolnay/rust-toolchain@stable	2026-05-18T17:10:58.3832748Z ^[[36;1melse^[[0m
Deploy Rust Docs	Run dtolnay/rust-toolchain@stable	2026-05-18T17:10:58.3833724Z ^[[36;1m  echo "toolchain=$toolchain" >> $GITHUB_OUTPUT^[[0m
Deploy Rust Docs	Run dtolnay/rust-toolchain@stable	2026-05-18T17:10:58.3834771Z ^[[36;1mfi^[[0m
Deploy Rust Docs	Run dtolnay/rust-toolchain@stable	2026-05-18T17:10:58.3879095Z shell: /usr/bin/bash --noprofile --norc -e -o pipefail {0}
Deploy Rust Docs	Run dtolnay/rust-toolchain@stable	2026-05-18T17:10:58.3880254Z env:
Deploy Rust Docs	Run dtolnay/rust-toolchain@stable	2026-05-18T17:10:58.3880946Z   CARGO_TERM_COLOR: always
Deploy Rust Docs	Run dtolnay/rust-toolchain@stable	2026-05-18T17:10:58.3881764Z   RUST_BACKTRACE: 1
Deploy Rust Docs	Run dtolnay/rust-toolchain@stable	2026-05-18T17:10:58.3882526Z   RUSTFLAGS: -Dwarnings
Deploy Rust Docs	Run dtolnay/rust-toolchain@stable	2026-05-18T17:10:58.3883860Z   CARGO_REGISTRY_TOKEN: ***
Deploy Rust Docs	Run dtolnay/rust-toolchain@stable	2026-05-18T17:10:58.3884856Z   CARGO_TOKEN: ***
Deploy Rust Docs	Run dtolnay/rust-toolchain@stable	2026-05-18T17:10:58.3885608Z   toolchain: stable
Deploy Rust Docs	Run dtolnay/rust-toolchain@stable	2026-05-18T17:10:58.3886348Z ##[endgroup]
Deploy Rust Docs	Run dtolnay/rust-toolchain@stable	2026-05-18T17:10:58.4060785Z ##[group]Run : construct rustup command line
Deploy Rust Docs	Run dtolnay/rust-toolchain@stable	2026-05-18T17:10:58.4061904Z ^[[36;1m: construct rustup command line^[[0m
Deploy Rust Docs	Run dtolnay/rust-toolchain@stable	2026-05-18T17:10:58.4063559Z ^[[36;1mecho "targets=$(for t in ${targets//,/ }; do echo -n ' --target' $t; done)" >> $GITHUB_OUTPUT^[[0m
Deploy Rust Docs	Run dtolnay/rust-toolchain@stable	2026-05-18T17:10:58.4065615Z ^[[36;1mecho "components=$(for c in ${components//,/ }; do echo -n ' --component' $c; done)" >> $GITHUB_OUTPUT^[[0m
Deploy Rust Docs	Run dtolnay/rust-toolchain@stable	2026-05-18T17:10:58.4067273Z ^[[36;1mecho "downgrade=" >> $GITHUB_OUTPUT^[[0m
Deploy Rust Docs	Run dtolnay/rust-toolchain@stable	2026-05-18T17:10:58.4105243Z shell: /usr/bin/bash --noprofile --norc -e -o pipefail {0}
Deploy Rust Docs	Run dtolnay/rust-toolchain@stable	2026-05-18T17:10:58.4106384Z env:
Deploy Rust Docs	Run dtolnay/rust-toolchain@stable	2026-05-18T17:10:58.4107056Z   CARGO_TERM_COLOR: always
Deploy Rust Docs	Run dtolnay/rust-toolchain@stable	2026-05-18T17:10:58.4107865Z   RUST_BACKTRACE: 1
Deploy Rust Docs	Run dtolnay/rust-toolchain@stable	2026-05-18T17:10:58.4108615Z   RUSTFLAGS: -Dwarnings
Deploy Rust Docs	Run dtolnay/rust-toolchain@stable	2026-05-18T17:10:58.4109747Z   CARGO_REGISTRY_TOKEN: ***
Deploy Rust Docs	Run dtolnay/rust-toolchain@stable	2026-05-18T17:10:58.4110893Z   CARGO_TOKEN: ***
Deploy Rust Docs	Run dtolnay/rust-toolchain@stable	2026-05-18T17:10:58.4111606Z   targets:
Deploy Rust Docs	Run dtolnay/rust-toolchain@stable	2026-05-18T17:10:58.4112290Z   components:
Deploy Rust Docs	Run dtolnay/rust-toolchain@stable	2026-05-18T17:10:58.4112984Z ##[endgroup]
Deploy Rust Docs	Run dtolnay/rust-toolchain@stable	2026-05-18T17:10:58.4241269Z ##[group]Run : set $CARGO_HOME
Deploy Rust Docs	Run dtolnay/rust-toolchain@stable	2026-05-18T17:10:58.4242192Z ^[[36;1m: set $CARGO_HOME^[[0m
Deploy Rust Docs	Run dtolnay/rust-toolchain@stable	2026-05-18T17:10:58.4243510Z ^[[36;1mecho CARGO_HOME=${CARGO_HOME:-"$HOME/.cargo"} >> $GITHUB_ENV^[[0m
Deploy Rust Docs	Run dtolnay/rust-toolchain@stable	2026-05-18T17:10:58.4278881Z shell: /usr/bin/bash --noprofile --norc -e -o pipefail {0}
Deploy Rust Docs	Run dtolnay/rust-toolchain@stable	2026-05-18T17:10:58.4280002Z env:
Deploy Rust Docs	Run dtolnay/rust-toolchain@stable	2026-05-18T17:10:58.4280922Z   CARGO_TERM_COLOR: always
Deploy Rust Docs	Run dtolnay/rust-toolchain@stable	2026-05-18T17:10:58.4281757Z   RUST_BACKTRACE: 1
Deploy Rust Docs	Run dtolnay/rust-toolchain@stable	2026-05-18T17:10:58.4282512Z   RUSTFLAGS: -Dwarnings
Deploy Rust Docs	Run dtolnay/rust-toolchain@stable	2026-05-18T17:10:58.4283882Z   CARGO_REGISTRY_TOKEN: ***
Deploy Rust Docs	Run dtolnay/rust-toolchain@stable	2026-05-18T17:10:58.4284922Z   CARGO_TOKEN: ***
Deploy Rust Docs	Run dtolnay/rust-toolchain@stable	2026-05-18T17:10:58.4285709Z ##[endgroup]
Deploy Rust Docs	Run dtolnay/rust-toolchain@stable	2026-05-18T17:10:58.4404020Z ##[group]Run : install rustup if needed
Deploy Rust Docs	Run dtolnay/rust-toolchain@stable	2026-05-18T17:10:58.4405034Z ^[[36;1m: install rustup if needed^[[0m
Deploy Rust Docs	Run dtolnay/rust-toolchain@stable	2026-05-18T17:10:58.4406036Z ^[[36;1mif ! command -v rustup &>/dev/null; then^[[0m
Deploy Rust Docs	Run dtolnay/rust-toolchain@stable	2026-05-18T17:10:58.4408386Z ^[[36;1m  curl --proto '=https' --tlsv1.2 --retry 10 --retry-connrefused --location --silent --show-error --fail https://sh.rustup.rs | sh -s -- --default-toolchain none -y^[[0m
Deploy Rust Docs	Run dtolnay/rust-toolchain@stable	2026-05-18T17:10:58.4410704Z ^[[36;1m  echo "$CARGO_HOME/bin" >> $GITHUB_PATH^[[0m
Deploy Rust Docs	Run dtolnay/rust-toolchain@stable	2026-05-18T17:10:58.4411682Z ^[[36;1mfi^[[0m
Deploy Rust Docs	Run dtolnay/rust-toolchain@stable	2026-05-18T17:10:58.4446069Z shell: /usr/bin/bash --noprofile --norc -e -o pipefail {0}
Deploy Rust Docs	Run dtolnay/rust-toolchain@stable	2026-05-18T17:10:58.4447160Z env:
Deploy Rust Docs	Run dtolnay/rust-toolchain@stable	2026-05-18T17:10:58.4447845Z   CARGO_TERM_COLOR: always
Deploy Rust Docs	Run dtolnay/rust-toolchain@stable	2026-05-18T17:10:58.4448669Z   RUST_BACKTRACE: 1
Deploy Rust Docs	Run dtolnay/rust-toolchain@stable	2026-05-18T17:10:58.4449420Z   RUSTFLAGS: -Dwarnings
Deploy Rust Docs	Run dtolnay/rust-toolchain@stable	2026-05-18T17:10:58.4450526Z   CARGO_REGISTRY_TOKEN: ***
Deploy Rust Docs	Run dtolnay/rust-toolchain@stable	2026-05-18T17:10:58.4451522Z   CARGO_TOKEN: ***
Deploy Rust Docs	Run dtolnay/rust-toolchain@stable	2026-05-18T17:10:58.4452291Z   CARGO_HOME: /home/runner/.cargo
Deploy Rust Docs	Run dtolnay/rust-toolchain@stable	2026-05-18T17:10:58.4453304Z ##[endgroup]
Deploy Rust Docs	Run dtolnay/rust-toolchain@stable	2026-05-18T17:10:58.4575009Z ##[group]Run rustup toolchain install stable --profile minimal --no-self-update
Deploy Rust Docs	Run dtolnay/rust-toolchain@stable	2026-05-18T17:10:58.4576777Z ^[[36;1mrustup toolchain install stable --profile minimal --no-self-update^[[0m
Deploy Rust Docs	Run dtolnay/rust-toolchain@stable	2026-05-18T17:10:58.4612280Z shell: /usr/bin/bash --noprofile --norc -e -o pipefail {0}
Deploy Rust Docs	Run dtolnay/rust-toolchain@stable	2026-05-18T17:10:58.4613557Z env:
Deploy Rust Docs	Run dtolnay/rust-toolchain@stable	2026-05-18T17:10:58.4614246Z   CARGO_TERM_COLOR: always
Deploy Rust Docs	Run dtolnay/rust-toolchain@stable	2026-05-18T17:10:58.4615087Z   RUST_BACKTRACE: 1
Deploy Rust Docs	Run dtolnay/rust-toolchain@stable	2026-05-18T17:10:58.4615840Z   RUSTFLAGS: -Dwarnings
Deploy Rust Docs	Run dtolnay/rust-toolchain@stable	2026-05-18T17:10:58.4616934Z   CARGO_REGISTRY_TOKEN: ***
Deploy Rust Docs	Run dtolnay/rust-toolchain@stable	2026-05-18T17:10:58.4617925Z   CARGO_TOKEN: ***
Deploy Rust Docs	Run dtolnay/rust-toolchain@stable	2026-05-18T17:10:58.4618687Z   CARGO_HOME: /home/runner/.cargo
Deploy Rust Docs	Run dtolnay/rust-toolchain@stable	2026-05-18T17:10:58.4619602Z   RUSTUP_PERMIT_COPY_RENAME: 1
Deploy Rust Docs	Run dtolnay/rust-toolchain@stable	2026-05-18T17:10:58.4620458Z ##[endgroup]
Deploy Rust Docs	Run dtolnay/rust-toolchain@stable	2026-05-18T17:10:58.6204649Z info: syncing channel updates for stable-x86_64-unknown-linux-gnu
Deploy Rust Docs	Run dtolnay/rust-toolchain@stable	2026-05-18T17:10:58.6959061Z
Deploy Rust Docs	Run dtolnay/rust-toolchain@stable	2026-05-18T17:10:58.7052095Z   stable-x86_64-unknown-linux-gnu unchanged - rustc 1.95.0 (59807616e 2026-04-14)
Deploy Rust Docs	Run dtolnay/rust-toolchain@stable	2026-05-18T17:10:58.7054112Z
Deploy Rust Docs	Run dtolnay/rust-toolchain@stable	2026-05-18T17:10:58.7124671Z ##[group]Run rustup default stable
Deploy Rust Docs	Run dtolnay/rust-toolchain@stable	2026-05-18T17:10:58.7125628Z ^[[36;1mrustup default stable^[[0m
Deploy Rust Docs	Run dtolnay/rust-toolchain@stable	2026-05-18T17:10:58.7165086Z shell: /usr/bin/bash --noprofile --norc -e -o pipefail {0}
Deploy Rust Docs	Run dtolnay/rust-toolchain@stable	2026-05-18T17:10:58.7166261Z env:
Deploy Rust Docs	Run dtolnay/rust-toolchain@stable	2026-05-18T17:10:58.7167160Z   CARGO_TERM_COLOR: always
Deploy Rust Docs	Run dtolnay/rust-toolchain@stable	2026-05-18T17:10:58.7168361Z   RUST_BACKTRACE: 1
Deploy Rust Docs	Run dtolnay/rust-toolchain@stable	2026-05-18T17:10:58.7169364Z   RUSTFLAGS: -Dwarnings
Deploy Rust Docs	Run dtolnay/rust-toolchain@stable	2026-05-18T17:10:58.7170490Z   CARGO_REGISTRY_TOKEN: ***
Deploy Rust Docs	Run dtolnay/rust-toolchain@stable	2026-05-18T17:10:58.7171469Z   CARGO_TOKEN: ***
Deploy Rust Docs	Run dtolnay/rust-toolchain@stable	2026-05-18T17:10:58.7172223Z   CARGO_HOME: /home/runner/.cargo
Deploy Rust Docs	Run dtolnay/rust-toolchain@stable	2026-05-18T17:10:58.7173085Z ##[endgroup]
Deploy Rust Docs	Run dtolnay/rust-toolchain@stable	2026-05-18T17:10:58.7301422Z info: using existing install for stable-x86_64-unknown-linux-gnu
Deploy Rust Docs	Run dtolnay/rust-toolchain@stable	2026-05-18T17:10:58.7307239Z info: default toolchain set to stable-x86_64-unknown-linux-gnu
Deploy Rust Docs	Run dtolnay/rust-toolchain@stable	2026-05-18T17:10:58.7308515Z
Deploy Rust Docs	Run dtolnay/rust-toolchain@stable	2026-05-18T17:10:58.7396097Z   stable-x86_64-unknown-linux-gnu unchanged - rustc 1.95.0 (59807616e 2026-04-14)
Deploy Rust Docs	Run dtolnay/rust-toolchain@stable	2026-05-18T17:10:58.7397298Z
Deploy Rust Docs	Run dtolnay/rust-toolchain@stable	2026-05-18T17:10:58.7455868Z ##[group]Run : create cachekey
Deploy Rust Docs	Run dtolnay/rust-toolchain@stable	2026-05-18T17:10:58.7456782Z ^[[36;1m: create cachekey^[[0m
Deploy Rust Docs	Run dtolnay/rust-toolchain@stable	2026-05-18T17:10:58.7458391Z ^[[36;1mDATE=$(rustc +stable --version --verbose | sed -ne 's/^commit-date: \(20[0-9][0-9]\)-\([01][0-9]\)-\([0-3][0-9]\)$/\1\2\3/p')^[[0m
Deploy Rust Docs	Run dtolnay/rust-toolchain@stable	2026-05-18T17:10:58.7460474Z ^[[36;1mHASH=$(rustc +stable --version --verbose | sed -ne 's/^commit-hash: //p')^[[0m
Deploy Rust Docs	Run dtolnay/rust-toolchain@stable	2026-05-18T17:10:58.7462103Z ^[[36;1mecho "cachekey=$(echo $DATE$HASH | head -c12)" >> $GITHUB_OUTPUT^[[0m
Deploy Rust Docs	Run dtolnay/rust-toolchain@stable	2026-05-18T17:10:58.7501961Z shell: /usr/bin/bash --noprofile --norc -e -o pipefail {0}
Deploy Rust Docs	Run dtolnay/rust-toolchain@stable	2026-05-18T17:10:58.7503066Z env:
Deploy Rust Docs	Run dtolnay/rust-toolchain@stable	2026-05-18T17:10:58.7503966Z   CARGO_TERM_COLOR: always
Deploy Rust Docs	Run dtolnay/rust-toolchain@stable	2026-05-18T17:10:58.7504771Z   RUST_BACKTRACE: 1
Deploy Rust Docs	Run dtolnay/rust-toolchain@stable	2026-05-18T17:10:58.7505503Z   RUSTFLAGS: -Dwarnings
Deploy Rust Docs	Run dtolnay/rust-toolchain@stable	2026-05-18T17:10:58.7506843Z   CARGO_REGISTRY_TOKEN: ***
Deploy Rust Docs	Run dtolnay/rust-toolchain@stable	2026-05-18T17:10:58.7507844Z   CARGO_TOKEN: ***
Deploy Rust Docs	Run dtolnay/rust-toolchain@stable	2026-05-18T17:10:58.7508589Z   CARGO_HOME: /home/runner/.cargo
Deploy Rust Docs	Run dtolnay/rust-toolchain@stable	2026-05-18T17:10:58.7509448Z ##[endgroup]
Deploy Rust Docs	Run dtolnay/rust-toolchain@stable	2026-05-18T17:10:58.8192239Z ##[group]Run : disable incremental compilation
Deploy Rust Docs	Run dtolnay/rust-toolchain@stable	2026-05-18T17:10:58.8193585Z ^[[36;1m: disable incremental compilation^[[0m
Deploy Rust Docs	Run dtolnay/rust-toolchain@stable	2026-05-18T17:10:58.8194677Z ^[[36;1mif [ -z "${CARGO_INCREMENTAL+set}" ]; then^[[0m
Deploy Rust Docs	Run dtolnay/rust-toolchain@stable	2026-05-18T17:10:58.8196085Z ^[[36;1m  echo CARGO_INCREMENTAL=0 >> $GITHUB_ENV^[[0m
Deploy Rust Docs	Run dtolnay/rust-toolchain@stable	2026-05-18T17:10:58.8222624Z ^[[36;1mfi^[[0m
Deploy Rust Docs	Run dtolnay/rust-toolchain@stable	2026-05-18T17:10:58.8266628Z shell: /usr/bin/bash --noprofile --norc -e -o pipefail {0}
Deploy Rust Docs	Run dtolnay/rust-toolchain@stable	2026-05-18T17:10:58.8267742Z env:
Deploy Rust Docs	Run dtolnay/rust-toolchain@stable	2026-05-18T17:10:58.8268413Z   CARGO_TERM_COLOR: always
Deploy Rust Docs	Run dtolnay/rust-toolchain@stable	2026-05-18T17:10:58.8269209Z   RUST_BACKTRACE: 1
Deploy Rust Docs	Run dtolnay/rust-toolchain@stable	2026-05-18T17:10:58.8269946Z   RUSTFLAGS: -Dwarnings
Deploy Rust Docs	Run dtolnay/rust-toolchain@stable	2026-05-18T17:10:58.8271090Z   CARGO_REGISTRY_TOKEN: ***
Deploy Rust Docs	Run dtolnay/rust-toolchain@stable	2026-05-18T17:10:58.8272060Z   CARGO_TOKEN: ***
Deploy Rust Docs	Run dtolnay/rust-toolchain@stable	2026-05-18T17:10:58.8272820Z   CARGO_HOME: /home/runner/.cargo
Deploy Rust Docs	Run dtolnay/rust-toolchain@stable	2026-05-18T17:10:58.8273962Z ##[endgroup]
Deploy Rust Docs	Run dtolnay/rust-toolchain@stable	2026-05-18T17:10:58.8384968Z ##[group]Run : enable colors in Cargo output
Deploy Rust Docs	Run dtolnay/rust-toolchain@stable	2026-05-18T17:10:58.8386029Z ^[[36;1m: enable colors in Cargo output^[[0m
Deploy Rust Docs	Run dtolnay/rust-toolchain@stable	2026-05-18T17:10:58.8387087Z ^[[36;1mif [ -z "${CARGO_TERM_COLOR+set}" ]; then^[[0m
Deploy Rust Docs	Run dtolnay/rust-toolchain@stable	2026-05-18T17:10:58.8388213Z ^[[36;1m  echo CARGO_TERM_COLOR=always >> $GITHUB_ENV^[[0m
Deploy Rust Docs	Run dtolnay/rust-toolchain@stable	2026-05-18T17:10:58.8389229Z ^[[36;1mfi^[[0m
Deploy Rust Docs	Run dtolnay/rust-toolchain@stable	2026-05-18T17:10:58.8425080Z shell: /usr/bin/bash --noprofile --norc -e -o pipefail {0}
Deploy Rust Docs	Run dtolnay/rust-toolchain@stable	2026-05-18T17:10:58.8426177Z env:
Deploy Rust Docs	Run dtolnay/rust-toolchain@stable	2026-05-18T17:10:58.8426847Z   CARGO_TERM_COLOR: always
Deploy Rust Docs	Run dtolnay/rust-toolchain@stable	2026-05-18T17:10:58.8427657Z   RUST_BACKTRACE: 1
Deploy Rust Docs	Run dtolnay/rust-toolchain@stable	2026-05-18T17:10:58.8428386Z   RUSTFLAGS: -Dwarnings
Deploy Rust Docs	Run dtolnay/rust-toolchain@stable	2026-05-18T17:10:58.8429503Z   CARGO_REGISTRY_TOKEN: ***
Deploy Rust Docs	Run dtolnay/rust-toolchain@stable	2026-05-18T17:10:58.8430480Z   CARGO_TOKEN: ***
Deploy Rust Docs	Run dtolnay/rust-toolchain@stable	2026-05-18T17:10:58.8431227Z   CARGO_HOME: /home/runner/.cargo
Deploy Rust Docs	Run dtolnay/rust-toolchain@stable	2026-05-18T17:10:58.8432097Z   CARGO_INCREMENTAL: 0
Deploy Rust Docs	Run dtolnay/rust-toolchain@stable	2026-05-18T17:10:58.8432845Z ##[endgroup]
Deploy Rust Docs	Run dtolnay/rust-toolchain@stable	2026-05-18T17:10:58.8542275Z ##[group]Run : enable Cargo sparse registry
Deploy Rust Docs	Run dtolnay/rust-toolchain@stable	2026-05-18T17:10:58.8543534Z ^[[36;1m: enable Cargo sparse registry^[[0m
Deploy Rust Docs	Run dtolnay/rust-toolchain@stable	2026-05-18T17:10:58.8544754Z ^[[36;1m# implemented in 1.66, stabilized in 1.68, made default in 1.70^[[0m
Deploy Rust Docs	Run dtolnay/rust-toolchain@stable	2026-05-18T17:10:58.8547181Z ^[[36;1mif [ -z "${CARGO_REGISTRIES_CRATES_IO_PROTOCOL+set}" -o -f "/home/runner/work/_temp"/.implicit_cargo_registries_crates_io_protocol ]; then^[[0m
Deploy Rust Docs	Run dtolnay/rust-toolchain@stable	2026-05-18T17:10:58.8549489Z ^[[36;1m  if rustc +stable --version --verbose | grep -q '^release: 1\.6[89]\.'; then^[[0m
Deploy Rust Docs	Run dtolnay/rust-toolchain@stable	2026-05-18T17:10:58.8551347Z ^[[36;1m    touch "/home/runner/work/_temp"/.implicit_cargo_registries_crates_io_protocol || true^[[0m
Deploy Rust Docs	Run dtolnay/rust-toolchain@stable	2026-05-18T17:10:58.8553101Z ^[[36;1m    echo CARGO_REGISTRIES_CRATES_IO_PROTOCOL=sparse >> $GITHUB_ENV^[[0m
Deploy Rust Docs	Run dtolnay/rust-toolchain@stable	2026-05-18T17:10:58.8554926Z ^[[36;1m  elif rustc +stable --version --verbose | grep -q '^release: 1\.6[67]\.'; then^[[0m
Deploy Rust Docs	Run dtolnay/rust-toolchain@stable	2026-05-18T17:10:58.8556800Z ^[[36;1m    touch "/home/runner/work/_temp"/.implicit_cargo_registries_crates_io_protocol || true^[[0m
Deploy Rust Docs	Run dtolnay/rust-toolchain@stable	2026-05-18T17:10:58.8558527Z ^[[36;1m    echo CARGO_REGISTRIES_CRATES_IO_PROTOCOL=git >> $GITHUB_ENV^[[0m
Deploy Rust Docs	Run dtolnay/rust-toolchain@stable	2026-05-18T17:10:58.8559719Z ^[[36;1m  fi^[[0m
Deploy Rust Docs	Run dtolnay/rust-toolchain@stable	2026-05-18T17:10:58.8560401Z ^[[36;1mfi^[[0m
Deploy Rust Docs	Run dtolnay/rust-toolchain@stable	2026-05-18T17:10:58.8595963Z shell: /usr/bin/bash --noprofile --norc -e -o pipefail {0}
Deploy Rust Docs	Run dtolnay/rust-toolchain@stable	2026-05-18T17:10:58.8597053Z env:
Deploy Rust Docs	Run dtolnay/rust-toolchain@stable	2026-05-18T17:10:58.8597724Z   CARGO_TERM_COLOR: always
Deploy Rust Docs	Run dtolnay/rust-toolchain@stable	2026-05-18T17:10:58.8598520Z   RUST_BACKTRACE: 1
Deploy Rust Docs	Run dtolnay/rust-toolchain@stable	2026-05-18T17:10:58.8599242Z   RUSTFLAGS: -Dwarnings
Deploy Rust Docs	Run dtolnay/rust-toolchain@stable	2026-05-18T17:10:58.8600313Z   CARGO_REGISTRY_TOKEN: ***
Deploy Rust Docs	Run dtolnay/rust-toolchain@stable	2026-05-18T17:10:58.8601308Z   CARGO_TOKEN: ***
Deploy Rust Docs	Run dtolnay/rust-toolchain@stable	2026-05-18T17:10:58.8602057Z   CARGO_HOME: /home/runner/.cargo
Deploy Rust Docs	Run dtolnay/rust-toolchain@stable	2026-05-18T17:10:58.8602936Z   CARGO_INCREMENTAL: 0
Deploy Rust Docs	Run dtolnay/rust-toolchain@stable	2026-05-18T17:10:58.8603865Z ##[endgroup]
Deploy Rust Docs	Run dtolnay/rust-toolchain@stable	2026-05-18T17:10:58.9023795Z ##[group]Run : work around spurious network errors in curl 8.0
Deploy Rust Docs	Run dtolnay/rust-toolchain@stable	2026-05-18T17:10:58.9025174Z ^[[36;1m: work around spurious network errors in curl 8.0^[[0m
Deploy Rust Docs	Run dtolnay/rust-toolchain@stable	2026-05-18T17:10:58.9026894Z ^[[36;1m# https://rust-lang.zulipchat.com/#narrow/stream/246057-t-cargo/topic/timeout.20investigation^[[0m
Deploy Rust Docs	Run dtolnay/rust-toolchain@stable	2026-05-18T17:10:58.9028837Z ^[[36;1mif rustc +stable --version --verbose | grep -q '^release: 1\.7[01]\.'; then^[[0m
Deploy Rust Docs	Run dtolnay/rust-toolchain@stable	2026-05-18T17:10:58.9030535Z ^[[36;1m  echo CARGO_HTTP_MULTIPLEXING=false >> $GITHUB_ENV^[[0m
Deploy Rust Docs	Run dtolnay/rust-toolchain@stable	2026-05-18T17:10:58.9031614Z ^[[36;1mfi^[[0m
Deploy Rust Docs	Run dtolnay/rust-toolchain@stable	2026-05-18T17:10:58.9070914Z shell: /usr/bin/bash --noprofile --norc -e -o pipefail {0}
Deploy Rust Docs	Run dtolnay/rust-toolchain@stable	2026-05-18T17:10:58.9072002Z env:
Deploy Rust Docs	Run dtolnay/rust-toolchain@stable	2026-05-18T17:10:58.9072676Z   CARGO_TERM_COLOR: always
Deploy Rust Docs	Run dtolnay/rust-toolchain@stable	2026-05-18T17:10:58.9073594Z   RUST_BACKTRACE: 1
Deploy Rust Docs	Run dtolnay/rust-toolchain@stable	2026-05-18T17:10:58.9074450Z   RUSTFLAGS: -Dwarnings
Deploy Rust Docs	Run dtolnay/rust-toolchain@stable	2026-05-18T17:10:58.9075657Z   CARGO_REGISTRY_TOKEN: ***
Deploy Rust Docs	Run dtolnay/rust-toolchain@stable	2026-05-18T17:10:58.9076628Z   CARGO_TOKEN: ***
Deploy Rust Docs	Run dtolnay/rust-toolchain@stable	2026-05-18T17:10:58.9077382Z   CARGO_HOME: /home/runner/.cargo
Deploy Rust Docs	Run dtolnay/rust-toolchain@stable	2026-05-18T17:10:58.9078259Z   CARGO_INCREMENTAL: 0
Deploy Rust Docs	Run dtolnay/rust-toolchain@stable	2026-05-18T17:10:58.9079003Z ##[endgroup]
Deploy Rust Docs	Run dtolnay/rust-toolchain@stable	2026-05-18T17:10:58.9337395Z ##[group]Run rustc +stable --version --verbose
Deploy Rust Docs	Run dtolnay/rust-toolchain@stable	2026-05-18T17:10:58.9338515Z ^[[36;1mrustc +stable --version --verbose^[[0m
Deploy Rust Docs	Run dtolnay/rust-toolchain@stable	2026-05-18T17:10:58.9376274Z shell: /usr/bin/bash --noprofile --norc -e -o pipefail {0}
Deploy Rust Docs	Run dtolnay/rust-toolchain@stable	2026-05-18T17:10:58.9377378Z env:
Deploy Rust Docs	Run dtolnay/rust-toolchain@stable	2026-05-18T17:10:58.9378069Z   CARGO_TERM_COLOR: always
Deploy Rust Docs	Run dtolnay/rust-toolchain@stable	2026-05-18T17:10:58.9378888Z   RUST_BACKTRACE: 1
Deploy Rust Docs	Run dtolnay/rust-toolchain@stable	2026-05-18T17:10:58.9379622Z   RUSTFLAGS: -Dwarnings
Deploy Rust Docs	Run dtolnay/rust-toolchain@stable	2026-05-18T17:10:58.9380745Z   CARGO_REGISTRY_TOKEN: ***
Deploy Rust Docs	Run dtolnay/rust-toolchain@stable	2026-05-18T17:10:58.9381744Z   CARGO_TOKEN: ***
Deploy Rust Docs	Run dtolnay/rust-toolchain@stable	2026-05-18T17:10:58.9382493Z   CARGO_HOME: /home/runner/.cargo
Deploy Rust Docs	Run dtolnay/rust-toolchain@stable	2026-05-18T17:10:58.9383571Z   CARGO_INCREMENTAL: 0
Deploy Rust Docs	Run dtolnay/rust-toolchain@stable	2026-05-18T17:10:58.9384327Z ##[endgroup]
Deploy Rust Docs	Run dtolnay/rust-toolchain@stable	2026-05-18T17:10:58.9579796Z rustc 1.95.0 (59807616e 2026-04-14)
Deploy Rust Docs	Run dtolnay/rust-toolchain@stable	2026-05-18T17:10:58.9581027Z binary: rustc
Deploy Rust Docs	Run dtolnay/rust-toolchain@stable	2026-05-18T17:10:58.9581964Z commit-hash: 59807616e1fa2540724bfbac14d7976d7e4a3860
Deploy Rust Docs	Run dtolnay/rust-toolchain@stable	2026-05-18T17:10:58.9583684Z commit-date: 2026-04-14
Deploy Rust Docs	Run dtolnay/rust-toolchain@stable	2026-05-18T17:10:58.9584855Z host: x86_64-unknown-linux-gnu
Deploy Rust Docs	Run dtolnay/rust-toolchain@stable	2026-05-18T17:10:58.9586086Z release: 1.95.0
Deploy Rust Docs	Run dtolnay/rust-toolchain@stable	2026-05-18T17:10:58.9587097Z LLVM version: 22.1.2
Deploy Rust Docs	Install rust-script	﻿2026-05-18T17:10:58.9691164Z ##[group]Run cargo install rust-script
Deploy Rust Docs	Install rust-script	2026-05-18T17:10:58.9692196Z ^[[36;1mcargo install rust-script^[[0m
Deploy Rust Docs	Install rust-script	2026-05-18T17:10:58.9731599Z shell: /usr/bin/bash -e {0}
Deploy Rust Docs	Install rust-script	2026-05-18T17:10:58.9732442Z env:
Deploy Rust Docs	Install rust-script	2026-05-18T17:10:58.9733120Z   CARGO_TERM_COLOR: always
Deploy Rust Docs	Install rust-script	2026-05-18T17:10:58.9734053Z   RUST_BACKTRACE: 1
Deploy Rust Docs	Install rust-script	2026-05-18T17:10:58.9734806Z   RUSTFLAGS: -Dwarnings
Deploy Rust Docs	Install rust-script	2026-05-18T17:10:58.9736173Z   CARGO_REGISTRY_TOKEN: ***
Deploy Rust Docs	Install rust-script	2026-05-18T17:10:58.9737156Z   CARGO_TOKEN: ***
Deploy Rust Docs	Install rust-script	2026-05-18T17:10:58.9737927Z   CARGO_HOME: /home/runner/.cargo
Deploy Rust Docs	Install rust-script	2026-05-18T17:10:58.9738807Z   CARGO_INCREMENTAL: 0
Deploy Rust Docs	Install rust-script	2026-05-18T17:10:58.9739560Z ##[endgroup]
Deploy Rust Docs	Install rust-script	2026-05-18T17:10:59.8383749Z ^[[1m^[[92m    Updating^[[0m crates.io index
Deploy Rust Docs	Install rust-script	2026-05-18T17:10:59.9730580Z ^[[1m^[[92m Downloading^[[0m crates ...
Deploy Rust Docs	Install rust-script	2026-05-18T17:11:00.0787605Z ^[[1m^[[92m  Downloaded^[[0m rust-script v0.36.0
Deploy Rust Docs	Install rust-script	2026-05-18T17:11:00.3038240Z ^[[1m^[[92m  Installing^[[0m rust-script v0.36.0
Deploy Rust Docs	Install rust-script	2026-05-18T17:11:00.5980297Z ^[[1m^[[92m    Updating^[[0m crates.io index
Deploy Rust Docs	Install rust-script	2026-05-18T17:11:00.8903946Z ^[[1m^[[92m     Locking^[[0m 113 packages to latest compatible versions
Deploy Rust Docs	Install rust-script	2026-05-18T17:11:00.8945669Z ^[[1m^[[92m      Adding^[[0m generic-array v0.14.7 ^[[1m^[[33m(available: v0.14.9)^[[0m
Deploy Rust Docs	Install rust-script	2026-05-18T17:11:00.9049051Z ^[[1m^[[92m      Adding^[[0m sha1 v0.10.6 ^[[1m^[[33m(available: v0.11.0)^[[0m
Deploy Rust Docs	Install rust-script	2026-05-18T17:11:00.9074579Z ^[[1m^[[92m      Adding^[[0m toml v0.9.12+spec-1.1.0 ^[[1m^[[33m(available: v1.1.2+spec-1.1.0)^[[0m
Deploy Rust Docs	Install rust-script	2026-05-18T17:11:00.9120881Z ^[[1m^[[92m      Adding^[[0m winreg v0.55.0 ^[[1m^[[33m(available: v0.56.0)^[[0m
Deploy Rust Docs	Install rust-script	2026-05-18T17:11:00.9152306Z ^[[1m^[[92m Downloading^[[0m crates ...
Deploy Rust Docs	Install rust-script	2026-05-18T17:11:00.9626235Z ^[[1m^[[92m  Downloaded^[[0m block-buffer v0.10.4
Deploy Rust Docs	Install rust-script	2026-05-18T17:11:00.9889676Z ^[[1m^[[92m  Downloaded^[[0m env_filter v1.0.1
Deploy Rust Docs	Install rust-script	2026-05-18T17:11:01.0112151Z ^[[1m^[[92m  Downloaded^[[0m anstream v1.0.0
Deploy Rust Docs	Install rust-script	2026-05-18T17:11:01.0145511Z ^[[1m^[[92m  Downloaded^[[0m shell-words v1.1.1
Deploy Rust Docs	Install rust-script	2026-05-18T17:11:01.0160751Z ^[[1m^[[92m  Downloaded^[[0m strsim v0.11.1
Deploy Rust Docs	Install rust-script	2026-05-18T17:11:01.0180498Z ^[[1m^[[92m  Downloaded^[[0m pulldown-cmark-escape v0.11.0
Deploy Rust Docs	Install rust-script	2026-05-18T17:11:01.0192684Z ^[[1m^[[92m  Downloaded^[[0m generic-array v0.14.7
Deploy Rust Docs	Install rust-script	2026-05-18T17:11:01.0214730Z ^[[1m^[[92m  Downloaded^[[0m option-ext v0.2.0
Deploy Rust Docs	Install rust-script	2026-05-18T17:11:01.0226914Z ^[[1m^[[92m  Downloaded^[[0m sha1 v0.10.6
Deploy Rust Docs	Install rust-script	2026-05-18T17:11:01.0252574Z ^[[1m^[[92m  Downloaded^[[0m is_terminal_polyfill v1.70.2
Deploy Rust Docs	Install rust-script	2026-05-18T17:11:01.0265883Z ^[[1m^[[92m  Downloaded^[[0m dirs-sys v0.5.0
Deploy Rust Docs	Install rust-script	2026-05-18T17:11:01.0279137Z ^[[1m^[[92m  Downloaded^[[0m utf8parse v0.2.2
Deploy Rust Docs	Install rust-script	2026-05-18T17:11:01.0292385Z ^[[1m^[[92m  Downloaded^[[0m equivalent v1.0.2
Deploy Rust Docs	Install rust-script	2026-05-18T17:11:01.0304343Z ^[[1m^[[92m  Downloaded^[[0m dirs v6.0.0
Deploy Rust Docs	Install rust-script	2026-05-18T17:11:01.0317333Z ^[[1m^[[92m  Downloaded^[[0m anstyle v1.0.14
Deploy Rust Docs	Install rust-script	2026-05-18T17:11:01.0333710Z ^[[1m^[[92m  Downloaded^[[0m toml_writer v1.1.1+spec-1.1.0
Deploy Rust Docs	Install rust-script	2026-05-18T17:11:01.0347640Z ^[[1m^[[92m  Downloaded^[[0m clap_lex v1.1.0
Deploy Rust Docs	Install rust-script	2026-05-18T17:11:01.0362482Z ^[[1m^[[92m  Downloaded^[[0m cpufeatures v0.2.17
Deploy Rust Docs	Install rust-script	2026-05-18T17:11:01.0377695Z ^[[1m^[[92m  Downloaded^[[0m crypto-common v0.1.7
Deploy Rust Docs	Install rust-script	2026-05-18T17:11:01.0388618Z ^[[1m^[[92m  Downloaded^[[0m cfg-if v1.0.4
Deploy Rust Docs	Install rust-script	2026-05-18T17:11:01.0402076Z ^[[1m^[[92m  Downloaded^[[0m anstyle-query v1.1.5
Deploy Rust Docs	Install rust-script	2026-05-18T17:11:01.0415882Z ^[[1m^[[92m  Downloaded^[[0m version_check v0.9.5
Deploy Rust Docs	Install rust-script	2026-05-18T17:11:01.0429362Z ^[[1m^[[92m  Downloaded^[[0m env_logger v0.11.10
Deploy Rust Docs	Install rust-script	2026-05-18T17:11:01.0452650Z ^[[1m^[[92m  Downloaded^[[0m unicase v2.9.0
Deploy Rust Docs	Install rust-script	2026-05-18T17:11:01.0467205Z ^[[1m^[[92m  Downloaded^[[0m errno v0.3.14
Deploy Rust Docs	Install rust-script	2026-05-18T17:11:01.0487620Z ^[[1m^[[92m  Downloaded^[[0m toml_parser v1.1.2+spec-1.1.0
Deploy Rust Docs	Install rust-script	2026-05-18T17:11:01.0511920Z ^[[1m^[[92m  Downloaded^[[0m tempfile v3.27.0
Deploy Rust Docs	Install rust-script	2026-05-18T17:11:01.0538616Z ^[[1m^[[92m  Downloaded^[[0m once_cell v1.21.4
Deploy Rust Docs	Install rust-script	2026-05-18T17:11:01.0565226Z ^[[1m^[[92m  Downloaded^[[0m bitflags v2.11.1
Deploy Rust Docs	Install rust-script	2026-05-18T17:11:01.0610275Z ^[[1m^[[92m  Downloaded^[[0m serde_core v1.0.228
Deploy Rust Docs	Install rust-script	2026-05-18T17:11:01.0639161Z ^[[1m^[[92m  Downloaded^[[0m getrandom v0.4.2
Deploy Rust Docs	Install rust-script	2026-05-18T17:11:01.0678747Z ^[[1m^[[92m  Downloaded^[[0m log v0.4.29
Deploy Rust Docs	Install rust-script	2026-05-18T17:11:01.0704576Z ^[[1m^[[92m  Downloaded^[[0m clap v4.6.1
Deploy Rust Docs	Install rust-script	2026-05-18T17:11:01.0800808Z ^[[1m^[[92m  Downloaded^[[0m toml v0.9.12+spec-1.1.0
Deploy Rust Docs	Install rust-script	2026-05-18T17:11:01.0844310Z ^[[1m^[[92m  Downloaded^[[0m anstyle-parse v1.0.0
Deploy Rust Docs	Install rust-script	2026-05-18T17:11:01.0859734Z ^[[1m^[[92m  Downloaded^[[0m toml_datetime v0.7.5+spec-1.1.0
Deploy Rust Docs	Install rust-script	2026-05-18T17:11:01.0874172Z ^[[1m^[[92m  Downloaded^[[0m getopts v0.2.24
Deploy Rust Docs	Install rust-script	2026-05-18T17:11:01.0890734Z ^[[1m^[[92m  Downloaded^[[0m fastrand v2.4.1
Deploy Rust Docs	Install rust-script	2026-05-18T17:11:01.0906163Z ^[[1m^[[92m  Downloaded^[[0m digest v0.10.7
Deploy Rust Docs	Install rust-script	2026-05-18T17:11:01.0925608Z ^[[1m^[[92m  Downloaded^[[0m colorchoice v1.0.5
Deploy Rust Docs	Install rust-script	2026-05-18T17:11:01.0934925Z ^[[1m^[[92m  Downloaded^[[0m serde_spanned v1.1.1
Deploy Rust Docs	Install rust-script	2026-05-18T17:11:01.0985571Z ^[[1m^[[92m  Downloaded^[[0m memchr v2.8.0
Deploy Rust Docs	Install rust-script	2026-05-18T17:11:01.1040373Z ^[[1m^[[92m  Downloaded^[[0m typenum v1.20.0
Deploy Rust Docs	Install rust-script	2026-05-18T17:11:01.1077346Z ^[[1m^[[92m  Downloaded^[[0m indexmap v2.14.0
Deploy Rust Docs	Install rust-script	2026-05-18T17:11:01.1167607Z ^[[1m^[[92m  Downloaded^[[0m aho-corasick v1.1.4
Deploy Rust Docs	Install rust-script	2026-05-18T17:11:01.1257316Z ^[[1m^[[92m  Downloaded^[[0m regex v1.12.3
Deploy Rust Docs	Install rust-script	2026-05-18T17:11:01.1311094Z ^[[1m^[[92m  Downloaded^[[0m pulldown-cmark v0.13.3
Deploy Rust Docs	Install rust-script	2026-05-18T17:11:01.1363375Z ^[[1m^[[92m  Downloaded^[[0m clap_builder v4.6.0
Deploy Rust Docs	Install rust-script	2026-05-18T17:11:01.1427406Z ^[[1m^[[92m  Downloaded^[[0m winnow v1.0.3
Deploy Rust Docs	Install rust-script	2026-05-18T17:11:01.1523812Z ^[[1m^[[92m  Downloaded^[[0m winnow v0.7.15
Deploy Rust Docs	Install rust-script	2026-05-18T17:11:01.1619924Z ^[[1m^[[92m  Downloaded^[[0m hashbrown v0.17.1
Deploy Rust Docs	Install rust-script	2026-05-18T17:11:01.1737000Z ^[[1m^[[92m  Downloaded^[[0m unicode-width v0.2.2
Deploy Rust Docs	Install rust-script	2026-05-18T17:11:01.1874185Z ^[[1m^[[92m  Downloaded^[[0m regex-syntax v0.8.10
Deploy Rust Docs	Install rust-script	2026-05-18T17:11:01.1969044Z ^[[1m^[[92m  Downloaded^[[0m rustix v1.1.4
Deploy Rust Docs	Install rust-script	2026-05-18T17:11:01.2412085Z ^[[1m^[[92m  Downloaded^[[0m regex-automata v0.4.14
Deploy Rust Docs	Install rust-script	2026-05-18T17:11:01.2599573Z ^[[1m^[[92m  Downloaded^[[0m jiff v0.2.24
Deploy Rust Docs	Install rust-script	2026-05-18T17:11:01.2769322Z ^[[1m^[[92m  Downloaded^[[0m libc v0.2.186
Deploy Rust Docs	Install rust-script	2026-05-18T17:11:01.3526874Z ^[[1m^[[92m  Downloaded^[[0m linux-raw-sys v0.12.1
Deploy Rust Docs	Install rust-script	2026-05-18T17:11:01.4510737Z ^[[1m^[[92m   Compiling^[[0m version_check v0.9.5
Deploy Rust Docs	Install rust-script	2026-05-18T17:11:01.4511316Z ^[[1m^[[92m   Compiling^[[0m memchr v2.8.0
Deploy Rust Docs	Install rust-script	2026-05-18T17:11:01.4512061Z ^[[1m^[[92m   Compiling^[[0m libc v0.2.186
Deploy Rust Docs	Install rust-script	2026-05-18T17:11:01.4512523Z ^[[1m^[[92m   Compiling^[[0m typenum v1.20.0
Deploy Rust Docs	Install rust-script	2026-05-18T17:11:03.8749753Z ^[[1m^[[92m   Compiling^[[0m serde_core v1.0.228
Deploy Rust Docs	Install rust-script	2026-05-18T17:11:03.9444969Z ^[[1m^[[92m   Compiling^[[0m generic-array v0.14.7
Deploy Rust Docs	Install rust-script	2026-05-18T17:11:04.2012111Z ^[[1m^[[92m   Compiling^[[0m utf8parse v0.2.2
Deploy Rust Docs	Install rust-script	2026-05-18T17:11:04.2388182Z ^[[1m^[[92m   Compiling^[[0m anstyle-parse v1.0.0
Deploy Rust Docs	Install rust-script	2026-05-18T17:11:04.3722419Z ^[[1m^[[92m   Compiling^[[0m aho-corasick v1.1.4
Deploy Rust Docs	Install rust-script	2026-05-18T17:11:05.3004809Z ^[[1m^[[92m   Compiling^[[0m is_terminal_polyfill v1.70.2
Deploy Rust Docs	Install rust-script	2026-05-18T17:11:05.3408950Z ^[[1m^[[92m   Compiling^[[0m colorchoice v1.0.5
Deploy Rust Docs	Install rust-script	2026-05-18T17:11:05.3864684Z ^[[1m^[[92m   Compiling^[[0m anstyle-query v1.1.5
Deploy Rust Docs	Install rust-script	2026-05-18T17:11:05.4306902Z ^[[1m^[[92m   Compiling^[[0m regex-syntax v0.8.10
Deploy Rust Docs	Install rust-script	2026-05-18T17:11:05.8854768Z ^[[1m^[[92m   Compiling^[[0m anstyle v1.0.14
Deploy Rust Docs	Install rust-script	2026-05-18T17:11:06.0342182Z ^[[1m^[[92m   Compiling^[[0m anstream v1.0.0
Deploy Rust Docs	Install rust-script	2026-05-18T17:11:06.4225120Z ^[[1m^[[92m   Compiling^[[0m cfg-if v1.0.4
Deploy Rust Docs	Install rust-script	2026-05-18T17:11:06.4479152Z ^[[1m^[[92m   Compiling^[[0m getrandom v0.4.2
Deploy Rust Docs	Install rust-script	2026-05-18T17:11:06.5695232Z ^[[1m^[[92m   Compiling^[[0m rustix v1.1.4
Deploy Rust Docs	Install rust-script	2026-05-18T17:11:06.8054748Z ^[[1m^[[92m   Compiling^[[0m bitflags v2.11.1
Deploy Rust Docs	Install rust-script	2026-05-18T17:11:07.2704701Z ^[[1m^[[92m   Compiling^[[0m regex-automata v0.4.14
Deploy Rust Docs	Install rust-script	2026-05-18T17:11:07.3076407Z ^[[1m^[[92m   Compiling^[[0m block-buffer v0.10.4
Deploy Rust Docs	Install rust-script	2026-05-18T17:11:07.3821854Z ^[[1m^[[92m   Compiling^[[0m crypto-common v0.1.7
Deploy Rust Docs	Install rust-script	2026-05-18T17:11:07.4454480Z ^[[1m^[[92m   Compiling^[[0m unicode-width v0.2.2
Deploy Rust Docs	Install rust-script	2026-05-18T17:11:07.6385125Z ^[[1m^[[92m   Compiling^[[0m clap_lex v1.1.0
Deploy Rust Docs	Install rust-script	2026-05-18T17:11:07.8475770Z ^[[1m^[[92m   Compiling^[[0m pulldown-cmark v0.13.3
Deploy Rust Docs	Install rust-script	2026-05-18T17:11:07.9254811Z ^[[1m^[[92m   Compiling^[[0m log v0.4.29
Deploy Rust Docs	Install rust-script	2026-05-18T17:11:08.0891411Z ^[[1m^[[92m   Compiling^[[0m strsim v0.11.1
Deploy Rust Docs	Install rust-script	2026-05-18T17:11:08.5875247Z ^[[1m^[[92m   Compiling^[[0m linux-raw-sys v0.12.1
Deploy Rust Docs	Install rust-script	2026-05-18T17:11:08.8334533Z ^[[1m^[[92m   Compiling^[[0m winnow v1.0.3
Deploy Rust Docs	Install rust-script	2026-05-18T17:11:08.9204794Z ^[[1m^[[92m   Compiling^[[0m option-ext v0.2.0
Deploy Rust Docs	Install rust-script	2026-05-18T17:11:08.9634778Z ^[[1m^[[92m   Compiling^[[0m dirs-sys v0.5.0
Deploy Rust Docs	Install rust-script	2026-05-18T17:11:09.2034823Z ^[[1m^[[92m   Compiling^[[0m toml_parser v1.1.2+spec-1.1.0
Deploy Rust Docs	Install rust-script	2026-05-18T17:11:09.6024528Z ^[[1m^[[92m   Compiling^[[0m serde_spanned v1.1.1
Deploy Rust Docs	Install rust-script	2026-05-18T17:11:09.6770850Z ^[[1m^[[92m   Compiling^[[0m toml_datetime v0.7.5+spec-1.1.0
Deploy Rust Docs	Install rust-script	2026-05-18T17:11:09.9636769Z ^[[1m^[[92m   Compiling^[[0m regex v1.12.3
Deploy Rust Docs	Install rust-script	2026-05-18T17:11:10.1964828Z ^[[1m^[[92m   Compiling^[[0m clap_builder v4.6.0
Deploy Rust Docs	Install rust-script	2026-05-18T17:11:10.8004717Z ^[[1m^[[92m   Compiling^[[0m env_filter v1.0.1
Deploy Rust Docs	Install rust-script	2026-05-18T17:11:11.3214749Z ^[[1m^[[92m   Compiling^[[0m getopts v0.2.24
Deploy Rust Docs	Install rust-script	2026-05-18T17:11:11.3704960Z ^[[1m^[[92m   Compiling^[[0m digest v0.10.7
Deploy Rust Docs	Install rust-script	2026-05-18T17:11:11.6645037Z ^[[1m^[[92m   Compiling^[[0m toml_writer v1.1.1+spec-1.1.0
Deploy Rust Docs	Install rust-script	2026-05-18T17:11:11.8417899Z ^[[1m^[[92m   Compiling^[[0m jiff v0.2.24
Deploy Rust Docs	Install rust-script	2026-05-18T17:11:11.9694446Z ^[[1m^[[92m   Compiling^[[0m once_cell v1.21.4
Deploy Rust Docs	Install rust-script	2026-05-18T17:11:12.1354732Z ^[[1m^[[92m   Compiling^[[0m pulldown-cmark-escape v0.11.0
Deploy Rust Docs	Install rust-script	2026-05-18T17:11:12.2048146Z ^[[1m^[[92m   Compiling^[[0m fastrand v2.4.1
Deploy Rust Docs	Install rust-script	2026-05-18T17:11:12.4544639Z ^[[1m^[[92m   Compiling^[[0m cpufeatures v0.2.17
Deploy Rust Docs	Install rust-script	2026-05-18T17:11:12.4835063Z ^[[1m^[[92m   Compiling^[[0m unicase v2.9.0
Deploy Rust Docs	Install rust-script	2026-05-18T17:11:12.6464547Z ^[[1m^[[92m   Compiling^[[0m winnow v0.7.15
Deploy Rust Docs	Install rust-script	2026-05-18T17:11:13.7624574Z ^[[1m^[[92m   Compiling^[[0m clap v4.6.1
Deploy Rust Docs	Install rust-script	2026-05-18T17:11:14.5826143Z ^[[1m^[[92m   Compiling^[[0m toml v0.9.12+spec-1.1.0
Deploy Rust Docs	Install rust-script	2026-05-18T17:11:16.3953686Z ^[[1m^[[92m   Compiling^[[0m env_logger v0.11.10
Deploy Rust Docs	Install rust-script	2026-05-18T17:11:16.6092684Z ^[[1m^[[92m   Compiling^[[0m sha1 v0.10.6
Deploy Rust Docs	Install rust-script	2026-05-18T17:11:16.8194571Z ^[[1m^[[92m   Compiling^[[0m tempfile v3.27.0
Deploy Rust Docs	Install rust-script	2026-05-18T17:11:16.8388437Z ^[[1m^[[92m   Compiling^[[0m dirs v6.0.0
Deploy Rust Docs	Install rust-script	2026-05-18T17:11:16.9145375Z ^[[1m^[[92m   Compiling^[[0m shell-words v1.1.1
Deploy Rust Docs	Install rust-script	2026-05-18T17:11:17.4671158Z ^[[1m^[[92m   Compiling^[[0m rust-script v0.36.0
Deploy Rust Docs	Install rust-script	2026-05-18T17:11:39.7727691Z ^[[1m^[[92m    Finished^[[0m `release` profile [optimized] target(s) in 40.39s
Deploy Rust Docs	Install rust-script	2026-05-18T17:11:39.8037674Z ^[[1m^[[92m  Installing^[[0m /home/runner/.cargo/bin/rust-script
Deploy Rust Docs	Install rust-script	2026-05-18T17:11:39.8039724Z ^[[1m^[[92m   Installed^[[0m package `rust-script v0.36.0` (executable `rust-script`)
Deploy Rust Docs	Run actions/configure-pages@v6	﻿2026-05-18T17:11:39.8452378Z ##[group]Run actions/configure-pages@v6
Deploy Rust Docs	Run actions/configure-pages@v6	2026-05-18T17:11:39.8452675Z with:
Deploy Rust Docs	Run actions/configure-pages@v6	2026-05-18T17:11:39.8452993Z   token: ***
Deploy Rust Docs	Run actions/configure-pages@v6	2026-05-18T17:11:39.8453419Z   enablement: false
Deploy Rust Docs	Run actions/configure-pages@v6	2026-05-18T17:11:39.8453619Z env:
Deploy Rust Docs	Run actions/configure-pages@v6	2026-05-18T17:11:39.8453799Z   CARGO_TERM_COLOR: always
Deploy Rust Docs	Run actions/configure-pages@v6	2026-05-18T17:11:39.8454024Z   RUST_BACKTRACE: 1
Deploy Rust Docs	Run actions/configure-pages@v6	2026-05-18T17:11:39.8454219Z   RUSTFLAGS: -Dwarnings
Deploy Rust Docs	Run actions/configure-pages@v6	2026-05-18T17:11:39.8454542Z   CARGO_REGISTRY_TOKEN: ***
Deploy Rust Docs	Run actions/configure-pages@v6	2026-05-18T17:11:39.8454814Z   CARGO_TOKEN: ***
Deploy Rust Docs	Run actions/configure-pages@v6	2026-05-18T17:11:39.8455017Z   CARGO_HOME: /home/runner/.cargo
Deploy Rust Docs	Run actions/configure-pages@v6	2026-05-18T17:11:39.8455260Z   CARGO_INCREMENTAL: 0
Deploy Rust Docs	Run actions/configure-pages@v6	2026-05-18T17:11:39.8455471Z ##[endgroup]
Deploy Rust Docs	Run cargo doc --manifest-path rust/Cargo.toml --workspace --no-deps	﻿2026-05-18T17:11:40.1311717Z ##[group]Run cargo doc --manifest-path rust/Cargo.toml --workspace --no-deps
Deploy Rust Docs	Run cargo doc --manifest-path rust/Cargo.toml --workspace --no-deps	2026-05-18T17:11:40.1312271Z ^[[36;1mcargo doc --manifest-path rust/Cargo.toml --workspace --no-deps^[[0m
Deploy Rust Docs	Run cargo doc --manifest-path rust/Cargo.toml --workspace --no-deps	2026-05-18T17:11:40.1351452Z shell: /usr/bin/bash -e {0}
Deploy Rust Docs	Run cargo doc --manifest-path rust/Cargo.toml --workspace --no-deps	2026-05-18T17:11:40.1351723Z env:
Deploy Rust Docs	Run cargo doc --manifest-path rust/Cargo.toml --workspace --no-deps	2026-05-18T17:11:40.1351933Z   CARGO_TERM_COLOR: always
Deploy Rust Docs	Run cargo doc --manifest-path rust/Cargo.toml --workspace --no-deps	2026-05-18T17:11:40.1352174Z   RUST_BACKTRACE: 1
Deploy Rust Docs	Run cargo doc --manifest-path rust/Cargo.toml --workspace --no-deps	2026-05-18T17:11:40.1352392Z   RUSTFLAGS: -Dwarnings
Deploy Rust Docs	Run cargo doc --manifest-path rust/Cargo.toml --workspace --no-deps	2026-05-18T17:11:40.1352780Z   CARGO_REGISTRY_TOKEN: ***
Deploy Rust Docs	Run cargo doc --manifest-path rust/Cargo.toml --workspace --no-deps	2026-05-18T17:11:40.1353115Z   CARGO_TOKEN: ***
Deploy Rust Docs	Run cargo doc --manifest-path rust/Cargo.toml --workspace --no-deps	2026-05-18T17:11:40.1353763Z   CARGO_HOME: /home/runner/.cargo
Deploy Rust Docs	Run cargo doc --manifest-path rust/Cargo.toml --workspace --no-deps	2026-05-18T17:11:40.1354113Z   CARGO_INCREMENTAL: 0
Deploy Rust Docs	Run cargo doc --manifest-path rust/Cargo.toml --workspace --no-deps	2026-05-18T17:11:40.1354426Z   GITHUB_PAGES: true
Deploy Rust Docs	Run cargo doc --manifest-path rust/Cargo.toml --workspace --no-deps	2026-05-18T17:11:40.1354947Z ##[endgroup]
Deploy Rust Docs	Run cargo doc --manifest-path rust/Cargo.toml --workspace --no-deps	2026-05-18T17:11:40.2001527Z ^[[1m^[[92m    Updating^[[0m crates.io index
Deploy Rust Docs	Run cargo doc --manifest-path rust/Cargo.toml --workspace --no-deps	2026-05-18T17:11:40.7539745Z ^[[1m^[[92m Downloading^[[0m crates ...
Deploy Rust Docs	Run cargo doc --manifest-path rust/Cargo.toml --workspace --no-deps	2026-05-18T17:11:40.7861896Z ^[[1m^[[92m  Downloaded^[[0m proc-macro2 v1.0.106
Deploy Rust Docs	Run cargo doc --manifest-path rust/Cargo.toml --workspace --no-deps	2026-05-18T17:11:40.7911537Z ^[[1m^[[92m  Downloaded^[[0m base64 v0.22.1
Deploy Rust Docs	Run cargo doc --manifest-path rust/Cargo.toml --workspace --no-deps	2026-05-18T17:11:40.7952026Z ^[[1m^[[92m  Downloaded^[[0m quote v1.0.45
Deploy Rust Docs	Run cargo doc --manifest-path rust/Cargo.toml --workspace --no-deps	2026-05-18T17:11:40.7982201Z ^[[1m^[[92m  Downloaded^[[0m unicode-ident v1.0.24
Deploy Rust Docs	Run cargo doc --manifest-path rust/Cargo.toml --workspace --no-deps	2026-05-18T17:11:40.8011622Z ^[[1m^[[92m  Downloaded^[[0m links-notation v0.13.0
Deploy Rust Docs	Run cargo doc --manifest-path rust/Cargo.toml --workspace --no-deps	2026-05-18T17:11:40.8033306Z ^[[1m^[[92m  Downloaded^[[0m lino-objects-codec v0.2.1
Deploy Rust Docs	Run cargo doc --manifest-path rust/Cargo.toml --workspace --no-deps	2026-05-18T17:11:40.8056092Z ^[[1m^[[92m  Downloaded^[[0m nom v8.0.0
Deploy Rust Docs	Run cargo doc --manifest-path rust/Cargo.toml --workspace --no-deps	2026-05-18T17:11:40.8114012Z ^[[1m^[[92m  Downloaded^[[0m syn v2.0.117
Deploy Rust Docs	Run cargo doc --manifest-path rust/Cargo.toml --workspace --no-deps	2026-05-18T17:11:40.9560066Z ^[[1m^[[92m   Compiling^[[0m proc-macro2 v1.0.106
Deploy Rust Docs	Run cargo doc --manifest-path rust/Cargo.toml --workspace --no-deps	2026-05-18T17:11:40.9560712Z ^[[1m^[[92m   Compiling^[[0m quote v1.0.45
Deploy Rust Docs	Run cargo doc --manifest-path rust/Cargo.toml --workspace --no-deps	2026-05-18T17:11:40.9561187Z ^[[1m^[[92m    Checking^[[0m memchr v2.8.0
Deploy Rust Docs	Run cargo doc --manifest-path rust/Cargo.toml --workspace --no-deps	2026-05-18T17:11:40.9567581Z ^[[1m^[[92m   Compiling^[[0m unicode-ident v1.0.24
Deploy Rust Docs	Run cargo doc --manifest-path rust/Cargo.toml --workspace --no-deps	2026-05-18T17:11:41.2005808Z ^[[1m^[[92m    Checking^[[0m base64 v0.22.1
Deploy Rust Docs	Run cargo doc --manifest-path rust/Cargo.toml --workspace --no-deps	2026-05-18T17:11:41.3244798Z ^[[1m^[[92m    Checking^[[0m nom v8.0.0
Deploy Rust Docs	Run cargo doc --manifest-path rust/Cargo.toml --workspace --no-deps	2026-05-18T17:11:42.0318342Z ^[[1m^[[92m   Compiling^[[0m syn v2.0.117
Deploy Rust Docs	Run cargo doc --manifest-path rust/Cargo.toml --workspace --no-deps	2026-05-18T17:11:43.8170586Z ^[[1m^[[92m    Checking^[[0m links-notation v0.13.0
Deploy Rust Docs	Run cargo doc --manifest-path rust/Cargo.toml --workspace --no-deps	2026-05-18T17:11:43.9738717Z ^[[1m^[[92m    Checking^[[0m lino-objects-codec v0.2.1
Deploy Rust Docs	Run cargo doc --manifest-path rust/Cargo.toml --workspace --no-deps	2026-05-18T17:11:44.0642287Z ^[[1m^[[92m Documenting^[[0m lino-i18n-macros v0.0.1 (/home/runner/work/lino-i18n/lino-i18n/rust/lino-i18n-macros)
Deploy Rust Docs	Run cargo doc --manifest-path rust/Cargo.toml --workspace --no-deps	2026-05-18T17:11:44.9758835Z ^[[1m^[[92m   Compiling^[[0m lino-i18n-macros v0.0.1 (/home/runner/work/lino-i18n/lino-i18n/rust/lino-i18n-macros)
Deploy Rust Docs	Run cargo doc --manifest-path rust/Cargo.toml --workspace --no-deps	2026-05-18T17:11:45.2214839Z ^[[1m^[[92m Documenting^[[0m lino-i18n v0.0.1 (/home/runner/work/lino-i18n/lino-i18n/rust/lino-i18n)
Deploy Rust Docs	Run cargo doc --manifest-path rust/Cargo.toml --workspace --no-deps	2026-05-18T17:11:46.1635457Z ^[[1m^[[92m    Finished^[[0m `dev` profile [unoptimized + debuginfo] target(s) in 6.00s
Deploy Rust Docs	Run cargo doc --manifest-path rust/Cargo.toml --workspace --no-deps	2026-05-18T17:11:46.1714612Z ^[[1m^[[92m   Generated^[[0m /home/runner/work/lino-i18n/lino-i18n/rust/target/doc/lino_i18n/index.html and 1 other file
Deploy Rust Docs	Run rust-script rust/scripts/build-docs-site.rs	﻿2026-05-18T17:11:46.1774429Z ##[group]Run rust-script rust/scripts/build-docs-site.rs
Deploy Rust Docs	Run rust-script rust/scripts/build-docs-site.rs	2026-05-18T17:11:46.1774858Z ^[[36;1mrust-script rust/scripts/build-docs-site.rs^[[0m
Deploy Rust Docs	Run rust-script rust/scripts/build-docs-site.rs	2026-05-18T17:11:46.1810994Z shell: /usr/bin/bash -e {0}
Deploy Rust Docs	Run rust-script rust/scripts/build-docs-site.rs	2026-05-18T17:11:46.1811245Z env:
Deploy Rust Docs	Run rust-script rust/scripts/build-docs-site.rs	2026-05-18T17:11:46.1811442Z   CARGO_TERM_COLOR: always
Deploy Rust Docs	Run rust-script rust/scripts/build-docs-site.rs	2026-05-18T17:11:46.1811672Z   RUST_BACKTRACE: 1
Deploy Rust Docs	Run rust-script rust/scripts/build-docs-site.rs	2026-05-18T17:11:46.1811876Z   RUSTFLAGS: -Dwarnings
Deploy Rust Docs	Run rust-script rust/scripts/build-docs-site.rs	2026-05-18T17:11:46.1812258Z   CARGO_REGISTRY_TOKEN: ***
Deploy Rust Docs	Run rust-script rust/scripts/build-docs-site.rs	2026-05-18T17:11:46.1812540Z   CARGO_TOKEN: ***
Deploy Rust Docs	Run rust-script rust/scripts/build-docs-site.rs	2026-05-18T17:11:46.1812740Z   CARGO_HOME: /home/runner/.cargo
Deploy Rust Docs	Run rust-script rust/scripts/build-docs-site.rs	2026-05-18T17:11:46.1812982Z   CARGO_INCREMENTAL: 0
Deploy Rust Docs	Run rust-script rust/scripts/build-docs-site.rs	2026-05-18T17:11:46.1813413Z   GITHUB_PAGES: true
Deploy Rust Docs	Run rust-script rust/scripts/build-docs-site.rs	2026-05-18T17:11:46.1813624Z ##[endgroup]
Deploy Rust Docs	Run rust-script rust/scripts/build-docs-site.rs	2026-05-18T17:11:46.4628443Z Generated Rust docs site at ./rust/site
Deploy Rust Docs	Run actions/upload-pages-artifact@v5	﻿2026-05-18T17:11:46.4713529Z ##[group]Run actions/upload-pages-artifact@v5
Deploy Rust Docs	Run actions/upload-pages-artifact@v5	2026-05-18T17:11:46.4713844Z with:
Deploy Rust Docs	Run actions/upload-pages-artifact@v5	2026-05-18T17:11:46.4714028Z   path: rust/site
Deploy Rust Docs	Run actions/upload-pages-artifact@v5	2026-05-18T17:11:46.4714228Z   name: github-pages
Deploy Rust Docs	Run actions/upload-pages-artifact@v5	2026-05-18T17:11:46.4714448Z   retention-days: 1
Deploy Rust Docs	Run actions/upload-pages-artifact@v5	2026-05-18T17:11:46.4714652Z   include-hidden-files: false
Deploy Rust Docs	Run actions/upload-pages-artifact@v5	2026-05-18T17:11:46.4714872Z env:
Deploy Rust Docs	Run actions/upload-pages-artifact@v5	2026-05-18T17:11:46.4715047Z   CARGO_TERM_COLOR: always
Deploy Rust Docs	Run actions/upload-pages-artifact@v5	2026-05-18T17:11:46.4715261Z   RUST_BACKTRACE: 1
Deploy Rust Docs	Run actions/upload-pages-artifact@v5	2026-05-18T17:11:46.4715454Z   RUSTFLAGS: -Dwarnings
Deploy Rust Docs	Run actions/upload-pages-artifact@v5	2026-05-18T17:11:46.4715815Z   CARGO_REGISTRY_TOKEN: ***
Deploy Rust Docs	Run actions/upload-pages-artifact@v5	2026-05-18T17:11:46.4716088Z   CARGO_TOKEN: ***
Deploy Rust Docs	Run actions/upload-pages-artifact@v5	2026-05-18T17:11:46.4716289Z   CARGO_HOME: /home/runner/.cargo
Deploy Rust Docs	Run actions/upload-pages-artifact@v5	2026-05-18T17:11:46.4716532Z   CARGO_INCREMENTAL: 0
Deploy Rust Docs	Run actions/upload-pages-artifact@v5	2026-05-18T17:11:46.4716761Z   GITHUB_PAGES: true
Deploy Rust Docs	Run actions/upload-pages-artifact@v5	2026-05-18T17:11:46.4716975Z ##[endgroup]
Deploy Rust Docs	Run actions/upload-pages-artifact@v5	2026-05-18T17:11:46.4738851Z ##[group]Run echo ::group::Archive artifact
Deploy Rust Docs	Run actions/upload-pages-artifact@v5	2026-05-18T17:11:46.4739192Z ^[[36;1mecho ::group::Archive artifact^[[0m
Deploy Rust Docs	Run actions/upload-pages-artifact@v5	2026-05-18T17:11:46.4739468Z ^[[36;1mtar \^[[0m
Deploy Rust Docs	Run actions/upload-pages-artifact@v5	2026-05-18T17:11:46.4739713Z ^[[36;1m  --dereference --hard-dereference \^[[0m
Deploy Rust Docs	Run actions/upload-pages-artifact@v5	2026-05-18T17:11:46.4740038Z ^[[36;1m  --directory "$INPUT_PATH" \^[[0m
Deploy Rust Docs	Run actions/upload-pages-artifact@v5	2026-05-18T17:11:46.4740333Z ^[[36;1m  -cvf "$RUNNER_TEMP/artifact.tar" \^[[0m
Deploy Rust Docs	Run actions/upload-pages-artifact@v5	2026-05-18T17:11:46.4740612Z ^[[36;1m  --exclude=.git \^[[0m
Deploy Rust Docs	Run actions/upload-pages-artifact@v5	2026-05-18T17:11:46.4740850Z ^[[36;1m  --exclude=.github \^[[0m
Deploy Rust Docs	Run actions/upload-pages-artifact@v5	2026-05-18T17:11:46.4741087Z ^[[36;1m  --exclude=.[^/]* \^[[0m
Deploy Rust Docs	Run actions/upload-pages-artifact@v5	2026-05-18T17:11:46.4741318Z ^[[36;1m  .^[[0m
Deploy Rust Docs	Run actions/upload-pages-artifact@v5	2026-05-18T17:11:46.4741526Z ^[[36;1mecho ::endgroup::^[[0m
Deploy Rust Docs	Run actions/upload-pages-artifact@v5	2026-05-18T17:11:46.4764718Z shell: /usr/bin/sh -e {0}
Deploy Rust Docs	Run actions/upload-pages-artifact@v5	2026-05-18T17:11:46.4764965Z env:
Deploy Rust Docs	Run actions/upload-pages-artifact@v5	2026-05-18T17:11:46.4765151Z   CARGO_TERM_COLOR: always
Deploy Rust Docs	Run actions/upload-pages-artifact@v5	2026-05-18T17:11:46.4765379Z   RUST_BACKTRACE: 1
Deploy Rust Docs	Run actions/upload-pages-artifact@v5	2026-05-18T17:11:46.4765578Z   RUSTFLAGS: -Dwarnings
Deploy Rust Docs	Run actions/upload-pages-artifact@v5	2026-05-18T17:11:46.4765924Z   CARGO_REGISTRY_TOKEN: ***
Deploy Rust Docs	Run actions/upload-pages-artifact@v5	2026-05-18T17:11:46.4766207Z   CARGO_TOKEN: ***
Deploy Rust Docs	Run actions/upload-pages-artifact@v5	2026-05-18T17:11:46.4766411Z   CARGO_HOME: /home/runner/.cargo
Deploy Rust Docs	Run actions/upload-pages-artifact@v5	2026-05-18T17:11:46.4766658Z   CARGO_INCREMENTAL: 0
Deploy Rust Docs	Run actions/upload-pages-artifact@v5	2026-05-18T17:11:46.4766869Z   GITHUB_PAGES: true
Deploy Rust Docs	Run actions/upload-pages-artifact@v5	2026-05-18T17:11:46.4767076Z   INPUT_PATH: rust/site
Deploy Rust Docs	Run actions/upload-pages-artifact@v5	2026-05-18T17:11:46.4767297Z ##[endgroup]
Deploy Rust Docs	Run actions/upload-pages-artifact@v5	2026-05-18T17:11:46.4804600Z ##[group]Archive artifact
Deploy Rust Docs	Run actions/upload-pages-artifact@v5	2026-05-18T17:11:46.4822842Z ./
Deploy Rust Docs	Run actions/upload-pages-artifact@v5	2026-05-18T17:11:46.4823305Z ./index.html
Deploy Rust Docs	Run actions/upload-pages-artifact@v5	2026-05-18T17:11:46.4823925Z ./rustdoc/
Deploy Rust Docs	Run actions/upload-pages-artifact@v5	2026-05-18T17:11:46.4833810Z ./rustdoc/lino_i18n/
Deploy Rust Docs	Run actions/upload-pages-artifact@v5	2026-05-18T17:11:46.4834199Z ./rustdoc/lino_i18n/type.MissingKeyHandler.html
Deploy Rust Docs	Run actions/upload-pages-artifact@v5	2026-05-18T17:11:46.4834675Z ./rustdoc/lino_i18n/macro.i18n!.html
Deploy Rust Docs	Run actions/upload-pages-artifact@v5	2026-05-18T17:11:46.4835098Z ./rustdoc/lino_i18n/fn.load_lino_catalog.html
Deploy Rust Docs	Run actions/upload-pages-artifact@v5	2026-05-18T17:11:46.4835508Z ./rustdoc/lino_i18n/index.html
Deploy Rust Docs	Run actions/upload-pages-artifact@v5	2026-05-18T17:11:46.4835865Z ./rustdoc/lino_i18n/fn.interpolate.html
Deploy Rust Docs	Run actions/upload-pages-artifact@v5	2026-05-18T17:11:46.4836271Z ./rustdoc/lino_i18n/fn.plural_category.html
Deploy Rust Docs	Run actions/upload-pages-artifact@v5	2026-05-18T17:11:46.4836691Z ./rustdoc/lino_i18n/fn.plural_suffix.html
Deploy Rust Docs	Run actions/upload-pages-artifact@v5	2026-05-18T17:11:46.4837072Z ./rustdoc/lino_i18n/sidebar-items.js
Deploy Rust Docs	Run actions/upload-pages-artifact@v5	2026-05-18T17:11:46.4837484Z ./rustdoc/lino_i18n/fn.parse_lino_catalogs.html
Deploy Rust Docs	Run actions/upload-pages-artifact@v5	2026-05-18T17:11:46.4837898Z ./rustdoc/lino_i18n/loader/
Deploy Rust Docs	Run actions/upload-pages-artifact@v5	2026-05-18T17:11:46.4838300Z ./rustdoc/lino_i18n/loader/fn.load_lino_catalog.html
Deploy Rust Docs	Run actions/upload-pages-artifact@v5	2026-05-18T17:11:46.4838828Z ./rustdoc/lino_i18n/loader/fn.parse_lino_catalogs.html
Deploy Rust Docs	Run actions/upload-pages-artifact@v5	2026-05-18T17:11:46.4839324Z ./rustdoc/lino_i18n/loader/struct.Catalogue.html
Deploy Rust Docs	Run actions/upload-pages-artifact@v5	2026-05-18T17:11:46.4841938Z ./rustdoc/lino_i18n/loader/enum.LoaderError.html
Deploy Rust Docs	Run actions/upload-pages-artifact@v5	2026-05-18T17:11:46.4842525Z ./rustdoc/lino_i18n/loader/fn.expand_compatibility_aliases.html
Deploy Rust Docs	Run actions/upload-pages-artifact@v5	2026-05-18T17:11:46.4843113Z ./rustdoc/lino_i18n/loader/enum.CompatibilityAlias.html
Deploy Rust Docs	Run actions/upload-pages-artifact@v5	2026-05-18T17:11:46.4843862Z ./rustdoc/lino_i18n/loader/fn.load_lino_catalogs.html
Deploy Rust Docs	Run actions/upload-pages-artifact@v5	2026-05-18T17:11:46.4844373Z ./rustdoc/lino_i18n/loader/fn.format_lino_catalog.html
Deploy Rust Docs	Run actions/upload-pages-artifact@v5	2026-05-18T17:11:46.4844879Z ./rustdoc/lino_i18n/loader/fn.parse_lino_catalog.html
Deploy Rust Docs	Run actions/upload-pages-artifact@v5	2026-05-18T17:11:46.4845381Z ./rustdoc/lino_i18n/loader/fn.load_lino_directory.html
Deploy Rust Docs	Run actions/upload-pages-artifact@v5	2026-05-18T17:11:46.4845817Z ./rustdoc/lino_i18n/all.html
Deploy Rust Docs	Run actions/upload-pages-artifact@v5	2026-05-18T17:11:46.4846160Z ./rustdoc/lino_i18n/format/
Deploy Rust Docs	Run actions/upload-pages-artifact@v5	2026-05-18T17:11:46.4846539Z ./rustdoc/lino_i18n/format/fn.interpolate.html
Deploy Rust Docs	Run actions/upload-pages-artifact@v5	2026-05-18T17:11:46.4846982Z ./rustdoc/lino_i18n/struct.Catalogue.html
Deploy Rust Docs	Run actions/upload-pages-artifact@v5	2026-05-18T17:11:46.4847664Z ./rustdoc/lino_i18n/struct.I18n.html
Deploy Rust Docs	Run actions/upload-pages-artifact@v5	2026-05-18T17:11:46.4848027Z ./rustdoc/lino_i18n/i18n/
Deploy Rust Docs	Run actions/upload-pages-artifact@v5	2026-05-18T17:11:46.4848430Z ./rustdoc/lino_i18n/i18n/type.MissingKeyHandler.html
Deploy Rust Docs	Run actions/upload-pages-artifact@v5	2026-05-18T17:11:46.4848907Z ./rustdoc/lino_i18n/i18n/struct.I18n.html
Deploy Rust Docs	Run actions/upload-pages-artifact@v5	2026-05-18T17:11:46.4849333Z ./rustdoc/lino_i18n/i18n/struct.TOptions.html
Deploy Rust Docs	Run actions/upload-pages-artifact@v5	2026-05-18T17:11:46.4849770Z ./rustdoc/lino_i18n/enum.LoaderError.html
Deploy Rust Docs	Run actions/upload-pages-artifact@v5	2026-05-18T17:11:46.4850168Z ./rustdoc/lino_i18n/plurals/
Deploy Rust Docs	Run actions/upload-pages-artifact@v5	2026-05-18T17:11:46.4850574Z ./rustdoc/lino_i18n/plurals/fn.plural_category.html
Deploy Rust Docs	Run actions/upload-pages-artifact@v5	2026-05-18T17:11:46.4851066Z ./rustdoc/lino_i18n/plurals/fn.plural_suffix.html
Deploy Rust Docs	Run actions/upload-pages-artifact@v5	2026-05-18T17:11:46.4851558Z ./rustdoc/lino_i18n/plurals/enum.PluralCategory.html
Deploy Rust Docs	Run actions/upload-pages-artifact@v5	2026-05-18T17:11:46.4852015Z ./rustdoc/lino_i18n/macro.i18n.html
Deploy Rust Docs	Run actions/upload-pages-artifact@v5	2026-05-18T17:11:46.4852469Z ./rustdoc/lino_i18n/fn.expand_compatibility_aliases.html
Deploy Rust Docs	Run actions/upload-pages-artifact@v5	2026-05-18T17:11:46.4852982Z ./rustdoc/lino_i18n/enum.CompatibilityAlias.html
Deploy Rust Docs	Run actions/upload-pages-artifact@v5	2026-05-18T17:11:46.4853587Z ./rustdoc/lino_i18n/struct.TOptions.html
Deploy Rust Docs	Run actions/upload-pages-artifact@v5	2026-05-18T17:11:46.4854056Z ./rustdoc/lino_i18n/fn.load_lino_catalogs.html
Deploy Rust Docs	Run actions/upload-pages-artifact@v5	2026-05-18T17:11:46.4854504Z ./rustdoc/lino_i18n/fn.format_lino_catalog.html
Deploy Rust Docs	Run actions/upload-pages-artifact@v5	2026-05-18T17:11:46.4854958Z ./rustdoc/lino_i18n/enum.PluralCategory.html
Deploy Rust Docs	Run actions/upload-pages-artifact@v5	2026-05-18T17:11:46.4855408Z ./rustdoc/lino_i18n/fn.parse_lino_catalog.html
Deploy Rust Docs	Run actions/upload-pages-artifact@v5	2026-05-18T17:11:46.4855848Z ./rustdoc/lino_i18n/fn.load_lino_directory.html
Deploy Rust Docs	Run actions/upload-pages-artifact@v5	2026-05-18T17:11:46.4856256Z ./rustdoc/search.index/
Deploy Rust Docs	Run actions/upload-pages-artifact@v5	2026-05-18T17:11:46.4856579Z ./rustdoc/search.index/path/
Deploy Rust Docs	Run actions/upload-pages-artifact@v5	2026-05-18T17:11:46.4856956Z ./rustdoc/search.index/path/1eb91aa4db5e.js
Deploy Rust Docs	Run actions/upload-pages-artifact@v5	2026-05-18T17:11:46.4857371Z ./rustdoc/search.index/normalizedName/
Deploy Rust Docs	Run actions/upload-pages-artifact@v5	2026-05-18T17:11:46.4857827Z ./rustdoc/search.index/normalizedName/9757f15b81f0.js
Deploy Rust Docs	Run actions/upload-pages-artifact@v5	2026-05-18T17:11:46.4858287Z ./rustdoc/search.index/function/
Deploy Rust Docs	Run actions/upload-pages-artifact@v5	2026-05-18T17:11:46.4858676Z ./rustdoc/search.index/function/7d11485b8476.js
Deploy Rust Docs	Run actions/upload-pages-artifact@v5	2026-05-18T17:11:46.4859103Z ./rustdoc/search.index/385bdaf3c8e0.js
Deploy Rust Docs	Run actions/upload-pages-artifact@v5	2026-05-18T17:11:46.4859486Z ./rustdoc/search.index/desc/
Deploy Rust Docs	Run actions/upload-pages-artifact@v5	2026-05-18T17:11:46.4859862Z ./rustdoc/search.index/desc/0b715554fe76.js
Deploy Rust Docs	Run actions/upload-pages-artifact@v5	2026-05-18T17:11:46.4860259Z ./rustdoc/search.index/alias/
Deploy Rust Docs	Run actions/upload-pages-artifact@v5	2026-05-18T17:11:46.4860633Z ./rustdoc/search.index/alias/a762150c532c.js
Deploy Rust Docs	Run actions/upload-pages-artifact@v5	2026-05-18T17:11:46.4861038Z ./rustdoc/search.index/root.js
Deploy Rust Docs	Run actions/upload-pages-artifact@v5	2026-05-18T17:11:46.4861592Z ./rustdoc/search.index/generic_inverted_index/
Deploy Rust Docs	Run actions/upload-pages-artifact@v5	2026-05-18T17:11:46.4862107Z ./rustdoc/search.index/generic_inverted_index/069fbe8fc6f5.js
Deploy Rust Docs	Run actions/upload-pages-artifact@v5	2026-05-18T17:11:46.4862599Z ./rustdoc/search.index/3f54403612aa.js
Deploy Rust Docs	Run actions/upload-pages-artifact@v5	2026-05-18T17:11:46.4862993Z ./rustdoc/search.index/3f5c6c9d80f0.js
Deploy Rust Docs	Run actions/upload-pages-artifact@v5	2026-05-18T17:11:46.4864031Z ./rustdoc/search.index/type/
Deploy Rust Docs	Run actions/upload-pages-artifact@v5	2026-05-18T17:11:46.4864400Z ./rustdoc/search.index/type/ffa75884bbdf.js
Deploy Rust Docs	Run actions/upload-pages-artifact@v5	2026-05-18T17:11:46.4864820Z ./rustdoc/search.index/26caa621150b.js
Deploy Rust Docs	Run actions/upload-pages-artifact@v5	2026-05-18T17:11:46.4865194Z ./rustdoc/search.index/entry/
Deploy Rust Docs	Run actions/upload-pages-artifact@v5	2026-05-18T17:11:46.4865573Z ./rustdoc/search.index/entry/5eec3ac047e6.js
Deploy Rust Docs	Run actions/upload-pages-artifact@v5	2026-05-18T17:11:46.4865990Z ./rustdoc/search.index/318aeff99e16.js
Deploy Rust Docs	Run actions/upload-pages-artifact@v5	2026-05-18T17:11:46.4866363Z ./rustdoc/search.index/30449f757994.js
Deploy Rust Docs	Run actions/upload-pages-artifact@v5	2026-05-18T17:11:46.4866749Z ./rustdoc/search.index/18edd4b07a24.js
Deploy Rust Docs	Run actions/upload-pages-artifact@v5	2026-05-18T17:11:46.4867121Z ./rustdoc/search.index/name/
Deploy Rust Docs	Run actions/upload-pages-artifact@v5	2026-05-18T17:11:46.4867473Z ./rustdoc/search.index/name/be8865e094cd.js
Deploy Rust Docs	Run actions/upload-pages-artifact@v5	2026-05-18T17:11:46.4867895Z ./rustdoc/search.index/crateNames/
Deploy Rust Docs	Run actions/upload-pages-artifact@v5	2026-05-18T17:11:46.4868318Z ./rustdoc/search.index/crateNames/70a7c4e9a226.js
Deploy Rust Docs	Run actions/upload-pages-artifact@v5	2026-05-18T17:11:46.4868742Z ./rustdoc/settings.html
Deploy Rust Docs	Run actions/upload-pages-artifact@v5	2026-05-18T17:11:46.4869049Z ./rustdoc/help.html
Deploy Rust Docs	Run actions/upload-pages-artifact@v5	2026-05-18T17:11:46.4869328Z ./rustdoc/src/
Deploy Rust Docs	Run actions/upload-pages-artifact@v5	2026-05-18T17:11:46.4869605Z ./rustdoc/src/lino_i18n/
Deploy Rust Docs	Run actions/upload-pages-artifact@v5	2026-05-18T17:11:46.4869930Z ./rustdoc/src/lino_i18n/i18n.rs.html
Deploy Rust Docs	Run actions/upload-pages-artifact@v5	2026-05-18T17:11:46.4870307Z ./rustdoc/src/lino_i18n/lib.rs.html
Deploy Rust Docs	Run actions/upload-pages-artifact@v5	2026-05-18T17:11:46.4870684Z ./rustdoc/src/lino_i18n/format.rs.html
Deploy Rust Docs	Run actions/upload-pages-artifact@v5	2026-05-18T17:11:46.4871072Z ./rustdoc/src/lino_i18n/plurals.rs.html
Deploy Rust Docs	Run actions/upload-pages-artifact@v5	2026-05-18T17:11:46.4871466Z ./rustdoc/src/lino_i18n/loader.rs.html
Deploy Rust Docs	Run actions/upload-pages-artifact@v5	2026-05-18T17:11:46.4871831Z ./rustdoc/src/lino_i18n_macros/
Deploy Rust Docs	Run actions/upload-pages-artifact@v5	2026-05-18T17:11:46.4872203Z ./rustdoc/src/lino_i18n_macros/lib.rs.html
Deploy Rust Docs	Run actions/upload-pages-artifact@v5	2026-05-18T17:11:46.4872663Z ./rustdoc/crates.js
Deploy Rust Docs	Run actions/upload-pages-artifact@v5	2026-05-18T17:11:46.4873367Z ./rustdoc/src-files.js
Deploy Rust Docs	Run actions/upload-pages-artifact@v5	2026-05-18T17:11:46.4873702Z ./rustdoc/static.files/
Deploy Rust Docs	Run actions/upload-pages-artifact@v5	2026-05-18T17:11:46.4874124Z ./rustdoc/static.files/SourceSerif4-It-ca3b17ed.ttf.woff2
Deploy Rust Docs	Run actions/upload-pages-artifact@v5	2026-05-18T17:11:46.4874769Z ./rustdoc/static.files/SourceSerif4-Semibold-457a13ac.ttf.woff2
Deploy Rust Docs	Run actions/upload-pages-artifact@v5	2026-05-18T17:11:46.4875407Z ./rustdoc/static.files/SourceCodePro-It-fc8b9304.ttf.woff2
Deploy Rust Docs	Run actions/upload-pages-artifact@v5	2026-05-18T17:11:46.4875930Z ./rustdoc/static.files/src-script-813739b1.js
Deploy Rust Docs	Run actions/upload-pages-artifact@v5	2026-05-18T17:11:46.4876378Z ./rustdoc/static.files/rust-logo-9a9549ea.svg
Deploy Rust Docs	Run actions/upload-pages-artifact@v5	2026-05-18T17:11:46.4876790Z ./rustdoc/static.files/main-5013f961.js
Deploy Rust Docs	Run actions/upload-pages-artifact@v5	2026-05-18T17:11:46.4877289Z ./rustdoc/static.files/NanumBarunGothic-LICENSE-a37d393b.txt
Deploy Rust Docs	Run actions/upload-pages-artifact@v5	2026-05-18T17:11:46.4877861Z ./rustdoc/static.files/FiraSans-Medium-e1aa3f0a.woff2
Deploy Rust Docs	Run actions/upload-pages-artifact@v5	2026-05-18T17:11:46.4878381Z ./rustdoc/static.files/FiraSans-LICENSE-05ab6dbd.txt
Deploy Rust Docs	Run actions/upload-pages-artifact@v5	2026-05-18T17:11:46.4878971Z ./rustdoc/static.files/SourceCodePro-Regular-8badfe75.ttf.woff2
Deploy Rust Docs	Run actions/upload-pages-artifact@v5	2026-05-18T17:11:46.4879556Z ./rustdoc/static.files/LICENSE-APACHE-a60eea81.txt
Deploy Rust Docs	Run actions/upload-pages-artifact@v5	2026-05-18T17:11:46.4880083Z ./rustdoc/static.files/FiraSans-Regular-0fe48ade.woff2
Deploy Rust Docs	Run actions/upload-pages-artifact@v5	2026-05-18T17:11:46.4880601Z ./rustdoc/static.files/scrape-examples-2bbcccac.js
Deploy Rust Docs	Run actions/upload-pages-artifact@v5	2026-05-18T17:11:46.4881208Z ./rustdoc/static.files/SourceCodePro-Semibold-aa29a496.ttf.woff2
Deploy Rust Docs	Run actions/upload-pages-artifact@v5	2026-05-18T17:11:46.4881847Z ./rustdoc/static.files/SourceCodePro-LICENSE-67f54ca7.txt
Deploy Rust Docs	Run actions/upload-pages-artifact@v5	2026-05-18T17:11:46.4882404Z ./rustdoc/static.files/FiraSans-Italic-81dc35de.woff2
Deploy Rust Docs	Run actions/upload-pages-artifact@v5	2026-05-18T17:11:46.4882897Z ./rustdoc/static.files/COPYRIGHT-7fb11f4e.txt
Deploy Rust Docs	Run actions/upload-pages-artifact@v5	2026-05-18T17:11:46.4883505Z ./rustdoc/static.files/noscript-f7c3ffd8.css
Deploy Rust Docs	Run actions/upload-pages-artifact@v5	2026-05-18T17:11:46.4884027Z ./rustdoc/static.files/FiraSans-MediumItalic-ccf7e434.woff2
Deploy Rust Docs	Run actions/upload-pages-artifact@v5	2026-05-18T17:11:46.4884555Z ./rustdoc/static.files/storage-41dd4d93.js
Deploy Rust Docs	Run actions/upload-pages-artifact@v5	2026-05-18T17:11:46.4885021Z ./rustdoc/static.files/FiraMono-Medium-86f75c8c.woff2
Deploy Rust Docs	Run actions/upload-pages-artifact@v5	2026-05-18T17:11:46.4885480Z ./rustdoc/static.files/settings-170eb4bf.js
Deploy Rust Docs	Run actions/upload-pages-artifact@v5	2026-05-18T17:11:46.4885911Z ./rustdoc/static.files/stringdex-b897f86f.js
Deploy Rust Docs	Run actions/upload-pages-artifact@v5	2026-05-18T17:11:46.4886468Z ./rustdoc/static.files/SourceSerif4-Regular-6b053e98.ttf.woff2
Deploy Rust Docs	Run actions/upload-pages-artifact@v5	2026-05-18T17:11:46.4887014Z ./rustdoc/static.files/favicon-044be391.svg
Deploy Rust Docs	Run actions/upload-pages-artifact@v5	2026-05-18T17:11:46.4887434Z ./rustdoc/static.files/search-63369b7b.js
Deploy Rust Docs	Run actions/upload-pages-artifact@v5	2026-05-18T17:11:46.4888082Z ./rustdoc/static.files/SourceSerif4-LICENSE-a2cfd9d5.md
Deploy Rust Docs	Run actions/upload-pages-artifact@v5	2026-05-18T17:11:46.4888675Z ./rustdoc/static.files/SourceSerif4-Bold-6d4fd4c0.ttf.woff2
Deploy Rust Docs	Run actions/upload-pages-artifact@v5	2026-05-18T17:11:46.4889344Z ./rustdoc/static.files/FiraMono-Regular-87c26294.woff2
Deploy Rust Docs	Run actions/upload-pages-artifact@v5	2026-05-18T17:11:46.4889861Z ./rustdoc/static.files/favicon-32x32-eab170b8.png
Deploy Rust Docs	Run actions/upload-pages-artifact@v5	2026-05-18T17:11:46.4890332Z ./rustdoc/static.files/rustdoc-b7b9f40b.css
Deploy Rust Docs	Run actions/upload-pages-artifact@v5	2026-05-18T17:11:46.4890769Z ./rustdoc/static.files/normalize-9960930a.css
Deploy Rust Docs	Run actions/upload-pages-artifact@v5	2026-05-18T17:11:46.4891248Z ./rustdoc/static.files/LICENSE-MIT-23f18e03.txt
Deploy Rust Docs	Run actions/upload-pages-artifact@v5	2026-05-18T17:11:46.4891779Z ./rustdoc/static.files/NanumBarunGothic-13b3dcba.ttf.woff2
Deploy Rust Docs	Run actions/upload-pages-artifact@v5	2026-05-18T17:11:46.4892259Z ./rustdoc/type.impl/
Deploy Rust Docs	Run actions/upload-pages-artifact@v5	2026-05-18T17:11:46.4892575Z ./rustdoc/type.impl/alloc/
Deploy Rust Docs	Run actions/upload-pages-artifact@v5	2026-05-18T17:11:46.4892916Z ./rustdoc/type.impl/alloc/sync/
Deploy Rust Docs	Run actions/upload-pages-artifact@v5	2026-05-18T17:11:46.4893632Z ./rustdoc/type.impl/alloc/sync/struct.Arc.js
Deploy Rust Docs	Run actions/upload-pages-artifact@v5	2026-05-18T17:11:46.4894038Z ./rustdoc/trait.impl/
Deploy Rust Docs	Run actions/upload-pages-artifact@v5	2026-05-18T17:11:46.4894339Z ./rustdoc/trait.impl/core/
Deploy Rust Docs	Run actions/upload-pages-artifact@v5	2026-05-18T17:11:46.4894675Z ./rustdoc/trait.impl/core/cmp/
Deploy Rust Docs	Run actions/upload-pages-artifact@v5	2026-05-18T17:11:46.4895086Z ./rustdoc/trait.impl/core/cmp/trait.PartialEq.js
Deploy Rust Docs	Run actions/upload-pages-artifact@v5	2026-05-18T17:11:46.4895533Z ./rustdoc/trait.impl/core/cmp/trait.Eq.js
Deploy Rust Docs	Run actions/upload-pages-artifact@v5	2026-05-18T17:11:46.4895934Z ./rustdoc/trait.impl/core/fmt/
Deploy Rust Docs	Run actions/upload-pages-artifact@v5	2026-05-18T17:11:46.4896328Z ./rustdoc/trait.impl/core/fmt/trait.Display.js
Deploy Rust Docs	Run actions/upload-pages-artifact@v5	2026-05-18T17:11:46.4896775Z ./rustdoc/trait.impl/core/fmt/trait.Debug.js
Deploy Rust Docs	Run actions/upload-pages-artifact@v5	2026-05-18T17:11:46.4897192Z ./rustdoc/trait.impl/core/panic/
Deploy Rust Docs	Run actions/upload-pages-artifact@v5	2026-05-18T17:11:46.4897581Z ./rustdoc/trait.impl/core/panic/unwind_safe/
Deploy Rust Docs	Run actions/upload-pages-artifact@v5	2026-05-18T17:11:46.4898115Z ./rustdoc/trait.impl/core/panic/unwind_safe/trait.UnwindSafe.js
Deploy Rust Docs	Run actions/upload-pages-artifact@v5	2026-05-18T17:11:46.4898764Z ./rustdoc/trait.impl/core/panic/unwind_safe/trait.RefUnwindSafe.js
Deploy Rust Docs	Run actions/upload-pages-artifact@v5	2026-05-18T17:11:46.4899292Z ./rustdoc/trait.impl/core/marker/
Deploy Rust Docs	Run actions/upload-pages-artifact@v5	2026-05-18T17:11:46.4899703Z ./rustdoc/trait.impl/core/marker/trait.Sync.js
Deploy Rust Docs	Run actions/upload-pages-artifact@v5	2026-05-18T17:11:46.4900414Z ./rustdoc/trait.impl/core/marker/trait.StructuralPartialEq.js
Deploy Rust Docs	Run actions/upload-pages-artifact@v5	2026-05-18T17:11:46.4900958Z ./rustdoc/trait.impl/core/marker/trait.Freeze.js
Deploy Rust Docs	Run actions/upload-pages-artifact@v5	2026-05-18T17:11:46.4901425Z ./rustdoc/trait.impl/core/marker/trait.Send.js
Deploy Rust Docs	Run actions/upload-pages-artifact@v5	2026-05-18T17:11:46.4901872Z ./rustdoc/trait.impl/core/marker/trait.Unpin.js
Deploy Rust Docs	Run actions/upload-pages-artifact@v5	2026-05-18T17:11:46.4902364Z ./rustdoc/trait.impl/core/marker/trait.UnsafeUnpin.js
Deploy Rust Docs	Run actions/upload-pages-artifact@v5	2026-05-18T17:11:46.4902854Z ./rustdoc/trait.impl/core/marker/trait.Copy.js
Deploy Rust Docs	Run actions/upload-pages-artifact@v5	2026-05-18T17:11:46.4903390Z ./rustdoc/trait.impl/core/error/
Deploy Rust Docs	Run actions/upload-pages-artifact@v5	2026-05-18T17:11:46.4903807Z ./rustdoc/trait.impl/core/error/trait.Error.js
Deploy Rust Docs	Run actions/upload-pages-artifact@v5	2026-05-18T17:11:46.4904248Z ./rustdoc/trait.impl/core/clone/
Deploy Rust Docs	Run actions/upload-pages-artifact@v5	2026-05-18T17:11:46.4904633Z ./rustdoc/trait.impl/core/clone/trait.Clone.js
Deploy Rust Docs	Run actions/upload-pages-artifact@v5	2026-05-18T17:11:46.4905056Z ./rustdoc/trait.impl/core/default/
Deploy Rust Docs	Run actions/upload-pages-artifact@v5	2026-05-18T17:11:46.4905457Z ./rustdoc/trait.impl/core/default/trait.Default.js
Deploy Rust Docs	Run actions/upload-pages-artifact@v5	2026-05-18T17:11:46.4905885Z ./rustdoc/lino_i18n_macros/
Deploy Rust Docs	Run actions/upload-pages-artifact@v5	2026-05-18T17:11:46.4906239Z ./rustdoc/lino_i18n_macros/macro.i18n!.html
Deploy Rust Docs	Run actions/upload-pages-artifact@v5	2026-05-18T17:11:46.4906671Z ./rustdoc/lino_i18n_macros/index.html
Deploy Rust Docs	Run actions/upload-pages-artifact@v5	2026-05-18T17:11:46.4907080Z ./rustdoc/lino_i18n_macros/sidebar-items.js
Deploy Rust Docs	Run actions/upload-pages-artifact@v5	2026-05-18T17:11:46.4907496Z ./rustdoc/lino_i18n_macros/all.html
Deploy Rust Docs	Run actions/upload-pages-artifact@v5	2026-05-18T17:11:46.4907898Z ./rustdoc/lino_i18n_macros/macro.i18n.html
Deploy Rust Docs	Run actions/upload-pages-artifact@v5	2026-05-18T17:11:46.4908627Z ##[endgroup]
Deploy Rust Docs	Run actions/upload-pages-artifact@v5	2026-05-18T17:11:46.4955015Z ##[group]Run actions/upload-artifact@bbbca2ddaa5d8feaa63e36b76fdaad77386f024f
Deploy Rust Docs	Run actions/upload-pages-artifact@v5	2026-05-18T17:11:46.4955408Z with:
Deploy Rust Docs	Run actions/upload-pages-artifact@v5	2026-05-18T17:11:46.4955597Z   name: github-pages
Deploy Rust Docs	Run actions/upload-pages-artifact@v5	2026-05-18T17:11:46.4955830Z   path: /home/runner/work/_temp/artifact.tar
Deploy Rust Docs	Run actions/upload-pages-artifact@v5	2026-05-18T17:11:46.4956094Z   retention-days: 1
Deploy Rust Docs	Run actions/upload-pages-artifact@v5	2026-05-18T17:11:46.4956295Z   if-no-files-found: error
Deploy Rust Docs	Run actions/upload-pages-artifact@v5	2026-05-18T17:11:46.4956524Z   compression-level: 6
Deploy Rust Docs	Run actions/upload-pages-artifact@v5	2026-05-18T17:11:46.4956733Z   overwrite: false
Deploy Rust Docs	Run actions/upload-pages-artifact@v5	2026-05-18T17:11:46.4956934Z   include-hidden-files: false
Deploy Rust Docs	Run actions/upload-pages-artifact@v5	2026-05-18T17:11:46.4957163Z   archive: true
Deploy Rust Docs	Run actions/upload-pages-artifact@v5	2026-05-18T17:11:46.4957341Z env:
Deploy Rust Docs	Run actions/upload-pages-artifact@v5	2026-05-18T17:11:46.4957519Z   CARGO_TERM_COLOR: always
Deploy Rust Docs	Run actions/upload-pages-artifact@v5	2026-05-18T17:11:46.4957747Z   RUST_BACKTRACE: 1
Deploy Rust Docs	Run actions/upload-pages-artifact@v5	2026-05-18T17:11:46.4957944Z   RUSTFLAGS: -Dwarnings
Deploy Rust Docs	Run actions/upload-pages-artifact@v5	2026-05-18T17:11:46.4958343Z   CARGO_REGISTRY_TOKEN: ***
Deploy Rust Docs	Run actions/upload-pages-artifact@v5	2026-05-18T17:11:46.4958616Z   CARGO_TOKEN: ***
Deploy Rust Docs	Run actions/upload-pages-artifact@v5	2026-05-18T17:11:46.4958990Z   CARGO_HOME: /home/runner/.cargo
Deploy Rust Docs	Run actions/upload-pages-artifact@v5	2026-05-18T17:11:46.4959233Z   CARGO_INCREMENTAL: 0
Deploy Rust Docs	Run actions/upload-pages-artifact@v5	2026-05-18T17:11:46.4959439Z   GITHUB_PAGES: true
Deploy Rust Docs	Run actions/upload-pages-artifact@v5	2026-05-18T17:11:46.4959636Z ##[endgroup]
Deploy Rust Docs	Run actions/upload-pages-artifact@v5	2026-05-18T17:11:46.6372739Z With the provided path, there will be 1 file uploaded
Deploy Rust Docs	Run actions/upload-pages-artifact@v5	2026-05-18T17:11:46.6378065Z Artifact name is valid!
Deploy Rust Docs	Run actions/upload-pages-artifact@v5	2026-05-18T17:11:46.6378468Z Root directory input is valid!
Deploy Rust Docs	Run actions/upload-pages-artifact@v5	2026-05-18T17:11:46.7496602Z Uploading artifact: github-pages.zip
Deploy Rust Docs	Run actions/upload-pages-artifact@v5	2026-05-18T17:11:46.7536175Z Beginning upload of artifact content to blob storage
Deploy Rust Docs	Run actions/upload-pages-artifact@v5	2026-05-18T17:11:46.9718531Z Uploaded bytes 1737090
Deploy Rust Docs	Run actions/upload-pages-artifact@v5	2026-05-18T17:11:46.9884937Z Finished uploading artifact content to blob storage!
Deploy Rust Docs	Run actions/upload-pages-artifact@v5	2026-05-18T17:11:46.9886190Z SHA256 digest of uploaded artifact is 9585d6a4b026bc71de3b3fe88c40dd268d17f57751295fad4a688ea566391fb7
Deploy Rust Docs	Run actions/upload-pages-artifact@v5	2026-05-18T17:11:46.9887015Z Finalizing artifact upload
Deploy Rust Docs	Run actions/upload-pages-artifact@v5	2026-05-18T17:11:47.2507664Z Artifact github-pages successfully finalized. Artifact ID 7064385516
Deploy Rust Docs	Run actions/upload-pages-artifact@v5	2026-05-18T17:11:47.2508987Z Artifact github-pages has been successfully uploaded! Final size is 1737090 bytes. Artifact ID is 7064385516
Deploy Rust Docs	Run actions/upload-pages-artifact@v5	2026-05-18T17:11:47.2516627Z Artifact download URL: https://github.com/link-foundation/lino-i18n/actions/runs/26048388072/artifacts/7064385516
Deploy Rust Docs	Run actions/deploy-pages@v5	﻿2026-05-18T17:11:47.2792239Z ##[group]Run actions/deploy-pages@v5
Deploy Rust Docs	Run actions/deploy-pages@v5	2026-05-18T17:11:47.2792533Z with:
Deploy Rust Docs	Run actions/deploy-pages@v5	2026-05-18T17:11:47.2792834Z   token: ***
Deploy Rust Docs	Run actions/deploy-pages@v5	2026-05-18T17:11:47.2793048Z   timeout: 600000
Deploy Rust Docs	Run actions/deploy-pages@v5	2026-05-18T17:11:47.2793551Z   error_count: 10
Deploy Rust Docs	Run actions/deploy-pages@v5	2026-05-18T17:11:47.2793769Z   reporting_interval: 5000
Deploy Rust Docs	Run actions/deploy-pages@v5	2026-05-18T17:11:47.2794045Z   artifact_name: github-pages
Deploy Rust Docs	Run actions/deploy-pages@v5	2026-05-18T17:11:47.2794313Z   preview: false
Deploy Rust Docs	Run actions/deploy-pages@v5	2026-05-18T17:11:47.2794540Z env:
Deploy Rust Docs	Run actions/deploy-pages@v5	2026-05-18T17:11:47.2837716Z   CARGO_TERM_COLOR: always
Deploy Rust Docs	Run actions/deploy-pages@v5	2026-05-18T17:11:47.2838116Z   RUST_BACKTRACE: 1
Deploy Rust Docs	Run actions/deploy-pages@v5	2026-05-18T17:11:47.2838422Z   RUSTFLAGS: -Dwarnings
Deploy Rust Docs	Run actions/deploy-pages@v5	2026-05-18T17:11:47.2838880Z   CARGO_REGISTRY_TOKEN: ***
Deploy Rust Docs	Run actions/deploy-pages@v5	2026-05-18T17:11:47.2839194Z   CARGO_TOKEN: ***
Deploy Rust Docs	Run actions/deploy-pages@v5	2026-05-18T17:11:47.2839418Z   CARGO_HOME: /home/runner/.cargo
Deploy Rust Docs	Run actions/deploy-pages@v5	2026-05-18T17:11:47.2839669Z   CARGO_INCREMENTAL: 0
Deploy Rust Docs	Run actions/deploy-pages@v5	2026-05-18T17:11:47.2839905Z   GITHUB_PAGES: true
Deploy Rust Docs	Run actions/deploy-pages@v5	2026-05-18T17:11:47.2840116Z ##[endgroup]
Deploy Rust Docs	Run actions/deploy-pages@v5	2026-05-18T17:11:47.4811868Z (node:3576) [DEP0040] DeprecationWarning: The `punycode` module is deprecated. Please use a userland alternative instead.
Deploy Rust Docs	Run actions/deploy-pages@v5	2026-05-18T17:11:47.4812797Z (Use `node --trace-deprecation ...` to show where the warning was created)
Deploy Rust Docs	Run actions/deploy-pages@v5	2026-05-18T17:11:47.5608343Z Fetching artifact metadata for "github-pages" in this workflow run
Deploy Rust Docs	Run actions/deploy-pages@v5	2026-05-18T17:11:47.6389367Z Found 1 artifact(s)
Deploy Rust Docs	Run actions/deploy-pages@v5	2026-05-18T17:11:47.6401676Z Creating Pages deployment with payload:
Deploy Rust Docs	Run actions/deploy-pages@v5	2026-05-18T17:11:47.6402111Z {
Deploy Rust Docs	Run actions/deploy-pages@v5	2026-05-18T17:11:47.6402385Z 	"artifact_id": 7064385516,
Deploy Rust Docs	Run actions/deploy-pages@v5	2026-05-18T17:11:47.6402883Z 	"pages_build_version": "992b91dd1eeb865ff89d2c130c88ad313a609723",
Deploy Rust Docs	Run actions/deploy-pages@v5	2026-05-18T17:11:47.6441809Z 	"oidc_token": "***"
Deploy Rust Docs	Run actions/deploy-pages@v5	2026-05-18T17:11:47.6442046Z }
Deploy Rust Docs	Run actions/deploy-pages@v5	2026-05-18T17:11:47.9886425Z Created deployment for 992b91dd1eeb865ff89d2c130c88ad313a609723, ID: 992b91dd1eeb865ff89d2c130c88ad313a609723
Deploy Rust Docs	Run actions/deploy-pages@v5	2026-05-18T17:11:52.9908566Z Getting Pages deployment status...
Deploy Rust Docs	Run actions/deploy-pages@v5	2026-05-18T17:11:53.1046457Z Reported success!
Deploy Rust Docs	Post Run actions/checkout@v6	﻿2026-05-18T17:11:53.1258766Z Post job cleanup.
Deploy Rust Docs	Post Run actions/checkout@v6	2026-05-18T17:11:53.2115177Z [command]/usr/bin/git version
Deploy Rust Docs	Post Run actions/checkout@v6	2026-05-18T17:11:53.2153633Z git version 2.54.0
Deploy Rust Docs	Post Run actions/checkout@v6	2026-05-18T17:11:53.2191100Z Temporarily overriding HOME='/home/runner/work/_temp/12551a82-899f-48ae-a851-72a2b2bb8efc' before making global git config changes
Deploy Rust Docs	Post Run actions/checkout@v6	2026-05-18T17:11:53.2192102Z Adding repository directory to the temporary git global config as a safe directory
Deploy Rust Docs	Post Run actions/checkout@v6	2026-05-18T17:11:53.2197038Z [command]/usr/bin/git config --global --add safe.directory /home/runner/work/lino-i18n/lino-i18n
Deploy Rust Docs	Post Run actions/checkout@v6	2026-05-18T17:11:53.2229250Z Removing SSH command configuration
Deploy Rust Docs	Post Run actions/checkout@v6	2026-05-18T17:11:53.2236136Z [command]/usr/bin/git config --local --name-only --get-regexp core\.sshCommand
Deploy Rust Docs	Post Run actions/checkout@v6	2026-05-18T17:11:53.2274639Z [command]/usr/bin/git submodule foreach --recursive sh -c "git config --local --name-only --get-regexp 'core\.sshCommand' && git config --local --unset-all 'core.sshCommand' || :"
Deploy Rust Docs	Post Run actions/checkout@v6	2026-05-18T17:11:53.2550082Z Removing HTTP extra header
Deploy Rust Docs	Post Run actions/checkout@v6	2026-05-18T17:11:53.2556184Z [command]/usr/bin/git config --local --name-only --get-regexp http\.https\:\/\/github\.com\/\.extraheader
Deploy Rust Docs	Post Run actions/checkout@v6	2026-05-18T17:11:53.2594895Z [command]/usr/bin/git submodule foreach --recursive sh -c "git config --local --name-only --get-regexp 'http\.https\:\/\/github\.com\/\.extraheader' && git config --local --unset-all 'http.https://github.com/.extraheader' || :"
Deploy Rust Docs	Post Run actions/checkout@v6	2026-05-18T17:11:53.2837317Z Removing includeIf entries pointing to credentials config files
Deploy Rust Docs	Post Run actions/checkout@v6	2026-05-18T17:11:53.2845829Z [command]/usr/bin/git config --local --name-only --get-regexp ^includeIf\.gitdir:
Deploy Rust Docs	Post Run actions/checkout@v6	2026-05-18T17:11:53.2874504Z includeif.gitdir:/home/runner/work/lino-i18n/lino-i18n/.git.path
Deploy Rust Docs	Post Run actions/checkout@v6	2026-05-18T17:11:53.2875306Z includeif.gitdir:/home/runner/work/lino-i18n/lino-i18n/.git/worktrees/*.path
Deploy Rust Docs	Post Run actions/checkout@v6	2026-05-18T17:11:53.2875842Z includeif.gitdir:/github/workspace/.git.path
Deploy Rust Docs	Post Run actions/checkout@v6	2026-05-18T17:11:53.2876192Z includeif.gitdir:/github/workspace/.git/worktrees/*.path
Deploy Rust Docs	Post Run actions/checkout@v6	2026-05-18T17:11:53.2884675Z [command]/usr/bin/git config --local --get-all includeif.gitdir:/home/runner/work/lino-i18n/lino-i18n/.git.path
Deploy Rust Docs	Post Run actions/checkout@v6	2026-05-18T17:11:53.2908248Z /home/runner/work/_temp/git-credentials-6fa2fdb2-a3b0-4ed1-929b-b478bb77f0c6.config
Deploy Rust Docs	Post Run actions/checkout@v6	2026-05-18T17:11:53.2919708Z [command]/usr/bin/git config --local --unset includeif.gitdir:/home/runner/work/lino-i18n/lino-i18n/.git.path /home/runner/work/_temp/git-credentials-6fa2fdb2-a3b0-4ed1-929b-b478bb77f0c6.config
Deploy Rust Docs	Post Run actions/checkout@v6	2026-05-18T17:11:53.2956162Z [command]/usr/bin/git config --local --get-all includeif.gitdir:/home/runner/work/lino-i18n/lino-i18n/.git/worktrees/*.path
Deploy Rust Docs	Post Run actions/checkout@v6	2026-05-18T17:11:53.2979193Z /home/runner/work/_temp/git-credentials-6fa2fdb2-a3b0-4ed1-929b-b478bb77f0c6.config
Deploy Rust Docs	Post Run actions/checkout@v6	2026-05-18T17:11:53.2989150Z [command]/usr/bin/git config --local --unset includeif.gitdir:/home/runner/work/lino-i18n/lino-i18n/.git/worktrees/*.path /home/runner/work/_temp/git-credentials-6fa2fdb2-a3b0-4ed1-929b-b478bb77f0c6.config
Deploy Rust Docs	Post Run actions/checkout@v6	2026-05-18T17:11:53.3021702Z [command]/usr/bin/git config --local --get-all includeif.gitdir:/github/workspace/.git.path
Deploy Rust Docs	Post Run actions/checkout@v6	2026-05-18T17:11:53.3044520Z /github/runner_temp/git-credentials-6fa2fdb2-a3b0-4ed1-929b-b478bb77f0c6.config
Deploy Rust Docs	Post Run actions/checkout@v6	2026-05-18T17:11:53.3051951Z [command]/usr/bin/git config --local --unset includeif.gitdir:/github/workspace/.git.path /github/runner_temp/git-credentials-6fa2fdb2-a3b0-4ed1-929b-b478bb77f0c6.config
Deploy Rust Docs	Post Run actions/checkout@v6	2026-05-18T17:11:53.3084941Z [command]/usr/bin/git config --local --get-all includeif.gitdir:/github/workspace/.git/worktrees/*.path
Deploy Rust Docs	Post Run actions/checkout@v6	2026-05-18T17:11:53.3106874Z /github/runner_temp/git-credentials-6fa2fdb2-a3b0-4ed1-929b-b478bb77f0c6.config
Deploy Rust Docs	Post Run actions/checkout@v6	2026-05-18T17:11:53.3116240Z [command]/usr/bin/git config --local --unset includeif.gitdir:/github/workspace/.git/worktrees/*.path /github/runner_temp/git-credentials-6fa2fdb2-a3b0-4ed1-929b-b478bb77f0c6.config
Deploy Rust Docs	Post Run actions/checkout@v6	2026-05-18T17:11:53.3150040Z [command]/usr/bin/git submodule foreach --recursive git config --local --show-origin --name-only --get-regexp remote.origin.url
Deploy Rust Docs	Post Run actions/checkout@v6	2026-05-18T17:11:53.3404848Z Removing credentials config '/home/runner/work/_temp/git-credentials-6fa2fdb2-a3b0-4ed1-929b-b478bb77f0c6.config'
Deploy Rust Docs	Complete job	﻿2026-05-18T17:11:53.3608849Z Evaluate and set environment url
Deploy Rust Docs	Complete job	2026-05-18T17:11:53.3612191Z Evaluated environment url: https://link-foundation.github.io/lino-i18n/
Deploy Rust Docs	Complete job	2026-05-18T17:11:53.3613087Z Cleaning up orphan processes
Publish Crates and GitHub Release	Set up job	﻿2026-05-18T17:10:54.6337562Z Current runner version: '2.334.0'
Publish Crates and GitHub Release	Set up job	2026-05-18T17:10:54.6372620Z ##[group]Runner Image Provisioner
Publish Crates and GitHub Release	Set up job	2026-05-18T17:10:54.6374513Z Hosted Compute Agent
Publish Crates and GitHub Release	Set up job	2026-05-18T17:10:54.6375450Z Version: 20260213.493
Publish Crates and GitHub Release	Set up job	2026-05-18T17:10:54.6376382Z Commit: 5c115507f6dd24b8de37d8bbe0bb4509d0cc0fa3
Publish Crates and GitHub Release	Set up job	2026-05-18T17:10:54.6377507Z Build Date: 2026-02-13T00:28:41Z
Publish Crates and GitHub Release	Set up job	2026-05-18T17:10:54.6378539Z Worker ID: {9949c1e4-a46e-42ea-a8b6-4ffda612459f}
Publish Crates and GitHub Release	Set up job	2026-05-18T17:10:54.6379631Z Azure Region: eastus2
Publish Crates and GitHub Release	Set up job	2026-05-18T17:10:54.6380569Z ##[endgroup]
Publish Crates and GitHub Release	Set up job	2026-05-18T17:10:54.6382432Z ##[group]Operating System
Publish Crates and GitHub Release	Set up job	2026-05-18T17:10:54.6383277Z Ubuntu
Publish Crates and GitHub Release	Set up job	2026-05-18T17:10:54.6384309Z 24.04.4
Publish Crates and GitHub Release	Set up job	2026-05-18T17:10:54.6385030Z LTS
Publish Crates and GitHub Release	Set up job	2026-05-18T17:10:54.6385782Z ##[endgroup]
Publish Crates and GitHub Release	Set up job	2026-05-18T17:10:54.6386626Z ##[group]Runner Image
Publish Crates and GitHub Release	Set up job	2026-05-18T17:10:54.6387449Z Image: ubuntu-24.04
Publish Crates and GitHub Release	Set up job	2026-05-18T17:10:54.6388246Z Version: 20260513.135.3
Publish Crates and GitHub Release	Set up job	2026-05-18T17:10:54.6389936Z Included Software: https://github.com/actions/runner-images/blob/ubuntu24/20260513.135/images/ubuntu/Ubuntu2404-Readme.md
Publish Crates and GitHub Release	Set up job	2026-05-18T17:10:54.6392630Z Image Release: https://github.com/actions/runner-images/releases/tag/ubuntu24%2F20260513.135
Publish Crates and GitHub Release	Set up job	2026-05-18T17:10:54.6394492Z ##[endgroup]
Publish Crates and GitHub Release	Set up job	2026-05-18T17:10:54.6396431Z ##[group]GITHUB_TOKEN Permissions
Publish Crates and GitHub Release	Set up job	2026-05-18T17:10:54.6399178Z Contents: write
Publish Crates and GitHub Release	Set up job	2026-05-18T17:10:54.6400168Z Metadata: read
Publish Crates and GitHub Release	Set up job	2026-05-18T17:10:54.6400984Z Pages: write
Publish Crates and GitHub Release	Set up job	2026-05-18T17:10:54.6401681Z PullRequests: write
Publish Crates and GitHub Release	Set up job	2026-05-18T17:10:54.6402614Z ##[endgroup]
Publish Crates and GitHub Release	Set up job	2026-05-18T17:10:54.6405534Z Secret source: Actions
Publish Crates and GitHub Release	Set up job	2026-05-18T17:10:54.6406897Z Prepare workflow directory
Publish Crates and GitHub Release	Set up job	2026-05-18T17:10:54.7135553Z Prepare all required actions
Publish Crates and GitHub Release	Set up job	2026-05-18T17:10:54.7187825Z Getting action download info
Publish Crates and GitHub Release	Set up job	2026-05-18T17:10:55.0397669Z Download action repository 'actions/checkout@v6' (SHA:de0fac2e4500dabe0009e67214ff5f5447ce83dd)
Publish Crates and GitHub Release	Set up job	2026-05-18T17:10:55.1610604Z Download action repository 'dtolnay/rust-toolchain@stable' (SHA:29eef336d9b2848a0b548edc03f92a220660cdb8)
Publish Crates and GitHub Release	Set up job	2026-05-18T17:10:55.3216831Z Download action repository 'Swatinem/rust-cache@v2' (SHA:e18b497796c12c097a38f9edb9d0641fb99eee32)
Publish Crates and GitHub Release	Set up job	2026-05-18T17:10:55.7607628Z Complete job name: Publish Crates and GitHub Release
Publish Crates and GitHub Release	Run actions/checkout@v6	﻿2026-05-18T17:10:55.8301600Z ##[group]Run actions/checkout@v6
Publish Crates and GitHub Release	Run actions/checkout@v6	2026-05-18T17:10:55.8302475Z with:
Publish Crates and GitHub Release	Run actions/checkout@v6	2026-05-18T17:10:55.8302885Z   fetch-depth: 0
Publish Crates and GitHub Release	Run actions/checkout@v6	2026-05-18T17:10:55.8303346Z   repository: link-foundation/lino-i18n
Publish Crates and GitHub Release	Run actions/checkout@v6	2026-05-18T17:10:55.8304307Z   token: ***
Publish Crates and GitHub Release	Run actions/checkout@v6	2026-05-18T17:10:55.8304724Z   ssh-strict: true
Publish Crates and GitHub Release	Run actions/checkout@v6	2026-05-18T17:10:55.8305154Z   ssh-user: git
Publish Crates and GitHub Release	Run actions/checkout@v6	2026-05-18T17:10:55.8305587Z   persist-credentials: true
Publish Crates and GitHub Release	Run actions/checkout@v6	2026-05-18T17:10:55.8306072Z   clean: true
Publish Crates and GitHub Release	Run actions/checkout@v6	2026-05-18T17:10:55.8306503Z   sparse-checkout-cone-mode: true
Publish Crates and GitHub Release	Run actions/checkout@v6	2026-05-18T17:10:55.8307004Z   fetch-tags: false
Publish Crates and GitHub Release	Run actions/checkout@v6	2026-05-18T17:10:55.8307443Z   show-progress: true
Publish Crates and GitHub Release	Run actions/checkout@v6	2026-05-18T17:10:55.8307867Z   lfs: false
Publish Crates and GitHub Release	Run actions/checkout@v6	2026-05-18T17:10:55.8308265Z   submodules: false
Publish Crates and GitHub Release	Run actions/checkout@v6	2026-05-18T17:10:55.8308692Z   set-safe-directory: true
Publish Crates and GitHub Release	Run actions/checkout@v6	2026-05-18T17:10:55.8309332Z env:
Publish Crates and GitHub Release	Run actions/checkout@v6	2026-05-18T17:10:55.8309722Z   CARGO_TERM_COLOR: always
Publish Crates and GitHub Release	Run actions/checkout@v6	2026-05-18T17:10:55.8310174Z   RUST_BACKTRACE: 1
Publish Crates and GitHub Release	Run actions/checkout@v6	2026-05-18T17:10:55.8310634Z   RUSTFLAGS: -Dwarnings
Publish Crates and GitHub Release	Run actions/checkout@v6	2026-05-18T17:10:55.8311250Z   CARGO_REGISTRY_TOKEN: ***
Publish Crates and GitHub Release	Run actions/checkout@v6	2026-05-18T17:10:55.8311805Z   CARGO_TOKEN: ***
Publish Crates and GitHub Release	Run actions/checkout@v6	2026-05-18T17:10:55.8312261Z ##[endgroup]
Publish Crates and GitHub Release	Run actions/checkout@v6	2026-05-18T17:10:55.9314417Z Syncing repository: link-foundation/lino-i18n
Publish Crates and GitHub Release	Run actions/checkout@v6	2026-05-18T17:10:55.9316342Z ##[group]Getting Git version info
Publish Crates and GitHub Release	Run actions/checkout@v6	2026-05-18T17:10:55.9317057Z Working directory is '/home/runner/work/lino-i18n/lino-i18n'
Publish Crates and GitHub Release	Run actions/checkout@v6	2026-05-18T17:10:55.9318119Z [command]/usr/bin/git version
Publish Crates and GitHub Release	Run actions/checkout@v6	2026-05-18T17:10:55.9348270Z git version 2.54.0
Publish Crates and GitHub Release	Run actions/checkout@v6	2026-05-18T17:10:55.9369742Z ##[endgroup]
Publish Crates and GitHub Release	Run actions/checkout@v6	2026-05-18T17:10:55.9384723Z Temporarily overriding HOME='/home/runner/work/_temp/ec57ef18-cee1-41f4-a00d-be3c9beba01a' before making global git config changes
Publish Crates and GitHub Release	Run actions/checkout@v6	2026-05-18T17:10:55.9386725Z Adding repository directory to the temporary git global config as a safe directory
Publish Crates and GitHub Release	Run actions/checkout@v6	2026-05-18T17:10:55.9389663Z [command]/usr/bin/git config --global --add safe.directory /home/runner/work/lino-i18n/lino-i18n
Publish Crates and GitHub Release	Run actions/checkout@v6	2026-05-18T17:10:55.9430827Z Deleting the contents of '/home/runner/work/lino-i18n/lino-i18n'
Publish Crates and GitHub Release	Run actions/checkout@v6	2026-05-18T17:10:55.9434935Z ##[group]Initializing the repository
Publish Crates and GitHub Release	Run actions/checkout@v6	2026-05-18T17:10:55.9439248Z [command]/usr/bin/git init /home/runner/work/lino-i18n/lino-i18n
Publish Crates and GitHub Release	Run actions/checkout@v6	2026-05-18T17:10:55.9510553Z hint: Using 'master' as the name for the initial branch. This default branch name
Publish Crates and GitHub Release	Run actions/checkout@v6	2026-05-18T17:10:55.9511909Z hint: will change to "main" in Git 3.0. To configure the initial branch name
Publish Crates and GitHub Release	Run actions/checkout@v6	2026-05-18T17:10:55.9512934Z hint: to use in all of your new repositories, which will suppress this warning,
Publish Crates and GitHub Release	Run actions/checkout@v6	2026-05-18T17:10:55.9514539Z hint: call:
Publish Crates and GitHub Release	Run actions/checkout@v6	2026-05-18T17:10:55.9514980Z hint:
Publish Crates and GitHub Release	Run actions/checkout@v6	2026-05-18T17:10:55.9515550Z hint: 	git config --global init.defaultBranch <name>
Publish Crates and GitHub Release	Run actions/checkout@v6	2026-05-18T17:10:55.9516555Z hint:
Publish Crates and GitHub Release	Run actions/checkout@v6	2026-05-18T17:10:55.9517473Z hint: Names commonly chosen instead of 'master' are 'main', 'trunk' and
Publish Crates and GitHub Release	Run actions/checkout@v6	2026-05-18T17:10:55.9518992Z hint: 'development'. The just-created branch can be renamed via this command:
Publish Crates and GitHub Release	Run actions/checkout@v6	2026-05-18T17:10:55.9519750Z hint:
Publish Crates and GitHub Release	Run actions/checkout@v6	2026-05-18T17:10:55.9520143Z hint: 	git branch -m <name>
Publish Crates and GitHub Release	Run actions/checkout@v6	2026-05-18T17:10:55.9520705Z hint:
Publish Crates and GitHub Release	Run actions/checkout@v6	2026-05-18T17:10:55.9521317Z hint: Disable this message with "git config set advice.defaultBranchName false"
Publish Crates and GitHub Release	Run actions/checkout@v6	2026-05-18T17:10:55.9522467Z Initialized empty Git repository in /home/runner/work/lino-i18n/lino-i18n/.git/
Publish Crates and GitHub Release	Run actions/checkout@v6	2026-05-18T17:10:55.9525417Z [command]/usr/bin/git remote add origin https://github.com/link-foundation/lino-i18n
Publish Crates and GitHub Release	Run actions/checkout@v6	2026-05-18T17:10:55.9562572Z ##[endgroup]
Publish Crates and GitHub Release	Run actions/checkout@v6	2026-05-18T17:10:55.9563899Z ##[group]Disabling automatic garbage collection
Publish Crates and GitHub Release	Run actions/checkout@v6	2026-05-18T17:10:55.9565833Z [command]/usr/bin/git config --local gc.auto 0
Publish Crates and GitHub Release	Run actions/checkout@v6	2026-05-18T17:10:55.9596426Z ##[endgroup]
Publish Crates and GitHub Release	Run actions/checkout@v6	2026-05-18T17:10:55.9597265Z ##[group]Setting up auth
Publish Crates and GitHub Release	Run actions/checkout@v6	2026-05-18T17:10:55.9597812Z Removing SSH command configuration
Publish Crates and GitHub Release	Run actions/checkout@v6	2026-05-18T17:10:55.9602031Z [command]/usr/bin/git config --local --name-only --get-regexp core\.sshCommand
Publish Crates and GitHub Release	Run actions/checkout@v6	2026-05-18T17:10:55.9636239Z [command]/usr/bin/git submodule foreach --recursive sh -c "git config --local --name-only --get-regexp 'core\.sshCommand' && git config --local --unset-all 'core.sshCommand' || :"
Publish Crates and GitHub Release	Run actions/checkout@v6	2026-05-18T17:10:55.9933070Z Removing HTTP extra header
Publish Crates and GitHub Release	Run actions/checkout@v6	2026-05-18T17:10:55.9940015Z [command]/usr/bin/git config --local --name-only --get-regexp http\.https\:\/\/github\.com\/\.extraheader
Publish Crates and GitHub Release	Run actions/checkout@v6	2026-05-18T17:10:55.9975457Z [command]/usr/bin/git submodule foreach --recursive sh -c "git config --local --name-only --get-regexp 'http\.https\:\/\/github\.com\/\.extraheader' && git config --local --unset-all 'http.https://github.com/.extraheader' || :"
Publish Crates and GitHub Release	Run actions/checkout@v6	2026-05-18T17:10:56.0198395Z Removing includeIf entries pointing to credentials config files
Publish Crates and GitHub Release	Run actions/checkout@v6	2026-05-18T17:10:56.0204877Z [command]/usr/bin/git config --local --name-only --get-regexp ^includeIf\.gitdir:
Publish Crates and GitHub Release	Run actions/checkout@v6	2026-05-18T17:10:56.0239270Z [command]/usr/bin/git submodule foreach --recursive git config --local --show-origin --name-only --get-regexp remote.origin.url
Publish Crates and GitHub Release	Run actions/checkout@v6	2026-05-18T17:10:56.0471791Z [command]/usr/bin/git config --file /home/runner/work/_temp/git-credentials-1ff68bce-5055-4879-b0af-cfe78dfcc691.config http.https://github.com/.extraheader AUTHORIZATION: basic ***
Publish Crates and GitHub Release	Run actions/checkout@v6	2026-05-18T17:10:56.0510219Z [command]/usr/bin/git config --local includeIf.gitdir:/home/runner/work/lino-i18n/lino-i18n/.git.path /home/runner/work/_temp/git-credentials-1ff68bce-5055-4879-b0af-cfe78dfcc691.config
Publish Crates and GitHub Release	Run actions/checkout@v6	2026-05-18T17:10:56.0542152Z [command]/usr/bin/git config --local includeIf.gitdir:/home/runner/work/lino-i18n/lino-i18n/.git/worktrees/*.path /home/runner/work/_temp/git-credentials-1ff68bce-5055-4879-b0af-cfe78dfcc691.config
Publish Crates and GitHub Release	Run actions/checkout@v6	2026-05-18T17:10:56.0575813Z [command]/usr/bin/git config --local includeIf.gitdir:/github/workspace/.git.path /github/runner_temp/git-credentials-1ff68bce-5055-4879-b0af-cfe78dfcc691.config
Publish Crates and GitHub Release	Run actions/checkout@v6	2026-05-18T17:10:56.0608293Z [command]/usr/bin/git config --local includeIf.gitdir:/github/workspace/.git/worktrees/*.path /github/runner_temp/git-credentials-1ff68bce-5055-4879-b0af-cfe78dfcc691.config
Publish Crates and GitHub Release	Run actions/checkout@v6	2026-05-18T17:10:56.0635944Z ##[endgroup]
Publish Crates and GitHub Release	Run actions/checkout@v6	2026-05-18T17:10:56.0636747Z ##[group]Fetching the repository
Publish Crates and GitHub Release	Run actions/checkout@v6	2026-05-18T17:10:56.0645580Z [command]/usr/bin/git -c protocol.version=2 fetch --no-tags --prune --no-recurse-submodules origin +refs/heads/*:refs/remotes/origin/* +refs/tags/*:refs/tags/*
Publish Crates and GitHub Release	Run actions/checkout@v6	2026-05-18T17:10:56.5221173Z From https://github.com/link-foundation/lino-i18n
Publish Crates and GitHub Release	Run actions/checkout@v6	2026-05-18T17:10:56.5222931Z  * [new branch]      issue-1-76ffa2dc55cc  -> origin/issue-1-76ffa2dc55cc
Publish Crates and GitHub Release	Run actions/checkout@v6	2026-05-18T17:10:56.5224502Z  * [new branch]      issue-10-6657adb31046 -> origin/issue-10-6657adb31046
Publish Crates and GitHub Release	Run actions/checkout@v6	2026-05-18T17:10:56.5225671Z  * [new branch]      issue-11-b5c8ef3bbd84 -> origin/issue-11-b5c8ef3bbd84
Publish Crates and GitHub Release	Run actions/checkout@v6	2026-05-18T17:10:56.5226818Z  * [new branch]      issue-12-3c4f596e0c67 -> origin/issue-12-3c4f596e0c67
Publish Crates and GitHub Release	Run actions/checkout@v6	2026-05-18T17:10:56.5227991Z  * [new branch]      issue-16-fab0e2420a2b -> origin/issue-16-fab0e2420a2b
Publish Crates and GitHub Release	Run actions/checkout@v6	2026-05-18T17:10:56.5229210Z  * [new branch]      issue-3-b3eb0917c317  -> origin/issue-3-b3eb0917c317
Publish Crates and GitHub Release	Run actions/checkout@v6	2026-05-18T17:10:56.5230540Z  * [new branch]      issue-5-169afc4a2006  -> origin/issue-5-169afc4a2006
Publish Crates and GitHub Release	Run actions/checkout@v6	2026-05-18T17:10:56.5231880Z  * [new branch]      issue-5-35d32a59c464  -> origin/issue-5-35d32a59c464
Publish Crates and GitHub Release	Run actions/checkout@v6	2026-05-18T17:10:56.5233330Z  * [new branch]      issue-8-ca918c4d7d4c  -> origin/issue-8-ca918c4d7d4c
Publish Crates and GitHub Release	Run actions/checkout@v6	2026-05-18T17:10:56.5234822Z  * [new branch]      main                  -> origin/main
Publish Crates and GitHub Release	Run actions/checkout@v6	2026-05-18T17:10:56.5235913Z  * [new tag]         js-v0.0.1             -> js-v0.0.1
Publish Crates and GitHub Release	Run actions/checkout@v6	2026-05-18T17:10:56.5236962Z  * [new tag]         rust-v0.0.1           -> rust-v0.0.1
Publish Crates and GitHub Release	Run actions/checkout@v6	2026-05-18T17:10:56.5263384Z [command]/usr/bin/git branch --list --remote origin/main
Publish Crates and GitHub Release	Run actions/checkout@v6	2026-05-18T17:10:56.5292282Z   origin/main
Publish Crates and GitHub Release	Run actions/checkout@v6	2026-05-18T17:10:56.5302061Z [command]/usr/bin/git rev-parse refs/remotes/origin/main
Publish Crates and GitHub Release	Run actions/checkout@v6	2026-05-18T17:10:56.5326078Z 992b91dd1eeb865ff89d2c130c88ad313a609723
Publish Crates and GitHub Release	Run actions/checkout@v6	2026-05-18T17:10:56.5331043Z ##[endgroup]
Publish Crates and GitHub Release	Run actions/checkout@v6	2026-05-18T17:10:56.5332487Z ##[group]Determining the checkout info
Publish Crates and GitHub Release	Run actions/checkout@v6	2026-05-18T17:10:56.5334134Z ##[endgroup]
Publish Crates and GitHub Release	Run actions/checkout@v6	2026-05-18T17:10:56.5335608Z [command]/usr/bin/git sparse-checkout disable
Publish Crates and GitHub Release	Run actions/checkout@v6	2026-05-18T17:10:56.5379640Z [command]/usr/bin/git config --local --unset-all extensions.worktreeConfig
Publish Crates and GitHub Release	Run actions/checkout@v6	2026-05-18T17:10:56.5408352Z ##[group]Checking out the ref
Publish Crates and GitHub Release	Run actions/checkout@v6	2026-05-18T17:10:56.5411016Z [command]/usr/bin/git checkout --progress --force -B main refs/remotes/origin/main
Publish Crates and GitHub Release	Run actions/checkout@v6	2026-05-18T17:10:56.6043050Z Switched to a new branch 'main'
Publish Crates and GitHub Release	Run actions/checkout@v6	2026-05-18T17:10:56.6045945Z branch 'main' set up to track 'origin/main'.
Publish Crates and GitHub Release	Run actions/checkout@v6	2026-05-18T17:10:56.6060333Z ##[endgroup]
Publish Crates and GitHub Release	Run actions/checkout@v6	2026-05-18T17:10:56.6108052Z [command]/usr/bin/git log -1 --format=%H
Publish Crates and GitHub Release	Run actions/checkout@v6	2026-05-18T17:10:56.6133934Z 992b91dd1eeb865ff89d2c130c88ad313a609723
Publish Crates and GitHub Release	Run dtolnay/rust-toolchain@stable	﻿2026-05-18T17:10:56.6797267Z ##[group]Run dtolnay/rust-toolchain@stable
Publish Crates and GitHub Release	Run dtolnay/rust-toolchain@stable	2026-05-18T17:10:56.6798946Z with:
Publish Crates and GitHub Release	Run dtolnay/rust-toolchain@stable	2026-05-18T17:10:56.6800064Z   toolchain: stable
Publish Crates and GitHub Release	Run dtolnay/rust-toolchain@stable	2026-05-18T17:10:56.6801166Z env:
Publish Crates and GitHub Release	Run dtolnay/rust-toolchain@stable	2026-05-18T17:10:56.6801977Z   CARGO_TERM_COLOR: always
Publish Crates and GitHub Release	Run dtolnay/rust-toolchain@stable	2026-05-18T17:10:56.6802931Z   RUST_BACKTRACE: 1
Publish Crates and GitHub Release	Run dtolnay/rust-toolchain@stable	2026-05-18T17:10:56.6804090Z   RUSTFLAGS: -Dwarnings
Publish Crates and GitHub Release	Run dtolnay/rust-toolchain@stable	2026-05-18T17:10:56.6805581Z   CARGO_REGISTRY_TOKEN: ***
Publish Crates and GitHub Release	Run dtolnay/rust-toolchain@stable	2026-05-18T17:10:56.6806765Z   CARGO_TOKEN: ***
Publish Crates and GitHub Release	Run dtolnay/rust-toolchain@stable	2026-05-18T17:10:56.6807618Z ##[endgroup]
Publish Crates and GitHub Release	Run dtolnay/rust-toolchain@stable	2026-05-18T17:10:56.6978426Z ##[group]Run : parse toolchain version
Publish Crates and GitHub Release	Run dtolnay/rust-toolchain@stable	2026-05-18T17:10:56.6980163Z ^[[36;1m: parse toolchain version^[[0m
Publish Crates and GitHub Release	Run dtolnay/rust-toolchain@stable	2026-05-18T17:10:56.6981753Z ^[[36;1mif [[ -z $toolchain ]]; then^[[0m
Publish Crates and GitHub Release	Run dtolnay/rust-toolchain@stable	2026-05-18T17:10:56.6984764Z ^[[36;1m  # GitHub does not enforce `required: true` inputs itself. https://github.com/actions/runner/issues/1070^[[0m
Publish Crates and GitHub Release	Run dtolnay/rust-toolchain@stable	2026-05-18T17:10:56.6987726Z ^[[36;1m  echo "'toolchain' is a required input" >&2^[[0m
Publish Crates and GitHub Release	Run dtolnay/rust-toolchain@stable	2026-05-18T17:10:56.6989336Z ^[[36;1m  exit 1^[[0m
Publish Crates and GitHub Release	Run dtolnay/rust-toolchain@stable	2026-05-18T17:10:56.6991221Z ^[[36;1melif [[ $toolchain =~ ^stable' '[0-9]+' '(year|month|week|day)s?' 'ago$ ]]; then^[[0m
Publish Crates and GitHub Release	Run dtolnay/rust-toolchain@stable	2026-05-18T17:10:56.6993828Z ^[[36;1m  if [[ Linux == macOS ]]; then^[[0m
Publish Crates and GitHub Release	Run dtolnay/rust-toolchain@stable	2026-05-18T17:10:56.6996750Z ^[[36;1m    echo "toolchain=1.$((($(date -v-$(sed 's/stable \([0-9]*\) \(.\).*/\1\2/' <<< $toolchain) +%s)/60/60/24-16569)/7/6))" >> $GITHUB_OUTPUT^[[0m
Publish Crates and GitHub Release	Run dtolnay/rust-toolchain@stable	2026-05-18T17:10:56.6999661Z ^[[36;1m  else^[[0m
Publish Crates and GitHub Release	Run dtolnay/rust-toolchain@stable	2026-05-18T17:10:56.7001673Z ^[[36;1m    echo "toolchain=1.$((($(date --date "${toolchain#stable }" +%s)/60/60/24-16569)/7/6))" >> $GITHUB_OUTPUT^[[0m
Publish Crates and GitHub Release	Run dtolnay/rust-toolchain@stable	2026-05-18T17:10:56.7004493Z ^[[36;1m  fi^[[0m
Publish Crates and GitHub Release	Run dtolnay/rust-toolchain@stable	2026-05-18T17:10:56.7006279Z ^[[36;1melif [[ $toolchain =~ ^stable' 'minus' '[0-9]+' 'releases?$ ]]; then^[[0m
Publish Crates and GitHub Release	Run dtolnay/rust-toolchain@stable	2026-05-18T17:10:56.7009709Z ^[[36;1m  echo "toolchain=1.$((($(date +%s)/60/60/24-16569)/7/6-${toolchain//[^0-9]/}))" >> $GITHUB_OUTPUT^[[0m
Publish Crates and GitHub Release	Run dtolnay/rust-toolchain@stable	2026-05-18T17:10:56.7012461Z ^[[36;1melif [[ $toolchain =~ ^1\.[0-9]+$ ]]; then^[[0m
Publish Crates and GitHub Release	Run dtolnay/rust-toolchain@stable	2026-05-18T17:10:56.7015625Z ^[[36;1m  echo "toolchain=1.$((i=${toolchain#1.}, c=($(date +%s)/60/60/24-16569)/7/6, i+9*i*(10*i<=c)+90*i*(100*i<=c)))" >> $GITHUB_OUTPUT^[[0m
Publish Crates and GitHub Release	Run dtolnay/rust-toolchain@stable	2026-05-18T17:10:56.7018608Z ^[[36;1melse^[[0m
Publish Crates and GitHub Release	Run dtolnay/rust-toolchain@stable	2026-05-18T17:10:56.7020081Z ^[[36;1m  echo "toolchain=$toolchain" >> $GITHUB_OUTPUT^[[0m
Publish Crates and GitHub Release	Run dtolnay/rust-toolchain@stable	2026-05-18T17:10:56.7021848Z ^[[36;1mfi^[[0m
Publish Crates and GitHub Release	Run dtolnay/rust-toolchain@stable	2026-05-18T17:10:56.7073114Z shell: /usr/bin/bash --noprofile --norc -e -o pipefail {0}
Publish Crates and GitHub Release	Run dtolnay/rust-toolchain@stable	2026-05-18T17:10:56.7074677Z env:
Publish Crates and GitHub Release	Run dtolnay/rust-toolchain@stable	2026-05-18T17:10:56.7075423Z   CARGO_TERM_COLOR: always
Publish Crates and GitHub Release	Run dtolnay/rust-toolchain@stable	2026-05-18T17:10:56.7076327Z   RUST_BACKTRACE: 1
Publish Crates and GitHub Release	Run dtolnay/rust-toolchain@stable	2026-05-18T17:10:56.7077140Z   RUSTFLAGS: -Dwarnings
Publish Crates and GitHub Release	Run dtolnay/rust-toolchain@stable	2026-05-18T17:10:56.7078383Z   CARGO_REGISTRY_TOKEN: ***
Publish Crates and GitHub Release	Run dtolnay/rust-toolchain@stable	2026-05-18T17:10:56.7079492Z   CARGO_TOKEN: ***
Publish Crates and GitHub Release	Run dtolnay/rust-toolchain@stable	2026-05-18T17:10:56.7080326Z   toolchain: stable
Publish Crates and GitHub Release	Run dtolnay/rust-toolchain@stable	2026-05-18T17:10:56.7081117Z ##[endgroup]
Publish Crates and GitHub Release	Run dtolnay/rust-toolchain@stable	2026-05-18T17:10:56.7273356Z ##[group]Run : construct rustup command line
Publish Crates and GitHub Release	Run dtolnay/rust-toolchain@stable	2026-05-18T17:10:56.7274819Z ^[[36;1m: construct rustup command line^[[0m
Publish Crates and GitHub Release	Run dtolnay/rust-toolchain@stable	2026-05-18T17:10:56.7276430Z ^[[36;1mecho "targets=$(for t in ${targets//,/ }; do echo -n ' --target' $t; done)" >> $GITHUB_OUTPUT^[[0m
Publish Crates and GitHub Release	Run dtolnay/rust-toolchain@stable	2026-05-18T17:10:56.7278684Z ^[[36;1mecho "components=$(for c in ${components//,/ }; do echo -n ' --component' $c; done)" >> $GITHUB_OUTPUT^[[0m
Publish Crates and GitHub Release	Run dtolnay/rust-toolchain@stable	2026-05-18T17:10:56.7280471Z ^[[36;1mecho "downgrade=" >> $GITHUB_OUTPUT^[[0m
Publish Crates and GitHub Release	Run dtolnay/rust-toolchain@stable	2026-05-18T17:10:56.7319645Z shell: /usr/bin/bash --noprofile --norc -e -o pipefail {0}
Publish Crates and GitHub Release	Run dtolnay/rust-toolchain@stable	2026-05-18T17:10:56.7320877Z env:
Publish Crates and GitHub Release	Run dtolnay/rust-toolchain@stable	2026-05-18T17:10:56.7321653Z   CARGO_TERM_COLOR: always
Publish Crates and GitHub Release	Run dtolnay/rust-toolchain@stable	2026-05-18T17:10:56.7322533Z   RUST_BACKTRACE: 1
Publish Crates and GitHub Release	Run dtolnay/rust-toolchain@stable	2026-05-18T17:10:56.7323337Z   RUSTFLAGS: -Dwarnings
Publish Crates and GitHub Release	Run dtolnay/rust-toolchain@stable	2026-05-18T17:10:56.7324801Z   CARGO_REGISTRY_TOKEN: ***
Publish Crates and GitHub Release	Run dtolnay/rust-toolchain@stable	2026-05-18T17:10:56.7325881Z   CARGO_TOKEN: ***
Publish Crates and GitHub Release	Run dtolnay/rust-toolchain@stable	2026-05-18T17:10:56.7326658Z   targets:
Publish Crates and GitHub Release	Run dtolnay/rust-toolchain@stable	2026-05-18T17:10:56.7327408Z   components:
Publish Crates and GitHub Release	Run dtolnay/rust-toolchain@stable	2026-05-18T17:10:56.7328165Z ##[endgroup]
Publish Crates and GitHub Release	Run dtolnay/rust-toolchain@stable	2026-05-18T17:10:56.7464136Z ##[group]Run : set $CARGO_HOME
Publish Crates and GitHub Release	Run dtolnay/rust-toolchain@stable	2026-05-18T17:10:56.7465117Z ^[[36;1m: set $CARGO_HOME^[[0m
Publish Crates and GitHub Release	Run dtolnay/rust-toolchain@stable	2026-05-18T17:10:56.7466335Z ^[[36;1mecho CARGO_HOME=${CARGO_HOME:-"$HOME/.cargo"} >> $GITHUB_ENV^[[0m
Publish Crates and GitHub Release	Run dtolnay/rust-toolchain@stable	2026-05-18T17:10:56.7504612Z shell: /usr/bin/bash --noprofile --norc -e -o pipefail {0}
Publish Crates and GitHub Release	Run dtolnay/rust-toolchain@stable	2026-05-18T17:10:56.7505862Z env:
Publish Crates and GitHub Release	Run dtolnay/rust-toolchain@stable	2026-05-18T17:10:56.7506837Z   CARGO_TERM_COLOR: always
Publish Crates and GitHub Release	Run dtolnay/rust-toolchain@stable	2026-05-18T17:10:56.7507727Z   RUST_BACKTRACE: 1
Publish Crates and GitHub Release	Run dtolnay/rust-toolchain@stable	2026-05-18T17:10:56.7508535Z   RUSTFLAGS: -Dwarnings
Publish Crates and GitHub Release	Run dtolnay/rust-toolchain@stable	2026-05-18T17:10:56.7509771Z   CARGO_REGISTRY_TOKEN: ***
Publish Crates and GitHub Release	Run dtolnay/rust-toolchain@stable	2026-05-18T17:10:56.7510948Z   CARGO_TOKEN: ***
Publish Crates and GitHub Release	Run dtolnay/rust-toolchain@stable	2026-05-18T17:10:56.7511728Z ##[endgroup]
Publish Crates and GitHub Release	Run dtolnay/rust-toolchain@stable	2026-05-18T17:10:56.7634538Z ##[group]Run : install rustup if needed
Publish Crates and GitHub Release	Run dtolnay/rust-toolchain@stable	2026-05-18T17:10:56.7635664Z ^[[36;1m: install rustup if needed^[[0m
Publish Crates and GitHub Release	Run dtolnay/rust-toolchain@stable	2026-05-18T17:10:56.7636775Z ^[[36;1mif ! command -v rustup &>/dev/null; then^[[0m
Publish Crates and GitHub Release	Run dtolnay/rust-toolchain@stable	2026-05-18T17:10:56.7639375Z ^[[36;1m  curl --proto '=https' --tlsv1.2 --retry 10 --retry-connrefused --location --silent --show-error --fail https://sh.rustup.rs | sh -s -- --default-toolchain none -y^[[0m
Publish Crates and GitHub Release	Run dtolnay/rust-toolchain@stable	2026-05-18T17:10:56.7641999Z ^[[36;1m  echo "$CARGO_HOME/bin" >> $GITHUB_PATH^[[0m
Publish Crates and GitHub Release	Run dtolnay/rust-toolchain@stable	2026-05-18T17:10:56.7643098Z ^[[36;1mfi^[[0m
Publish Crates and GitHub Release	Run dtolnay/rust-toolchain@stable	2026-05-18T17:10:56.7680805Z shell: /usr/bin/bash --noprofile --norc -e -o pipefail {0}
Publish Crates and GitHub Release	Run dtolnay/rust-toolchain@stable	2026-05-18T17:10:56.7682055Z env:
Publish Crates and GitHub Release	Run dtolnay/rust-toolchain@stable	2026-05-18T17:10:56.7682810Z   CARGO_TERM_COLOR: always
Publish Crates and GitHub Release	Run dtolnay/rust-toolchain@stable	2026-05-18T17:10:56.7683993Z   RUST_BACKTRACE: 1
Publish Crates and GitHub Release	Run dtolnay/rust-toolchain@stable	2026-05-18T17:10:56.7684838Z   RUSTFLAGS: -Dwarnings
Publish Crates and GitHub Release	Run dtolnay/rust-toolchain@stable	2026-05-18T17:10:56.7686052Z   CARGO_REGISTRY_TOKEN: ***
Publish Crates and GitHub Release	Run dtolnay/rust-toolchain@stable	2026-05-18T17:10:56.7687142Z   CARGO_TOKEN: ***
Publish Crates and GitHub Release	Run dtolnay/rust-toolchain@stable	2026-05-18T17:10:56.7687999Z   CARGO_HOME: /home/runner/.cargo
Publish Crates and GitHub Release	Run dtolnay/rust-toolchain@stable	2026-05-18T17:10:56.7688957Z ##[endgroup]
Publish Crates and GitHub Release	Run dtolnay/rust-toolchain@stable	2026-05-18T17:10:56.7818803Z ##[group]Run rustup toolchain install stable --profile minimal --no-self-update
Publish Crates and GitHub Release	Run dtolnay/rust-toolchain@stable	2026-05-18T17:10:56.7820710Z ^[[36;1mrustup toolchain install stable --profile minimal --no-self-update^[[0m
Publish Crates and GitHub Release	Run dtolnay/rust-toolchain@stable	2026-05-18T17:10:56.7859104Z shell: /usr/bin/bash --noprofile --norc -e -o pipefail {0}
Publish Crates and GitHub Release	Run dtolnay/rust-toolchain@stable	2026-05-18T17:10:56.7860506Z env:
Publish Crates and GitHub Release	Run dtolnay/rust-toolchain@stable	2026-05-18T17:10:56.7861231Z   CARGO_TERM_COLOR: always
Publish Crates and GitHub Release	Run dtolnay/rust-toolchain@stable	2026-05-18T17:10:56.7862104Z   RUST_BACKTRACE: 1
Publish Crates and GitHub Release	Run dtolnay/rust-toolchain@stable	2026-05-18T17:10:56.7862888Z   RUSTFLAGS: -Dwarnings
Publish Crates and GitHub Release	Run dtolnay/rust-toolchain@stable	2026-05-18T17:10:56.7864269Z   CARGO_REGISTRY_TOKEN: ***
Publish Crates and GitHub Release	Run dtolnay/rust-toolchain@stable	2026-05-18T17:10:56.7865320Z   CARGO_TOKEN: ***
Publish Crates and GitHub Release	Run dtolnay/rust-toolchain@stable	2026-05-18T17:10:56.7866109Z   CARGO_HOME: /home/runner/.cargo
Publish Crates and GitHub Release	Run dtolnay/rust-toolchain@stable	2026-05-18T17:10:56.7867068Z   RUSTUP_PERMIT_COPY_RENAME: 1
Publish Crates and GitHub Release	Run dtolnay/rust-toolchain@stable	2026-05-18T17:10:56.7868011Z ##[endgroup]
Publish Crates and GitHub Release	Run dtolnay/rust-toolchain@stable	2026-05-18T17:10:57.0382083Z info: syncing channel updates for stable-x86_64-unknown-linux-gnu
Publish Crates and GitHub Release	Run dtolnay/rust-toolchain@stable	2026-05-18T17:10:57.2822664Z
Publish Crates and GitHub Release	Run dtolnay/rust-toolchain@stable	2026-05-18T17:10:57.2912777Z   stable-x86_64-unknown-linux-gnu unchanged - rustc 1.95.0 (59807616e 2026-04-14)
Publish Crates and GitHub Release	Run dtolnay/rust-toolchain@stable	2026-05-18T17:10:57.2914283Z
Publish Crates and GitHub Release	Run dtolnay/rust-toolchain@stable	2026-05-18T17:10:57.3030803Z ##[group]Run rustup default stable
Publish Crates and GitHub Release	Run dtolnay/rust-toolchain@stable	2026-05-18T17:10:57.3031830Z ^[[36;1mrustup default stable^[[0m
Publish Crates and GitHub Release	Run dtolnay/rust-toolchain@stable	2026-05-18T17:10:57.3074324Z shell: /usr/bin/bash --noprofile --norc -e -o pipefail {0}
Publish Crates and GitHub Release	Run dtolnay/rust-toolchain@stable	2026-05-18T17:10:57.3075510Z env:
Publish Crates and GitHub Release	Run dtolnay/rust-toolchain@stable	2026-05-18T17:10:57.3076217Z   CARGO_TERM_COLOR: always
Publish Crates and GitHub Release	Run dtolnay/rust-toolchain@stable	2026-05-18T17:10:57.3077068Z   RUST_BACKTRACE: 1
Publish Crates and GitHub Release	Run dtolnay/rust-toolchain@stable	2026-05-18T17:10:57.3077826Z   RUSTFLAGS: -Dwarnings
Publish Crates and GitHub Release	Run dtolnay/rust-toolchain@stable	2026-05-18T17:10:57.3079090Z   CARGO_REGISTRY_TOKEN: ***
Publish Crates and GitHub Release	Run dtolnay/rust-toolchain@stable	2026-05-18T17:10:57.3080165Z   CARGO_TOKEN: ***
Publish Crates and GitHub Release	Run dtolnay/rust-toolchain@stable	2026-05-18T17:10:57.3080959Z   CARGO_HOME: /home/runner/.cargo
Publish Crates and GitHub Release	Run dtolnay/rust-toolchain@stable	2026-05-18T17:10:57.3081854Z ##[endgroup]
Publish Crates and GitHub Release	Run dtolnay/rust-toolchain@stable	2026-05-18T17:10:57.3209348Z info: using existing install for stable-x86_64-unknown-linux-gnu
Publish Crates and GitHub Release	Run dtolnay/rust-toolchain@stable	2026-05-18T17:10:57.3216237Z info: default toolchain set to stable-x86_64-unknown-linux-gnu
Publish Crates and GitHub Release	Run dtolnay/rust-toolchain@stable	2026-05-18T17:10:57.3217434Z
Publish Crates and GitHub Release	Run dtolnay/rust-toolchain@stable	2026-05-18T17:10:57.3301628Z   stable-x86_64-unknown-linux-gnu unchanged - rustc 1.95.0 (59807616e 2026-04-14)
Publish Crates and GitHub Release	Run dtolnay/rust-toolchain@stable	2026-05-18T17:10:57.3303398Z
Publish Crates and GitHub Release	Run dtolnay/rust-toolchain@stable	2026-05-18T17:10:57.3363161Z ##[group]Run : create cachekey
Publish Crates and GitHub Release	Run dtolnay/rust-toolchain@stable	2026-05-18T17:10:57.3364563Z ^[[36;1m: create cachekey^[[0m
Publish Crates and GitHub Release	Run dtolnay/rust-toolchain@stable	2026-05-18T17:10:57.3366310Z ^[[36;1mDATE=$(rustc +stable --version --verbose | sed -ne 's/^commit-date: \(20[0-9][0-9]\)-\([01][0-9]\)-\([0-3][0-9]\)$/\1\2\3/p')^[[0m
Publish Crates and GitHub Release	Run dtolnay/rust-toolchain@stable	2026-05-18T17:10:57.3368564Z ^[[36;1mHASH=$(rustc +stable --version --verbose | sed -ne 's/^commit-hash: //p')^[[0m
Publish Crates and GitHub Release	Run dtolnay/rust-toolchain@stable	2026-05-18T17:10:57.3370312Z ^[[36;1mecho "cachekey=$(echo $DATE$HASH | head -c12)" >> $GITHUB_OUTPUT^[[0m
Publish Crates and GitHub Release	Run dtolnay/rust-toolchain@stable	2026-05-18T17:10:57.3411668Z shell: /usr/bin/bash --noprofile --norc -e -o pipefail {0}
Publish Crates and GitHub Release	Run dtolnay/rust-toolchain@stable	2026-05-18T17:10:57.3412829Z env:
Publish Crates and GitHub Release	Run dtolnay/rust-toolchain@stable	2026-05-18T17:10:57.3413743Z   CARGO_TERM_COLOR: always
Publish Crates and GitHub Release	Run dtolnay/rust-toolchain@stable	2026-05-18T17:10:57.3414609Z   RUST_BACKTRACE: 1
Publish Crates and GitHub Release	Run dtolnay/rust-toolchain@stable	2026-05-18T17:10:57.3415389Z   RUSTFLAGS: -Dwarnings
Publish Crates and GitHub Release	Run dtolnay/rust-toolchain@stable	2026-05-18T17:10:57.3416938Z   CARGO_REGISTRY_TOKEN: ***
Publish Crates and GitHub Release	Run dtolnay/rust-toolchain@stable	2026-05-18T17:10:57.3417955Z   CARGO_TOKEN: ***
Publish Crates and GitHub Release	Run dtolnay/rust-toolchain@stable	2026-05-18T17:10:57.3418746Z   CARGO_HOME: /home/runner/.cargo
Publish Crates and GitHub Release	Run dtolnay/rust-toolchain@stable	2026-05-18T17:10:57.3419639Z ##[endgroup]
Publish Crates and GitHub Release	Run dtolnay/rust-toolchain@stable	2026-05-18T17:10:57.4040745Z ##[group]Run : disable incremental compilation
Publish Crates and GitHub Release	Run dtolnay/rust-toolchain@stable	2026-05-18T17:10:57.4041966Z ^[[36;1m: disable incremental compilation^[[0m
Publish Crates and GitHub Release	Run dtolnay/rust-toolchain@stable	2026-05-18T17:10:57.4043117Z ^[[36;1mif [ -z "${CARGO_INCREMENTAL+set}" ]; then^[[0m
Publish Crates and GitHub Release	Run dtolnay/rust-toolchain@stable	2026-05-18T17:10:57.4044491Z ^[[36;1m  echo CARGO_INCREMENTAL=0 >> $GITHUB_ENV^[[0m
Publish Crates and GitHub Release	Run dtolnay/rust-toolchain@stable	2026-05-18T17:10:57.4045532Z ^[[36;1mfi^[[0m
Publish Crates and GitHub Release	Run dtolnay/rust-toolchain@stable	2026-05-18T17:10:57.4086733Z shell: /usr/bin/bash --noprofile --norc -e -o pipefail {0}
Publish Crates and GitHub Release	Run dtolnay/rust-toolchain@stable	2026-05-18T17:10:57.4087889Z env:
Publish Crates and GitHub Release	Run dtolnay/rust-toolchain@stable	2026-05-18T17:10:57.4088597Z   CARGO_TERM_COLOR: always
Publish Crates and GitHub Release	Run dtolnay/rust-toolchain@stable	2026-05-18T17:10:57.4089436Z   RUST_BACKTRACE: 1
Publish Crates and GitHub Release	Run dtolnay/rust-toolchain@stable	2026-05-18T17:10:57.4090193Z   RUSTFLAGS: -Dwarnings
Publish Crates and GitHub Release	Run dtolnay/rust-toolchain@stable	2026-05-18T17:10:57.4091377Z   CARGO_REGISTRY_TOKEN: ***
Publish Crates and GitHub Release	Run dtolnay/rust-toolchain@stable	2026-05-18T17:10:57.4092420Z   CARGO_TOKEN: ***
Publish Crates and GitHub Release	Run dtolnay/rust-toolchain@stable	2026-05-18T17:10:57.4093207Z   CARGO_HOME: /home/runner/.cargo
Publish Crates and GitHub Release	Run dtolnay/rust-toolchain@stable	2026-05-18T17:10:57.4094360Z ##[endgroup]
Publish Crates and GitHub Release	Run dtolnay/rust-toolchain@stable	2026-05-18T17:10:57.4206407Z ##[group]Run : enable colors in Cargo output
Publish Crates and GitHub Release	Run dtolnay/rust-toolchain@stable	2026-05-18T17:10:57.4207521Z ^[[36;1m: enable colors in Cargo output^[[0m
Publish Crates and GitHub Release	Run dtolnay/rust-toolchain@stable	2026-05-18T17:10:57.4208629Z ^[[36;1mif [ -z "${CARGO_TERM_COLOR+set}" ]; then^[[0m
Publish Crates and GitHub Release	Run dtolnay/rust-toolchain@stable	2026-05-18T17:10:57.4209821Z ^[[36;1m  echo CARGO_TERM_COLOR=always >> $GITHUB_ENV^[[0m
Publish Crates and GitHub Release	Run dtolnay/rust-toolchain@stable	2026-05-18T17:10:57.4210887Z ^[[36;1mfi^[[0m
Publish Crates and GitHub Release	Run dtolnay/rust-toolchain@stable	2026-05-18T17:10:57.4248923Z shell: /usr/bin/bash --noprofile --norc -e -o pipefail {0}
Publish Crates and GitHub Release	Run dtolnay/rust-toolchain@stable	2026-05-18T17:10:57.4250080Z env:
Publish Crates and GitHub Release	Run dtolnay/rust-toolchain@stable	2026-05-18T17:10:57.4250832Z   CARGO_TERM_COLOR: always
Publish Crates and GitHub Release	Run dtolnay/rust-toolchain@stable	2026-05-18T17:10:57.4251888Z   RUST_BACKTRACE: 1
Publish Crates and GitHub Release	Run dtolnay/rust-toolchain@stable	2026-05-18T17:10:57.4252670Z   RUSTFLAGS: -Dwarnings
Publish Crates and GitHub Release	Run dtolnay/rust-toolchain@stable	2026-05-18T17:10:57.4253969Z   CARGO_REGISTRY_TOKEN: ***
Publish Crates and GitHub Release	Run dtolnay/rust-toolchain@stable	2026-05-18T17:10:57.4255007Z   CARGO_TOKEN: ***
Publish Crates and GitHub Release	Run dtolnay/rust-toolchain@stable	2026-05-18T17:10:57.4255798Z   CARGO_HOME: /home/runner/.cargo
Publish Crates and GitHub Release	Run dtolnay/rust-toolchain@stable	2026-05-18T17:10:57.4256720Z   CARGO_INCREMENTAL: 0
Publish Crates and GitHub Release	Run dtolnay/rust-toolchain@stable	2026-05-18T17:10:57.4257517Z ##[endgroup]
Publish Crates and GitHub Release	Run dtolnay/rust-toolchain@stable	2026-05-18T17:10:57.4394796Z ##[group]Run : enable Cargo sparse registry
Publish Crates and GitHub Release	Run dtolnay/rust-toolchain@stable	2026-05-18T17:10:57.4395909Z ^[[36;1m: enable Cargo sparse registry^[[0m
Publish Crates and GitHub Release	Run dtolnay/rust-toolchain@stable	2026-05-18T17:10:57.4397169Z ^[[36;1m# implemented in 1.66, stabilized in 1.68, made default in 1.70^[[0m
Publish Crates and GitHub Release	Run dtolnay/rust-toolchain@stable	2026-05-18T17:10:57.4399494Z ^[[36;1mif [ -z "${CARGO_REGISTRIES_CRATES_IO_PROTOCOL+set}" -o -f "/home/runner/work/_temp"/.implicit_cargo_registries_crates_io_protocol ]; then^[[0m
Publish Crates and GitHub Release	Run dtolnay/rust-toolchain@stable	2026-05-18T17:10:57.4401951Z ^[[36;1m  if rustc +stable --version --verbose | grep -q '^release: 1\.6[89]\.'; then^[[0m
Publish Crates and GitHub Release	Run dtolnay/rust-toolchain@stable	2026-05-18T17:10:57.4404108Z ^[[36;1m    touch "/home/runner/work/_temp"/.implicit_cargo_registries_crates_io_protocol || true^[[0m
Publish Crates and GitHub Release	Run dtolnay/rust-toolchain@stable	2026-05-18T17:10:57.4406049Z ^[[36;1m    echo CARGO_REGISTRIES_CRATES_IO_PROTOCOL=sparse >> $GITHUB_ENV^[[0m
Publish Crates and GitHub Release	Run dtolnay/rust-toolchain@stable	2026-05-18T17:10:57.4407767Z ^[[36;1m  elif rustc +stable --version --verbose | grep -q '^release: 1\.6[67]\.'; then^[[0m
Publish Crates and GitHub Release	Run dtolnay/rust-toolchain@stable	2026-05-18T17:10:57.4409719Z ^[[36;1m    touch "/home/runner/work/_temp"/.implicit_cargo_registries_crates_io_protocol || true^[[0m
Publish Crates and GitHub Release	Run dtolnay/rust-toolchain@stable	2026-05-18T17:10:57.4411531Z ^[[36;1m    echo CARGO_REGISTRIES_CRATES_IO_PROTOCOL=git >> $GITHUB_ENV^[[0m
Publish Crates and GitHub Release	Run dtolnay/rust-toolchain@stable	2026-05-18T17:10:57.4412757Z ^[[36;1m  fi^[[0m
Publish Crates and GitHub Release	Run dtolnay/rust-toolchain@stable	2026-05-18T17:10:57.4413464Z ^[[36;1mfi^[[0m
Publish Crates and GitHub Release	Run dtolnay/rust-toolchain@stable	2026-05-18T17:10:57.4452747Z shell: /usr/bin/bash --noprofile --norc -e -o pipefail {0}
Publish Crates and GitHub Release	Run dtolnay/rust-toolchain@stable	2026-05-18T17:10:57.4454212Z env:
Publish Crates and GitHub Release	Run dtolnay/rust-toolchain@stable	2026-05-18T17:10:57.4454914Z   CARGO_TERM_COLOR: always
Publish Crates and GitHub Release	Run dtolnay/rust-toolchain@stable	2026-05-18T17:10:57.4455743Z   RUST_BACKTRACE: 1
Publish Crates and GitHub Release	Run dtolnay/rust-toolchain@stable	2026-05-18T17:10:57.4456492Z   RUSTFLAGS: -Dwarnings
Publish Crates and GitHub Release	Run dtolnay/rust-toolchain@stable	2026-05-18T17:10:57.4457631Z   CARGO_REGISTRY_TOKEN: ***
Publish Crates and GitHub Release	Run dtolnay/rust-toolchain@stable	2026-05-18T17:10:57.4458661Z   CARGO_TOKEN: ***
Publish Crates and GitHub Release	Run dtolnay/rust-toolchain@stable	2026-05-18T17:10:57.4459425Z   CARGO_HOME: /home/runner/.cargo
Publish Crates and GitHub Release	Run dtolnay/rust-toolchain@stable	2026-05-18T17:10:57.4460342Z   CARGO_INCREMENTAL: 0
Publish Crates and GitHub Release	Run dtolnay/rust-toolchain@stable	2026-05-18T17:10:57.4461105Z ##[endgroup]
Publish Crates and GitHub Release	Run dtolnay/rust-toolchain@stable	2026-05-18T17:10:57.4879031Z ##[group]Run : work around spurious network errors in curl 8.0
Publish Crates and GitHub Release	Run dtolnay/rust-toolchain@stable	2026-05-18T17:10:57.4880500Z ^[[36;1m: work around spurious network errors in curl 8.0^[[0m
Publish Crates and GitHub Release	Run dtolnay/rust-toolchain@stable	2026-05-18T17:10:57.4882374Z ^[[36;1m# https://rust-lang.zulipchat.com/#narrow/stream/246057-t-cargo/topic/timeout.20investigation^[[0m
Publish Crates and GitHub Release	Run dtolnay/rust-toolchain@stable	2026-05-18T17:10:57.4884931Z ^[[36;1mif rustc +stable --version --verbose | grep -q '^release: 1\.7[01]\.'; then^[[0m
Publish Crates and GitHub Release	Run dtolnay/rust-toolchain@stable	2026-05-18T17:10:57.4886756Z ^[[36;1m  echo CARGO_HTTP_MULTIPLEXING=false >> $GITHUB_ENV^[[0m
Publish Crates and GitHub Release	Run dtolnay/rust-toolchain@stable	2026-05-18T17:10:57.4887875Z ^[[36;1mfi^[[0m
Publish Crates and GitHub Release	Run dtolnay/rust-toolchain@stable	2026-05-18T17:10:57.4929365Z shell: /usr/bin/bash --noprofile --norc -e -o pipefail {0}
Publish Crates and GitHub Release	Run dtolnay/rust-toolchain@stable	2026-05-18T17:10:57.4930507Z env:
Publish Crates and GitHub Release	Run dtolnay/rust-toolchain@stable	2026-05-18T17:10:57.4931204Z   CARGO_TERM_COLOR: always
Publish Crates and GitHub Release	Run dtolnay/rust-toolchain@stable	2026-05-18T17:10:57.4932051Z   RUST_BACKTRACE: 1
Publish Crates and GitHub Release	Run dtolnay/rust-toolchain@stable	2026-05-18T17:10:57.4932809Z   RUSTFLAGS: -Dwarnings
Publish Crates and GitHub Release	Run dtolnay/rust-toolchain@stable	2026-05-18T17:10:57.4934162Z   CARGO_REGISTRY_TOKEN: ***
Publish Crates and GitHub Release	Run dtolnay/rust-toolchain@stable	2026-05-18T17:10:57.4935201Z   CARGO_TOKEN: ***
Publish Crates and GitHub Release	Run dtolnay/rust-toolchain@stable	2026-05-18T17:10:57.4936016Z   CARGO_HOME: /home/runner/.cargo
Publish Crates and GitHub Release	Run dtolnay/rust-toolchain@stable	2026-05-18T17:10:57.4936936Z   CARGO_INCREMENTAL: 0
Publish Crates and GitHub Release	Run dtolnay/rust-toolchain@stable	2026-05-18T17:10:57.4937708Z ##[endgroup]
Publish Crates and GitHub Release	Run dtolnay/rust-toolchain@stable	2026-05-18T17:10:57.5202337Z ##[group]Run rustc +stable --version --verbose
Publish Crates and GitHub Release	Run dtolnay/rust-toolchain@stable	2026-05-18T17:10:57.5203700Z ^[[36;1mrustc +stable --version --verbose^[[0m
Publish Crates and GitHub Release	Run dtolnay/rust-toolchain@stable	2026-05-18T17:10:57.5245592Z shell: /usr/bin/bash --noprofile --norc -e -o pipefail {0}
Publish Crates and GitHub Release	Run dtolnay/rust-toolchain@stable	2026-05-18T17:10:57.5246734Z env:
Publish Crates and GitHub Release	Run dtolnay/rust-toolchain@stable	2026-05-18T17:10:57.5247438Z   CARGO_TERM_COLOR: always
Publish Crates and GitHub Release	Run dtolnay/rust-toolchain@stable	2026-05-18T17:10:57.5248261Z   RUST_BACKTRACE: 1
Publish Crates and GitHub Release	Run dtolnay/rust-toolchain@stable	2026-05-18T17:10:57.5249005Z   RUSTFLAGS: -Dwarnings
Publish Crates and GitHub Release	Run dtolnay/rust-toolchain@stable	2026-05-18T17:10:57.5250167Z   CARGO_REGISTRY_TOKEN: ***
Publish Crates and GitHub Release	Run dtolnay/rust-toolchain@stable	2026-05-18T17:10:57.5251187Z   CARGO_TOKEN: ***
Publish Crates and GitHub Release	Run dtolnay/rust-toolchain@stable	2026-05-18T17:10:57.5251969Z   CARGO_HOME: /home/runner/.cargo
Publish Crates and GitHub Release	Run dtolnay/rust-toolchain@stable	2026-05-18T17:10:57.5252864Z   CARGO_INCREMENTAL: 0
Publish Crates and GitHub Release	Run dtolnay/rust-toolchain@stable	2026-05-18T17:10:57.5253812Z ##[endgroup]
Publish Crates and GitHub Release	Run dtolnay/rust-toolchain@stable	2026-05-18T17:10:57.5457563Z rustc 1.95.0 (59807616e 2026-04-14)
Publish Crates and GitHub Release	Run dtolnay/rust-toolchain@stable	2026-05-18T17:10:57.5458993Z binary: rustc
Publish Crates and GitHub Release	Run dtolnay/rust-toolchain@stable	2026-05-18T17:10:57.5460233Z commit-hash: 59807616e1fa2540724bfbac14d7976d7e4a3860
Publish Crates and GitHub Release	Run dtolnay/rust-toolchain@stable	2026-05-18T17:10:57.5461705Z commit-date: 2026-04-14
Publish Crates and GitHub Release	Run dtolnay/rust-toolchain@stable	2026-05-18T17:10:57.5462528Z host: x86_64-unknown-linux-gnu
Publish Crates and GitHub Release	Run dtolnay/rust-toolchain@stable	2026-05-18T17:10:57.5463391Z release: 1.95.0
Publish Crates and GitHub Release	Run dtolnay/rust-toolchain@stable	2026-05-18T17:10:57.5464508Z LLVM version: 22.1.2
Publish Crates and GitHub Release	Run Swatinem/rust-cache@v2	﻿2026-05-18T17:10:57.5673407Z ##[group]Run Swatinem/rust-cache@v2
Publish Crates and GitHub Release	Run Swatinem/rust-cache@v2	2026-05-18T17:10:57.5674557Z with:
Publish Crates and GitHub Release	Run Swatinem/rust-cache@v2	2026-05-18T17:10:57.5675223Z   workspaces: rust
Publish Crates and GitHub Release	Run Swatinem/rust-cache@v2	2026-05-18T17:10:57.5675994Z   prefix-key: v0-rust
Publish Crates and GitHub Release	Run Swatinem/rust-cache@v2	2026-05-18T17:10:57.5676768Z   add-job-id-key: true
Publish Crates and GitHub Release	Run Swatinem/rust-cache@v2	2026-05-18T17:10:57.5677597Z   add-rust-environment-hash-key: true
Publish Crates and GitHub Release	Run Swatinem/rust-cache@v2	2026-05-18T17:10:57.5678535Z   cache-targets: true
Publish Crates and GitHub Release	Run Swatinem/rust-cache@v2	2026-05-18T17:10:57.5679309Z   cache-all-crates: false
Publish Crates and GitHub Release	Run Swatinem/rust-cache@v2	2026-05-18T17:10:57.5680147Z   cache-workspace-crates: false
Publish Crates and GitHub Release	Run Swatinem/rust-cache@v2	2026-05-18T17:10:57.5680993Z   save-if: true
Publish Crates and GitHub Release	Run Swatinem/rust-cache@v2	2026-05-18T17:10:57.5681707Z   cache-provider: github
Publish Crates and GitHub Release	Run Swatinem/rust-cache@v2	2026-05-18T17:10:57.5682500Z   cache-bin: true
Publish Crates and GitHub Release	Run Swatinem/rust-cache@v2	2026-05-18T17:10:57.5683210Z   lookup-only: false
Publish Crates and GitHub Release	Run Swatinem/rust-cache@v2	2026-05-18T17:10:57.5684159Z   cmd-format: {0}
Publish Crates and GitHub Release	Run Swatinem/rust-cache@v2	2026-05-18T17:10:57.5684857Z env:
Publish Crates and GitHub Release	Run Swatinem/rust-cache@v2	2026-05-18T17:10:57.5685538Z   CARGO_TERM_COLOR: always
Publish Crates and GitHub Release	Run Swatinem/rust-cache@v2	2026-05-18T17:10:57.5686339Z   RUST_BACKTRACE: 1
Publish Crates and GitHub Release	Run Swatinem/rust-cache@v2	2026-05-18T17:10:57.5687072Z   RUSTFLAGS: -Dwarnings
Publish Crates and GitHub Release	Run Swatinem/rust-cache@v2	2026-05-18T17:10:57.5688210Z   CARGO_REGISTRY_TOKEN: ***
Publish Crates and GitHub Release	Run Swatinem/rust-cache@v2	2026-05-18T17:10:57.5689205Z   CARGO_TOKEN: ***
Publish Crates and GitHub Release	Run Swatinem/rust-cache@v2	2026-05-18T17:10:57.5690008Z   CARGO_HOME: /home/runner/.cargo
Publish Crates and GitHub Release	Run Swatinem/rust-cache@v2	2026-05-18T17:10:57.5690880Z   CARGO_INCREMENTAL: 0
Publish Crates and GitHub Release	Run Swatinem/rust-cache@v2	2026-05-18T17:10:57.5691622Z ##[endgroup]
Publish Crates and GitHub Release	Run Swatinem/rust-cache@v2	2026-05-18T17:10:57.8521087Z (node:2435) [DEP0040] DeprecationWarning: The `punycode` module is deprecated. Please use a userland alternative instead.
Publish Crates and GitHub Release	Run Swatinem/rust-cache@v2	2026-05-18T17:10:57.8523412Z (Use `node --trace-deprecation ...` to show where the warning was created)
Publish Crates and GitHub Release	Run Swatinem/rust-cache@v2	2026-05-18T17:10:59.1415049Z ##[group]Cache Configuration
Publish Crates and GitHub Release	Run Swatinem/rust-cache@v2	2026-05-18T17:10:59.1415705Z Cache Provider:
Publish Crates and GitHub Release	Run Swatinem/rust-cache@v2	2026-05-18T17:10:59.1416015Z     github
Publish Crates and GitHub Release	Run Swatinem/rust-cache@v2	2026-05-18T17:10:59.1416315Z Workspaces:
Publish Crates and GitHub Release	Run Swatinem/rust-cache@v2	2026-05-18T17:10:59.1416654Z     /home/runner/work/lino-i18n/lino-i18n/rust
Publish Crates and GitHub Release	Run Swatinem/rust-cache@v2	2026-05-18T17:10:59.1417107Z Cache Paths:
Publish Crates and GitHub Release	Run Swatinem/rust-cache@v2	2026-05-18T17:10:59.1417444Z     /home/runner/.cargo/bin
Publish Crates and GitHub Release	Run Swatinem/rust-cache@v2	2026-05-18T17:10:59.1417885Z     /home/runner/.cargo/.crates.toml
Publish Crates and GitHub Release	Run Swatinem/rust-cache@v2	2026-05-18T17:10:59.1418304Z     /home/runner/.cargo/.crates2.json
Publish Crates and GitHub Release	Run Swatinem/rust-cache@v2	2026-05-18T17:10:59.1418708Z     /home/runner/.cargo/registry
Publish Crates and GitHub Release	Run Swatinem/rust-cache@v2	2026-05-18T17:10:59.1422871Z     /home/runner/.cargo/git
Publish Crates and GitHub Release	Run Swatinem/rust-cache@v2	2026-05-18T17:10:59.1423367Z     /home/runner/work/lino-i18n/lino-i18n/rust/target
Publish Crates and GitHub Release	Run Swatinem/rust-cache@v2	2026-05-18T17:10:59.1424088Z Restore Key:
Publish Crates and GitHub Release	Run Swatinem/rust-cache@v2	2026-05-18T17:10:59.1424452Z     v0-rust-auto-release-Linux-x64-27ed6b6c
Publish Crates and GitHub Release	Run Swatinem/rust-cache@v2	2026-05-18T17:10:59.1424882Z Cache Key:
Publish Crates and GitHub Release	Run Swatinem/rust-cache@v2	2026-05-18T17:10:59.1425337Z     v0-rust-auto-release-Linux-x64-27ed6b6c-31365a33
Publish Crates and GitHub Release	Run Swatinem/rust-cache@v2	2026-05-18T17:10:59.1425843Z .. Prefix:
Publish Crates and GitHub Release	Run Swatinem/rust-cache@v2	2026-05-18T17:10:59.1426196Z   - v0-rust-auto-release-Linux-x64
Publish Crates and GitHub Release	Run Swatinem/rust-cache@v2	2026-05-18T17:10:59.1426642Z .. Environment considered:
Publish Crates and GitHub Release	Run Swatinem/rust-cache@v2	2026-05-18T17:10:59.1427003Z   - Rust Versions:
Publish Crates and GitHub Release	Run Swatinem/rust-cache@v2	2026-05-18T17:10:59.1427519Z     - 1.95.0 x86_64-unknown-linux-gnu 59807616e1fa2540724bfbac14d7976d7e4a3860
Publish Crates and GitHub Release	Run Swatinem/rust-cache@v2	2026-05-18T17:10:59.1428291Z     - 1.95.0 x86_64-unknown-linux-gnu 59807616e1fa2540724bfbac14d7976d7e4a3860
Publish Crates and GitHub Release	Run Swatinem/rust-cache@v2	2026-05-18T17:10:59.1428839Z   - CARGO_HOME
Publish Crates and GitHub Release	Run Swatinem/rust-cache@v2	2026-05-18T17:10:59.1429162Z   - CARGO_INCREMENTAL
Publish Crates and GitHub Release	Run Swatinem/rust-cache@v2	2026-05-18T17:10:59.1429542Z   - CARGO_REGISTRY_TOKEN
Publish Crates and GitHub Release	Run Swatinem/rust-cache@v2	2026-05-18T17:10:59.1430060Z   - CARGO_TERM_COLOR
Publish Crates and GitHub Release	Run Swatinem/rust-cache@v2	2026-05-18T17:10:59.1430373Z   - CARGO_TOKEN
Publish Crates and GitHub Release	Run Swatinem/rust-cache@v2	2026-05-18T17:10:59.1439522Z   - RUST_BACKTRACE
Publish Crates and GitHub Release	Run Swatinem/rust-cache@v2	2026-05-18T17:10:59.1440342Z   - RUSTFLAGS
Publish Crates and GitHub Release	Run Swatinem/rust-cache@v2	2026-05-18T17:10:59.1440968Z .. Lockfiles considered:
Publish Crates and GitHub Release	Run Swatinem/rust-cache@v2	2026-05-18T17:10:59.1441891Z   - /home/runner/work/lino-i18n/lino-i18n/rust/Cargo.lock
Publish Crates and GitHub Release	Run Swatinem/rust-cache@v2	2026-05-18T17:10:59.1442808Z   - /home/runner/work/lino-i18n/lino-i18n/rust/lino-i18n-macros/Cargo.toml
Publish Crates and GitHub Release	Run Swatinem/rust-cache@v2	2026-05-18T17:10:59.1444011Z   - /home/runner/work/lino-i18n/lino-i18n/rust/lino-i18n/Cargo.toml
Publish Crates and GitHub Release	Run Swatinem/rust-cache@v2	2026-05-18T17:10:59.1445085Z ##[endgroup]
Publish Crates and GitHub Release	Run Swatinem/rust-cache@v2	2026-05-18T17:10:59.1445508Z
Publish Crates and GitHub Release	Run Swatinem/rust-cache@v2	2026-05-18T17:10:59.1445852Z ... Restoring cache ...
Publish Crates and GitHub Release	Run Swatinem/rust-cache@v2	2026-05-18T17:10:59.2083440Z Cache hit for restore-key: v0-rust-auto-release-Linux-x64-27ed6b6c-d2ed2b7f
Publish Crates and GitHub Release	Run Swatinem/rust-cache@v2	2026-05-18T17:10:59.5518320Z Received 30543749 of 30543749 (100.0%), 101.5 MBs/sec
Publish Crates and GitHub Release	Run Swatinem/rust-cache@v2	2026-05-18T17:10:59.5519129Z Cache Size: ~29 MB (30543749 B)
Publish Crates and GitHub Release	Run Swatinem/rust-cache@v2	2026-05-18T17:10:59.5544427Z [command]/usr/bin/tar -xf /home/runner/work/_temp/b4f18995-b380-45a3-bba3-dc23f0508ab1/cache.tzst -P -C /home/runner/work/lino-i18n/lino-i18n --use-compress-program unzstd
Publish Crates and GitHub Release	Run Swatinem/rust-cache@v2	2026-05-18T17:10:59.7262137Z Cache restored successfully
Publish Crates and GitHub Release	Run Swatinem/rust-cache@v2	2026-05-18T17:10:59.7280368Z Restored from cache key "v0-rust-auto-release-Linux-x64-27ed6b6c-d2ed2b7f" full match: false.
Publish Crates and GitHub Release	Install rust-script	﻿2026-05-18T17:10:59.7474804Z ##[group]Run cargo install rust-script
Publish Crates and GitHub Release	Install rust-script	2026-05-18T17:10:59.7475158Z ^[[36;1mcargo install rust-script^[[0m
Publish Crates and GitHub Release	Install rust-script	2026-05-18T17:10:59.7512577Z shell: /usr/bin/bash -e {0}
Publish Crates and GitHub Release	Install rust-script	2026-05-18T17:10:59.7512858Z env:
Publish Crates and GitHub Release	Install rust-script	2026-05-18T17:10:59.7513077Z   CARGO_TERM_COLOR: always
Publish Crates and GitHub Release	Install rust-script	2026-05-18T17:10:59.7513325Z   RUST_BACKTRACE: 1
Publish Crates and GitHub Release	Install rust-script	2026-05-18T17:10:59.7513812Z   RUSTFLAGS: -Dwarnings
Publish Crates and GitHub Release	Install rust-script	2026-05-18T17:10:59.7514422Z   CARGO_REGISTRY_TOKEN: ***
Publish Crates and GitHub Release	Install rust-script	2026-05-18T17:10:59.7514751Z   CARGO_TOKEN: ***
Publish Crates and GitHub Release	Install rust-script	2026-05-18T17:10:59.7514986Z   CARGO_HOME: /home/runner/.cargo
Publish Crates and GitHub Release	Install rust-script	2026-05-18T17:10:59.7515250Z   CARGO_INCREMENTAL: 0
Publish Crates and GitHub Release	Install rust-script	2026-05-18T17:10:59.7515497Z   CACHE_ON_FAILURE: false
Publish Crates and GitHub Release	Install rust-script	2026-05-18T17:10:59.7515768Z ##[endgroup]
Publish Crates and GitHub Release	Install rust-script	2026-05-18T17:10:59.8185501Z ^[[1m^[[92m    Updating^[[0m crates.io index
Publish Crates and GitHub Release	Install rust-script	2026-05-18T17:11:00.1182251Z ^[[1m^[[92m Downloading^[[0m crates ...
Publish Crates and GitHub Release	Install rust-script	2026-05-18T17:11:00.1796069Z ^[[1m^[[92m  Downloaded^[[0m rust-script v0.36.0
Publish Crates and GitHub Release	Install rust-script	2026-05-18T17:11:00.3346033Z ^[[1m^[[92m     Ignored^[[0m package `rust-script v0.36.0` is already installed, use --force to override
Publish Crates and GitHub Release	Determine bump type	﻿2026-05-18T17:11:00.3439860Z ##[group]Run rust-script rust/scripts/get-bump-type.rs --rust-root rust
Publish Crates and GitHub Release	Determine bump type	2026-05-18T17:11:00.3440395Z ^[[36;1mrust-script rust/scripts/get-bump-type.rs --rust-root rust^[[0m
Publish Crates and GitHub Release	Determine bump type	2026-05-18T17:11:00.3475192Z shell: /usr/bin/bash -e {0}
Publish Crates and GitHub Release	Determine bump type	2026-05-18T17:11:00.3475446Z env:
Publish Crates and GitHub Release	Determine bump type	2026-05-18T17:11:00.3475650Z   CARGO_TERM_COLOR: always
Publish Crates and GitHub Release	Determine bump type	2026-05-18T17:11:00.3475875Z   RUST_BACKTRACE: 1
Publish Crates and GitHub Release	Determine bump type	2026-05-18T17:11:00.3476089Z   RUSTFLAGS: -Dwarnings
Publish Crates and GitHub Release	Determine bump type	2026-05-18T17:11:00.3476475Z   CARGO_REGISTRY_TOKEN: ***
Publish Crates and GitHub Release	Determine bump type	2026-05-18T17:11:00.3476777Z   CARGO_TOKEN: ***
Publish Crates and GitHub Release	Determine bump type	2026-05-18T17:11:00.3476990Z   CARGO_HOME: /home/runner/.cargo
Publish Crates and GitHub Release	Determine bump type	2026-05-18T17:11:00.3477262Z   CARGO_INCREMENTAL: 0
Publish Crates and GitHub Release	Determine bump type	2026-05-18T17:11:00.3477488Z   CACHE_ON_FAILURE: false
Publish Crates and GitHub Release	Determine bump type	2026-05-18T17:11:00.3477713Z ##[endgroup]
Publish Crates and GitHub Release	Determine bump type	2026-05-18T17:11:14.1890287Z Using explicitly configured Rust root: rust
Publish Crates and GitHub Release	Determine bump type	2026-05-18T17:11:14.1896127Z Fragment 20260517_111500_parent_label_aliases.md: bump=patch
Publish Crates and GitHub Release	Determine bump type	2026-05-18T17:11:14.1899116Z Fragment 20260517_compatibility_aliases.md: bump=minor
Publish Crates and GitHub Release	Determine bump type	2026-05-18T17:11:14.1901069Z Fragment 20260518_165800_release_ci.md: bump=patch
Publish Crates and GitHub Release	Determine bump type	2026-05-18T17:11:14.1901703Z
Publish Crates and GitHub Release	Determine bump type	2026-05-18T17:11:14.1901903Z Determined bump type: minor (from 3 fragment(s))
Publish Crates and GitHub Release	Determine bump type	2026-05-18T17:11:14.1902391Z Output: bump_type=minor
Publish Crates and GitHub Release	Determine bump type	2026-05-18T17:11:14.1902756Z Output: fragment_count=3
Publish Crates and GitHub Release	Determine bump type	2026-05-18T17:11:14.1903131Z Output: has_fragments=true
Publish Crates and GitHub Release	Check whether release is needed	﻿2026-05-18T17:11:14.1938077Z ##[group]Run rust-script rust/scripts/check-release-needed.rs --rust-root rust --tag-prefix rust-v
Publish Crates and GitHub Release	Check whether release is needed	2026-05-18T17:11:14.1938778Z ^[[36;1mrust-script rust/scripts/check-release-needed.rs --rust-root rust --tag-prefix rust-v^[[0m
Publish Crates and GitHub Release	Check whether release is needed	2026-05-18T17:11:14.1974409Z shell: /usr/bin/bash -e {0}
Publish Crates and GitHub Release	Check whether release is needed	2026-05-18T17:11:14.1974696Z env:
Publish Crates and GitHub Release	Check whether release is needed	2026-05-18T17:11:14.1974904Z   CARGO_TERM_COLOR: always
Publish Crates and GitHub Release	Check whether release is needed	2026-05-18T17:11:14.1975137Z   RUST_BACKTRACE: 1
Publish Crates and GitHub Release	Check whether release is needed	2026-05-18T17:11:14.1975353Z   RUSTFLAGS: -Dwarnings
Publish Crates and GitHub Release	Check whether release is needed	2026-05-18T17:11:14.1975740Z   CARGO_REGISTRY_TOKEN: ***
Publish Crates and GitHub Release	Check whether release is needed	2026-05-18T17:11:14.1976058Z   CARGO_TOKEN: ***
Publish Crates and GitHub Release	Check whether release is needed	2026-05-18T17:11:14.1976288Z   CARGO_HOME: /home/runner/.cargo
Publish Crates and GitHub Release	Check whether release is needed	2026-05-18T17:11:14.1976539Z   CARGO_INCREMENTAL: 0
Publish Crates and GitHub Release	Check whether release is needed	2026-05-18T17:11:14.1976771Z   CACHE_ON_FAILURE: false
Publish Crates and GitHub Release	Check whether release is needed	2026-05-18T17:11:14.1976999Z   HAS_FRAGMENTS: true
Publish Crates and GitHub Release	Check whether release is needed	2026-05-18T17:11:14.1977428Z   GITHUB_TOKEN: ***
Publish Crates and GitHub Release	Check whether release is needed	2026-05-18T17:11:14.1977688Z   GITHUB_REPOSITORY: link-foundation/lino-i18n
Publish Crates and GitHub Release	Check whether release is needed	2026-05-18T17:11:14.1977986Z ##[endgroup]
Publish Crates and GitHub Release	Check whether release is needed	2026-05-18T17:11:45.5988022Z Using CLI configured Rust root: rust
Publish Crates and GitHub Release	Check whether release is needed	2026-05-18T17:11:45.6813152Z Max published version on crates.io for lino-i18n: 0.0.1
Publish Crates and GitHub Release	Check whether release is needed	2026-05-18T17:11:45.6813922Z Output: max_published_version=0.0.1
Publish Crates and GitHub Release	Check whether release is needed	2026-05-18T17:11:45.6814637Z Found changelog fragments, proceeding with release
Publish Crates and GitHub Release	Check whether release is needed	2026-05-18T17:11:45.6815086Z Output: should_release=true
Publish Crates and GitHub Release	Check whether release is needed	2026-05-18T17:11:45.6815818Z Output: skip_bump=false
Publish Crates and GitHub Release	Version and commit	﻿2026-05-18T17:11:45.6920187Z ##[group]Run rust-script rust/scripts/version-and-commit.rs --rust-root rust --tag-prefix rust-v --bump-type "minor"
Publish Crates and GitHub Release	Version and commit	2026-05-18T17:11:45.6921003Z ^[[36;1mrust-script rust/scripts/version-and-commit.rs --rust-root rust --tag-prefix rust-v --bump-type "minor"^[[0m
Publish Crates and GitHub Release	Version and commit	2026-05-18T17:11:45.6956298Z shell: /usr/bin/bash -e {0}
Publish Crates and GitHub Release	Version and commit	2026-05-18T17:11:45.6956574Z env:
Publish Crates and GitHub Release	Version and commit	2026-05-18T17:11:45.6956785Z   CARGO_TERM_COLOR: always
Publish Crates and GitHub Release	Version and commit	2026-05-18T17:11:45.6957027Z   RUST_BACKTRACE: 1
Publish Crates and GitHub Release	Version and commit	2026-05-18T17:11:45.6957253Z   RUSTFLAGS: -Dwarnings
Publish Crates and GitHub Release	Version and commit	2026-05-18T17:11:45.6957647Z   CARGO_REGISTRY_TOKEN: ***
Publish Crates and GitHub Release	Version and commit	2026-05-18T17:11:45.6957956Z   CARGO_TOKEN: ***
Publish Crates and GitHub Release	Version and commit	2026-05-18T17:11:45.6958183Z   CARGO_HOME: /home/runner/.cargo
Publish Crates and GitHub Release	Version and commit	2026-05-18T17:11:45.6958446Z   CARGO_INCREMENTAL: 0
Publish Crates and GitHub Release	Version and commit	2026-05-18T17:11:45.6958680Z   CACHE_ON_FAILURE: false
Publish Crates and GitHub Release	Version and commit	2026-05-18T17:11:45.6958921Z ##[endgroup]
Publish Crates and GitHub Release	Version and commit	2026-05-18T17:11:49.5170494Z Using CLI configured Rust root: rust
Publish Crates and GitHub Release	Version and commit	2026-05-18T17:11:49.5569616Z Max published version on crates.io: 0.0.1
Publish Crates and GitHub Release	Version and commit	2026-05-18T17:11:49.5570165Z Initial bump (minor) from 0.0.1: 0.1.0
Publish Crates and GitHub Release	Version and commit	2026-05-18T17:11:49.5896981Z Final release version: 0.1.0
Publish Crates and GitHub Release	Version and commit	2026-05-18T17:11:49.5899551Z Updated rust/Cargo.toml to version 0.1.0
Publish Crates and GitHub Release	Version and commit	2026-05-18T17:11:49.5903865Z Collected 3 changelog fragment(s)
Publish Crates and GitHub Release	Version and commit	2026-05-18T17:11:49.8916793Z Committed version 0.1.0
Publish Crates and GitHub Release	Version and commit	2026-05-18T17:11:49.8939162Z Created tag rust-v0.1.0
Publish Crates and GitHub Release	Version and commit	2026-05-18T17:11:51.9088693Z Pushed changes and tags
Publish Crates and GitHub Release	Version and commit	2026-05-18T17:11:51.9089193Z Output: version_committed=true
Publish Crates and GitHub Release	Version and commit	2026-05-18T17:11:51.9089589Z Output: new_version=0.1.0
Publish Crates and GitHub Release	Read release version	﻿2026-05-18T17:11:51.9123400Z ##[group]Run rust-script rust/scripts/get-version.rs --rust-root rust
Publish Crates and GitHub Release	Read release version	2026-05-18T17:11:51.9124051Z ^[[36;1mrust-script rust/scripts/get-version.rs --rust-root rust^[[0m
Publish Crates and GitHub Release	Read release version	2026-05-18T17:11:51.9158926Z shell: /usr/bin/bash -e {0}
Publish Crates and GitHub Release	Read release version	2026-05-18T17:11:51.9159176Z env:
Publish Crates and GitHub Release	Read release version	2026-05-18T17:11:51.9159379Z   CARGO_TERM_COLOR: always
Publish Crates and GitHub Release	Read release version	2026-05-18T17:11:51.9159600Z   RUST_BACKTRACE: 1
Publish Crates and GitHub Release	Read release version	2026-05-18T17:11:51.9159810Z   RUSTFLAGS: -Dwarnings
Publish Crates and GitHub Release	Read release version	2026-05-18T17:11:51.9160210Z   CARGO_REGISTRY_TOKEN: ***
Publish Crates and GitHub Release	Read release version	2026-05-18T17:11:51.9160502Z   CARGO_TOKEN: ***
Publish Crates and GitHub Release	Read release version	2026-05-18T17:11:51.9160711Z   CARGO_HOME: /home/runner/.cargo
Publish Crates and GitHub Release	Read release version	2026-05-18T17:11:51.9160982Z   CARGO_INCREMENTAL: 0
Publish Crates and GitHub Release	Read release version	2026-05-18T17:11:51.9161205Z   CACHE_ON_FAILURE: false
Publish Crates and GitHub Release	Read release version	2026-05-18T17:11:51.9161431Z ##[endgroup]
Publish Crates and GitHub Release	Read release version	2026-05-18T17:11:52.4580723Z Using CLI configured Rust root: rust
Publish Crates and GitHub Release	Read release version	2026-05-18T17:11:52.4593450Z Current version: 0.1.0
Publish Crates and GitHub Release	Read release version	2026-05-18T17:11:52.4594020Z Output: version=0.1.0
Publish Crates and GitHub Release	Build release	﻿2026-05-18T17:11:52.4627982Z ##[group]Run cargo build --manifest-path rust/Cargo.toml --release
Publish Crates and GitHub Release	Build release	2026-05-18T17:11:52.4628442Z ^[[36;1mcargo build --manifest-path rust/Cargo.toml --release^[[0m
Publish Crates and GitHub Release	Build release	2026-05-18T17:11:52.4664531Z shell: /usr/bin/bash -e {0}
Publish Crates and GitHub Release	Build release	2026-05-18T17:11:52.4664789Z env:
Publish Crates and GitHub Release	Build release	2026-05-18T17:11:52.4664995Z   CARGO_TERM_COLOR: always
Publish Crates and GitHub Release	Build release	2026-05-18T17:11:52.4665227Z   RUST_BACKTRACE: 1
Publish Crates and GitHub Release	Build release	2026-05-18T17:11:52.4665447Z   RUSTFLAGS: -Dwarnings
Publish Crates and GitHub Release	Build release	2026-05-18T17:11:52.4665849Z   CARGO_REGISTRY_TOKEN: ***
Publish Crates and GitHub Release	Build release	2026-05-18T17:11:52.4666135Z   CARGO_TOKEN: ***
Publish Crates and GitHub Release	Build release	2026-05-18T17:11:52.4666366Z   CARGO_HOME: /home/runner/.cargo
Publish Crates and GitHub Release	Build release	2026-05-18T17:11:52.4666615Z   CARGO_INCREMENTAL: 0
Publish Crates and GitHub Release	Build release	2026-05-18T17:11:52.4666836Z   CACHE_ON_FAILURE: false
Publish Crates and GitHub Release	Build release	2026-05-18T17:11:52.4667063Z ##[endgroup]
Publish Crates and GitHub Release	Build release	2026-05-18T17:11:52.5137330Z ^[[1m^[[91merror^[[0m: failed to select a version for the requirement `lino-i18n-macros = "^0.0.1"`
Publish Crates and GitHub Release	Build release	2026-05-18T17:11:52.5138189Z candidate versions found which didn't match: 0.1.0
Publish Crates and GitHub Release	Build release	2026-05-18T17:11:52.5138884Z location searched: /home/runner/work/lino-i18n/lino-i18n/rust/lino-i18n-macros
Publish Crates and GitHub Release	Build release	2026-05-18T17:11:52.5139822Z required by package `lino-i18n v0.1.0 (/home/runner/work/lino-i18n/lino-i18n/rust/lino-i18n)`
Publish Crates and GitHub Release	Build release	2026-05-18T17:11:52.5165040Z ##[error]Process completed with exit code 101.
Publish Crates and GitHub Release	Post Run actions/checkout@v6	﻿2026-05-18T17:11:52.5291230Z Post job cleanup.
Publish Crates and GitHub Release	Post Run actions/checkout@v6	2026-05-18T17:11:52.6149111Z [command]/usr/bin/git version
Publish Crates and GitHub Release	Post Run actions/checkout@v6	2026-05-18T17:11:52.6186882Z git version 2.54.0
Publish Crates and GitHub Release	Post Run actions/checkout@v6	2026-05-18T17:11:52.6226553Z Temporarily overriding HOME='/home/runner/work/_temp/fdf628ae-298e-4051-9287-1f6cfea0fccd' before making global git config changes
Publish Crates and GitHub Release	Post Run actions/checkout@v6	2026-05-18T17:11:52.6228177Z Adding repository directory to the temporary git global config as a safe directory
Publish Crates and GitHub Release	Post Run actions/checkout@v6	2026-05-18T17:11:52.6232665Z [command]/usr/bin/git config --global --add safe.directory /home/runner/work/lino-i18n/lino-i18n
Publish Crates and GitHub Release	Post Run actions/checkout@v6	2026-05-18T17:11:52.6265895Z Removing SSH command configuration
Publish Crates and GitHub Release	Post Run actions/checkout@v6	2026-05-18T17:11:52.6272382Z [command]/usr/bin/git config --local --name-only --get-regexp core\.sshCommand
Publish Crates and GitHub Release	Post Run actions/checkout@v6	2026-05-18T17:11:52.6331560Z [command]/usr/bin/git submodule foreach --recursive sh -c "git config --local --name-only --get-regexp 'core\.sshCommand' && git config --local --unset-all 'core.sshCommand' || :"
Publish Crates and GitHub Release	Post Run actions/checkout@v6	2026-05-18T17:11:52.6561623Z Removing HTTP extra header
Publish Crates and GitHub Release	Post Run actions/checkout@v6	2026-05-18T17:11:52.6567255Z [command]/usr/bin/git config --local --name-only --get-regexp http\.https\:\/\/github\.com\/\.extraheader
Publish Crates and GitHub Release	Post Run actions/checkout@v6	2026-05-18T17:11:52.6602358Z [command]/usr/bin/git submodule foreach --recursive sh -c "git config --local --name-only --get-regexp 'http\.https\:\/\/github\.com\/\.extraheader' && git config --local --unset-all 'http.https://github.com/.extraheader' || :"
Publish Crates and GitHub Release	Post Run actions/checkout@v6	2026-05-18T17:11:52.6828239Z Removing includeIf entries pointing to credentials config files
Publish Crates and GitHub Release	Post Run actions/checkout@v6	2026-05-18T17:11:52.6835199Z [command]/usr/bin/git config --local --name-only --get-regexp ^includeIf\.gitdir:
Publish Crates and GitHub Release	Post Run actions/checkout@v6	2026-05-18T17:11:52.6862174Z includeif.gitdir:/home/runner/work/lino-i18n/lino-i18n/.git.path
Publish Crates and GitHub Release	Post Run actions/checkout@v6	2026-05-18T17:11:52.6863021Z includeif.gitdir:/home/runner/work/lino-i18n/lino-i18n/.git/worktrees/*.path
Publish Crates and GitHub Release	Post Run actions/checkout@v6	2026-05-18T17:11:52.6863966Z includeif.gitdir:/github/workspace/.git.path
Publish Crates and GitHub Release	Post Run actions/checkout@v6	2026-05-18T17:11:52.6864568Z includeif.gitdir:/github/workspace/.git/worktrees/*.path
Publish Crates and GitHub Release	Post Run actions/checkout@v6	2026-05-18T17:11:52.6871947Z [command]/usr/bin/git config --local --get-all includeif.gitdir:/home/runner/work/lino-i18n/lino-i18n/.git.path
Publish Crates and GitHub Release	Post Run actions/checkout@v6	2026-05-18T17:11:52.6894062Z /home/runner/work/_temp/git-credentials-1ff68bce-5055-4879-b0af-cfe78dfcc691.config
Publish Crates and GitHub Release	Post Run actions/checkout@v6	2026-05-18T17:11:52.6904904Z [command]/usr/bin/git config --local --unset includeif.gitdir:/home/runner/work/lino-i18n/lino-i18n/.git.path /home/runner/work/_temp/git-credentials-1ff68bce-5055-4879-b0af-cfe78dfcc691.config
Publish Crates and GitHub Release	Post Run actions/checkout@v6	2026-05-18T17:11:52.6943291Z [command]/usr/bin/git config --local --get-all includeif.gitdir:/home/runner/work/lino-i18n/lino-i18n/.git/worktrees/*.path
Publish Crates and GitHub Release	Post Run actions/checkout@v6	2026-05-18T17:11:52.6966788Z /home/runner/work/_temp/git-credentials-1ff68bce-5055-4879-b0af-cfe78dfcc691.config
Publish Crates and GitHub Release	Post Run actions/checkout@v6	2026-05-18T17:11:52.6976303Z [command]/usr/bin/git config --local --unset includeif.gitdir:/home/runner/work/lino-i18n/lino-i18n/.git/worktrees/*.path /home/runner/work/_temp/git-credentials-1ff68bce-5055-4879-b0af-cfe78dfcc691.config
Publish Crates and GitHub Release	Post Run actions/checkout@v6	2026-05-18T17:11:52.7007919Z [command]/usr/bin/git config --local --get-all includeif.gitdir:/github/workspace/.git.path
Publish Crates and GitHub Release	Post Run actions/checkout@v6	2026-05-18T17:11:52.7029497Z /github/runner_temp/git-credentials-1ff68bce-5055-4879-b0af-cfe78dfcc691.config
Publish Crates and GitHub Release	Post Run actions/checkout@v6	2026-05-18T17:11:52.7037406Z [command]/usr/bin/git config --local --unset includeif.gitdir:/github/workspace/.git.path /github/runner_temp/git-credentials-1ff68bce-5055-4879-b0af-cfe78dfcc691.config
Publish Crates and GitHub Release	Post Run actions/checkout@v6	2026-05-18T17:11:52.7068276Z [command]/usr/bin/git config --local --get-all includeif.gitdir:/github/workspace/.git/worktrees/*.path
Publish Crates and GitHub Release	Post Run actions/checkout@v6	2026-05-18T17:11:52.7089738Z /github/runner_temp/git-credentials-1ff68bce-5055-4879-b0af-cfe78dfcc691.config
Publish Crates and GitHub Release	Post Run actions/checkout@v6	2026-05-18T17:11:52.7098379Z [command]/usr/bin/git config --local --unset includeif.gitdir:/github/workspace/.git/worktrees/*.path /github/runner_temp/git-credentials-1ff68bce-5055-4879-b0af-cfe78dfcc691.config
Publish Crates and GitHub Release	Post Run actions/checkout@v6	2026-05-18T17:11:52.7131173Z [command]/usr/bin/git submodule foreach --recursive git config --local --show-origin --name-only --get-regexp remote.origin.url
Publish Crates and GitHub Release	Post Run actions/checkout@v6	2026-05-18T17:11:52.7360650Z Removing credentials config '/home/runner/work/_temp/git-credentials-1ff68bce-5055-4879-b0af-cfe78dfcc691.config'
Publish Crates and GitHub Release	Complete job	﻿2026-05-18T17:11:52.7506546Z Evaluate and set environment url
Publish Crates and GitHub Release	Complete job	2026-05-18T17:11:52.7508961Z Evaluated environment url: https://crates.io/crates/lino-i18n
Publish Crates and GitHub Release	Complete job	2026-05-18T17:11:52.7509763Z Cleaning up orphan processes
