
== rust/scripts/build-docs-site.rs ==
[2026-05-16T19:20:56Z INFO  rust_script] Arguments: Args { script: Some("rust/scripts/build-docs-site.rs"), script_args: [], expr: false, loop_: false, count: false, base_path: None, pkg_path: Some("/tmp/lino-rust-script-checks/build-docs-site"), gen_pkg_only: true, cargo_output: false, clear_cache: false, debug: false, dep: [], extern_: [], force: false, unstable_features: [], build_kind: Normal, toolchain_version: None, wrapper: None }
[2026-05-16T19:20:56Z INFO  rust_script] input: File("build-docs-site", "/tmp/gh-issue-solver-1778957708011/rust/scripts/build-docs-site.rs", "#!/usr/bin/env rust-script\n//! Build a small static documentation site for GitHub Pages.\n\nuse std::fs;\nuse std::path::{Path, PathBuf};\n\nfn escape_html(value: &str) -> String {\n    value\n        .replace('&', \"&amp;\")\n        .replace('<', \"&lt;\")\n        .replace('>', \"&gt;\")\n        .replace('\"', \"&quot;\")\n}\n\nfn read_markdown(path: &Path) -> String {\n    escape_html(\n        &fs::read_to_string(path)\n            .unwrap_or_else(|_| panic!(\"failed to read markdown source {}\", path.display())),\n    )\n}\n\nfn page(title: &str, sections: &[(&str, &str, String)]) -> String {\n    let nav = sections\n        .iter()\n        .map(|(id, label, _)| format!(r##\"<a href=\"#{id}\">{}</a>\"##, escape_html(label)))\n        .collect::<Vec<_>>()\n        .join(\"\");\n\n    let body = sections\n        .iter()\n        .map(|(id, label, markdown)| {\n            format!(\n                r#\"<section id=\"{id}\"><h2>{}</h2><pre>{markdown}</pre></section>\"#,\n                escape_html(label)\n            )\n        })\n        .collect::<Vec<_>>()\n        .join(\"\\n\");\n\n    format!(\n        r#\"<!doctype html>\n<html lang=\"en\">\n  <head>\n    <meta charset=\"utf-8\">\n    <meta name=\"viewport\" content=\"width=device-width, initial-scale=1\">\n    <title>{}</title>\n    <style>\n      :root {{\n        color-scheme: light dark;\n        font-family: ui-sans-serif, system-ui, -apple-system, BlinkMacSystemFont, \"Segoe UI\", sans-serif;\n        line-height: 1.55;\n      }}\n      body {{\n        margin: 0;\n        color: #1d2430;\n        background: #f7f8fb;\n      }}\n      header {{\n        padding: 32px clamp(20px, 5vw, 64px);\n        background: #ffffff;\n        border-bottom: 1px solid #d9dee8;\n      }}\n      main {{\n        max-width: 1120px;\n        margin: 0 auto;\n        padding: 24px clamp(16px, 4vw, 40px) 56px;\n      }}\n      nav {{\n        display: flex;\n        flex-wrap: wrap;\n        gap: 12px;\n        margin-top: 16px;\n      }}\n      nav a {{\n        color: #175ca8;\n        text-decoration: none;\n        font-weight: 650;\n      }}\n      section {{\n        margin-top: 28px;\n      }}\n      pre {{\n        overflow-x: auto;\n        white-space: pre-wrap;\n        padding: 20px;\n        background: #ffffff;\n        border: 1px solid #d9dee8;\n        border-radius: 8px;\n      }}\n      @media (prefers-color-scheme: dark) {{\n        body {{\n          color: #edf1f7;\n          background: #10141b;\n        }}\n        header,\n        pre {{\n          background: #171d26;\n          border-color: #313a48;\n        }}\n        nav a {{\n          color: #8bc3ff;\n        }}\n      }}\n    </style>\n  </head>\n  <body>\n    <header>\n      <h1>{}</h1>\n      <p>Generated Rust crate documentation and repository docs.</p>\n      <nav>{nav}</nav>\n    </header>\n    <main>{body}</main>\n  </body>\n</html>\n\"#,\n        escape_html(title),\n        escape_html(title)\n    )\n}\n\nfn copy_dir_recursive(from: &Path, to: &Path) -> std::io::Result<()> {\n    if !from.exists() {\n        return Ok(());\n    }\n\n    fs::create_dir_all(to)?;\n    for entry in fs::read_dir(from)? {\n        let entry = entry?;\n        let source = entry.path();\n        let destination = to.join(entry.file_name());\n        if source.is_dir() {\n            copy_dir_recursive(&source, &destination)?;\n        } else {\n            fs::copy(&source, &destination)?;\n        }\n    }\n    Ok(())\n}\n\nfn main() {\n    let repo_root = PathBuf::from(\".\");\n    let rust_root = repo_root.join(\"rust\");\n    let site_root = rust_root.join(\"site\");\n\n    fs::create_dir_all(&site_root).expect(\"failed to create site directory\");\n    fs::write(\n        site_root.join(\"index.html\"),\n        page(\n            \"lino-i18n Rust Docs\",\n            &[\n                (\n                    \"crate\",\n                    \"Rust Runtime Crate\",\n                    read_markdown(&rust_root.join(\"lino-i18n/README.md\")),\n                ),\n                (\n                    \"macros\",\n                    \"Rust Macro Crate\",\n                    read_markdown(&rust_root.join(\"lino-i18n-macros/README.md\")),\n                ),\n                (\n                    \"repository\",\n                    \"Repository Overview\",\n                    read_markdown(&repo_root.join(\"README.md\")),\n                ),\n                (\n                    \"changelog\",\n                    \"Changelog\",\n                    read_markdown(&rust_root.join(\"CHANGELOG.md\")),\n                ),\n            ],\n        ),\n    )\n    .expect(\"failed to write docs index\");\n\n    copy_dir_recursive(&rust_root.join(\"target/doc\"), &site_root.join(\"rustdoc\"))\n        .expect(\"failed to copy rustdoc output\");\n\n    println!(\"Generated Rust docs site at {}\", site_root.display());\n}\n", "/tmp/gh-issue-solver-1778957708011/rust/scripts")
[2026-05-16T19:20:56Z INFO  rust_script] prelude_items: []
[2026-05-16T19:20:56Z INFO  rust_script] id: "361481e8ff0befcfbca77e38"
[2026-05-16T19:20:56Z INFO  rust_script] pkg_path: "/tmp/lino-rust-script-checks/build-docs-site"
[2026-05-16T19:20:56Z INFO  rust_script] using_cache: false
[2026-05-16T19:20:56Z INFO  rust_script::manifest] part_mani: {}
[2026-05-16T19:20:56Z INFO  rust_script::manifest] source: None
[2026-05-16T19:20:56Z INFO  rust_script::manifest] manifest: [[bin]]
    name = "build-docs-site_361481e8ff0befcfbca77e38"
    path = "/tmp/gh-issue-solver-1778957708011/rust/scripts/build-docs-site.rs"

    [dependencies]

    [package]
    authors = ["Anonymous"]
    edition = "2021"
    name = "build-docs-site_361481e8ff0befcfbca77e38"
    version = "0.1.0"

    [profile.release]
    strip = true

[2026-05-16T19:20:56Z INFO  rust_script] action: InputAction { cargo_output: false, force_compile: false, execute: false, pkg_path: "/tmp/lino-rust-script-checks/build-docs-site", script_path: "/tmp/gh-issue-solver-1778957708011/rust/scripts/build-docs-site.rs", using_cache: false, toolchain_version: None, debug: false, manifest: "[[bin]]\nname = \"build-docs-site_361481e8ff0befcfbca77e38\"\npath = \"/tmp/gh-issue-solver-1778957708011/rust/scripts/build-docs-site.rs\"\n\n[dependencies]\n\n[package]\nauthors = [\"Anonymous\"]\nedition = \"2021\"\nname = \"build-docs-site_361481e8ff0befcfbca77e38\"\nversion = \"0.1.0\"\n\n[profile.release]\nstrip = true\n", script: None, build_kind: Normal, bin_name: "build-docs-site_361481e8ff0befcfbca77e38", original_script_path: Some("rust/scripts/build-docs-site.rs") }
[2026-05-16T19:20:56Z INFO  rust_script] creating pkg dir...
[2026-05-16T19:20:56Z INFO  rust_script] generating Cargo package...
[2026-05-16T19:20:56Z DEBUG rust_script] overwrite_file("/tmp/lino-rust-script-checks/build-docs-site/Cargo.toml", _)
[2026-05-16T19:20:56Z DEBUG rust_script] .. files differ
[2026-05-16T19:20:56Z INFO  rust_script] disarming pkg dir cleanup...
/tmp/lino-rust-script-checks/build-docs-site
[2026-05-16T19:20:56Z INFO  rust_script] cleaning cache with max_age: 604800000
[2026-05-16T19:20:56Z INFO  rust_script] cutoff:            1778354456957 ms
[2026-05-16T19:20:56Z INFO  rust_script] checking: "/home/box/.cache/rust-script/projects/3381028aa6bfa11e89a55930"
[2026-05-16T19:20:56Z INFO  rust_script] meta_mtime:        1778932194983 ms
[2026-05-16T19:20:56Z INFO  rust_script] checking: "/home/box/.cache/rust-script/projects/0e7f838c78399547fe25d26c"
[2026-05-16T19:20:56Z INFO  rust_script] meta_mtime:        1778958910519 ms
[2026-05-16T19:20:56Z INFO  rust_script] checking: "/home/box/.cache/rust-script/projects/3495c9231fcd9dee4c288a36"
[2026-05-16T19:20:56Z INFO  rust_script] meta_mtime:        1778890446261 ms
[2026-05-16T19:20:56Z INFO  rust_script] checking: "/home/box/.cache/rust-script/projects/7be9a58812e1033988a1978a"
[2026-05-16T19:20:56Z INFO  rust_script] meta_mtime:        1778942985023 ms
[2026-05-16T19:20:56Z INFO  rust_script] checking: "/home/box/.cache/rust-script/projects/21a026b3303cf5ee15913ff3"
[2026-05-16T19:20:56Z INFO  rust_script] meta_mtime:        1778958885990 ms
[2026-05-16T19:20:56Z INFO  rust_script] checking: "/home/box/.cache/rust-script/projects/d5807d669764a01fdbfb2369"
[2026-05-16T19:20:56Z INFO  rust_script] meta_mtime:        1778890713470 ms
[2026-05-16T19:20:56Z INFO  rust_script] checking: "/home/box/.cache/rust-script/projects/1a0b5e03d356ca58e2e5b984"
[2026-05-16T19:20:56Z INFO  rust_script] meta_mtime:        1778936327314 ms
[2026-05-16T19:20:56Z INFO  rust_script] checking: "/home/box/.cache/rust-script/projects/0022130de9dee961c3c2420d"
[2026-05-16T19:20:56Z INFO  rust_script] meta_mtime:        1778942651118 ms
[2026-05-16T19:20:56Z INFO  rust_script] checking: "/home/box/.cache/rust-script/projects/86344f5050ccef5bb6f0ff64"
[2026-05-16T19:20:56Z INFO  rust_script] meta_mtime:        1778958885953 ms
[2026-05-16T19:20:56Z INFO  rust_script] checking: "/home/box/.cache/rust-script/projects/4a657a73f0466a8fe7f387ca"
[2026-05-16T19:20:56Z INFO  rust_script] meta_mtime:        1778891460629 ms
[2026-05-16T19:20:56Z INFO  rust_script] checking: "/home/box/.cache/rust-script/projects/5352bdc8d1647b102660cabb"
[2026-05-16T19:20:56Z INFO  rust_script] meta_mtime:        1778936327358 ms
[2026-05-16T19:20:56Z INFO  rust_script] checking: "/home/box/.cache/rust-script/projects/9cf02d984b1e5977ddd8b2e8"
[2026-05-16T19:20:56Z INFO  rust_script] meta_mtime:        1778942978674 ms
[2026-05-16T19:20:56Z INFO  rust_script] checking: "/home/box/.cache/rust-script/projects/a378f87bc6dd9a102020cfdd"
[2026-05-16T19:20:56Z INFO  rust_script] meta_mtime:        1778932095031 ms
[2026-05-16T19:20:56Z INFO  rust_script] checking: "/home/box/.cache/rust-script/projects/bbd3fbe08d1a3c3131ec3625"
[2026-05-16T19:20:56Z INFO  rust_script] meta_mtime:        1778951430888 ms
[2026-05-16T19:20:56Z INFO  rust_script] checking: "/home/box/.cache/rust-script/projects/0a99fac48bf88d3f0779ad92"
[2026-05-16T19:20:56Z INFO  rust_script] meta_mtime:        1778890376568 ms
[2026-05-16T19:20:56Z INFO  rust_script] checking: "/home/box/.cache/rust-script/projects/4bd4fbcffec686fd427325d2"
[2026-05-16T19:20:56Z INFO  rust_script] meta_mtime:        1778942978711 ms
[2026-05-16T19:20:56Z INFO  rust_script] checking: "/home/box/.cache/rust-script/projects/9e209ed19f4b501a6943e3d6"
[2026-05-16T19:20:56Z INFO  rust_script] meta_mtime:        1778936242000 ms
[2026-05-16T19:20:56Z INFO  rust_script] checking: "/home/box/.cache/rust-script/projects/91255d195396fc7317b86e0b"
[2026-05-16T19:20:56Z INFO  rust_script] meta_mtime:        1778932226206 ms
[2026-05-16T19:20:56Z INFO  rust_script] checking: "/home/box/.cache/rust-script/projects/2b7cbff296015347bc8f44b2"
[2026-05-16T19:20:56Z INFO  rust_script] meta_mtime:        1778927877916 ms
[2026-05-16T19:20:56Z INFO  rust_script] done cleaning cache.
    Checking build-docs-site_361481e8ff0befcfbca77e38 v0.1.0 (/tmp/lino-rust-script-checks/build-docs-site)
    Finished `dev` profile [unoptimized + debuginfo] target(s) in 0.10s

== rust/scripts/bump-version.rs ==
[2026-05-16T19:20:57Z INFO  rust_script] Arguments: Args { script: Some("rust/scripts/bump-version.rs"), script_args: [], expr: false, loop_: false, count: false, base_path: None, pkg_path: Some("/tmp/lino-rust-script-checks/bump-version"), gen_pkg_only: true, cargo_output: false, clear_cache: false, debug: false, dep: [], extern_: [], force: false, unstable_features: [], build_kind: Normal, toolchain_version: None, wrapper: None }
[2026-05-16T19:20:57Z INFO  rust_script] input: File("bump-version", "/tmp/gh-issue-solver-1778957708011/rust/scripts/bump-version.rs", "#!/usr/bin/env rust-script\n//! Bump version in Cargo.toml\n//!\n//! Usage: rust-script scripts/bump-version.rs --bump-type <major|minor|patch> [--dry-run] [--rust-root <path>]\n//!\n//! Supports both single-language and multi-language repository structures:\n//! - Single-language: Cargo.toml in repository root\n//! - Multi-language: Cargo.toml in rust/ subfolder\n//!\n//! ```cargo\n//! [dependencies]\n//! regex = \"1\"\n//! ```\n\nuse regex::Regex;\nuse std::env;\nuse std::fs;\nuse std::process::exit;\n\n#[path = \"rust-paths.rs\"]\nmod rust_paths;\n\n#[derive(Debug, Clone, Copy, PartialEq)]\nenum BumpType {\n    Major,\n    Minor,\n    Patch,\n}\n\nimpl BumpType {\n    fn from_str(s: &str) -> Option<BumpType> {\n        match s.to_lowercase().as_str() {\n            \"major\" => Some(BumpType::Major),\n            \"minor\" => Some(BumpType::Minor),\n            \"patch\" => Some(BumpType::Patch),\n            _ => None,\n        }\n    }\n}\n\nstruct Version {\n    major: u32,\n    minor: u32,\n    patch: u32,\n}\n\nimpl Version {\n    fn bump(&self, bump_type: BumpType) -> String {\n        match bump_type {\n            BumpType::Major => format!(\"{}.0.0\", self.major + 1),\n            BumpType::Minor => format!(\"{}.{}.0\", self.major, self.minor + 1),\n            BumpType::Patch => format!(\"{}.{}.{}\", self.major, self.minor, self.patch + 1),\n        }\n    }\n\n    fn to_string(&self) -> String {\n        format!(\"{}.{}.{}\", self.major, self.minor, self.patch)\n    }\n}\n\nfn get_arg(name: &str) -> Option<String> {\n    let args: Vec<String> = env::args().collect();\n    let flag = format!(\"--{}\", name);\n\n    if let Some(idx) = args.iter().position(|a| a == &flag) {\n        return args.get(idx + 1).cloned();\n    }\n\n    // Check environment variable (convert dashes to underscores)\n    let env_name = name.to_uppercase().replace('-', \"_\");\n    env::var(&env_name).ok().filter(|s| !s.is_empty())\n}\n\nfn has_flag(name: &str) -> bool {\n    let args: Vec<String> = env::args().collect();\n    let flag = format!(\"--{}\", name);\n    args.contains(&flag)\n}\n\nfn get_current_version(cargo_toml_path: &str) -> Result<Version, String> {\n    let content = fs::read_to_string(cargo_toml_path)\n        .map_err(|e| format!(\"Failed to read {}: {}\", cargo_toml_path, e))?;\n\n    let re = Regex::new(r#\"(?m)^version\\s*=\\s*\"(\\d+)\\.(\\d+)\\.(\\d+)\"\"#).unwrap();\n\n    if let Some(caps) = re.captures(&content) {\n        let major: u32 = caps.get(1).unwrap().as_str().parse().unwrap();\n        let minor: u32 = caps.get(2).unwrap().as_str().parse().unwrap();\n        let patch: u32 = caps.get(3).unwrap().as_str().parse().unwrap();\n        Ok(Version {\n            major,\n            minor,\n            patch,\n        })\n    } else {\n        Err(format!(\"Could not parse version from {}\", cargo_toml_path))\n    }\n}\n\nfn update_cargo_toml(cargo_toml_path: &str, new_version: &str) -> Result<(), String> {\n    let content = fs::read_to_string(cargo_toml_path)\n        .map_err(|e| format!(\"Failed to read {}: {}\", cargo_toml_path, e))?;\n\n    let re = Regex::new(r#\"(?m)^(version\\s*=\\s*\")[^\"]+(\")\"#).unwrap();\n    let new_content = re.replace(&content, format!(\"${{1}}{}${{2}}\", new_version).as_str());\n\n    fs::write(cargo_toml_path, new_content.as_ref())\n        .map_err(|e| format!(\"Failed to write {}: {}\", cargo_toml_path, e))?;\n\n    Ok(())\n}\n\nfn main() {\n    let bump_type_str = match get_arg(\"bump-type\") {\n        Some(s) => s,\n        None => {\n            eprintln!(\"Usage: rust-script scripts/bump-version.rs --bump-type <major|minor|patch> [--dry-run] [--rust-root <path>]\");\n            exit(1);\n        }\n    };\n\n    let bump_type = match BumpType::from_str(&bump_type_str) {\n        Some(bt) => bt,\n        None => {\n            eprintln!(\n                \"Invalid bump type: {}. Must be major, minor, or patch.\",\n                bump_type_str\n            );\n            exit(1);\n        }\n    };\n\n    let dry_run = has_flag(\"dry-run\");\n    let rust_root = match rust_paths::get_rust_root(None, true) {\n        Ok(root) => root,\n        Err(e) => {\n            eprintln!(\"Error: {}\", e);\n            exit(1);\n        }\n    };\n    let cargo_toml = rust_paths::get_cargo_toml_path(&rust_root);\n    let package_manifest = match rust_paths::get_package_manifest_path(&cargo_toml) {\n        Ok(path) => path,\n        Err(e) => {\n            eprintln!(\"Error: {}\", e);\n            exit(1);\n        }\n    };\n\n    let current = match get_current_version(package_manifest.to_string_lossy().as_ref()) {\n        Ok(v) => v,\n        Err(e) => {\n            eprintln!(\"Error: {}\", e);\n            exit(1);\n        }\n    };\n\n    let new_version = current.bump(bump_type);\n\n    println!(\"Current version: {}\", current.to_string());\n    println!(\"New version: {}\", new_version);\n\n    if dry_run {\n        println!(\"Dry run - no changes made\");\n    } else {\n        if let Err(e) = update_cargo_toml(package_manifest.to_string_lossy().as_ref(), &new_version)\n        {\n            eprintln!(\"Error: {}\", e);\n            exit(1);\n        }\n        println!(\"Updated {}\", package_manifest.display());\n    }\n}\n", "/tmp/gh-issue-solver-1778957708011/rust/scripts")
[2026-05-16T19:20:57Z INFO  rust_script] prelude_items: []
[2026-05-16T19:20:57Z INFO  rust_script] id: "74c9a0574cfa0268d4afe528"
[2026-05-16T19:20:57Z INFO  rust_script] pkg_path: "/tmp/lino-rust-script-checks/bump-version"
[2026-05-16T19:20:57Z INFO  rust_script] using_cache: false
[2026-05-16T19:20:57Z INFO  rust_script::manifest] part_mani: {"dependencies": Table({"regex": String("1")})}
[2026-05-16T19:20:57Z INFO  rust_script::manifest] source: None
[2026-05-16T19:20:57Z INFO  rust_script::manifest] manifest: [[bin]]
    name = "bump-version_74c9a0574cfa0268d4afe528"
    path = "/tmp/gh-issue-solver-1778957708011/rust/scripts/bump-version.rs"

    [dependencies]
    regex = "1"

    [package]
    authors = ["Anonymous"]
    edition = "2021"
    name = "bump-version_74c9a0574cfa0268d4afe528"
    version = "0.1.0"

    [profile.release]
    strip = true

[2026-05-16T19:20:57Z INFO  rust_script] action: InputAction { cargo_output: false, force_compile: false, execute: false, pkg_path: "/tmp/lino-rust-script-checks/bump-version", script_path: "/tmp/gh-issue-solver-1778957708011/rust/scripts/bump-version.rs", using_cache: false, toolchain_version: None, debug: false, manifest: "[[bin]]\nname = \"bump-version_74c9a0574cfa0268d4afe528\"\npath = \"/tmp/gh-issue-solver-1778957708011/rust/scripts/bump-version.rs\"\n\n[dependencies]\nregex = \"1\"\n\n[package]\nauthors = [\"Anonymous\"]\nedition = \"2021\"\nname = \"bump-version_74c9a0574cfa0268d4afe528\"\nversion = \"0.1.0\"\n\n[profile.release]\nstrip = true\n", script: None, build_kind: Normal, bin_name: "bump-version_74c9a0574cfa0268d4afe528", original_script_path: Some("rust/scripts/bump-version.rs") }
[2026-05-16T19:20:57Z INFO  rust_script] creating pkg dir...
[2026-05-16T19:20:57Z INFO  rust_script] generating Cargo package...
[2026-05-16T19:20:57Z DEBUG rust_script] overwrite_file("/tmp/lino-rust-script-checks/bump-version/Cargo.toml", _)
[2026-05-16T19:20:57Z DEBUG rust_script] .. files differ
[2026-05-16T19:20:57Z INFO  rust_script] disarming pkg dir cleanup...
/tmp/lino-rust-script-checks/bump-version
[2026-05-16T19:20:57Z INFO  rust_script] cleaning cache with max_age: 604800000
[2026-05-16T19:20:57Z INFO  rust_script] cutoff:            1778354457087 ms
[2026-05-16T19:20:57Z INFO  rust_script] checking: "/home/box/.cache/rust-script/projects/3381028aa6bfa11e89a55930"
[2026-05-16T19:20:57Z INFO  rust_script] meta_mtime:        1778932194983 ms
[2026-05-16T19:20:57Z INFO  rust_script] checking: "/home/box/.cache/rust-script/projects/0e7f838c78399547fe25d26c"
[2026-05-16T19:20:57Z INFO  rust_script] meta_mtime:        1778958910519 ms
[2026-05-16T19:20:57Z INFO  rust_script] checking: "/home/box/.cache/rust-script/projects/3495c9231fcd9dee4c288a36"
[2026-05-16T19:20:57Z INFO  rust_script] meta_mtime:        1778890446261 ms
[2026-05-16T19:20:57Z INFO  rust_script] checking: "/home/box/.cache/rust-script/projects/7be9a58812e1033988a1978a"
[2026-05-16T19:20:57Z INFO  rust_script] meta_mtime:        1778942985023 ms
[2026-05-16T19:20:57Z INFO  rust_script] checking: "/home/box/.cache/rust-script/projects/21a026b3303cf5ee15913ff3"
[2026-05-16T19:20:57Z INFO  rust_script] meta_mtime:        1778958885990 ms
[2026-05-16T19:20:57Z INFO  rust_script] checking: "/home/box/.cache/rust-script/projects/d5807d669764a01fdbfb2369"
[2026-05-16T19:20:57Z INFO  rust_script] meta_mtime:        1778890713470 ms
[2026-05-16T19:20:57Z INFO  rust_script] checking: "/home/box/.cache/rust-script/projects/1a0b5e03d356ca58e2e5b984"
[2026-05-16T19:20:57Z INFO  rust_script] meta_mtime:        1778936327314 ms
[2026-05-16T19:20:57Z INFO  rust_script] checking: "/home/box/.cache/rust-script/projects/0022130de9dee961c3c2420d"
[2026-05-16T19:20:57Z INFO  rust_script] meta_mtime:        1778942651118 ms
[2026-05-16T19:20:57Z INFO  rust_script] checking: "/home/box/.cache/rust-script/projects/86344f5050ccef5bb6f0ff64"
[2026-05-16T19:20:57Z INFO  rust_script] meta_mtime:        1778958885953 ms
[2026-05-16T19:20:57Z INFO  rust_script] checking: "/home/box/.cache/rust-script/projects/4a657a73f0466a8fe7f387ca"
[2026-05-16T19:20:57Z INFO  rust_script] meta_mtime:        1778891460629 ms
[2026-05-16T19:20:57Z INFO  rust_script] checking: "/home/box/.cache/rust-script/projects/5352bdc8d1647b102660cabb"
[2026-05-16T19:20:57Z INFO  rust_script] meta_mtime:        1778936327358 ms
[2026-05-16T19:20:57Z INFO  rust_script] checking: "/home/box/.cache/rust-script/projects/9cf02d984b1e5977ddd8b2e8"
[2026-05-16T19:20:57Z INFO  rust_script] meta_mtime:        1778942978674 ms
[2026-05-16T19:20:57Z INFO  rust_script] checking: "/home/box/.cache/rust-script/projects/a378f87bc6dd9a102020cfdd"
[2026-05-16T19:20:57Z INFO  rust_script] meta_mtime:        1778932095031 ms
[2026-05-16T19:20:57Z INFO  rust_script] checking: "/home/box/.cache/rust-script/projects/bbd3fbe08d1a3c3131ec3625"
[2026-05-16T19:20:57Z INFO  rust_script] meta_mtime:        1778951430888 ms
[2026-05-16T19:20:57Z INFO  rust_script] checking: "/home/box/.cache/rust-script/projects/0a99fac48bf88d3f0779ad92"
[2026-05-16T19:20:57Z INFO  rust_script] meta_mtime:        1778890376568 ms
[2026-05-16T19:20:57Z INFO  rust_script] checking: "/home/box/.cache/rust-script/projects/4bd4fbcffec686fd427325d2"
[2026-05-16T19:20:57Z INFO  rust_script] meta_mtime:        1778942978711 ms
[2026-05-16T19:20:57Z INFO  rust_script] checking: "/home/box/.cache/rust-script/projects/9e209ed19f4b501a6943e3d6"
[2026-05-16T19:20:57Z INFO  rust_script] meta_mtime:        1778936242000 ms
[2026-05-16T19:20:57Z INFO  rust_script] checking: "/home/box/.cache/rust-script/projects/91255d195396fc7317b86e0b"
[2026-05-16T19:20:57Z INFO  rust_script] meta_mtime:        1778932226206 ms
[2026-05-16T19:20:57Z INFO  rust_script] checking: "/home/box/.cache/rust-script/projects/2b7cbff296015347bc8f44b2"
[2026-05-16T19:20:57Z INFO  rust_script] meta_mtime:        1778927877916 ms
[2026-05-16T19:20:57Z INFO  rust_script] done cleaning cache.
    Updating crates.io index
     Locking 5 packages to latest compatible versions
    Checking memchr v2.8.0
    Checking regex-syntax v0.8.10
    Checking aho-corasick v1.1.4
    Checking regex-automata v0.4.14
    Checking regex v1.12.3
    Checking bump-version_74c9a0574cfa0268d4afe528 v0.1.0 (/tmp/lino-rust-script-checks/bump-version)
    Finished `dev` profile [unoptimized + debuginfo] target(s) in 2.82s

== rust/scripts/check-changelog-fragment.rs ==
[2026-05-16T19:20:59Z INFO  rust_script] Arguments: Args { script: Some("rust/scripts/check-changelog-fragment.rs"), script_args: [], expr: false, loop_: false, count: false, base_path: None, pkg_path: Some("/tmp/lino-rust-script-checks/check-changelog-fragment"), gen_pkg_only: true, cargo_output: false, clear_cache: false, debug: false, dep: [], extern_: [], force: false, unstable_features: [], build_kind: Normal, toolchain_version: None, wrapper: None }
[2026-05-16T19:20:59Z INFO  rust_script] input: File("check-changelog-fragment", "/tmp/gh-issue-solver-1778957708011/rust/scripts/check-changelog-fragment.rs", "#!/usr/bin/env rust-script\n//! Check if a changelog fragment was added in the current PR\n//!\n//! This script validates that a changelog fragment is added in the PR diff,\n//! not just checking if any fragments exist in the directory. This prevents\n//! the check from incorrectly passing when there are leftover fragments\n//! from previous PRs that haven't been released yet.\n//!\n//! Usage: rust-script scripts/check-changelog-fragment.rs\n//!\n//! Environment variables (set by GitHub Actions):\n//!   - GITHUB_BASE_REF: Base branch name for PR (e.g., \"main\")\n//!\n//! Exit codes:\n//!   - 0: Check passed (fragment added or no source changes)\n//!   - 1: Check failed (source changes without changelog fragment)\n//!\n//! ```cargo\n//! [dependencies]\n//! regex = \"1\"\n//! ```\n\nuse regex::Regex;\nuse std::env;\nuse std::path::Path;\nuse std::process::{exit, Command};\n\nfn exec(command: &str, args: &[&str]) -> String {\n    match Command::new(command).args(args).output() {\n        Ok(output) => {\n            if output.status.success() {\n                String::from_utf8_lossy(&output.stdout).trim().to_string()\n            } else {\n                eprintln!(\"Error executing {} {:?}\", command, args);\n                eprintln!(\"{}\", String::from_utf8_lossy(&output.stderr));\n                String::new()\n            }\n        }\n        Err(e) => {\n            eprintln!(\"Failed to execute {} {:?}: {}\", command, args, e);\n            String::new()\n        }\n    }\n}\n\nfn get_rust_root() -> String {\n    if let Ok(root) = env::var(\"RUST_ROOT\") {\n        if !root.is_empty() {\n            return root;\n        }\n    }\n\n    if Path::new(\"./Cargo.toml\").exists() {\n        return \".\".to_string();\n    }\n\n    if Path::new(\"./rust/Cargo.toml\").exists() {\n        return \"rust\".to_string();\n    }\n\n    \".\".to_string()\n}\n\nfn get_changed_files() -> Vec<String> {\n    let base_ref = env::var(\"GITHUB_BASE_REF\").unwrap_or_else(|_| \"main\".to_string());\n    eprintln!(\"Comparing against origin/{}...HEAD\", base_ref);\n\n    let output = exec(\n        \"git\",\n        &[\n            \"diff\",\n            \"--name-only\",\n            &format!(\"origin/{}...HEAD\", base_ref),\n        ],\n    );\n\n    if output.is_empty() {\n        return Vec::new();\n    }\n\n    output\n        .lines()\n        .filter(|s| !s.is_empty())\n        .map(String::from)\n        .collect()\n}\n\nfn is_source_file(file_path: &str, rust_root: &str) -> bool {\n    let prefix = if rust_root == \".\" {\n        String::new()\n    } else {\n        format!(\"{}/\", rust_root)\n    };\n\n    let source_patterns = [\n        Regex::new(&format!(r\"^{}src/\", regex::escape(&prefix))).unwrap(),\n        Regex::new(&format!(r\"^{}tests/\", regex::escape(&prefix))).unwrap(),\n        Regex::new(&format!(r\"^{}?scripts/\", regex::escape(&prefix))).unwrap(),\n        Regex::new(&format!(r\"^{}Cargo\\.toml$\", regex::escape(&prefix))).unwrap(),\n    ];\n\n    source_patterns\n        .iter()\n        .any(|pattern| pattern.is_match(file_path))\n}\n\nfn is_changelog_fragment(file_path: &str, rust_root: &str) -> bool {\n    let changelog_dir = if rust_root == \".\" {\n        \"changelog.d/\".to_string()\n    } else {\n        format!(\"{}/changelog.d/\", rust_root)\n    };\n\n    (file_path.starts_with(&changelog_dir) || file_path.starts_with(\"changelog.d/\"))\n        && file_path.ends_with(\".md\")\n        && !file_path.ends_with(\"README.md\")\n}\n\nfn main() {\n    println!(\"Checking for changelog fragment in PR diff...\\n\");\n\n    let rust_root = get_rust_root();\n    if rust_root != \".\" {\n        println!(\n            \"Detected multi-language repository (Rust root: {})\",\n            rust_root\n        );\n    }\n\n    let changed_files = get_changed_files();\n\n    if changed_files.is_empty() {\n        println!(\"No changed files found\");\n        exit(0);\n    }\n\n    println!(\"Changed files:\");\n    for file in &changed_files {\n        println!(\"  {}\", file);\n    }\n    println!();\n\n    // Count source files changed\n    let source_changes: Vec<&String> = changed_files\n        .iter()\n        .filter(|f| is_source_file(f, &rust_root))\n        .collect();\n    let source_changed_count = source_changes.len();\n\n    println!(\"Source files changed: {}\", source_changed_count);\n    if source_changed_count > 0 {\n        for file in &source_changes {\n            println!(\"  {}\", file);\n        }\n    }\n    println!();\n\n    // Count changelog fragments added in this PR\n    let fragments_added: Vec<&String> = changed_files\n        .iter()\n        .filter(|f| is_changelog_fragment(f, &rust_root))\n        .collect();\n    let fragment_added_count = fragments_added.len();\n\n    println!(\"Changelog fragments added: {}\", fragment_added_count);\n    if fragment_added_count > 0 {\n        for file in &fragments_added {\n            println!(\"  {}\", file);\n        }\n    }\n    println!();\n\n    // Check if source files changed but no fragment was added\n    if source_changed_count > 0 && fragment_added_count == 0 {\n        eprintln!(\"::error::No changelog fragment found in this PR. Please add a changelog entry in changelog.d/\");\n        eprintln!();\n        eprintln!(\"To create a changelog fragment:\");\n        eprintln!(\"  Create a new .md file in changelog.d/ with your changes\");\n        eprintln!();\n        eprintln!(\"See changelog.d/README.md for more information.\");\n        exit(1);\n    }\n\n    println!(\n        \"Changelog check passed (source files changed: {}, fragments added: {})\",\n        source_changed_count, fragment_added_count\n    );\n}\n", "/tmp/gh-issue-solver-1778957708011/rust/scripts")
[2026-05-16T19:20:59Z INFO  rust_script] prelude_items: []
[2026-05-16T19:20:59Z INFO  rust_script] id: "078e2f7ef953e196dae45f23"
[2026-05-16T19:20:59Z INFO  rust_script] pkg_path: "/tmp/lino-rust-script-checks/check-changelog-fragment"
[2026-05-16T19:20:59Z INFO  rust_script] using_cache: false
[2026-05-16T19:20:59Z INFO  rust_script::manifest] part_mani: {"dependencies": Table({"regex": String("1")})}
[2026-05-16T19:20:59Z INFO  rust_script::manifest] source: None
[2026-05-16T19:20:59Z INFO  rust_script::manifest] manifest: [[bin]]
    name = "check-changelog-fragment_078e2f7ef953e196dae45f23"
    path = "/tmp/gh-issue-solver-1778957708011/rust/scripts/check-changelog-fragment.rs"

    [dependencies]
    regex = "1"

    [package]
    authors = ["Anonymous"]
    edition = "2021"
    name = "check-changelog-fragment_078e2f7ef953e196dae45f23"
    version = "0.1.0"

    [profile.release]
    strip = true

[2026-05-16T19:20:59Z INFO  rust_script] action: InputAction { cargo_output: false, force_compile: false, execute: false, pkg_path: "/tmp/lino-rust-script-checks/check-changelog-fragment", script_path: "/tmp/gh-issue-solver-1778957708011/rust/scripts/check-changelog-fragment.rs", using_cache: false, toolchain_version: None, debug: false, manifest: "[[bin]]\nname = \"check-changelog-fragment_078e2f7ef953e196dae45f23\"\npath = \"/tmp/gh-issue-solver-1778957708011/rust/scripts/check-changelog-fragment.rs\"\n\n[dependencies]\nregex = \"1\"\n\n[package]\nauthors = [\"Anonymous\"]\nedition = \"2021\"\nname = \"check-changelog-fragment_078e2f7ef953e196dae45f23\"\nversion = \"0.1.0\"\n\n[profile.release]\nstrip = true\n", script: None, build_kind: Normal, bin_name: "check-changelog-fragment_078e2f7ef953e196dae45f23", original_script_path: Some("rust/scripts/check-changelog-fragment.rs") }
[2026-05-16T19:20:59Z INFO  rust_script] creating pkg dir...
[2026-05-16T19:20:59Z INFO  rust_script] generating Cargo package...
[2026-05-16T19:20:59Z DEBUG rust_script] overwrite_file("/tmp/lino-rust-script-checks/check-changelog-fragment/Cargo.toml", _)
[2026-05-16T19:20:59Z DEBUG rust_script] .. files differ
[2026-05-16T19:20:59Z INFO  rust_script] disarming pkg dir cleanup...
/tmp/lino-rust-script-checks/check-changelog-fragment
[2026-05-16T19:20:59Z INFO  rust_script] cleaning cache with max_age: 604800000
[2026-05-16T19:20:59Z INFO  rust_script] cutoff:            1778354459949 ms
[2026-05-16T19:20:59Z INFO  rust_script] checking: "/home/box/.cache/rust-script/projects/3381028aa6bfa11e89a55930"
[2026-05-16T19:20:59Z INFO  rust_script] meta_mtime:        1778932194983 ms
[2026-05-16T19:20:59Z INFO  rust_script] checking: "/home/box/.cache/rust-script/projects/0e7f838c78399547fe25d26c"
[2026-05-16T19:20:59Z INFO  rust_script] meta_mtime:        1778958910519 ms
[2026-05-16T19:20:59Z INFO  rust_script] checking: "/home/box/.cache/rust-script/projects/3495c9231fcd9dee4c288a36"
[2026-05-16T19:20:59Z INFO  rust_script] meta_mtime:        1778890446261 ms
[2026-05-16T19:20:59Z INFO  rust_script] checking: "/home/box/.cache/rust-script/projects/7be9a58812e1033988a1978a"
[2026-05-16T19:20:59Z INFO  rust_script] meta_mtime:        1778942985023 ms
[2026-05-16T19:20:59Z INFO  rust_script] checking: "/home/box/.cache/rust-script/projects/21a026b3303cf5ee15913ff3"
[2026-05-16T19:20:59Z INFO  rust_script] meta_mtime:        1778958885990 ms
[2026-05-16T19:20:59Z INFO  rust_script] checking: "/home/box/.cache/rust-script/projects/d5807d669764a01fdbfb2369"
[2026-05-16T19:20:59Z INFO  rust_script] meta_mtime:        1778890713470 ms
[2026-05-16T19:20:59Z INFO  rust_script] checking: "/home/box/.cache/rust-script/projects/1a0b5e03d356ca58e2e5b984"
[2026-05-16T19:20:59Z INFO  rust_script] meta_mtime:        1778936327314 ms
[2026-05-16T19:20:59Z INFO  rust_script] checking: "/home/box/.cache/rust-script/projects/0022130de9dee961c3c2420d"
[2026-05-16T19:20:59Z INFO  rust_script] meta_mtime:        1778942651118 ms
[2026-05-16T19:20:59Z INFO  rust_script] checking: "/home/box/.cache/rust-script/projects/86344f5050ccef5bb6f0ff64"
[2026-05-16T19:20:59Z INFO  rust_script] meta_mtime:        1778958885953 ms
[2026-05-16T19:20:59Z INFO  rust_script] checking: "/home/box/.cache/rust-script/projects/4a657a73f0466a8fe7f387ca"
[2026-05-16T19:20:59Z INFO  rust_script] meta_mtime:        1778891460629 ms
[2026-05-16T19:20:59Z INFO  rust_script] checking: "/home/box/.cache/rust-script/projects/5352bdc8d1647b102660cabb"
[2026-05-16T19:20:59Z INFO  rust_script] meta_mtime:        1778936327358 ms
[2026-05-16T19:20:59Z INFO  rust_script] checking: "/home/box/.cache/rust-script/projects/9cf02d984b1e5977ddd8b2e8"
[2026-05-16T19:20:59Z INFO  rust_script] meta_mtime:        1778942978674 ms
[2026-05-16T19:20:59Z INFO  rust_script] checking: "/home/box/.cache/rust-script/projects/a378f87bc6dd9a102020cfdd"
[2026-05-16T19:20:59Z INFO  rust_script] meta_mtime:        1778932095031 ms
[2026-05-16T19:20:59Z INFO  rust_script] checking: "/home/box/.cache/rust-script/projects/bbd3fbe08d1a3c3131ec3625"
[2026-05-16T19:20:59Z INFO  rust_script] meta_mtime:        1778951430888 ms
[2026-05-16T19:20:59Z INFO  rust_script] checking: "/home/box/.cache/rust-script/projects/0a99fac48bf88d3f0779ad92"
[2026-05-16T19:20:59Z INFO  rust_script] meta_mtime:        1778890376568 ms
[2026-05-16T19:20:59Z INFO  rust_script] checking: "/home/box/.cache/rust-script/projects/4bd4fbcffec686fd427325d2"
[2026-05-16T19:20:59Z INFO  rust_script] meta_mtime:        1778942978711 ms
[2026-05-16T19:20:59Z INFO  rust_script] checking: "/home/box/.cache/rust-script/projects/9e209ed19f4b501a6943e3d6"
[2026-05-16T19:20:59Z INFO  rust_script] meta_mtime:        1778936242000 ms
[2026-05-16T19:20:59Z INFO  rust_script] checking: "/home/box/.cache/rust-script/projects/91255d195396fc7317b86e0b"
[2026-05-16T19:20:59Z INFO  rust_script] meta_mtime:        1778932226206 ms
[2026-05-16T19:20:59Z INFO  rust_script] checking: "/home/box/.cache/rust-script/projects/2b7cbff296015347bc8f44b2"
[2026-05-16T19:20:59Z INFO  rust_script] meta_mtime:        1778927877916 ms
[2026-05-16T19:20:59Z INFO  rust_script] done cleaning cache.
    Updating crates.io index
     Locking 5 packages to latest compatible versions
    Checking memchr v2.8.0
    Checking regex-syntax v0.8.10
    Checking aho-corasick v1.1.4
    Checking regex-automata v0.4.14
    Checking regex v1.12.3
    Checking check-changelog-fragment_078e2f7ef953e196dae45f23 v0.1.0 (/tmp/lino-rust-script-checks/check-changelog-fragment)
    Finished `dev` profile [unoptimized + debuginfo] target(s) in 2.86s

== rust/scripts/check-file-size.rs ==
[2026-05-16T19:21:02Z INFO  rust_script] Arguments: Args { script: Some("rust/scripts/check-file-size.rs"), script_args: [], expr: false, loop_: false, count: false, base_path: None, pkg_path: Some("/tmp/lino-rust-script-checks/check-file-size"), gen_pkg_only: true, cargo_output: false, clear_cache: false, debug: false, dep: [], extern_: [], force: false, unstable_features: [], build_kind: Normal, toolchain_version: None, wrapper: None }
[2026-05-16T19:21:02Z INFO  rust_script] input: File("check-file-size", "/tmp/gh-issue-solver-1778957708011/rust/scripts/check-file-size.rs", "#!/usr/bin/env rust-script\n//! Check Rust files for maximum and warning line-count thresholds\n//! Exits with error code 1 if any files exceed the hard limit\n//!\n//! Usage: rust-script scripts/check-file-size.rs\n//!\n//! ```cargo\n//! [dependencies]\n//! walkdir = \"2\"\n//! ```\n\nuse std::fs;\nuse std::path::Path;\n#[cfg(not(test))]\nuse std::process::exit;\nuse walkdir::WalkDir;\n\nconst MAX_LINES: usize = 1000;\nconst WARN_LINES: usize = 900;\nconst FILE_EXTENSIONS: &[&str] = &[\".rs\"];\nconst EXCLUDE_PATTERNS: &[&str] = &[\"target\", \".git\", \"node_modules\"];\n\nfn should_exclude(path: &Path) -> bool {\n    let path_str = path.to_string_lossy();\n    EXCLUDE_PATTERNS\n        .iter()\n        .any(|pattern| path_str.contains(pattern))\n}\n\nfn has_valid_extension(path: &Path) -> bool {\n    let Some(ext) = path.extension().and_then(|ext| ext.to_str()) else {\n        return false;\n    };\n\n    FILE_EXTENSIONS\n        .iter()\n        .any(|valid_ext| valid_ext.strip_prefix('.') == Some(ext))\n}\n\nfn count_lines(path: &Path) -> Result<usize, std::io::Error> {\n    let content = fs::read_to_string(path)?;\n    Ok(content.lines().count())\n}\n\n#[derive(Debug, PartialEq, Eq)]\nstruct Finding {\n    file: String,\n    lines: usize,\n}\n\n#[derive(Debug, PartialEq, Eq)]\nstruct CheckResult {\n    warnings: Vec<Finding>,\n    violations: Vec<Finding>,\n}\n\n#[derive(Debug, PartialEq, Eq)]\nenum LineStatus {\n    WithinLimit,\n    Warning,\n    Violation,\n}\n\nconst fn classify_line_count(line_count: usize) -> LineStatus {\n    if line_count > MAX_LINES {\n        LineStatus::Violation\n    } else if line_count > WARN_LINES {\n        LineStatus::Warning\n    } else {\n        LineStatus::WithinLimit\n    }\n}\n\nfn relative_path(path: &Path, cwd: &Path) -> String {\n    let relative = path\n        .strip_prefix(cwd)\n        .unwrap_or(path)\n        .to_string_lossy()\n        .to_string();\n\n    relative.replace(std::path::MAIN_SEPARATOR, \"/\")\n}\n\nfn check_directory(cwd: &Path) -> CheckResult {\n    let mut result = CheckResult {\n        warnings: Vec::new(),\n        violations: Vec::new(),\n    };\n\n    for entry in WalkDir::new(cwd)\n        .into_iter()\n        .filter_map(std::result::Result::ok)\n        .filter(|e| e.file_type().is_file())\n    {\n        let path = entry.path();\n\n        if should_exclude(path) {\n            continue;\n        }\n\n        if !has_valid_extension(path) {\n            continue;\n        }\n\n        match count_lines(path) {\n            Ok(line_count) => {\n                let finding = Finding {\n                    file: relative_path(path, cwd),\n                    lines: line_count,\n                };\n\n                match classify_line_count(line_count) {\n                    LineStatus::Violation => result.violations.push(finding),\n                    LineStatus::Warning => result.warnings.push(finding),\n                    LineStatus::WithinLimit => {}\n                }\n            }\n            Err(error) => {\n                eprintln!(\"Warning: Could not read {}: {error}\", path.display());\n            }\n        }\n    }\n\n    result\n}\n\nfn escape_annotation_property(value: &str) -> String {\n    value\n        .replace('%', \"%25\")\n        .replace('\\r', \"%0D\")\n        .replace('\\n', \"%0A\")\n        .replace(':', \"%3A\")\n        .replace(',', \"%2C\")\n}\n\nfn escape_annotation_message(value: &str) -> String {\n    value\n        .replace('%', \"%25\")\n        .replace('\\r', \"%0D\")\n        .replace('\\n', \"%0A\")\n}\n\nfn warning_annotation(finding: &Finding) -> String {\n    let message = format!(\n        \"File has {} lines (approaching limit of {MAX_LINES}). Consider extracting code to keep at or below {WARN_LINES} lines and prevent concurrent PR merge limit violations.\",\n        finding.lines\n    );\n\n    format!(\n        \"::warning file={}::{}\",\n        escape_annotation_property(&finding.file),\n        escape_annotation_message(&message)\n    )\n}\n\n#[cfg(not(test))]\nfn print_warnings(warnings: &[Finding]) {\n    if warnings.is_empty() {\n        return;\n    }\n\n    for warning in warnings {\n        let annotation = warning_annotation(warning);\n        println!(\"{annotation}\");\n        println!(\n            \"WARNING: {} has {} lines (approaching limit of {MAX_LINES}, warning threshold: {WARN_LINES})\",\n            warning.file, warning.lines\n        );\n    }\n\n    println!();\n    println!(\n        \"The following files are approaching the {MAX_LINES} line limit (>{WARN_LINES} lines):\"\n    );\n    for warning in warnings {\n        println!(\"  {}\", warning.file);\n    }\n    println!(\"\\nConsider extracting code to prevent concurrent PR merge limit violations.\\n\");\n}\n\n#[cfg(not(test))]\nfn print_violations(violations: &[Finding]) {\n    if violations.is_empty() {\n        return;\n    }\n\n    println!(\"Found files exceeding the line limit:\\n\");\n    for violation in violations {\n        println!(\n            \"  {}: {} lines (exceeds {MAX_LINES})\",\n            violation.file, violation.lines\n        );\n    }\n    println!(\"\\nPlease refactor these files to be under {MAX_LINES} lines\\n\");\n}\n\n#[cfg(not(test))]\nfn main() {\n    println!(\n        \"\\nChecking Rust files for maximum {MAX_LINES} lines (warning above {WARN_LINES})...\\n\"\n    );\n\n    let cwd = std::env::current_dir().expect(\"Failed to get current directory\");\n    let result = check_directory(&cwd);\n\n    print_warnings(&result.warnings);\n\n    if result.violations.is_empty() {\n        println!(\"All files are within the line limit\\n\");\n        exit(0);\n    } else {\n        print_violations(&result.violations);\n        exit(1);\n    }\n}\n\n#[cfg(test)]\nmod tests {\n    use super::*;\n    use std::fmt::Write as _;\n    use std::path::PathBuf;\n    use std::time::{SystemTime, UNIX_EPOCH};\n\n    fn temp_dir(name: &str) -> PathBuf {\n        let nanos = SystemTime::now()\n            .duration_since(UNIX_EPOCH)\n            .unwrap()\n            .as_nanos();\n        let path = std::env::temp_dir().join(format!(\"check-file-size-{name}-{nanos}\"));\n        fs::create_dir_all(&path).unwrap();\n        path\n    }\n\n    fn write_rust_file_with_lines(path: &Path, line_count: usize) {\n        let mut content = String::new();\n        for line in 1..=line_count {\n            writeln!(&mut content, \"// line {line}\").unwrap();\n        }\n        fs::write(path, content).unwrap();\n    }\n\n    #[test]\n    fn classifies_warning_band_without_blocking() {\n        assert_eq!(classify_line_count(WARN_LINES), LineStatus::WithinLimit);\n        assert_eq!(classify_line_count(WARN_LINES + 1), LineStatus::Warning);\n        assert_eq!(classify_line_count(MAX_LINES), LineStatus::Warning);\n    }\n\n    #[test]\n    fn classifies_hard_limit_violations() {\n        assert_eq!(classify_line_count(MAX_LINES + 1), LineStatus::Violation);\n    }\n\n    #[test]\n    fn check_directory_reports_warning_and_violation_separately() {\n        let repo = temp_dir(\"thresholds\");\n        let src_dir = repo.join(\"src\");\n        fs::create_dir_all(&src_dir).unwrap();\n        write_rust_file_with_lines(&src_dir.join(\"near_limit.rs\"), WARN_LINES + 1);\n        write_rust_file_with_lines(&src_dir.join(\"over_limit.rs\"), MAX_LINES + 1);\n        write_rust_file_with_lines(&src_dir.join(\"small.rs\"), WARN_LINES);\n\n        let result = check_directory(&repo);\n\n        assert_eq!(\n            result.warnings,\n            vec![Finding {\n                file: \"src/near_limit.rs\".to_string(),\n                lines: WARN_LINES + 1,\n            }]\n        );\n        assert_eq!(\n            result.violations,\n            vec![Finding {\n                file: \"src/over_limit.rs\".to_string(),\n                lines: MAX_LINES + 1,\n            }]\n        );\n    }\n\n    #[test]\n    fn warning_annotation_uses_github_actions_format() {\n        let finding = Finding {\n            file: \"src/near_limit.rs\".to_string(),\n            lines: WARN_LINES + 1,\n        };\n\n        assert_eq!(\n            warning_annotation(&finding),\n            \"::warning file=src/near_limit.rs::File has 901 lines (approaching limit of 1000). Consider extracting code to keep at or below 900 lines and prevent concurrent PR merge limit violations.\"\n        );\n    }\n}\n", "/tmp/gh-issue-solver-1778957708011/rust/scripts")
[2026-05-16T19:21:02Z INFO  rust_script] prelude_items: []
[2026-05-16T19:21:02Z INFO  rust_script] id: "0955cd1c7832b7e5e2f33423"
[2026-05-16T19:21:02Z INFO  rust_script] pkg_path: "/tmp/lino-rust-script-checks/check-file-size"
[2026-05-16T19:21:02Z INFO  rust_script] using_cache: false
[2026-05-16T19:21:02Z INFO  rust_script::manifest] part_mani: {"dependencies": Table({"walkdir": String("2")})}
[2026-05-16T19:21:02Z INFO  rust_script::manifest] source: None
[2026-05-16T19:21:02Z INFO  rust_script::manifest] manifest: [[bin]]
    name = "check-file-size_0955cd1c7832b7e5e2f33423"
    path = "/tmp/gh-issue-solver-1778957708011/rust/scripts/check-file-size.rs"

    [dependencies]
    walkdir = "2"

    [package]
    authors = ["Anonymous"]
    edition = "2021"
    name = "check-file-size_0955cd1c7832b7e5e2f33423"
    version = "0.1.0"

    [profile.release]
    strip = true

[2026-05-16T19:21:02Z INFO  rust_script] action: InputAction { cargo_output: false, force_compile: false, execute: false, pkg_path: "/tmp/lino-rust-script-checks/check-file-size", script_path: "/tmp/gh-issue-solver-1778957708011/rust/scripts/check-file-size.rs", using_cache: false, toolchain_version: None, debug: false, manifest: "[[bin]]\nname = \"check-file-size_0955cd1c7832b7e5e2f33423\"\npath = \"/tmp/gh-issue-solver-1778957708011/rust/scripts/check-file-size.rs\"\n\n[dependencies]\nwalkdir = \"2\"\n\n[package]\nauthors = [\"Anonymous\"]\nedition = \"2021\"\nname = \"check-file-size_0955cd1c7832b7e5e2f33423\"\nversion = \"0.1.0\"\n\n[profile.release]\nstrip = true\n", script: None, build_kind: Normal, bin_name: "check-file-size_0955cd1c7832b7e5e2f33423", original_script_path: Some("rust/scripts/check-file-size.rs") }
[2026-05-16T19:21:02Z INFO  rust_script] creating pkg dir...
[2026-05-16T19:21:02Z INFO  rust_script] generating Cargo package...
[2026-05-16T19:21:02Z DEBUG rust_script] overwrite_file("/tmp/lino-rust-script-checks/check-file-size/Cargo.toml", _)
[2026-05-16T19:21:02Z DEBUG rust_script] .. files differ
[2026-05-16T19:21:02Z INFO  rust_script] disarming pkg dir cleanup...
/tmp/lino-rust-script-checks/check-file-size
[2026-05-16T19:21:02Z INFO  rust_script] cleaning cache with max_age: 604800000
[2026-05-16T19:21:02Z INFO  rust_script] cutoff:            1778354462853 ms
[2026-05-16T19:21:02Z INFO  rust_script] checking: "/home/box/.cache/rust-script/projects/3381028aa6bfa11e89a55930"
[2026-05-16T19:21:02Z INFO  rust_script] meta_mtime:        1778932194983 ms
[2026-05-16T19:21:02Z INFO  rust_script] checking: "/home/box/.cache/rust-script/projects/0e7f838c78399547fe25d26c"
[2026-05-16T19:21:02Z INFO  rust_script] meta_mtime:        1778958910519 ms
[2026-05-16T19:21:02Z INFO  rust_script] checking: "/home/box/.cache/rust-script/projects/3495c9231fcd9dee4c288a36"
[2026-05-16T19:21:02Z INFO  rust_script] meta_mtime:        1778890446261 ms
[2026-05-16T19:21:02Z INFO  rust_script] checking: "/home/box/.cache/rust-script/projects/7be9a58812e1033988a1978a"
[2026-05-16T19:21:02Z INFO  rust_script] meta_mtime:        1778942985023 ms
[2026-05-16T19:21:02Z INFO  rust_script] checking: "/home/box/.cache/rust-script/projects/21a026b3303cf5ee15913ff3"
[2026-05-16T19:21:02Z INFO  rust_script] meta_mtime:        1778958885990 ms
[2026-05-16T19:21:02Z INFO  rust_script] checking: "/home/box/.cache/rust-script/projects/d5807d669764a01fdbfb2369"
[2026-05-16T19:21:02Z INFO  rust_script] meta_mtime:        1778890713470 ms
[2026-05-16T19:21:02Z INFO  rust_script] checking: "/home/box/.cache/rust-script/projects/1a0b5e03d356ca58e2e5b984"
[2026-05-16T19:21:02Z INFO  rust_script] meta_mtime:        1778936327314 ms
[2026-05-16T19:21:02Z INFO  rust_script] checking: "/home/box/.cache/rust-script/projects/0022130de9dee961c3c2420d"
[2026-05-16T19:21:02Z INFO  rust_script] meta_mtime:        1778942651118 ms
[2026-05-16T19:21:02Z INFO  rust_script] checking: "/home/box/.cache/rust-script/projects/86344f5050ccef5bb6f0ff64"
[2026-05-16T19:21:02Z INFO  rust_script] meta_mtime:        1778958885953 ms
[2026-05-16T19:21:02Z INFO  rust_script] checking: "/home/box/.cache/rust-script/projects/4a657a73f0466a8fe7f387ca"
[2026-05-16T19:21:02Z INFO  rust_script] meta_mtime:        1778891460629 ms
[2026-05-16T19:21:02Z INFO  rust_script] checking: "/home/box/.cache/rust-script/projects/5352bdc8d1647b102660cabb"
[2026-05-16T19:21:02Z INFO  rust_script] meta_mtime:        1778936327358 ms
[2026-05-16T19:21:02Z INFO  rust_script] checking: "/home/box/.cache/rust-script/projects/9cf02d984b1e5977ddd8b2e8"
[2026-05-16T19:21:02Z INFO  rust_script] meta_mtime:        1778942978674 ms
[2026-05-16T19:21:02Z INFO  rust_script] checking: "/home/box/.cache/rust-script/projects/a378f87bc6dd9a102020cfdd"
[2026-05-16T19:21:02Z INFO  rust_script] meta_mtime:        1778932095031 ms
[2026-05-16T19:21:02Z INFO  rust_script] checking: "/home/box/.cache/rust-script/projects/bbd3fbe08d1a3c3131ec3625"
[2026-05-16T19:21:02Z INFO  rust_script] meta_mtime:        1778951430888 ms
[2026-05-16T19:21:02Z INFO  rust_script] checking: "/home/box/.cache/rust-script/projects/0a99fac48bf88d3f0779ad92"
[2026-05-16T19:21:02Z INFO  rust_script] meta_mtime:        1778890376568 ms
[2026-05-16T19:21:02Z INFO  rust_script] checking: "/home/box/.cache/rust-script/projects/4bd4fbcffec686fd427325d2"
[2026-05-16T19:21:02Z INFO  rust_script] meta_mtime:        1778942978711 ms
[2026-05-16T19:21:02Z INFO  rust_script] checking: "/home/box/.cache/rust-script/projects/9e209ed19f4b501a6943e3d6"
[2026-05-16T19:21:02Z INFO  rust_script] meta_mtime:        1778936242000 ms
[2026-05-16T19:21:02Z INFO  rust_script] checking: "/home/box/.cache/rust-script/projects/91255d195396fc7317b86e0b"
[2026-05-16T19:21:02Z INFO  rust_script] meta_mtime:        1778932226206 ms
[2026-05-16T19:21:02Z INFO  rust_script] checking: "/home/box/.cache/rust-script/projects/2b7cbff296015347bc8f44b2"
[2026-05-16T19:21:02Z INFO  rust_script] meta_mtime:        1778927877916 ms
[2026-05-16T19:21:02Z INFO  rust_script] done cleaning cache.
    Updating crates.io index
     Locking 5 packages to latest compatible versions
    Checking same-file v1.0.6
    Checking walkdir v2.5.0
    Checking check-file-size_0955cd1c7832b7e5e2f33423 v0.1.0 (/tmp/lino-rust-script-checks/check-file-size)
    Finished `dev` profile [unoptimized + debuginfo] target(s) in 0.38s

== rust/scripts/check-release-needed.rs ==
[2026-05-16T19:21:03Z INFO  rust_script] Arguments: Args { script: Some("rust/scripts/check-release-needed.rs"), script_args: [], expr: false, loop_: false, count: false, base_path: None, pkg_path: Some("/tmp/lino-rust-script-checks/check-release-needed"), gen_pkg_only: true, cargo_output: false, clear_cache: false, debug: false, dep: [], extern_: [], force: false, unstable_features: [], build_kind: Normal, toolchain_version: None, wrapper: None }
[2026-05-16T19:21:03Z INFO  rust_script] input: File("check-release-needed", "/tmp/gh-issue-solver-1778957708011/rust/scripts/check-release-needed.rs", "#!/usr/bin/env rust-script\n//! Check if a release is needed based on changelog fragments and version state\n//!\n//! This script checks:\n//! 1. If there are changelog fragments to process\n//! 2. If the current version has already been published to crates.io for all publishable crates\n//! 3. If the matching GitHub release and configured Docker Hub image tag exist\n//!\n//! IMPORTANT: This script checks external release artifacts, NOT git tags.\n//! This is critical because:\n//! - Git tags can exist without the package being published\n//! - GitHub releases create tags but do not publish to crates.io or Docker Hub\n//! - A crates.io publish can succeed while later Docker/GitHub release steps fail\n//!\n//! Supports both single-language and multi-language repository structures:\n//! - Single-language: Cargo.toml in repository root\n//! - Multi-language: Cargo.toml in rust/ subfolder\n//!\n//! Usage: rust-script scripts/check-release-needed.rs [--rust-root <path>]\n//!\n//! Environment variables:\n//!   - HAS_FRAGMENTS: 'true' if changelog fragments exist (from get-bump-type.rs)\n//!   - DOCKERHUB_IMAGE: Optional Docker Hub image name to verify (namespace/repository)\n//!   - GITHUB_REPOSITORY: GitHub repository to verify (owner/repository)\n//!\n//! Outputs (written to GITHUB_OUTPUT):\n//!   - should_release: 'true' if a release should be created\n//!   - skip_bump: 'true' if version bump should be skipped while missing artifacts are recreated\n//!   - crate_published: 'true' if the current version already exists on crates.io for all publishable crates\n//!   - published_crates: comma-separated crate names that already have the current version\n//!   - missing_crates: comma-separated crate names missing the current version\n//!   - dockerhub_required: 'true' if Docker Hub publishing is configured and a Dockerfile exists\n//!   - dockerhub_published: 'true' if the configured Docker Hub tag exists\n//!   - github_release_published: 'true' if the matching GitHub release exists\n//!   - max_published_version: the highest non-yanked version on crates.io (for downstream use)\n//!\n//! ```cargo\n//! [dependencies]\n//! regex = \"1\"\n//! ureq = \"2\"\n//! serde = { version = \"1\", features = [\"derive\"] }\n//! serde_json = \"1\"\n//! ```\n\nuse serde::Deserialize;\nuse std::env;\nuse std::fs;\nuse std::path::Path;\nuse std::process::exit;\n\n#[path = \"rust-paths.rs\"]\nmod rust_paths;\n\nfn get_arg(name: &str) -> Option<String> {\n    let args: Vec<String> = env::args().collect();\n    let flag = format!(\"--{}\", name);\n\n    if let Some(idx) = args.iter().position(|a| a == &flag) {\n        return args.get(idx + 1).cloned();\n    }\n\n    let env_name = name.to_uppercase().replace('-', \"_\");\n    env::var(&env_name).ok().filter(|s| !s.is_empty())\n}\n\nfn set_output(key: &str, value: &str) {\n    if let Ok(output_file) = env::var(\"GITHUB_OUTPUT\") {\n        if let Err(e) = fs::OpenOptions::new()\n            .create(true)\n            .append(true)\n            .open(&output_file)\n            .and_then(|mut f| {\n                use std::io::Write;\n                writeln!(f, \"{}={}\", key, value)\n            })\n        {\n            eprintln!(\"Warning: Could not write to GITHUB_OUTPUT: {}\", e);\n        }\n    }\n    println!(\"Output: {}={}\", key, value);\n}\n\n#[derive(Deserialize)]\nstruct CratesIoVersion {\n    version: Option<CratesIoVersionInfo>,\n}\n\n#[derive(Deserialize)]\nstruct CratesIoVersionInfo {\n    #[allow(dead_code)]\n    num: String,\n}\n\n#[derive(Deserialize)]\nstruct CratesIoCrate {\n    versions: Option<Vec<CratesIoVersionEntry>>,\n}\n\n#[derive(Deserialize)]\nstruct CratesIoVersionEntry {\n    num: String,\n    yanked: bool,\n}\n\nfn check_version_on_crates_io(crate_name: &str, version: &str) -> bool {\n    let url = format!(\"https://crates.io/api/v1/crates/{}/{}\", crate_name, version);\n\n    match ureq::get(&url)\n        .set(\"User-Agent\", \"rust-script-check-release\")\n        .call()\n    {\n        Ok(response) => {\n            if response.status() == 200 {\n                if let Ok(body) = response.into_string() {\n                    if let Ok(data) = serde_json::from_str::<CratesIoVersion>(&body) {\n                        return data.version.is_some();\n                    }\n                }\n            }\n            false\n        }\n        Err(ureq::Error::Status(404, _)) => false,\n        Err(e) => {\n            eprintln!(\"Warning: Could not check crates.io: {}\", e);\n            false\n        }\n    }\n}\n\nfn split_docker_image(image: &str) -> Option<(&str, &str)> {\n    let mut parts = image.split('/');\n    let namespace = parts.next()?;\n    let repository = parts.next()?;\n\n    if parts.next().is_some() || namespace.is_empty() || repository.is_empty() {\n        None\n    } else {\n        Some((namespace, repository))\n    }\n}\n\nfn check_docker_hub_tag(image: &str, version: &str) -> bool {\n    let Some((namespace, repository)) = split_docker_image(image) else {\n        eprintln!(\n            \"Warning: Could not parse Docker Hub image '{}'; expected namespace/repository\",\n            image\n        );\n        return false;\n    };\n\n    let url = format!(\n        \"https://hub.docker.com/v2/repositories/{}/{}/tags/{}\",\n        namespace, repository, version\n    );\n\n    match ureq::get(&url)\n        .set(\"User-Agent\", \"rust-script-check-release\")\n        .call()\n    {\n        Ok(response) => response.status() == 200,\n        Err(ureq::Error::Status(404, _)) => false,\n        Err(e) => {\n            eprintln!(\"Warning: Could not check Docker Hub tag: {}\", e);\n            false\n        }\n    }\n}\n\nfn check_github_release(repository: &str, tag_prefix: &str, version: &str) -> bool {\n    let url = format!(\n        \"https://api.github.com/repos/{}/releases/tags/{}{}\",\n        repository, tag_prefix, version\n    );\n\n    let mut request = ureq::get(&url)\n        .set(\"User-Agent\", \"rust-script-check-release\")\n        .set(\"Accept\", \"application/vnd.github+json\");\n\n    if let Ok(token) = env::var(\"GITHUB_TOKEN\") {\n        if !token.is_empty() {\n            let auth_header = format!(\"Bearer {}\", token);\n            request = request.set(\"Authorization\", &auth_header);\n        }\n    }\n\n    match request.call() {\n        Ok(response) => response.status() == 200,\n        Err(ureq::Error::Status(404, _)) => false,\n        Err(e) => {\n            eprintln!(\"Warning: Could not check GitHub release: {}\", e);\n            false\n        }\n    }\n}\n\nfn docker_hub_image_to_check() -> Option<String> {\n    get_arg(\"dockerhub-image\")\n        .or_else(|| get_arg(\"docker-hub-image\"))\n        .or_else(|| get_arg(\"dockerhub_image\"))\n        .filter(|image| Path::new(\"Dockerfile\").exists() && !image.trim().is_empty())\n}\n\nfn release_is_complete(\n    crates_published: bool,\n    dockerhub_required: bool,\n    dockerhub_published: bool,\n    github_release_published: bool,\n) -> bool {\n    crates_published && (!dockerhub_required || dockerhub_published) && github_release_published\n}\n\nfn parse_semver(version: &str) -> Option<(u32, u32, u32)> {\n    let parts: Vec<&str> = version.split('-').next()?.split('.').collect();\n    if parts.len() != 3 {\n        return None;\n    }\n    Some((\n        parts[0].parse().ok()?,\n        parts[1].parse().ok()?,\n        parts[2].parse().ok()?,\n    ))\n}\n\nfn get_max_published_version(crate_name: &str) -> Option<String> {\n    let url = format!(\"https://crates.io/api/v1/crates/{}\", crate_name);\n\n    match ureq::get(&url)\n        .set(\"User-Agent\", \"rust-script-check-release\")\n        .call()\n    {\n        Ok(response) => {\n            if response.status() == 200 {\n                if let Ok(body) = response.into_string() {\n                    if let Ok(data) = serde_json::from_str::<CratesIoCrate>(&body) {\n                        if let Some(versions) = data.versions {\n                            let mut max_version: Option<(u32, u32, u32, String)> = None;\n                            for v in &versions {\n                                if v.yanked {\n                                    continue;\n                                }\n                                if let Some(parsed) = parse_semver(&v.num) {\n                                    match &max_version {\n                                        None => {\n                                            max_version =\n                                                Some((parsed.0, parsed.1, parsed.2, v.num.clone()));\n                                        }\n                                        Some(current) => {\n                                            if parsed > (current.0, current.1, current.2) {\n                                                max_version = Some((\n                                                    parsed.0,\n                                                    parsed.1,\n                                                    parsed.2,\n                                                    v.num.clone(),\n                                                ));\n                                            }\n                                        }\n                                    }\n                                }\n                            }\n                            return max_version.map(|v| v.3);\n                        }\n                    }\n                }\n            }\n            None\n        }\n        Err(ureq::Error::Status(404, _)) => None,\n        Err(e) => {\n            eprintln!(\"Warning: Could not query crates.io for versions: {}\", e);\n            None\n        }\n    }\n}\n\nfn main() {\n    let rust_root = match rust_paths::get_rust_root(None, true) {\n        Ok(root) => root,\n        Err(e) => {\n            eprintln!(\"Error: {}\", e);\n            exit(1);\n        }\n    };\n    let cargo_toml = rust_paths::get_cargo_toml_path(&rust_root);\n\n    let has_fragments = env::var(\"HAS_FRAGMENTS\")\n        .map(|v| v == \"true\")\n        .unwrap_or(false);\n\n    let package_manifests = match rust_paths::get_publishable_member_manifests(&cargo_toml) {\n        Ok(paths) => paths,\n        Err(e) => {\n            eprintln!(\"Error: {}\", e);\n            exit(1);\n        }\n    };\n\n    let mut package_infos = Vec::new();\n    for manifest in &package_manifests {\n        match rust_paths::read_package_info(manifest) {\n            Ok(info) => package_infos.push(info),\n            Err(e) => {\n                eprintln!(\"Error: {}\", e);\n                exit(1);\n            }\n        }\n    }\n\n    let Some(primary_info) = package_infos.first() else {\n        eprintln!(\"Error: no publishable crates found\");\n        exit(1);\n    };\n\n    let current_version = primary_info.version.clone();\n    let crate_names: Vec<String> = package_infos.iter().map(|info| info.name.clone()).collect();\n\n    let max_published = get_max_published_version(&primary_info.name);\n    if let Some(ref max_ver) = max_published {\n        println!(\n            \"Max published version on crates.io for {}: {}\",\n            primary_info.name, max_ver\n        );\n        set_output(\"max_published_version\", max_ver);\n    } else {\n        println!(\n            \"No versions published on crates.io yet for {} (or crate not found)\",\n            primary_info.name\n        );\n        set_output(\"max_published_version\", \"\");\n    }\n\n    if !has_fragments {\n        let mut published_crates = Vec::new();\n        let mut missing_crates = Vec::new();\n\n        for crate_name in &crate_names {\n            if check_version_on_crates_io(crate_name, &current_version) {\n                published_crates.push(crate_name.clone());\n            } else {\n                missing_crates.push(crate_name.clone());\n            }\n        }\n\n        let crates_published = missing_crates.is_empty();\n        let tag_prefix = get_arg(\"tag-prefix\").unwrap_or_else(|| \"v\".to_string());\n        let dockerhub_image = docker_hub_image_to_check();\n        let dockerhub_required = dockerhub_image.is_some();\n        let dockerhub_published = dockerhub_image\n            .as_deref()\n            .map(|image| {\n                check_docker_hub_tag(image, &current_version)\n                    && check_docker_hub_tag(image, \"latest\")\n            })\n            .unwrap_or(false);\n        let github_release_published = get_arg(\"repository\")\n            .or_else(|| env::var(\"GITHUB_REPOSITORY\").ok().filter(|s| !s.is_empty()))\n            .map(|repository| check_github_release(&repository, &tag_prefix, &current_version))\n            .unwrap_or_else(|| {\n                eprintln!(\"Warning: GITHUB_REPOSITORY not set; assuming GitHub release is missing\");\n                false\n            });\n\n        set_output(\n            \"crate_published\",\n            if crates_published { \"true\" } else { \"false\" },\n        );\n        set_output(\"published_crates\", &published_crates.join(\",\"));\n        set_output(\"missing_crates\", &missing_crates.join(\",\"));\n        set_output(\n            \"dockerhub_required\",\n            if dockerhub_required { \"true\" } else { \"false\" },\n        );\n        set_output(\n            \"dockerhub_published\",\n            if dockerhub_published { \"true\" } else { \"false\" },\n        );\n        set_output(\n            \"github_release_published\",\n            if github_release_published {\n                \"true\"\n            } else {\n                \"false\"\n            },\n        );\n\n        println!(\n            \"Crates: {}, Version: {}, All published on crates.io: {}\",\n            crate_names.join(\", \"),\n            current_version,\n            crates_published\n        );\n        if !published_crates.is_empty() {\n            println!(\"Already published crates: {}\", published_crates.join(\", \"));\n        }\n        if !missing_crates.is_empty() {\n            println!(\"Missing crates: {}\", missing_crates.join(\", \"));\n        }\n        if let Some(image) = dockerhub_image {\n            println!(\n                \"Docker image: {}, version/latest tags published on Docker Hub: {}\",\n                image, dockerhub_published\n            );\n        } else {\n            println!(\"Docker Hub artifact check skipped: DOCKERHUB_IMAGE or Dockerfile is not configured\");\n        }\n        println!(\n            \"GitHub release {}{} published: {}\",\n            tag_prefix, current_version, github_release_published\n        );\n\n        if release_is_complete(\n            crates_published,\n            dockerhub_required,\n            dockerhub_published,\n            github_release_published,\n        ) {\n            println!(\n                \"No changelog fragments and v{} is fully published\",\n                current_version\n            );\n            set_output(\"should_release\", \"false\");\n        } else {\n            println!(\n                \"No changelog fragments but v{} is missing at least one release artifact\",\n                current_version\n            );\n            set_output(\"should_release\", \"true\");\n            set_output(\"skip_bump\", \"true\");\n        }\n    } else {\n        println!(\"Found changelog fragments, proceeding with release\");\n        set_output(\"should_release\", \"true\");\n        set_output(\"skip_bump\", \"false\");\n    }\n}\n", "/tmp/gh-issue-solver-1778957708011/rust/scripts")
[2026-05-16T19:21:03Z INFO  rust_script] prelude_items: []
[2026-05-16T19:21:03Z INFO  rust_script] id: "0e7f838c78399547fe25d26c"
[2026-05-16T19:21:03Z INFO  rust_script] pkg_path: "/tmp/lino-rust-script-checks/check-release-needed"
[2026-05-16T19:21:03Z INFO  rust_script] using_cache: false
[2026-05-16T19:21:03Z INFO  rust_script::manifest] part_mani: {"dependencies": Table({"regex": String("1"), "serde": Table({"features": Array([String("derive")]), "version": String("1")}), "serde_json": String("1"), "ureq": String("2")})}
[2026-05-16T19:21:03Z INFO  rust_script::manifest] source: None
[2026-05-16T19:21:03Z INFO  rust_script::manifest] manifest: [[bin]]
    name = "check-release-needed_0e7f838c78399547fe25d26c"
    path = "/tmp/gh-issue-solver-1778957708011/rust/scripts/check-release-needed.rs"

    [dependencies]
    regex = "1"
    serde_json = "1"
    ureq = "2"

    [dependencies.serde]
    features = ["derive"]
    version = "1"

    [package]
    authors = ["Anonymous"]
    edition = "2021"
    name = "check-release-needed_0e7f838c78399547fe25d26c"
    version = "0.1.0"

    [profile.release]
    strip = true

[2026-05-16T19:21:03Z INFO  rust_script] action: InputAction { cargo_output: false, force_compile: false, execute: false, pkg_path: "/tmp/lino-rust-script-checks/check-release-needed", script_path: "/tmp/gh-issue-solver-1778957708011/rust/scripts/check-release-needed.rs", using_cache: false, toolchain_version: None, debug: false, manifest: "[[bin]]\nname = \"check-release-needed_0e7f838c78399547fe25d26c\"\npath = \"/tmp/gh-issue-solver-1778957708011/rust/scripts/check-release-needed.rs\"\n\n[dependencies]\nregex = \"1\"\nserde_json = \"1\"\nureq = \"2\"\n\n[dependencies.serde]\nfeatures = [\"derive\"]\nversion = \"1\"\n\n[package]\nauthors = [\"Anonymous\"]\nedition = \"2021\"\nname = \"check-release-needed_0e7f838c78399547fe25d26c\"\nversion = \"0.1.0\"\n\n[profile.release]\nstrip = true\n", script: None, build_kind: Normal, bin_name: "check-release-needed_0e7f838c78399547fe25d26c", original_script_path: Some("rust/scripts/check-release-needed.rs") }
[2026-05-16T19:21:03Z INFO  rust_script] creating pkg dir...
[2026-05-16T19:21:03Z INFO  rust_script] generating Cargo package...
[2026-05-16T19:21:03Z DEBUG rust_script] overwrite_file("/tmp/lino-rust-script-checks/check-release-needed/Cargo.toml", _)
[2026-05-16T19:21:03Z DEBUG rust_script] .. files differ
[2026-05-16T19:21:03Z INFO  rust_script] disarming pkg dir cleanup...
/tmp/lino-rust-script-checks/check-release-needed
[2026-05-16T19:21:03Z INFO  rust_script] cleaning cache with max_age: 604800000
[2026-05-16T19:21:03Z INFO  rust_script] cutoff:            1778354463337 ms
[2026-05-16T19:21:03Z INFO  rust_script] checking: "/home/box/.cache/rust-script/projects/3381028aa6bfa11e89a55930"
[2026-05-16T19:21:03Z INFO  rust_script] meta_mtime:        1778932194983 ms
[2026-05-16T19:21:03Z INFO  rust_script] checking: "/home/box/.cache/rust-script/projects/0e7f838c78399547fe25d26c"
[2026-05-16T19:21:03Z INFO  rust_script] meta_mtime:        1778958910519 ms
[2026-05-16T19:21:03Z INFO  rust_script] checking: "/home/box/.cache/rust-script/projects/3495c9231fcd9dee4c288a36"
[2026-05-16T19:21:03Z INFO  rust_script] meta_mtime:        1778890446261 ms
[2026-05-16T19:21:03Z INFO  rust_script] checking: "/home/box/.cache/rust-script/projects/7be9a58812e1033988a1978a"
[2026-05-16T19:21:03Z INFO  rust_script] meta_mtime:        1778942985023 ms
[2026-05-16T19:21:03Z INFO  rust_script] checking: "/home/box/.cache/rust-script/projects/21a026b3303cf5ee15913ff3"
[2026-05-16T19:21:03Z INFO  rust_script] meta_mtime:        1778958885990 ms
[2026-05-16T19:21:03Z INFO  rust_script] checking: "/home/box/.cache/rust-script/projects/d5807d669764a01fdbfb2369"
[2026-05-16T19:21:03Z INFO  rust_script] meta_mtime:        1778890713470 ms
[2026-05-16T19:21:03Z INFO  rust_script] checking: "/home/box/.cache/rust-script/projects/1a0b5e03d356ca58e2e5b984"
[2026-05-16T19:21:03Z INFO  rust_script] meta_mtime:        1778936327314 ms
[2026-05-16T19:21:03Z INFO  rust_script] checking: "/home/box/.cache/rust-script/projects/0022130de9dee961c3c2420d"
[2026-05-16T19:21:03Z INFO  rust_script] meta_mtime:        1778942651118 ms
[2026-05-16T19:21:03Z INFO  rust_script] checking: "/home/box/.cache/rust-script/projects/86344f5050ccef5bb6f0ff64"
[2026-05-16T19:21:03Z INFO  rust_script] meta_mtime:        1778958885953 ms
[2026-05-16T19:21:03Z INFO  rust_script] checking: "/home/box/.cache/rust-script/projects/4a657a73f0466a8fe7f387ca"
[2026-05-16T19:21:03Z INFO  rust_script] meta_mtime:        1778891460629 ms
[2026-05-16T19:21:03Z INFO  rust_script] checking: "/home/box/.cache/rust-script/projects/5352bdc8d1647b102660cabb"
[2026-05-16T19:21:03Z INFO  rust_script] meta_mtime:        1778936327358 ms
[2026-05-16T19:21:03Z INFO  rust_script] checking: "/home/box/.cache/rust-script/projects/9cf02d984b1e5977ddd8b2e8"
[2026-05-16T19:21:03Z INFO  rust_script] meta_mtime:        1778942978674 ms
[2026-05-16T19:21:03Z INFO  rust_script] checking: "/home/box/.cache/rust-script/projects/a378f87bc6dd9a102020cfdd"
[2026-05-16T19:21:03Z INFO  rust_script] meta_mtime:        1778932095031 ms
[2026-05-16T19:21:03Z INFO  rust_script] checking: "/home/box/.cache/rust-script/projects/bbd3fbe08d1a3c3131ec3625"
[2026-05-16T19:21:03Z INFO  rust_script] meta_mtime:        1778951430888 ms
[2026-05-16T19:21:03Z INFO  rust_script] checking: "/home/box/.cache/rust-script/projects/0a99fac48bf88d3f0779ad92"
[2026-05-16T19:21:03Z INFO  rust_script] meta_mtime:        1778890376568 ms
[2026-05-16T19:21:03Z INFO  rust_script] checking: "/home/box/.cache/rust-script/projects/4bd4fbcffec686fd427325d2"
[2026-05-16T19:21:03Z INFO  rust_script] meta_mtime:        1778942978711 ms
[2026-05-16T19:21:03Z INFO  rust_script] checking: "/home/box/.cache/rust-script/projects/9e209ed19f4b501a6943e3d6"
[2026-05-16T19:21:03Z INFO  rust_script] meta_mtime:        1778936242000 ms
[2026-05-16T19:21:03Z INFO  rust_script] checking: "/home/box/.cache/rust-script/projects/91255d195396fc7317b86e0b"
[2026-05-16T19:21:03Z INFO  rust_script] meta_mtime:        1778932226206 ms
[2026-05-16T19:21:03Z INFO  rust_script] checking: "/home/box/.cache/rust-script/projects/2b7cbff296015347bc8f44b2"
[2026-05-16T19:21:03Z INFO  rust_script] meta_mtime:        1778927877916 ms
[2026-05-16T19:21:03Z INFO  rust_script] done cleaning cache.
    Updating crates.io index
     Locking 78 packages to latest compatible versions
      Adding ureq v2.12.1 (available: v3.3.0)
   Compiling proc-macro2 v1.0.106
   Compiling unicode-ident v1.0.24
   Compiling quote v1.0.45
    Checking stable_deref_trait v1.2.1
    Checking litemap v0.8.2
    Checking writeable v0.6.3
   Compiling find-msvc-tools v0.1.9
   Compiling shlex v1.3.0
    Checking cfg-if v1.0.4
    Checking utf8_iter v1.0.4
   Compiling libc v0.2.186
   Compiling cc v1.2.62
   Compiling icu_normalizer_data v2.2.0
   Compiling icu_properties_data v2.2.0
    Checking zeroize v1.8.2
    Checking rustls-pki-types v1.14.1
    Checking smallvec v1.15.1
    Checking untrusted v0.9.0
   Compiling serde_core v1.0.228
    Checking memchr v2.8.0
   Compiling crc32fast v1.5.0
    Checking simd-adler32 v0.3.9
   Compiling zmij v1.0.21
    Checking percent-encoding v2.3.2
   Compiling syn v2.0.117
   Compiling rustls v0.23.40
    Checking adler2 v2.0.1
    Checking form_urlencoded v1.2.2
    Checking miniz_oxide v0.8.9
    Checking aho-corasick v1.1.4
    Checking getrandom v0.2.17
    Checking webpki-roots v1.0.7
   Compiling serde_json v1.0.149
    Checking once_cell v1.21.4
   Compiling ring v0.17.14
    Checking subtle v2.6.1
    Checking regex-syntax v0.8.10
    Checking log v0.4.29
   Compiling serde v1.0.228
    Checking webpki-roots v0.26.11
    Checking flate2 v1.1.9
    Checking itoa v1.0.18
    Checking base64 v0.22.1
   Compiling synstructure v0.13.2
    Checking regex-automata v0.4.14
   Compiling zerofrom-derive v0.1.7
   Compiling yoke-derive v0.8.2
   Compiling zerovec-derive v0.11.3
   Compiling displaydoc v0.2.5
    Checking zerofrom v0.1.8
   Compiling serde_derive v1.0.228
    Checking yoke v0.8.2
    Checking zerotrie v0.2.4
    Checking zerovec v0.11.6
    Checking regex v1.12.3
    Checking tinystr v0.8.3
    Checking potential_utf v0.1.5
    Checking icu_collections v2.2.0
    Checking icu_locale_core v2.2.0
    Checking rustls-webpki v0.103.13
    Checking icu_provider v2.2.0
    Checking icu_normalizer v2.2.0
    Checking icu_properties v2.2.0
    Checking idna_adapter v1.2.2
    Checking idna v1.1.0
    Checking url v2.5.8
    Checking ureq v2.12.1
    Checking check-release-needed_0e7f838c78399547fe25d26c v0.1.0 (/tmp/lino-rust-script-checks/check-release-needed)
    Finished `dev` profile [unoptimized + debuginfo] target(s) in 7.42s

== rust/scripts/check-version-modification.rs ==
[2026-05-16T19:21:10Z INFO  rust_script] Arguments: Args { script: Some("rust/scripts/check-version-modification.rs"), script_args: [], expr: false, loop_: false, count: false, base_path: None, pkg_path: Some("/tmp/lino-rust-script-checks/check-version-modification"), gen_pkg_only: true, cargo_output: false, clear_cache: false, debug: false, dep: [], extern_: [], force: false, unstable_features: [], build_kind: Normal, toolchain_version: None, wrapper: None }
[2026-05-16T19:21:10Z INFO  rust_script] input: File("check-version-modification", "/tmp/gh-issue-solver-1778957708011/rust/scripts/check-version-modification.rs", "#!/usr/bin/env rust-script\n//! Check for manual version modification in Cargo.toml\n//!\n//! This script prevents manual version changes in pull requests.\n//! Versions should be managed automatically by the CI/CD pipeline\n//! using changelog fragments in changelog.d/.\n//!\n//! Key behavior:\n//! - Detects if `version = \"...\"` line has changed in Cargo.toml\n//! - Fails the CI check if manual version change is detected\n//! - Skips check for automated release branches (changelog-manual-release-*)\n//!\n//! Usage: rust-script scripts/check-version-modification.rs\n//!\n//! Environment variables (set by GitHub Actions):\n//!   - GITHUB_HEAD_REF: The head branch name for PRs\n//!   - GITHUB_BASE_REF: The base branch name for PRs\n//!   - GITHUB_EVENT_NAME: Should be 'pull_request'\n//!\n//! Exit codes:\n//!   - 0: No manual version changes detected (or check skipped)\n//!   - 1: Manual version changes detected\n//!\n//! ```cargo\n//! [dependencies]\n//! regex = \"1\"\n//! ```\n\nuse regex::Regex;\nuse std::env;\nuse std::path::Path;\nuse std::process::{exit, Command};\n\nfn exec(command: &str, args: &[&str]) -> String {\n    match Command::new(command).args(args).output() {\n        Ok(output) => String::from_utf8_lossy(&output.stdout).trim().to_string(),\n        Err(_) => String::new(),\n    }\n}\n\nfn exec_ignore_error(command: &str, args: &[&str]) {\n    let _ = Command::new(command)\n        .args(args)\n        .stdout(std::process::Stdio::null())\n        .stderr(std::process::Stdio::null())\n        .status();\n}\n\nfn should_skip_version_check() -> bool {\n    let head_ref = env::var(\"GITHUB_HEAD_REF\").unwrap_or_default();\n\n    // Skip for automated release PRs\n    let automated_branch_prefixes = [\n        \"changelog-manual-release-\",\n        \"changeset-release/\",\n        \"release/\",\n        \"automated-release/\",\n    ];\n\n    for prefix in &automated_branch_prefixes {\n        if head_ref.starts_with(prefix) {\n            println!(\"Skipping version check for automated branch: {}\", head_ref);\n            return true;\n        }\n    }\n\n    false\n}\n\nfn get_rust_root() -> String {\n    if let Ok(root) = env::var(\"RUST_ROOT\") {\n        if !root.is_empty() {\n            return root;\n        }\n    }\n\n    if Path::new(\"./Cargo.toml\").exists() {\n        return \".\".to_string();\n    }\n\n    if Path::new(\"./rust/Cargo.toml\").exists() {\n        return \"rust\".to_string();\n    }\n\n    \".\".to_string()\n}\n\nfn get_cargo_toml_path(rust_root: &str) -> String {\n    if rust_root == \".\" {\n        \"Cargo.toml\".to_string()\n    } else {\n        format!(\"{}/Cargo.toml\", rust_root)\n    }\n}\n\nfn get_cargo_toml_diff(cargo_toml_path: &str) -> String {\n    let base_ref = env::var(\"GITHUB_BASE_REF\").unwrap_or_else(|_| \"main\".to_string());\n\n    // Ensure we have the base branch\n    exec_ignore_error(\"git\", &[\"fetch\", \"origin\", &base_ref, \"--depth=1\"]);\n\n    // Get the diff for Cargo.toml\n    exec(\n        \"git\",\n        &[\n            \"diff\",\n            &format!(\"origin/{}...HEAD\", base_ref),\n            \"--\",\n            cargo_toml_path,\n        ],\n    )\n}\n\nfn has_version_change(diff: &str) -> bool {\n    if diff.is_empty() {\n        return false;\n    }\n\n    // Look for changes to the version line\n    // Match lines that start with + or - followed by version = \"...\"\n    let version_change_pattern = Regex::new(r#\"(?m)^[+-]version\\s*=\\s*\"\"#).unwrap();\n    version_change_pattern.is_match(diff)\n}\n\nfn main() {\n    println!(\"Checking for manual version modifications in Cargo.toml...\\n\");\n\n    // Only run on pull requests\n    let event_name = env::var(\"GITHUB_EVENT_NAME\").unwrap_or_default();\n    if event_name != \"pull_request\" {\n        println!(\"Skipping: Not a pull request event (event: {})\", event_name);\n        exit(0);\n    }\n\n    // Skip for automated release branches\n    if should_skip_version_check() {\n        exit(0);\n    }\n\n    // Get and check the diff\n    let rust_root = get_rust_root();\n    let cargo_toml_path = get_cargo_toml_path(&rust_root);\n    let diff = get_cargo_toml_diff(&cargo_toml_path);\n\n    if diff.is_empty() {\n        println!(\"No changes to Cargo.toml detected.\");\n        println!(\"Version check passed.\");\n        exit(0);\n    }\n\n    // Check for version changes\n    if has_version_change(&diff) {\n        eprintln!(\"Error: Manual version change detected in Cargo.toml!\\n\");\n        eprintln!(\"Versions are managed automatically by the CI/CD pipeline.\");\n        eprintln!(\"Please do not modify the version field directly.\\n\");\n        eprintln!(\"To trigger a release, add a changelog fragment to changelog.d/\");\n        eprintln!(\"with the appropriate bump type (major, minor, or patch).\\n\");\n        eprintln!(\"See changelog.d/README.md for more information.\\n\");\n        eprintln!(\"If you need to undo your version change, run:\");\n        eprintln!(\"  git checkout origin/main -- Cargo.toml\");\n        exit(1);\n    }\n\n    println!(\"Cargo.toml was modified but version field was not changed.\");\n    println!(\"Version check passed.\");\n}\n", "/tmp/gh-issue-solver-1778957708011/rust/scripts")
[2026-05-16T19:21:10Z INFO  rust_script] prelude_items: []
[2026-05-16T19:21:10Z INFO  rust_script] id: "dcc972b60dcd995b074dd0bb"
[2026-05-16T19:21:10Z INFO  rust_script] pkg_path: "/tmp/lino-rust-script-checks/check-version-modification"
[2026-05-16T19:21:10Z INFO  rust_script] using_cache: false
[2026-05-16T19:21:10Z INFO  rust_script::manifest] part_mani: {"dependencies": Table({"regex": String("1")})}
[2026-05-16T19:21:10Z INFO  rust_script::manifest] source: None
[2026-05-16T19:21:10Z INFO  rust_script::manifest] manifest: [[bin]]
    name = "check-version-modification_dcc972b60dcd995b074dd0bb"
    path = "/tmp/gh-issue-solver-1778957708011/rust/scripts/check-version-modification.rs"

    [dependencies]
    regex = "1"

    [package]
    authors = ["Anonymous"]
    edition = "2021"
    name = "check-version-modification_dcc972b60dcd995b074dd0bb"
    version = "0.1.0"

    [profile.release]
    strip = true

[2026-05-16T19:21:10Z INFO  rust_script] action: InputAction { cargo_output: false, force_compile: false, execute: false, pkg_path: "/tmp/lino-rust-script-checks/check-version-modification", script_path: "/tmp/gh-issue-solver-1778957708011/rust/scripts/check-version-modification.rs", using_cache: false, toolchain_version: None, debug: false, manifest: "[[bin]]\nname = \"check-version-modification_dcc972b60dcd995b074dd0bb\"\npath = \"/tmp/gh-issue-solver-1778957708011/rust/scripts/check-version-modification.rs\"\n\n[dependencies]\nregex = \"1\"\n\n[package]\nauthors = [\"Anonymous\"]\nedition = \"2021\"\nname = \"check-version-modification_dcc972b60dcd995b074dd0bb\"\nversion = \"0.1.0\"\n\n[profile.release]\nstrip = true\n", script: None, build_kind: Normal, bin_name: "check-version-modification_dcc972b60dcd995b074dd0bb", original_script_path: Some("rust/scripts/check-version-modification.rs") }
[2026-05-16T19:21:10Z INFO  rust_script] creating pkg dir...
[2026-05-16T19:21:10Z INFO  rust_script] generating Cargo package...
[2026-05-16T19:21:10Z DEBUG rust_script] overwrite_file("/tmp/lino-rust-script-checks/check-version-modification/Cargo.toml", _)
[2026-05-16T19:21:10Z DEBUG rust_script] .. files differ
[2026-05-16T19:21:10Z INFO  rust_script] disarming pkg dir cleanup...
/tmp/lino-rust-script-checks/check-version-modification
[2026-05-16T19:21:10Z INFO  rust_script] cleaning cache with max_age: 604800000
[2026-05-16T19:21:10Z INFO  rust_script] cutoff:            1778354470819 ms
[2026-05-16T19:21:10Z INFO  rust_script] checking: "/home/box/.cache/rust-script/projects/3381028aa6bfa11e89a55930"
[2026-05-16T19:21:10Z INFO  rust_script] meta_mtime:        1778932194983 ms
[2026-05-16T19:21:10Z INFO  rust_script] checking: "/home/box/.cache/rust-script/projects/0e7f838c78399547fe25d26c"
[2026-05-16T19:21:10Z INFO  rust_script] meta_mtime:        1778958910519 ms
[2026-05-16T19:21:10Z INFO  rust_script] checking: "/home/box/.cache/rust-script/projects/3495c9231fcd9dee4c288a36"
[2026-05-16T19:21:10Z INFO  rust_script] meta_mtime:        1778890446261 ms
[2026-05-16T19:21:10Z INFO  rust_script] checking: "/home/box/.cache/rust-script/projects/7be9a58812e1033988a1978a"
[2026-05-16T19:21:10Z INFO  rust_script] meta_mtime:        1778942985023 ms
[2026-05-16T19:21:10Z INFO  rust_script] checking: "/home/box/.cache/rust-script/projects/21a026b3303cf5ee15913ff3"
[2026-05-16T19:21:10Z INFO  rust_script] meta_mtime:        1778958885990 ms
[2026-05-16T19:21:10Z INFO  rust_script] checking: "/home/box/.cache/rust-script/projects/d5807d669764a01fdbfb2369"
[2026-05-16T19:21:10Z INFO  rust_script] meta_mtime:        1778890713470 ms
[2026-05-16T19:21:10Z INFO  rust_script] checking: "/home/box/.cache/rust-script/projects/1a0b5e03d356ca58e2e5b984"
[2026-05-16T19:21:10Z INFO  rust_script] meta_mtime:        1778936327314 ms
[2026-05-16T19:21:10Z INFO  rust_script] checking: "/home/box/.cache/rust-script/projects/0022130de9dee961c3c2420d"
[2026-05-16T19:21:10Z INFO  rust_script] meta_mtime:        1778942651118 ms
[2026-05-16T19:21:10Z INFO  rust_script] checking: "/home/box/.cache/rust-script/projects/86344f5050ccef5bb6f0ff64"
[2026-05-16T19:21:10Z INFO  rust_script] meta_mtime:        1778958885953 ms
[2026-05-16T19:21:10Z INFO  rust_script] checking: "/home/box/.cache/rust-script/projects/4a657a73f0466a8fe7f387ca"
[2026-05-16T19:21:10Z INFO  rust_script] meta_mtime:        1778891460629 ms
[2026-05-16T19:21:10Z INFO  rust_script] checking: "/home/box/.cache/rust-script/projects/5352bdc8d1647b102660cabb"
[2026-05-16T19:21:10Z INFO  rust_script] meta_mtime:        1778936327358 ms
[2026-05-16T19:21:10Z INFO  rust_script] checking: "/home/box/.cache/rust-script/projects/9cf02d984b1e5977ddd8b2e8"
[2026-05-16T19:21:10Z INFO  rust_script] meta_mtime:        1778942978674 ms
[2026-05-16T19:21:10Z INFO  rust_script] checking: "/home/box/.cache/rust-script/projects/a378f87bc6dd9a102020cfdd"
[2026-05-16T19:21:10Z INFO  rust_script] meta_mtime:        1778932095031 ms
[2026-05-16T19:21:10Z INFO  rust_script] checking: "/home/box/.cache/rust-script/projects/bbd3fbe08d1a3c3131ec3625"
[2026-05-16T19:21:10Z INFO  rust_script] meta_mtime:        1778951430888 ms
[2026-05-16T19:21:10Z INFO  rust_script] checking: "/home/box/.cache/rust-script/projects/0a99fac48bf88d3f0779ad92"
[2026-05-16T19:21:10Z INFO  rust_script] meta_mtime:        1778890376568 ms
[2026-05-16T19:21:10Z INFO  rust_script] checking: "/home/box/.cache/rust-script/projects/4bd4fbcffec686fd427325d2"
[2026-05-16T19:21:10Z INFO  rust_script] meta_mtime:        1778942978711 ms
[2026-05-16T19:21:10Z INFO  rust_script] checking: "/home/box/.cache/rust-script/projects/9e209ed19f4b501a6943e3d6"
[2026-05-16T19:21:10Z INFO  rust_script] meta_mtime:        1778936242000 ms
[2026-05-16T19:21:10Z INFO  rust_script] checking: "/home/box/.cache/rust-script/projects/91255d195396fc7317b86e0b"
[2026-05-16T19:21:10Z INFO  rust_script] meta_mtime:        1778932226206 ms
[2026-05-16T19:21:10Z INFO  rust_script] checking: "/home/box/.cache/rust-script/projects/2b7cbff296015347bc8f44b2"
[2026-05-16T19:21:10Z INFO  rust_script] meta_mtime:        1778927877916 ms
[2026-05-16T19:21:10Z INFO  rust_script] done cleaning cache.
    Updating crates.io index
     Locking 5 packages to latest compatible versions
    Checking memchr v2.8.0
    Checking regex-syntax v0.8.10
    Checking aho-corasick v1.1.4
    Checking regex-automata v0.4.14
    Checking regex v1.12.3
    Checking check-version-modification_dcc972b60dcd995b074dd0bb v0.1.0 (/tmp/lino-rust-script-checks/check-version-modification)
    Finished `dev` profile [unoptimized + debuginfo] target(s) in 2.62s

== rust/scripts/collect-changelog.rs ==
[2026-05-16T19:21:13Z INFO  rust_script] Arguments: Args { script: Some("rust/scripts/collect-changelog.rs"), script_args: [], expr: false, loop_: false, count: false, base_path: None, pkg_path: Some("/tmp/lino-rust-script-checks/collect-changelog"), gen_pkg_only: true, cargo_output: false, clear_cache: false, debug: false, dep: [], extern_: [], force: false, unstable_features: [], build_kind: Normal, toolchain_version: None, wrapper: None }
[2026-05-16T19:21:13Z INFO  rust_script] input: File("collect-changelog", "/tmp/gh-issue-solver-1778957708011/rust/scripts/collect-changelog.rs", "#!/usr/bin/env rust-script\n//! Collect changelog fragments into CHANGELOG.md\n//!\n//! This script collects all .md files from changelog.d/ (except README.md)\n//! and prepends them to CHANGELOG.md, then removes the processed fragments.\n//!\n//! Supports both single-language and multi-language repository structures:\n//! - Single-language: Cargo.toml and changelog.d/ in repository root\n//! - Multi-language: Cargo.toml and changelog.d/ in rust/ subfolder\n//!\n//! Usage: rust-script scripts/collect-changelog.rs [--rust-root <path>]\n//!\n//! ```cargo\n//! [dependencies]\n//! regex = \"1\"\n//! chrono = \"0.4\"\n//! ```\n\nuse chrono::Utc;\nuse regex::Regex;\nuse std::env;\nuse std::fs;\nuse std::path::Path;\nuse std::process::exit;\n\nconst INSERT_MARKER: &str = \"<!-- changelog-insert-here -->\";\n\nfn get_arg(name: &str) -> Option<String> {\n    let args: Vec<String> = env::args().collect();\n    let flag = format!(\"--{}\", name);\n\n    if let Some(idx) = args.iter().position(|a| a == &flag) {\n        return args.get(idx + 1).cloned();\n    }\n\n    let env_name = name.to_uppercase().replace('-', \"_\");\n    env::var(&env_name).ok().filter(|s| !s.is_empty())\n}\n\nfn get_rust_root() -> String {\n    if let Some(root) = get_arg(\"rust-root\") {\n        eprintln!(\"Using explicitly configured Rust root: {}\", root);\n        return root;\n    }\n\n    if Path::new(\"./Cargo.toml\").exists() {\n        eprintln!(\"Detected single-language repository (Cargo.toml in root)\");\n        return \".\".to_string();\n    }\n\n    if Path::new(\"./rust/Cargo.toml\").exists() {\n        eprintln!(\"Detected multi-language repository (Cargo.toml in rust/)\");\n        return \"rust\".to_string();\n    }\n\n    eprintln!(\"Error: Could not find Cargo.toml in expected locations\");\n    exit(1);\n}\n\nfn get_cargo_toml_path(rust_root: &str) -> String {\n    if rust_root == \".\" {\n        \"./Cargo.toml\".to_string()\n    } else {\n        format!(\"{}/Cargo.toml\", rust_root)\n    }\n}\n\nfn get_changelog_dir(rust_root: &str) -> String {\n    if rust_root == \".\" {\n        \"./changelog.d\".to_string()\n    } else {\n        format!(\"{}/changelog.d\", rust_root)\n    }\n}\n\nfn get_changelog_path(rust_root: &str) -> String {\n    if rust_root == \".\" {\n        \"./CHANGELOG.md\".to_string()\n    } else {\n        format!(\"{}/CHANGELOG.md\", rust_root)\n    }\n}\n\nfn get_version_from_cargo(cargo_toml_path: &str) -> Result<String, String> {\n    let content = fs::read_to_string(cargo_toml_path)\n        .map_err(|e| format!(\"Failed to read {}: {}\", cargo_toml_path, e))?;\n\n    let re = Regex::new(r#\"(?m)^version\\s*=\\s*\"([^\"]+)\"\"#).unwrap();\n\n    if let Some(caps) = re.captures(&content) {\n        Ok(caps.get(1).unwrap().as_str().to_string())\n    } else {\n        Err(format!(\"Could not find version in {}\", cargo_toml_path))\n    }\n}\n\nfn strip_frontmatter(content: &str) -> String {\n    let re = Regex::new(r\"(?s)^---\\s*\\n.*?\\n---\\s*\\n(.*)$\").unwrap();\n    if let Some(caps) = re.captures(content) {\n        caps.get(1).unwrap().as_str().trim().to_string()\n    } else {\n        content.trim().to_string()\n    }\n}\n\nfn collect_fragments(changelog_dir: &str) -> String {\n    let dir_path = Path::new(changelog_dir);\n    if !dir_path.exists() {\n        return String::new();\n    }\n\n    let mut files: Vec<_> = match fs::read_dir(dir_path) {\n        Ok(entries) => entries\n            .filter_map(|e| e.ok())\n            .map(|e| e.path())\n            .filter(|p| {\n                p.extension().map_or(false, |ext| ext == \"md\")\n                    && p.file_name().map_or(false, |name| name != \"README.md\")\n            })\n            .collect(),\n        Err(_) => return String::new(),\n    };\n\n    files.sort();\n\n    let mut fragments = Vec::new();\n    for file in &files {\n        if let Ok(raw_content) = fs::read_to_string(file) {\n            let content = strip_frontmatter(&raw_content);\n            if !content.is_empty() {\n                fragments.push(content);\n            }\n        }\n    }\n\n    fragments.join(\"\\n\\n\")\n}\n\nfn update_changelog(changelog_file: &str, version: &str, fragments: &str) {\n    let date_str = Utc::now().format(\"%Y-%m-%d\").to_string();\n    let new_entry = format!(\"\\n## [{}] - {}\\n\\n{}\\n\", version, date_str, fragments);\n\n    if Path::new(changelog_file).exists() {\n        let mut content = fs::read_to_string(changelog_file).unwrap_or_default();\n\n        if content.contains(INSERT_MARKER) {\n            content = content.replace(INSERT_MARKER, &format!(\"{}{}\", INSERT_MARKER, new_entry));\n        } else {\n            // Insert after the first ## heading\n            let lines: Vec<&str> = content.lines().collect();\n            let mut insert_index = None;\n\n            for (i, line) in lines.iter().enumerate() {\n                if line.starts_with(\"## [\") {\n                    insert_index = Some(i);\n                    break;\n                }\n            }\n\n            if let Some(idx) = insert_index {\n                let mut new_lines: Vec<String> =\n                    lines[..idx].iter().map(|s| s.to_string()).collect();\n                new_lines.push(new_entry.clone());\n                new_lines.extend(lines[idx..].iter().map(|s| s.to_string()));\n                content = new_lines.join(\"\\n\");\n            } else {\n                // Append after the main heading\n                content.push_str(&new_entry);\n            }\n        }\n\n        fs::write(changelog_file, content).expect(\"Failed to write changelog\");\n    } else {\n        let content = format!(\n            \"# Changelog\\n\\n\\\n            All notable changes to this project will be documented in this file.\\n\\n\\\n            The format is based on [Keep a Changelog](https://keepachangelog.com/en/1.0.0/),\\n\\\n            and this project adheres to [Semantic Versioning](https://semver.org/spec/v2.0.0.html).\\n\\n\\\n            {}\\n{}\\n\",\n            INSERT_MARKER, new_entry\n        );\n        fs::write(changelog_file, content).expect(\"Failed to write changelog\");\n    }\n\n    println!(\"Updated CHANGELOG.md with version {}\", version);\n}\n\nfn remove_fragments(changelog_dir: &str) {\n    let dir_path = Path::new(changelog_dir);\n    if !dir_path.exists() {\n        return;\n    }\n\n    if let Ok(entries) = fs::read_dir(dir_path) {\n        for entry in entries.filter_map(|e| e.ok()) {\n            let path = entry.path();\n            if path.extension().map_or(false, |ext| ext == \"md\")\n                && path.file_name().map_or(false, |name| name != \"README.md\")\n            {\n                if fs::remove_file(&path).is_ok() {\n                    println!(\"Removed {}\", path.display());\n                }\n            }\n        }\n    }\n}\n\nfn main() {\n    let rust_root = get_rust_root();\n    let cargo_toml = get_cargo_toml_path(&rust_root);\n    let changelog_dir = get_changelog_dir(&rust_root);\n    let changelog_file = get_changelog_path(&rust_root);\n\n    let version = match get_version_from_cargo(&cargo_toml) {\n        Ok(v) => v,\n        Err(e) => {\n            eprintln!(\"Error: {}\", e);\n            exit(1);\n        }\n    };\n\n    println!(\"Collecting changelog fragments for version {}\", version);\n\n    let fragments = collect_fragments(&changelog_dir);\n\n    if fragments.is_empty() {\n        println!(\"No changelog fragments found\");\n        exit(0);\n    }\n\n    update_changelog(&changelog_file, &version, &fragments);\n    remove_fragments(&changelog_dir);\n\n    println!(\"Changelog collection complete\");\n}\n", "/tmp/gh-issue-solver-1778957708011/rust/scripts")
[2026-05-16T19:21:13Z INFO  rust_script] prelude_items: []
[2026-05-16T19:21:13Z INFO  rust_script] id: "a943fbad591b57c9d04f3273"
[2026-05-16T19:21:13Z INFO  rust_script] pkg_path: "/tmp/lino-rust-script-checks/collect-changelog"
[2026-05-16T19:21:13Z INFO  rust_script] using_cache: false
[2026-05-16T19:21:13Z INFO  rust_script::manifest] part_mani: {"dependencies": Table({"chrono": String("0.4"), "regex": String("1")})}
[2026-05-16T19:21:13Z INFO  rust_script::manifest] source: None
[2026-05-16T19:21:13Z INFO  rust_script::manifest] manifest: [[bin]]
    name = "collect-changelog_a943fbad591b57c9d04f3273"
    path = "/tmp/gh-issue-solver-1778957708011/rust/scripts/collect-changelog.rs"

    [dependencies]
    chrono = "0.4"
    regex = "1"

    [package]
    authors = ["Anonymous"]
    edition = "2021"
    name = "collect-changelog_a943fbad591b57c9d04f3273"
    version = "0.1.0"

    [profile.release]
    strip = true

[2026-05-16T19:21:13Z INFO  rust_script] action: InputAction { cargo_output: false, force_compile: false, execute: false, pkg_path: "/tmp/lino-rust-script-checks/collect-changelog", script_path: "/tmp/gh-issue-solver-1778957708011/rust/scripts/collect-changelog.rs", using_cache: false, toolchain_version: None, debug: false, manifest: "[[bin]]\nname = \"collect-changelog_a943fbad591b57c9d04f3273\"\npath = \"/tmp/gh-issue-solver-1778957708011/rust/scripts/collect-changelog.rs\"\n\n[dependencies]\nchrono = \"0.4\"\nregex = \"1\"\n\n[package]\nauthors = [\"Anonymous\"]\nedition = \"2021\"\nname = \"collect-changelog_a943fbad591b57c9d04f3273\"\nversion = \"0.1.0\"\n\n[profile.release]\nstrip = true\n", script: None, build_kind: Normal, bin_name: "collect-changelog_a943fbad591b57c9d04f3273", original_script_path: Some("rust/scripts/collect-changelog.rs") }
[2026-05-16T19:21:13Z INFO  rust_script] creating pkg dir...
[2026-05-16T19:21:13Z INFO  rust_script] generating Cargo package...
[2026-05-16T19:21:13Z DEBUG rust_script] overwrite_file("/tmp/lino-rust-script-checks/collect-changelog/Cargo.toml", _)
[2026-05-16T19:21:13Z DEBUG rust_script] .. files differ
[2026-05-16T19:21:13Z INFO  rust_script] disarming pkg dir cleanup...
/tmp/lino-rust-script-checks/collect-changelog
[2026-05-16T19:21:13Z INFO  rust_script] cleaning cache with max_age: 604800000
[2026-05-16T19:21:13Z INFO  rust_script] cutoff:            1778354473480 ms
[2026-05-16T19:21:13Z INFO  rust_script] checking: "/home/box/.cache/rust-script/projects/3381028aa6bfa11e89a55930"
[2026-05-16T19:21:13Z INFO  rust_script] meta_mtime:        1778932194983 ms
[2026-05-16T19:21:13Z INFO  rust_script] checking: "/home/box/.cache/rust-script/projects/0e7f838c78399547fe25d26c"
[2026-05-16T19:21:13Z INFO  rust_script] meta_mtime:        1778958910519 ms
[2026-05-16T19:21:13Z INFO  rust_script] checking: "/home/box/.cache/rust-script/projects/3495c9231fcd9dee4c288a36"
[2026-05-16T19:21:13Z INFO  rust_script] meta_mtime:        1778890446261 ms
[2026-05-16T19:21:13Z INFO  rust_script] checking: "/home/box/.cache/rust-script/projects/7be9a58812e1033988a1978a"
[2026-05-16T19:21:13Z INFO  rust_script] meta_mtime:        1778942985023 ms
[2026-05-16T19:21:13Z INFO  rust_script] checking: "/home/box/.cache/rust-script/projects/21a026b3303cf5ee15913ff3"
[2026-05-16T19:21:13Z INFO  rust_script] meta_mtime:        1778958885990 ms
[2026-05-16T19:21:13Z INFO  rust_script] checking: "/home/box/.cache/rust-script/projects/d5807d669764a01fdbfb2369"
[2026-05-16T19:21:13Z INFO  rust_script] meta_mtime:        1778890713470 ms
[2026-05-16T19:21:13Z INFO  rust_script] checking: "/home/box/.cache/rust-script/projects/1a0b5e03d356ca58e2e5b984"
[2026-05-16T19:21:13Z INFO  rust_script] meta_mtime:        1778936327314 ms
[2026-05-16T19:21:13Z INFO  rust_script] checking: "/home/box/.cache/rust-script/projects/0022130de9dee961c3c2420d"
[2026-05-16T19:21:13Z INFO  rust_script] meta_mtime:        1778942651118 ms
[2026-05-16T19:21:13Z INFO  rust_script] checking: "/home/box/.cache/rust-script/projects/86344f5050ccef5bb6f0ff64"
[2026-05-16T19:21:13Z INFO  rust_script] meta_mtime:        1778958885953 ms
[2026-05-16T19:21:13Z INFO  rust_script] checking: "/home/box/.cache/rust-script/projects/4a657a73f0466a8fe7f387ca"
[2026-05-16T19:21:13Z INFO  rust_script] meta_mtime:        1778891460629 ms
[2026-05-16T19:21:13Z INFO  rust_script] checking: "/home/box/.cache/rust-script/projects/5352bdc8d1647b102660cabb"
[2026-05-16T19:21:13Z INFO  rust_script] meta_mtime:        1778936327358 ms
[2026-05-16T19:21:13Z INFO  rust_script] checking: "/home/box/.cache/rust-script/projects/9cf02d984b1e5977ddd8b2e8"
[2026-05-16T19:21:13Z INFO  rust_script] meta_mtime:        1778942978674 ms
[2026-05-16T19:21:13Z INFO  rust_script] checking: "/home/box/.cache/rust-script/projects/a378f87bc6dd9a102020cfdd"
[2026-05-16T19:21:13Z INFO  rust_script] meta_mtime:        1778932095031 ms
[2026-05-16T19:21:13Z INFO  rust_script] checking: "/home/box/.cache/rust-script/projects/bbd3fbe08d1a3c3131ec3625"
[2026-05-16T19:21:13Z INFO  rust_script] meta_mtime:        1778951430888 ms
[2026-05-16T19:21:13Z INFO  rust_script] checking: "/home/box/.cache/rust-script/projects/0a99fac48bf88d3f0779ad92"
[2026-05-16T19:21:13Z INFO  rust_script] meta_mtime:        1778890376568 ms
[2026-05-16T19:21:13Z INFO  rust_script] checking: "/home/box/.cache/rust-script/projects/4bd4fbcffec686fd427325d2"
[2026-05-16T19:21:13Z INFO  rust_script] meta_mtime:        1778942978711 ms
[2026-05-16T19:21:13Z INFO  rust_script] checking: "/home/box/.cache/rust-script/projects/9e209ed19f4b501a6943e3d6"
[2026-05-16T19:21:13Z INFO  rust_script] meta_mtime:        1778936242000 ms
[2026-05-16T19:21:13Z INFO  rust_script] checking: "/home/box/.cache/rust-script/projects/91255d195396fc7317b86e0b"
[2026-05-16T19:21:13Z INFO  rust_script] meta_mtime:        1778932226206 ms
[2026-05-16T19:21:13Z INFO  rust_script] checking: "/home/box/.cache/rust-script/projects/2b7cbff296015347bc8f44b2"
[2026-05-16T19:21:13Z INFO  rust_script] meta_mtime:        1778927877916 ms
[2026-05-16T19:21:13Z INFO  rust_script] done cleaning cache.
    Updating crates.io index
     Locking 41 packages to latest compatible versions
   Compiling autocfg v1.5.0
    Checking memchr v2.8.0
    Checking regex-syntax v0.8.10
    Checking iana-time-zone v0.1.65
   Compiling num-traits v0.2.19
    Checking aho-corasick v1.1.4
    Checking chrono v0.4.44
    Checking regex-automata v0.4.14
    Checking regex v1.12.3
    Checking collect-changelog_a943fbad591b57c9d04f3273 v0.1.0 (/tmp/lino-rust-script-checks/collect-changelog)
    Finished `dev` profile [unoptimized + debuginfo] target(s) in 2.72s

== rust/scripts/create-changelog-fragment.rs ==
[2026-05-16T19:21:16Z INFO  rust_script] Arguments: Args { script: Some("rust/scripts/create-changelog-fragment.rs"), script_args: [], expr: false, loop_: false, count: false, base_path: None, pkg_path: Some("/tmp/lino-rust-script-checks/create-changelog-fragment"), gen_pkg_only: true, cargo_output: false, clear_cache: false, debug: false, dep: [], extern_: [], force: false, unstable_features: [], build_kind: Normal, toolchain_version: None, wrapper: None }
[2026-05-16T19:21:16Z INFO  rust_script] input: File("create-changelog-fragment", "/tmp/gh-issue-solver-1778957708011/rust/scripts/create-changelog-fragment.rs", "#!/usr/bin/env rust-script\n//! Create a changelog fragment for manual release PR\n//!\n//! This script creates a changelog fragment with the appropriate\n//! category based on the bump type.\n//!\n//! Usage: rust-script scripts/create-changelog-fragment.rs --bump-type <type> [--description <desc>]\n//!\n//! ```cargo\n//! [dependencies]\n//! chrono = \"0.4\"\n//! ```\n\nuse chrono::Utc;\nuse std::env;\nuse std::fs;\nuse std::path::Path;\nuse std::process::exit;\n\nfn get_arg(name: &str) -> Option<String> {\n    let args: Vec<String> = env::args().collect();\n    let flag = format!(\"--{}\", name);\n\n    if let Some(idx) = args.iter().position(|a| a == &flag) {\n        return args.get(idx + 1).cloned();\n    }\n\n    let env_name = name.to_uppercase().replace('-', \"_\");\n    env::var(&env_name).ok().filter(|s| !s.is_empty())\n}\n\nfn get_rust_root() -> String {\n    if let Some(root) = get_arg(\"rust-root\") {\n        return root;\n    }\n\n    if let Ok(root) = env::var(\"RUST_ROOT\") {\n        if !root.is_empty() {\n            return root;\n        }\n    }\n\n    if Path::new(\"./Cargo.toml\").exists() {\n        return \".\".to_string();\n    }\n\n    if Path::new(\"./rust/Cargo.toml\").exists() {\n        return \"rust\".to_string();\n    }\n\n    \".\".to_string()\n}\n\nfn get_changelog_dir(rust_root: &str) -> String {\n    if rust_root == \".\" {\n        \"changelog.d\".to_string()\n    } else {\n        format!(\"{}/changelog.d\", rust_root)\n    }\n}\n\nfn get_category(bump_type: &str) -> &'static str {\n    match bump_type {\n        \"major\" => \"### Breaking Changes\",\n        \"minor\" => \"### Added\",\n        \"patch\" => \"### Fixed\",\n        _ => \"### Changed\",\n    }\n}\n\nfn generate_timestamp() -> String {\n    Utc::now().format(\"%Y%m%d%H%M%S\").to_string()\n}\n\nfn main() {\n    let bump_type = get_arg(\"bump-type\").unwrap_or_else(|| \"patch\".to_string());\n    let description = get_arg(\"description\");\n\n    // Validate bump type\n    if ![\"major\", \"minor\", \"patch\"].contains(&bump_type.as_str()) {\n        eprintln!(\n            \"Invalid bump type: {}. Must be major, minor, or patch.\",\n            bump_type\n        );\n        exit(1);\n    }\n\n    let rust_root = get_rust_root();\n    let changelog_dir = get_changelog_dir(&rust_root);\n    let timestamp = generate_timestamp();\n    let fragment_file = format!(\"{}/{}-manual-{}.md\", changelog_dir, timestamp, bump_type);\n\n    // Determine changelog category based on bump type\n    let category = get_category(&bump_type);\n\n    // Create changelog fragment with frontmatter\n    let description_text = description.unwrap_or_else(|| format!(\"Manual {} release\", bump_type));\n    let fragment_content = format!(\n        \"---\\nbump: {}\\n---\\n\\n{}\\n\\n- {}\\n\",\n        bump_type, category, description_text\n    );\n\n    // Ensure changelog directory exists\n    let dir_path = Path::new(&changelog_dir);\n    if !dir_path.exists() {\n        if let Err(e) = fs::create_dir_all(dir_path) {\n            eprintln!(\"Error creating directory {}: {}\", changelog_dir, e);\n            exit(1);\n        }\n    }\n\n    // Write the fragment file\n    if let Err(e) = fs::write(&fragment_file, &fragment_content) {\n        eprintln!(\"Error writing fragment file: {}\", e);\n        exit(1);\n    }\n\n    println!(\"Created changelog fragment: {}\", fragment_file);\n    println!();\n    println!(\"Content:\");\n    println!(\"{}\", fragment_content);\n}\n", "/tmp/gh-issue-solver-1778957708011/rust/scripts")
[2026-05-16T19:21:16Z INFO  rust_script] prelude_items: []
[2026-05-16T19:21:16Z INFO  rust_script] id: "662e3210cbce96cb473543de"
[2026-05-16T19:21:16Z INFO  rust_script] pkg_path: "/tmp/lino-rust-script-checks/create-changelog-fragment"
[2026-05-16T19:21:16Z INFO  rust_script] using_cache: false
[2026-05-16T19:21:16Z INFO  rust_script::manifest] part_mani: {"dependencies": Table({"chrono": String("0.4")})}
[2026-05-16T19:21:16Z INFO  rust_script::manifest] source: None
[2026-05-16T19:21:16Z INFO  rust_script::manifest] manifest: [[bin]]
    name = "create-changelog-fragment_662e3210cbce96cb473543de"
    path = "/tmp/gh-issue-solver-1778957708011/rust/scripts/create-changelog-fragment.rs"

    [dependencies]
    chrono = "0.4"

    [package]
    authors = ["Anonymous"]
    edition = "2021"
    name = "create-changelog-fragment_662e3210cbce96cb473543de"
    version = "0.1.0"

    [profile.release]
    strip = true

[2026-05-16T19:21:16Z INFO  rust_script] action: InputAction { cargo_output: false, force_compile: false, execute: false, pkg_path: "/tmp/lino-rust-script-checks/create-changelog-fragment", script_path: "/tmp/gh-issue-solver-1778957708011/rust/scripts/create-changelog-fragment.rs", using_cache: false, toolchain_version: None, debug: false, manifest: "[[bin]]\nname = \"create-changelog-fragment_662e3210cbce96cb473543de\"\npath = \"/tmp/gh-issue-solver-1778957708011/rust/scripts/create-changelog-fragment.rs\"\n\n[dependencies]\nchrono = \"0.4\"\n\n[package]\nauthors = [\"Anonymous\"]\nedition = \"2021\"\nname = \"create-changelog-fragment_662e3210cbce96cb473543de\"\nversion = \"0.1.0\"\n\n[profile.release]\nstrip = true\n", script: None, build_kind: Normal, bin_name: "create-changelog-fragment_662e3210cbce96cb473543de", original_script_path: Some("rust/scripts/create-changelog-fragment.rs") }
[2026-05-16T19:21:16Z INFO  rust_script] creating pkg dir...
[2026-05-16T19:21:16Z INFO  rust_script] generating Cargo package...
[2026-05-16T19:21:16Z DEBUG rust_script] overwrite_file("/tmp/lino-rust-script-checks/create-changelog-fragment/Cargo.toml", _)
[2026-05-16T19:21:16Z DEBUG rust_script] .. files differ
[2026-05-16T19:21:16Z INFO  rust_script] disarming pkg dir cleanup...
/tmp/lino-rust-script-checks/create-changelog-fragment
[2026-05-16T19:21:16Z INFO  rust_script] cleaning cache with max_age: 604800000
[2026-05-16T19:21:16Z INFO  rust_script] cutoff:            1778354476242 ms
[2026-05-16T19:21:16Z INFO  rust_script] checking: "/home/box/.cache/rust-script/projects/3381028aa6bfa11e89a55930"
[2026-05-16T19:21:16Z INFO  rust_script] meta_mtime:        1778932194983 ms
[2026-05-16T19:21:16Z INFO  rust_script] checking: "/home/box/.cache/rust-script/projects/0e7f838c78399547fe25d26c"
[2026-05-16T19:21:16Z INFO  rust_script] meta_mtime:        1778958910519 ms
[2026-05-16T19:21:16Z INFO  rust_script] checking: "/home/box/.cache/rust-script/projects/3495c9231fcd9dee4c288a36"
[2026-05-16T19:21:16Z INFO  rust_script] meta_mtime:        1778890446261 ms
[2026-05-16T19:21:16Z INFO  rust_script] checking: "/home/box/.cache/rust-script/projects/7be9a58812e1033988a1978a"
[2026-05-16T19:21:16Z INFO  rust_script] meta_mtime:        1778942985023 ms
[2026-05-16T19:21:16Z INFO  rust_script] checking: "/home/box/.cache/rust-script/projects/21a026b3303cf5ee15913ff3"
[2026-05-16T19:21:16Z INFO  rust_script] meta_mtime:        1778958885990 ms
[2026-05-16T19:21:16Z INFO  rust_script] checking: "/home/box/.cache/rust-script/projects/d5807d669764a01fdbfb2369"
[2026-05-16T19:21:16Z INFO  rust_script] meta_mtime:        1778890713470 ms
[2026-05-16T19:21:16Z INFO  rust_script] checking: "/home/box/.cache/rust-script/projects/1a0b5e03d356ca58e2e5b984"
[2026-05-16T19:21:16Z INFO  rust_script] meta_mtime:        1778936327314 ms
[2026-05-16T19:21:16Z INFO  rust_script] checking: "/home/box/.cache/rust-script/projects/0022130de9dee961c3c2420d"
[2026-05-16T19:21:16Z INFO  rust_script] meta_mtime:        1778942651118 ms
[2026-05-16T19:21:16Z INFO  rust_script] checking: "/home/box/.cache/rust-script/projects/86344f5050ccef5bb6f0ff64"
[2026-05-16T19:21:16Z INFO  rust_script] meta_mtime:        1778958885953 ms
[2026-05-16T19:21:16Z INFO  rust_script] checking: "/home/box/.cache/rust-script/projects/4a657a73f0466a8fe7f387ca"
[2026-05-16T19:21:16Z INFO  rust_script] meta_mtime:        1778891460629 ms
[2026-05-16T19:21:16Z INFO  rust_script] checking: "/home/box/.cache/rust-script/projects/5352bdc8d1647b102660cabb"
[2026-05-16T19:21:16Z INFO  rust_script] meta_mtime:        1778936327358 ms
[2026-05-16T19:21:16Z INFO  rust_script] checking: "/home/box/.cache/rust-script/projects/9cf02d984b1e5977ddd8b2e8"
[2026-05-16T19:21:16Z INFO  rust_script] meta_mtime:        1778942978674 ms
[2026-05-16T19:21:16Z INFO  rust_script] checking: "/home/box/.cache/rust-script/projects/a378f87bc6dd9a102020cfdd"
[2026-05-16T19:21:16Z INFO  rust_script] meta_mtime:        1778932095031 ms
[2026-05-16T19:21:16Z INFO  rust_script] checking: "/home/box/.cache/rust-script/projects/bbd3fbe08d1a3c3131ec3625"
[2026-05-16T19:21:16Z INFO  rust_script] meta_mtime:        1778951430888 ms
[2026-05-16T19:21:16Z INFO  rust_script] checking: "/home/box/.cache/rust-script/projects/0a99fac48bf88d3f0779ad92"
[2026-05-16T19:21:16Z INFO  rust_script] meta_mtime:        1778890376568 ms
[2026-05-16T19:21:16Z INFO  rust_script] checking: "/home/box/.cache/rust-script/projects/4bd4fbcffec686fd427325d2"
[2026-05-16T19:21:16Z INFO  rust_script] meta_mtime:        1778942978711 ms
[2026-05-16T19:21:16Z INFO  rust_script] checking: "/home/box/.cache/rust-script/projects/9e209ed19f4b501a6943e3d6"
[2026-05-16T19:21:16Z INFO  rust_script] meta_mtime:        1778936242000 ms
[2026-05-16T19:21:16Z INFO  rust_script] checking: "/home/box/.cache/rust-script/projects/91255d195396fc7317b86e0b"
[2026-05-16T19:21:16Z INFO  rust_script] meta_mtime:        1778932226206 ms
[2026-05-16T19:21:16Z INFO  rust_script] checking: "/home/box/.cache/rust-script/projects/2b7cbff296015347bc8f44b2"
[2026-05-16T19:21:16Z INFO  rust_script] meta_mtime:        1778927877916 ms
[2026-05-16T19:21:16Z INFO  rust_script] done cleaning cache.
    Updating crates.io index
     Locking 36 packages to latest compatible versions
   Compiling autocfg v1.5.0
    Checking iana-time-zone v0.1.65
   Compiling num-traits v0.2.19
    Checking chrono v0.4.44
    Checking create-changelog-fragment_662e3210cbce96cb473543de v0.1.0 (/tmp/lino-rust-script-checks/create-changelog-fragment)
    Finished `dev` profile [unoptimized + debuginfo] target(s) in 1.58s

== rust/scripts/create-github-release.rs ==
[2026-05-16T19:21:17Z INFO  rust_script] Arguments: Args { script: Some("rust/scripts/create-github-release.rs"), script_args: [], expr: false, loop_: false, count: false, base_path: None, pkg_path: Some("/tmp/lino-rust-script-checks/create-github-release"), gen_pkg_only: true, cargo_output: false, clear_cache: false, debug: false, dep: [], extern_: [], force: false, unstable_features: [], build_kind: Normal, toolchain_version: None, wrapper: None }
[2026-05-16T19:21:17Z INFO  rust_script] input: File("create-github-release", "/tmp/gh-issue-solver-1778957708011/rust/scripts/create-github-release.rs", "#!/usr/bin/env rust-script\n//! Create GitHub Release from CHANGELOG.md\n//!\n//! Automatically includes crates.io and docs.rs badges in release notes\n//! when the crate name can be detected from Cargo.toml.\n//!\n//! Usage: rust-script scripts/create-github-release.rs --release-version <version> --repository <repository> [--tag-prefix <prefix>] [--language <name>] [--release-label <label>] [--docker-hub-url <url>]\n//!\n//! ```cargo\n//! [dependencies]\n//! regex = \"1\"\n//! serde = { version = \"1\", features = [\"derive\"] }\n//! serde_json = \"1\"\n//! ```\n\nuse regex::Regex;\n#[cfg(not(test))]\nuse serde::Serialize;\n#[cfg(not(test))]\nuse std::env;\n#[cfg(not(test))]\nuse std::fs;\n#[cfg(not(test))]\nuse std::io::Write;\n#[cfg(not(test))]\nuse std::path::Path;\n#[cfg(not(test))]\nuse std::process::{exit, Command, Stdio};\n\n#[cfg(not(test))]\nconst USAGE: &str = \"Usage: rust-script scripts/create-github-release.rs --release-version <version> --repository <repository> [--tag-prefix <prefix>] [--language <name>] [--release-label <label>] [--docker-hub-url <url>]\";\n\n#[cfg(not(test))]\n#[path = \"rust-paths.rs\"]\nmod rust_paths;\n\n#[cfg(not(test))]\nfn get_rust_root() -> String {\n    if let Some(root) = get_arg(\"rust-root\") {\n        return root;\n    }\n\n    if Path::new(\"./Cargo.toml\").exists() {\n        return \".\".to_string();\n    }\n\n    if Path::new(\"./rust/Cargo.toml\").exists() {\n        return \"rust\".to_string();\n    }\n\n    \".\".to_string()\n}\n\n#[cfg(not(test))]\nfn get_cargo_toml_path(rust_root: &str) -> String {\n    if rust_root == \".\" {\n        \"./Cargo.toml\".to_string()\n    } else {\n        format!(\"{rust_root}/Cargo.toml\")\n    }\n}\n\n#[cfg(not(test))]\nfn get_crate_names(cargo_toml_path: &str) -> Vec<String> {\n    let Ok(manifests) = rust_paths::get_publishable_member_manifests(Path::new(cargo_toml_path))\n    else {\n        return Vec::new();\n    };\n\n    manifests\n        .iter()\n        .filter_map(|manifest| rust_paths::read_package_info(manifest).ok())\n        .map(|info| info.name)\n        .collect()\n}\n\n#[cfg(not(test))]\nfn get_arg(name: &str) -> Option<String> {\n    let args: Vec<String> = env::args().collect();\n    let flag = format!(\"--{name}\");\n\n    if let Some(idx) = args.iter().position(|arg| arg == &flag) {\n        return args.get(idx + 1).cloned();\n    }\n\n    let env_name = name.to_uppercase().replace('-', \"_\");\n    env::var(&env_name).ok().filter(|value| !value.is_empty())\n}\n\nfn normalize_release_version(release_version: &str) -> String {\n    let trimmed = release_version.trim();\n    let semver_re =\n        Regex::new(r\"(?i)(?:^|[-_])v?(\\d+\\.\\d+\\.\\d+(?:-[0-9A-Za-z.-]+)?(?:\\+[0-9A-Za-z.-]+)?)$\")\n            .expect(\"release version regex should compile\");\n\n    semver_re.captures(trimmed).map_or_else(\n        || {\n            trimmed\n                .strip_prefix('v')\n                .or_else(|| trimmed.strip_prefix('V'))\n                .unwrap_or(trimmed)\n                .to_string()\n        },\n        |captures| {\n            captures\n                .get(1)\n                .expect(\"release version regex should capture the semver\")\n                .as_str()\n                .to_string()\n        },\n    )\n}\n\nfn build_release_tag(tag_prefix: &str, release_version: &str) -> String {\n    let normalized_semver = normalize_release_version(release_version);\n    format!(\"{tag_prefix}{normalized_semver}\")\n}\n\nfn build_release_name(\n    language: &str,\n    release_version: &str,\n    release_label: Option<&str>,\n) -> String {\n    let trimmed_language = language.trim();\n    let language = if trimmed_language.is_empty() {\n        \"Rust\"\n    } else {\n        trimmed_language\n    };\n    let normalized_semver = normalize_release_version(release_version);\n    let name = format!(\"[{language}] {normalized_semver}\");\n\n    match release_label\n        .map(str::trim)\n        .filter(|label| !label.is_empty())\n    {\n        Some(label) => format!(\"{name} ({label})\"),\n        None => name,\n    }\n}\n\nfn badge_escape(value: &str) -> String {\n    value\n        .replace('-', \"--\")\n        .replace('_', \"__\")\n        .replace(' ', \"%20\")\n        .replace('/', \"%2F\")\n        .replace(':', \"%3A\")\n        .replace('+', \"%2B\")\n}\n\nfn docker_hub_tag_query(version: &str) -> String {\n    version.replace('+', \"%2B\")\n}\n\nfn docker_hub_badge(url: &str, version: &str) -> String {\n    let trimmed_url = url.trim_end_matches('/');\n    let image = trimmed_url\n        .strip_prefix(\"https://hub.docker.com/r/\")\n        .unwrap_or(trimmed_url);\n    let image_tag = format!(\"{image}:{version}\");\n    let tag_url = format!(\n        \"{}/tags?name={}\",\n        trimmed_url,\n        docker_hub_tag_query(version)\n    );\n\n    format!(\n        \"[![Docker Hub](https://img.shields.io/badge/docker-{}-2496ED?logo=docker)]({})\",\n        badge_escape(&image_tag),\n        tag_url\n    )\n}\n\n#[cfg(not(test))]\nfn get_changelog_for_version(version: &str, rust_root: &str) -> String {\n    let changelog_path = if rust_root == \".\" {\n        \"CHANGELOG.md\".to_string()\n    } else {\n        format!(\"{rust_root}/CHANGELOG.md\")\n    };\n\n    if !Path::new(&changelog_path).exists() {\n        return format!(\"Release v{version}\");\n    }\n\n    let content = match fs::read_to_string(changelog_path) {\n        Ok(content) => content,\n        Err(_) => return format!(\"Release v{version}\"),\n    };\n\n    let escaped_version = regex::escape(version);\n    let header_pattern = format!(r\"(?m)^## \\[{escaped_version}\\]\");\n    let header_re = Regex::new(&header_pattern).unwrap();\n\n    if let Some(version_header) = header_re.find(&content) {\n        let after_header = &content[version_header.end()..];\n        let body_start = after_header\n            .find('\\n')\n            .map_or(after_header.len(), |i| i + 1);\n        let body = &after_header[body_start..];\n\n        let next_section_re = Regex::new(r\"(?m)^## \\[\").unwrap();\n        let section_body = if let Some(next) = next_section_re.find(body) {\n            &body[..next.start()]\n        } else {\n            body\n        };\n\n        let trimmed = section_body.trim();\n        if trimmed.is_empty() {\n            format!(\"Release v{version}\")\n        } else {\n            trimmed.to_string()\n        }\n    } else {\n        format!(\"Release v{version}\")\n    }\n}\n\n#[cfg_attr(not(test), derive(Serialize))]\n#[derive(Debug, PartialEq, Eq)]\nstruct ReleasePayload {\n    tag_name: String,\n    name: String,\n    body: String,\n}\n\nfn build_release_payload(\n    tag_prefix: &str,\n    release_version: &str,\n    language: &str,\n    release_label: Option<&str>,\n    body: String,\n) -> ReleasePayload {\n    ReleasePayload {\n        tag_name: build_release_tag(tag_prefix, release_version),\n        name: build_release_name(language, release_version, release_label),\n        body,\n    }\n}\n\n#[cfg(not(test))]\nfn main() {\n    let version = match get_arg(\"release-version\") {\n        Some(version) => version,\n        None => {\n            eprintln!(\"Error: Missing required argument --release-version\");\n            eprintln!(\"{USAGE}\");\n            exit(1);\n        }\n    };\n\n    let repository = match get_arg(\"repository\") {\n        Some(repository) => repository,\n        None => {\n            eprintln!(\"Error: Missing required argument --repository\");\n            eprintln!(\"{USAGE}\");\n            exit(1);\n        }\n    };\n\n    let tag_prefix = get_arg(\"tag-prefix\").unwrap_or_else(|| \"v\".to_string());\n    let language = get_arg(\"language\").unwrap_or_else(|| \"Rust\".to_string());\n    let release_label = get_arg(\"release-label\");\n    let crates_io_url = get_arg(\"crates-io-url\");\n    let docker_hub_url = get_arg(\"docker-hub-url\");\n    let normalized_version = normalize_release_version(&version);\n\n    let rust_root = get_rust_root();\n    let cargo_toml = get_cargo_toml_path(&rust_root);\n    let crate_names = get_crate_names(&cargo_toml);\n\n    if crate_names\n        .iter()\n        .any(|crate_name| crate_name == \"example-sum-package-name\")\n    {\n        println!(\n            \"Skipping GitHub release: package name is the template default 'example-sum-package-name'\"\n        );\n        println!(\"Rename the package in Cargo.toml before creating releases\");\n        return;\n    }\n\n    let mut release_notes = get_changelog_for_version(&normalized_version, &rust_root);\n    let mut badges = Vec::new();\n    for crate_name in crate_names {\n        let crate_badges = format!(\n            \"[![Crates.io](https://img.shields.io/crates/v/{crate_name}?label=crates.io)](https://crates.io/crates/{crate_name}/{normalized_version}) [![Docs.rs](https://docs.rs/{crate_name}/badge.svg)](https://docs.rs/{crate_name}/{normalized_version})\"\n        );\n        badges.push(crate_badges);\n    }\n    if let Some(url) = docker_hub_url {\n        badges.push(docker_hub_badge(&url, &normalized_version));\n    }\n    if !badges.is_empty() {\n        release_notes = format!(\"{}\\n\\n{release_notes}\", badges.join(\" \"));\n    }\n\n    if let Some(url) = crates_io_url {\n        release_notes = format!(\"{url}\\n\\n{release_notes}\");\n    }\n\n    let payload = build_release_payload(\n        &tag_prefix,\n        &normalized_version,\n        &language,\n        release_label.as_deref(),\n        release_notes,\n    );\n    let tag = payload.tag_name.clone();\n    println!(\"Creating GitHub release for {} ({})...\", tag, payload.name);\n\n    let payload_json = serde_json::to_string(&payload).expect(\"Failed to serialize payload\");\n\n    let mut child = Command::new(\"gh\")\n        .args([\n            \"api\",\n            &format!(\"repos/{repository}/releases\"),\n            \"-X\",\n            \"POST\",\n            \"--input\",\n            \"-\",\n        ])\n        .stdin(Stdio::piped())\n        .stdout(Stdio::piped())\n        .stderr(Stdio::piped())\n        .spawn()\n        .expect(\"Failed to execute gh command\");\n\n    if let Some(ref mut stdin) = child.stdin {\n        stdin\n            .write_all(payload_json.as_bytes())\n            .expect(\"Failed to write to stdin\");\n    }\n\n    let output = child\n        .wait_with_output()\n        .expect(\"Failed to wait on gh command\");\n\n    if output.status.success() {\n        println!(\"Created GitHub release: {tag}\");\n    } else {\n        let stderr = String::from_utf8_lossy(&output.stderr);\n        let stdout = String::from_utf8_lossy(&output.stdout);\n        let combined = format!(\"{stderr}{stdout}\");\n        if combined.contains(\"already exists\")\n            || combined.contains(\"already_exists\")\n            || combined.contains(\"Validation Failed\")\n        {\n            println!(\"Release {tag} already exists, skipping\");\n        } else {\n            eprintln!(\"Error creating release: {stderr}\");\n            exit(1);\n        }\n    }\n}\n\n#[cfg(test)]\nmod tests {\n    use super::*;\n\n    #[test]\n    fn release_title_uses_language_and_bare_semver() {\n        assert_eq!(\n            build_release_name(\"Rust\", \"rust-v0.2.1\", None),\n            \"[Rust] 0.2.1\"\n        );\n        assert_eq!(\n            build_release_name(\"JavaScript\", \"js_v1.2.3\", None),\n            \"[JavaScript] 1.2.3\"\n        );\n    }\n\n    #[test]\n    fn release_title_defaults_empty_language_to_rust() {\n        assert_eq!(build_release_name(\" \", \"0.2.1\", None), \"[Rust] 0.2.1\");\n    }\n\n    #[test]\n    fn release_label_remains_optional_suffix() {\n        assert_eq!(\n            build_release_name(\"Rust\", \"0.2.1\", Some(\"stable\")),\n            \"[Rust] 0.2.1 (stable)\"\n        );\n        assert_eq!(\n            build_release_name(\"Rust\", \"0.2.1\", Some(\" \")),\n            \"[Rust] 0.2.1\"\n        );\n    }\n\n    #[test]\n    fn release_tag_uses_prefix_with_normalized_semver() {\n        assert_eq!(build_release_tag(\"rust-v\", \"0.2.1\"), \"rust-v0.2.1\");\n        assert_eq!(build_release_tag(\"rust_v\", \"rust-v0.2.1\"), \"rust_v0.2.1\");\n        assert_eq!(build_release_tag(\"v\", \"v0.2.1\"), \"v0.2.1\");\n    }\n\n    #[test]\n    fn release_payload_keeps_tag_prefix_out_of_release_name() {\n        let payload =\n            build_release_payload(\"rust-v\", \"0.2.1\", \"Rust\", None, \"release notes\".to_string());\n\n        assert_eq!(\n            payload,\n            ReleasePayload {\n                tag_name: \"rust-v0.2.1\".to_string(),\n                name: \"[Rust] 0.2.1\".to_string(),\n                body: \"release notes\".to_string(),\n            }\n        );\n    }\n\n    #[test]\n    fn docker_hub_badge_links_to_exact_tag() {\n        let badge = docker_hub_badge(\"https://hub.docker.com/r/example/project\", \"1.2.3\");\n\n        assert!(badge.contains(\"docker-example%2Fproject%3A1.2.3\"));\n        assert!(badge.contains(\"https://hub.docker.com/r/example/project/tags?name=1.2.3\"));\n    }\n\n    #[test]\n    fn docker_hub_badge_escapes_build_metadata() {\n        let badge = docker_hub_badge(\"https://hub.docker.com/r/example/project\", \"1.2.3+build.4\");\n\n        assert!(badge.contains(\"1.2.3%2Bbuild.4\"));\n        assert!(badge.contains(\"tags?name=1.2.3%2Bbuild.4\"));\n    }\n}\n", "/tmp/gh-issue-solver-1778957708011/rust/scripts")
[2026-05-16T19:21:17Z INFO  rust_script] prelude_items: []
[2026-05-16T19:21:17Z INFO  rust_script] id: "e48e9ddea69f8da489a4d814"
[2026-05-16T19:21:17Z INFO  rust_script] pkg_path: "/tmp/lino-rust-script-checks/create-github-release"
[2026-05-16T19:21:17Z INFO  rust_script] using_cache: false
[2026-05-16T19:21:17Z INFO  rust_script::manifest] part_mani: {"dependencies": Table({"regex": String("1"), "serde": Table({"features": Array([String("derive")]), "version": String("1")}), "serde_json": String("1")})}
[2026-05-16T19:21:17Z INFO  rust_script::manifest] source: None
[2026-05-16T19:21:17Z INFO  rust_script::manifest] manifest: [[bin]]
    name = "create-github-release_e48e9ddea69f8da489a4d814"
    path = "/tmp/gh-issue-solver-1778957708011/rust/scripts/create-github-release.rs"

    [dependencies]
    regex = "1"
    serde_json = "1"

    [dependencies.serde]
    features = ["derive"]
    version = "1"

    [package]
    authors = ["Anonymous"]
    edition = "2021"
    name = "create-github-release_e48e9ddea69f8da489a4d814"
    version = "0.1.0"

    [profile.release]
    strip = true

[2026-05-16T19:21:17Z INFO  rust_script] action: InputAction { cargo_output: false, force_compile: false, execute: false, pkg_path: "/tmp/lino-rust-script-checks/create-github-release", script_path: "/tmp/gh-issue-solver-1778957708011/rust/scripts/create-github-release.rs", using_cache: false, toolchain_version: None, debug: false, manifest: "[[bin]]\nname = \"create-github-release_e48e9ddea69f8da489a4d814\"\npath = \"/tmp/gh-issue-solver-1778957708011/rust/scripts/create-github-release.rs\"\n\n[dependencies]\nregex = \"1\"\nserde_json = \"1\"\n\n[dependencies.serde]\nfeatures = [\"derive\"]\nversion = \"1\"\n\n[package]\nauthors = [\"Anonymous\"]\nedition = \"2021\"\nname = \"create-github-release_e48e9ddea69f8da489a4d814\"\nversion = \"0.1.0\"\n\n[profile.release]\nstrip = true\n", script: None, build_kind: Normal, bin_name: "create-github-release_e48e9ddea69f8da489a4d814", original_script_path: Some("rust/scripts/create-github-release.rs") }
[2026-05-16T19:21:17Z INFO  rust_script] creating pkg dir...
[2026-05-16T19:21:17Z INFO  rust_script] generating Cargo package...
[2026-05-16T19:21:17Z DEBUG rust_script] overwrite_file("/tmp/lino-rust-script-checks/create-github-release/Cargo.toml", _)
[2026-05-16T19:21:17Z DEBUG rust_script] .. files differ
[2026-05-16T19:21:17Z INFO  rust_script] disarming pkg dir cleanup...
/tmp/lino-rust-script-checks/create-github-release
[2026-05-16T19:21:17Z INFO  rust_script] cleaning cache with max_age: 604800000
[2026-05-16T19:21:17Z INFO  rust_script] cutoff:            1778354477892 ms
[2026-05-16T19:21:17Z INFO  rust_script] checking: "/home/box/.cache/rust-script/projects/3381028aa6bfa11e89a55930"
[2026-05-16T19:21:17Z INFO  rust_script] meta_mtime:        1778932194983 ms
[2026-05-16T19:21:17Z INFO  rust_script] checking: "/home/box/.cache/rust-script/projects/0e7f838c78399547fe25d26c"
[2026-05-16T19:21:17Z INFO  rust_script] meta_mtime:        1778958910519 ms
[2026-05-16T19:21:17Z INFO  rust_script] checking: "/home/box/.cache/rust-script/projects/3495c9231fcd9dee4c288a36"
[2026-05-16T19:21:17Z INFO  rust_script] meta_mtime:        1778890446261 ms
[2026-05-16T19:21:17Z INFO  rust_script] checking: "/home/box/.cache/rust-script/projects/7be9a58812e1033988a1978a"
[2026-05-16T19:21:17Z INFO  rust_script] meta_mtime:        1778942985023 ms
[2026-05-16T19:21:17Z INFO  rust_script] checking: "/home/box/.cache/rust-script/projects/21a026b3303cf5ee15913ff3"
[2026-05-16T19:21:17Z INFO  rust_script] meta_mtime:        1778958885990 ms
[2026-05-16T19:21:17Z INFO  rust_script] checking: "/home/box/.cache/rust-script/projects/d5807d669764a01fdbfb2369"
[2026-05-16T19:21:17Z INFO  rust_script] meta_mtime:        1778890713470 ms
[2026-05-16T19:21:17Z INFO  rust_script] checking: "/home/box/.cache/rust-script/projects/1a0b5e03d356ca58e2e5b984"
[2026-05-16T19:21:17Z INFO  rust_script] meta_mtime:        1778936327314 ms
[2026-05-16T19:21:17Z INFO  rust_script] checking: "/home/box/.cache/rust-script/projects/0022130de9dee961c3c2420d"
[2026-05-16T19:21:17Z INFO  rust_script] meta_mtime:        1778942651118 ms
[2026-05-16T19:21:17Z INFO  rust_script] checking: "/home/box/.cache/rust-script/projects/86344f5050ccef5bb6f0ff64"
[2026-05-16T19:21:17Z INFO  rust_script] meta_mtime:        1778958885953 ms
[2026-05-16T19:21:17Z INFO  rust_script] checking: "/home/box/.cache/rust-script/projects/4a657a73f0466a8fe7f387ca"
[2026-05-16T19:21:17Z INFO  rust_script] meta_mtime:        1778891460629 ms
[2026-05-16T19:21:17Z INFO  rust_script] checking: "/home/box/.cache/rust-script/projects/5352bdc8d1647b102660cabb"
[2026-05-16T19:21:17Z INFO  rust_script] meta_mtime:        1778936327358 ms
[2026-05-16T19:21:17Z INFO  rust_script] checking: "/home/box/.cache/rust-script/projects/9cf02d984b1e5977ddd8b2e8"
[2026-05-16T19:21:17Z INFO  rust_script] meta_mtime:        1778942978674 ms
[2026-05-16T19:21:17Z INFO  rust_script] checking: "/home/box/.cache/rust-script/projects/a378f87bc6dd9a102020cfdd"
[2026-05-16T19:21:17Z INFO  rust_script] meta_mtime:        1778932095031 ms
[2026-05-16T19:21:17Z INFO  rust_script] checking: "/home/box/.cache/rust-script/projects/bbd3fbe08d1a3c3131ec3625"
[2026-05-16T19:21:17Z INFO  rust_script] meta_mtime:        1778951430888 ms
[2026-05-16T19:21:17Z INFO  rust_script] checking: "/home/box/.cache/rust-script/projects/0a99fac48bf88d3f0779ad92"
[2026-05-16T19:21:17Z INFO  rust_script] meta_mtime:        1778890376568 ms
[2026-05-16T19:21:17Z INFO  rust_script] checking: "/home/box/.cache/rust-script/projects/4bd4fbcffec686fd427325d2"
[2026-05-16T19:21:17Z INFO  rust_script] meta_mtime:        1778942978711 ms
[2026-05-16T19:21:17Z INFO  rust_script] checking: "/home/box/.cache/rust-script/projects/9e209ed19f4b501a6943e3d6"
[2026-05-16T19:21:17Z INFO  rust_script] meta_mtime:        1778936242000 ms
[2026-05-16T19:21:17Z INFO  rust_script] checking: "/home/box/.cache/rust-script/projects/91255d195396fc7317b86e0b"
[2026-05-16T19:21:17Z INFO  rust_script] meta_mtime:        1778932226206 ms
[2026-05-16T19:21:17Z INFO  rust_script] checking: "/home/box/.cache/rust-script/projects/2b7cbff296015347bc8f44b2"
[2026-05-16T19:21:17Z INFO  rust_script] meta_mtime:        1778927877916 ms
[2026-05-16T19:21:17Z INFO  rust_script] done cleaning cache.
    Updating crates.io index
     Locking 15 packages to latest compatible versions
   Compiling proc-macro2 v1.0.106
   Compiling unicode-ident v1.0.24
   Compiling quote v1.0.45
   Compiling serde_core v1.0.228
    Checking memchr v2.8.0
   Compiling zmij v1.0.21
   Compiling serde_json v1.0.149
    Checking regex-syntax v0.8.10
   Compiling serde v1.0.228
    Checking aho-corasick v1.1.4
    Checking itoa v1.0.18
   Compiling syn v2.0.117
    Checking regex-automata v0.4.14
   Compiling serde_derive v1.0.228
    Checking regex v1.12.3
    Checking create-github-release_e48e9ddea69f8da489a4d814 v0.1.0 (/tmp/lino-rust-script-checks/create-github-release)
    Finished `dev` profile [unoptimized + debuginfo] target(s) in 3.89s

== rust/scripts/detect-code-changes.rs ==
[2026-05-16T19:21:21Z INFO  rust_script] Arguments: Args { script: Some("rust/scripts/detect-code-changes.rs"), script_args: [], expr: false, loop_: false, count: false, base_path: None, pkg_path: Some("/tmp/lino-rust-script-checks/detect-code-changes"), gen_pkg_only: true, cargo_output: false, clear_cache: false, debug: false, dep: [], extern_: [], force: false, unstable_features: [], build_kind: Normal, toolchain_version: None, wrapper: None }
[2026-05-16T19:21:21Z INFO  rust_script] input: File("detect-code-changes", "/tmp/gh-issue-solver-1778957708011/rust/scripts/detect-code-changes.rs", "#!/usr/bin/env rust-script\n//! Detect code changes for CI/CD pipeline\n//!\n//! This script detects what types of files have changed in the latest commit\n//! and outputs the results for use in GitHub Actions workflow conditions.\n//!\n//! Key behavior:\n//! - For PRs: detects GitHub Actions' synthetic merge commit and uses\n//!   HEAD^2^..HEAD^2 to get the per-commit diff of the actual PR head,\n//!   so a commit touching only non-code files correctly skips CI jobs\n//!   even when earlier commits in the same PR touched code files.\n//! - For pushes: compares HEAD against HEAD^\n//! - Excludes certain folders and file types from \"code changes\" detection\n//!\n//! Excluded from code changes (don't require changelog fragments):\n//! - Markdown files (*.md) in any folder\n//! - changelog.d/ folder (changelog fragments)\n//! - docs/ folder (documentation)\n//! - experiments/ folder (experimental scripts)\n//! - examples/ folder (example scripts)\n//!\n//! Usage: rust-script scripts/detect-code-changes.rs\n//!\n//! Environment variables (set by GitHub Actions):\n//!   - GITHUB_EVENT_NAME: 'pull_request' or 'push'\n//!\n//! Outputs (written to GITHUB_OUTPUT):\n//!   - rs-changed: 'true' if any .rs files changed\n//!   - toml-changed: 'true' if any .toml files changed\n//!   - mjs-changed: 'true' if any .mjs files changed\n//!   - docs-changed: 'true' if any .md files changed\n//!   - workflow-changed: 'true' if any .github/workflows/ files changed\n//!   - any-code-changed: 'true' if any code files changed (excludes docs, changelog.d, experiments, examples)\n//!\n//! ```cargo\n//! [dependencies]\n//! regex = \"1\"\n//! ```\n\nuse regex::Regex;\nuse std::env;\nuse std::fs;\nuse std::io::Write;\nuse std::process::Command;\n\nfn exec(command: &str, args: &[&str]) -> String {\n    match Command::new(command).args(args).output() {\n        Ok(output) => {\n            if output.status.success() {\n                String::from_utf8_lossy(&output.stdout).trim().to_string()\n            } else {\n                eprintln!(\"Error executing {} {:?}\", command, args);\n                eprintln!(\"{}\", String::from_utf8_lossy(&output.stderr));\n                String::new()\n            }\n        }\n        Err(e) => {\n            eprintln!(\"Failed to execute {} {:?}: {}\", command, args, e);\n            String::new()\n        }\n    }\n}\n\nfn set_output(name: &str, value: &str) {\n    if let Ok(output_file) = env::var(\"GITHUB_OUTPUT\") {\n        if let Ok(mut file) = fs::OpenOptions::new()\n            .create(true)\n            .append(true)\n            .open(&output_file)\n        {\n            let _ = writeln!(file, \"{}={}\", name, value);\n        }\n    }\n    println!(\"{}={}\", name, value);\n}\n\nfn is_merge_commit() -> bool {\n    let output = exec(\"git\", &[\"cat-file\", \"-p\", \"HEAD\"]);\n    output\n        .lines()\n        .filter(|line| line.starts_with(\"parent \"))\n        .count()\n        > 1\n}\n\nfn get_changed_files() -> Vec<String> {\n    // GitHub Actions checks out a synthetic merge commit for pull_request\n    // events: HEAD is the merge commit, HEAD^ is the base branch, HEAD^2\n    // is the actual PR head. To get the per-commit diff (what the latest\n    // push actually changed), we compare HEAD^2^ to HEAD^2.\n    // For push events, HEAD is the real commit, so HEAD^ to HEAD works.\n    if is_merge_commit() {\n        println!(\"Merge commit detected (pull_request event)\");\n        println!(\"Comparing HEAD^2^ to HEAD^2 (per-commit diff of PR head)\");\n        let output = exec(\"git\", &[\"diff\", \"--name-only\", \"HEAD^2^\", \"HEAD^2\"]);\n        if !output.is_empty() {\n            return output\n                .lines()\n                .filter(|s| !s.is_empty())\n                .map(String::from)\n                .collect();\n        }\n        // Fallback: first commit in PR, compare base to PR head\n        println!(\"HEAD^2^ not available (first commit in PR), comparing HEAD^ to HEAD^2\");\n        let output = exec(\"git\", &[\"diff\", \"--name-only\", \"HEAD^\", \"HEAD^2\"]);\n        if !output.is_empty() {\n            return output\n                .lines()\n                .filter(|s| !s.is_empty())\n                .map(String::from)\n                .collect();\n        }\n    }\n\n    println!(\"Comparing HEAD^ to HEAD\");\n    let output = exec(\"git\", &[\"diff\", \"--name-only\", \"HEAD^\", \"HEAD\"]);\n\n    if output.is_empty() {\n        println!(\"HEAD^ not available, listing all files in HEAD\");\n        let output = exec(\"git\", &[\"ls-tree\", \"--name-only\", \"-r\", \"HEAD\"]);\n        return output\n            .lines()\n            .filter(|s| !s.is_empty())\n            .map(String::from)\n            .collect();\n    }\n\n    output\n        .lines()\n        .filter(|s| !s.is_empty())\n        .map(String::from)\n        .collect()\n}\n\nfn is_excluded_from_code_changes(file_path: &str) -> bool {\n    // Exclude markdown files in any folder\n    if file_path.ends_with(\".md\") {\n        return true;\n    }\n\n    // Exclude specific folders from code changes\n    let excluded_folders = [\n        \"changelog.d/\",\n        \"rust/changelog.d/\",\n        \"docs/\",\n        \"rust/docs/\",\n        \"experiments/\",\n        \"rust/experiments/\",\n        \"examples/\",\n        \"rust/examples/\",\n    ];\n\n    for folder in &excluded_folders {\n        if file_path.starts_with(folder) {\n            return true;\n        }\n    }\n\n    false\n}\n\nfn main() {\n    println!(\"Detecting file changes for CI/CD...\\n\");\n\n    let changed_files = get_changed_files();\n\n    println!(\"Changed files:\");\n    if changed_files.is_empty() {\n        println!(\"  (none)\");\n    } else {\n        for file in &changed_files {\n            println!(\"  {}\", file);\n        }\n    }\n    println!();\n\n    // Detect .rs file changes (Rust source)\n    let rs_changed = changed_files.iter().any(|f| f.ends_with(\".rs\"));\n    set_output(\"rs-changed\", if rs_changed { \"true\" } else { \"false\" });\n\n    // Detect .toml file changes (Cargo.toml, Cargo.lock, etc.)\n    let toml_changed = changed_files.iter().any(|f| f.ends_with(\".toml\"));\n    set_output(\"toml-changed\", if toml_changed { \"true\" } else { \"false\" });\n\n    // Detect .mjs file changes (scripts)\n    let mjs_changed = changed_files.iter().any(|f| f.ends_with(\".mjs\"));\n    set_output(\"mjs-changed\", if mjs_changed { \"true\" } else { \"false\" });\n\n    // Detect documentation changes (any .md file)\n    let docs_changed = changed_files.iter().any(|f| f.ends_with(\".md\"));\n    set_output(\"docs-changed\", if docs_changed { \"true\" } else { \"false\" });\n\n    // Detect workflow changes\n    let workflow_changed = changed_files\n        .iter()\n        .any(|f| f.starts_with(\".github/workflows/\"));\n    set_output(\n        \"workflow-changed\",\n        if workflow_changed { \"true\" } else { \"false\" },\n    );\n\n    // Detect code changes (excluding docs, changelog.d, experiments, examples folders, and markdown files)\n    let code_changed_files: Vec<&String> = changed_files\n        .iter()\n        .filter(|f| !is_excluded_from_code_changes(f))\n        .collect();\n\n    println!(\"\\nFiles considered as code changes:\");\n    if code_changed_files.is_empty() {\n        println!(\"  (none)\");\n    } else {\n        for file in &code_changed_files {\n            println!(\"  {}\", file);\n        }\n    }\n    println!();\n\n    // Check if any code files changed (.rs, .toml, .mjs, .yml, .yaml, or workflow files)\n    let code_pattern = Regex::new(r\"\\.(rs|toml|mjs|js|yml|yaml)$|\\.github/workflows/\").unwrap();\n    let code_changed = code_changed_files.iter().any(|f| code_pattern.is_match(f));\n    set_output(\n        \"any-code-changed\",\n        if code_changed { \"true\" } else { \"false\" },\n    );\n\n    println!(\"\\nChange detection completed.\");\n}\n", "/tmp/gh-issue-solver-1778957708011/rust/scripts")
[2026-05-16T19:21:21Z INFO  rust_script] prelude_items: []
[2026-05-16T19:21:21Z INFO  rust_script] id: "86344f5050ccef5bb6f0ff64"
[2026-05-16T19:21:21Z INFO  rust_script] pkg_path: "/tmp/lino-rust-script-checks/detect-code-changes"
[2026-05-16T19:21:21Z INFO  rust_script] using_cache: false
[2026-05-16T19:21:21Z INFO  rust_script::manifest] part_mani: {"dependencies": Table({"regex": String("1")})}
[2026-05-16T19:21:21Z INFO  rust_script::manifest] source: None
[2026-05-16T19:21:21Z INFO  rust_script::manifest] manifest: [[bin]]
    name = "detect-code-changes_86344f5050ccef5bb6f0ff64"
    path = "/tmp/gh-issue-solver-1778957708011/rust/scripts/detect-code-changes.rs"

    [dependencies]
    regex = "1"

    [package]
    authors = ["Anonymous"]
    edition = "2021"
    name = "detect-code-changes_86344f5050ccef5bb6f0ff64"
    version = "0.1.0"

    [profile.release]
    strip = true

[2026-05-16T19:21:21Z INFO  rust_script] action: InputAction { cargo_output: false, force_compile: false, execute: false, pkg_path: "/tmp/lino-rust-script-checks/detect-code-changes", script_path: "/tmp/gh-issue-solver-1778957708011/rust/scripts/detect-code-changes.rs", using_cache: false, toolchain_version: None, debug: false, manifest: "[[bin]]\nname = \"detect-code-changes_86344f5050ccef5bb6f0ff64\"\npath = \"/tmp/gh-issue-solver-1778957708011/rust/scripts/detect-code-changes.rs\"\n\n[dependencies]\nregex = \"1\"\n\n[package]\nauthors = [\"Anonymous\"]\nedition = \"2021\"\nname = \"detect-code-changes_86344f5050ccef5bb6f0ff64\"\nversion = \"0.1.0\"\n\n[profile.release]\nstrip = true\n", script: None, build_kind: Normal, bin_name: "detect-code-changes_86344f5050ccef5bb6f0ff64", original_script_path: Some("rust/scripts/detect-code-changes.rs") }
[2026-05-16T19:21:21Z INFO  rust_script] creating pkg dir...
[2026-05-16T19:21:21Z INFO  rust_script] generating Cargo package...
[2026-05-16T19:21:21Z DEBUG rust_script] overwrite_file("/tmp/lino-rust-script-checks/detect-code-changes/Cargo.toml", _)
[2026-05-16T19:21:21Z DEBUG rust_script] .. files differ
[2026-05-16T19:21:21Z INFO  rust_script] disarming pkg dir cleanup...
/tmp/lino-rust-script-checks/detect-code-changes
[2026-05-16T19:21:21Z INFO  rust_script] cleaning cache with max_age: 604800000
[2026-05-16T19:21:21Z INFO  rust_script] cutoff:            1778354481824 ms
[2026-05-16T19:21:21Z INFO  rust_script] checking: "/home/box/.cache/rust-script/projects/3381028aa6bfa11e89a55930"
[2026-05-16T19:21:21Z INFO  rust_script] meta_mtime:        1778932194983 ms
[2026-05-16T19:21:21Z INFO  rust_script] checking: "/home/box/.cache/rust-script/projects/0e7f838c78399547fe25d26c"
[2026-05-16T19:21:21Z INFO  rust_script] meta_mtime:        1778958910519 ms
[2026-05-16T19:21:21Z INFO  rust_script] checking: "/home/box/.cache/rust-script/projects/3495c9231fcd9dee4c288a36"
[2026-05-16T19:21:21Z INFO  rust_script] meta_mtime:        1778890446261 ms
[2026-05-16T19:21:21Z INFO  rust_script] checking: "/home/box/.cache/rust-script/projects/7be9a58812e1033988a1978a"
[2026-05-16T19:21:21Z INFO  rust_script] meta_mtime:        1778942985023 ms
[2026-05-16T19:21:21Z INFO  rust_script] checking: "/home/box/.cache/rust-script/projects/21a026b3303cf5ee15913ff3"
[2026-05-16T19:21:21Z INFO  rust_script] meta_mtime:        1778958885990 ms
[2026-05-16T19:21:21Z INFO  rust_script] checking: "/home/box/.cache/rust-script/projects/d5807d669764a01fdbfb2369"
[2026-05-16T19:21:21Z INFO  rust_script] meta_mtime:        1778890713470 ms
[2026-05-16T19:21:21Z INFO  rust_script] checking: "/home/box/.cache/rust-script/projects/1a0b5e03d356ca58e2e5b984"
[2026-05-16T19:21:21Z INFO  rust_script] meta_mtime:        1778936327314 ms
[2026-05-16T19:21:21Z INFO  rust_script] checking: "/home/box/.cache/rust-script/projects/0022130de9dee961c3c2420d"
[2026-05-16T19:21:21Z INFO  rust_script] meta_mtime:        1778942651118 ms
[2026-05-16T19:21:21Z INFO  rust_script] checking: "/home/box/.cache/rust-script/projects/86344f5050ccef5bb6f0ff64"
[2026-05-16T19:21:21Z INFO  rust_script] meta_mtime:        1778958885953 ms
[2026-05-16T19:21:21Z INFO  rust_script] checking: "/home/box/.cache/rust-script/projects/4a657a73f0466a8fe7f387ca"
[2026-05-16T19:21:21Z INFO  rust_script] meta_mtime:        1778891460629 ms
[2026-05-16T19:21:21Z INFO  rust_script] checking: "/home/box/.cache/rust-script/projects/5352bdc8d1647b102660cabb"
[2026-05-16T19:21:21Z INFO  rust_script] meta_mtime:        1778936327358 ms
[2026-05-16T19:21:21Z INFO  rust_script] checking: "/home/box/.cache/rust-script/projects/9cf02d984b1e5977ddd8b2e8"
[2026-05-16T19:21:21Z INFO  rust_script] meta_mtime:        1778942978674 ms
[2026-05-16T19:21:21Z INFO  rust_script] checking: "/home/box/.cache/rust-script/projects/a378f87bc6dd9a102020cfdd"
[2026-05-16T19:21:21Z INFO  rust_script] meta_mtime:        1778932095031 ms
[2026-05-16T19:21:21Z INFO  rust_script] checking: "/home/box/.cache/rust-script/projects/bbd3fbe08d1a3c3131ec3625"
[2026-05-16T19:21:21Z INFO  rust_script] meta_mtime:        1778951430888 ms
[2026-05-16T19:21:21Z INFO  rust_script] checking: "/home/box/.cache/rust-script/projects/0a99fac48bf88d3f0779ad92"
[2026-05-16T19:21:21Z INFO  rust_script] meta_mtime:        1778890376568 ms
[2026-05-16T19:21:21Z INFO  rust_script] checking: "/home/box/.cache/rust-script/projects/4bd4fbcffec686fd427325d2"
[2026-05-16T19:21:21Z INFO  rust_script] meta_mtime:        1778942978711 ms
[2026-05-16T19:21:21Z INFO  rust_script] checking: "/home/box/.cache/rust-script/projects/9e209ed19f4b501a6943e3d6"
[2026-05-16T19:21:21Z INFO  rust_script] meta_mtime:        1778936242000 ms
[2026-05-16T19:21:21Z INFO  rust_script] checking: "/home/box/.cache/rust-script/projects/91255d195396fc7317b86e0b"
[2026-05-16T19:21:21Z INFO  rust_script] meta_mtime:        1778932226206 ms
[2026-05-16T19:21:21Z INFO  rust_script] checking: "/home/box/.cache/rust-script/projects/2b7cbff296015347bc8f44b2"
[2026-05-16T19:21:21Z INFO  rust_script] meta_mtime:        1778927877916 ms
[2026-05-16T19:21:21Z INFO  rust_script] done cleaning cache.
    Updating crates.io index
     Locking 5 packages to latest compatible versions
    Checking memchr v2.8.0
    Checking regex-syntax v0.8.10
    Checking aho-corasick v1.1.4
    Checking regex-automata v0.4.14
    Checking regex v1.12.3
    Checking detect-code-changes_86344f5050ccef5bb6f0ff64 v0.1.0 (/tmp/lino-rust-script-checks/detect-code-changes)
    Finished `dev` profile [unoptimized + debuginfo] target(s) in 2.58s

== rust/scripts/get-bump-type.rs ==
[2026-05-16T19:21:24Z INFO  rust_script] Arguments: Args { script: Some("rust/scripts/get-bump-type.rs"), script_args: [], expr: false, loop_: false, count: false, base_path: None, pkg_path: Some("/tmp/lino-rust-script-checks/get-bump-type"), gen_pkg_only: true, cargo_output: false, clear_cache: false, debug: false, dep: [], extern_: [], force: false, unstable_features: [], build_kind: Normal, toolchain_version: None, wrapper: None }
[2026-05-16T19:21:24Z INFO  rust_script] input: File("get-bump-type", "/tmp/gh-issue-solver-1778957708011/rust/scripts/get-bump-type.rs", "#!/usr/bin/env rust-script\n//! Parse changelog fragments and determine version bump type\n//!\n//! This script reads changeset fragments from changelog.d/ and determines\n//! the version bump type based on the frontmatter in each fragment.\n//!\n//! Supports both single-language and multi-language repository structures:\n//! - Single-language: changelog.d/ in repository root\n//! - Multi-language: changelog.d/ in rust/ subfolder\n//!\n//! Fragment format:\n//! ---\n//! bump: patch|minor|major\n//! ---\n//!\n//! ### Added\n//! - Your changes here\n//!\n//! Usage: rust-script scripts/get-bump-type.rs [--default <patch|minor|major>] [--rust-root <path>]\n//!\n//! ```cargo\n//! [dependencies]\n//! regex = \"1\"\n//! ```\n\nuse regex::Regex;\nuse std::env;\nuse std::fs;\nuse std::io::Write;\nuse std::path::Path;\nuse std::process::exit;\n\nfn get_arg(name: &str) -> Option<String> {\n    let args: Vec<String> = env::args().collect();\n    let flag = format!(\"--{}\", name);\n\n    if let Some(idx) = args.iter().position(|a| a == &flag) {\n        return args.get(idx + 1).cloned();\n    }\n\n    let env_name = name.to_uppercase().replace('-', \"_\");\n    env::var(&env_name).ok().filter(|s| !s.is_empty())\n}\n\nfn get_rust_root() -> String {\n    if let Some(root) = get_arg(\"rust-root\") {\n        eprintln!(\"Using explicitly configured Rust root: {}\", root);\n        return root;\n    }\n\n    if Path::new(\"./Cargo.toml\").exists() {\n        eprintln!(\"Detected single-language repository (Cargo.toml in root)\");\n        return \".\".to_string();\n    }\n\n    if Path::new(\"./rust/Cargo.toml\").exists() {\n        eprintln!(\"Detected multi-language repository (Cargo.toml in rust/)\");\n        return \"rust\".to_string();\n    }\n\n    eprintln!(\"Error: Could not find Cargo.toml in expected locations\");\n    exit(1);\n}\n\nfn get_changelog_dir(rust_root: &str) -> String {\n    if rust_root == \".\" {\n        \"./changelog.d\".to_string()\n    } else {\n        format!(\"{}/changelog.d\", rust_root)\n    }\n}\n\nfn set_output(key: &str, value: &str) {\n    if let Ok(output_file) = env::var(\"GITHUB_OUTPUT\") {\n        if let Ok(mut file) = fs::OpenOptions::new()\n            .create(true)\n            .append(true)\n            .open(&output_file)\n        {\n            let _ = writeln!(file, \"{}={}\", key, value);\n        }\n    }\n    println!(\"Output: {}={}\", key, value);\n}\n\nfn bump_priority(bump_type: &str) -> u8 {\n    match bump_type {\n        \"patch\" => 1,\n        \"minor\" => 2,\n        \"major\" => 3,\n        _ => 0,\n    }\n}\n\nfn parse_frontmatter(content: &str) -> Option<String> {\n    let re = Regex::new(r\"(?s)^---\\s*\\n(.*?)\\n---\").unwrap();\n\n    if let Some(caps) = re.captures(content) {\n        let frontmatter = caps.get(1).unwrap().as_str();\n\n        // Parse YAML-like frontmatter (simple key: value format)\n        for line in frontmatter.lines() {\n            let bump_re = Regex::new(r\"^\\s*bump\\s*:\\s*(.+?)\\s*$\").unwrap();\n            if let Some(bump_caps) = bump_re.captures(line) {\n                return Some(bump_caps.get(1).unwrap().as_str().to_string());\n            }\n        }\n    }\n\n    None\n}\n\nfn determine_bump_type(changelog_dir: &str, default_bump: &str) -> (String, usize) {\n    let dir_path = Path::new(changelog_dir);\n    if !dir_path.exists() {\n        println!(\"No {} directory found\", changelog_dir);\n        return (default_bump.to_string(), 0);\n    }\n\n    let mut files: Vec<_> = match fs::read_dir(dir_path) {\n        Ok(entries) => entries\n            .filter_map(|e| e.ok())\n            .map(|e| e.path())\n            .filter(|p| {\n                p.extension().map_or(false, |ext| ext == \"md\")\n                    && p.file_name().map_or(false, |name| name != \"README.md\")\n            })\n            .collect(),\n        Err(_) => {\n            println!(\"No changelog fragments found\");\n            return (default_bump.to_string(), 0);\n        }\n    };\n\n    if files.is_empty() {\n        println!(\"No changelog fragments found\");\n        return (default_bump.to_string(), 0);\n    }\n\n    files.sort();\n\n    let mut highest_priority: u8 = 0;\n    let mut highest_bump_type = default_bump.to_string();\n\n    for file in &files {\n        if let Ok(content) = fs::read_to_string(file) {\n            if let Some(bump) = parse_frontmatter(&content) {\n                let priority = bump_priority(&bump);\n                if priority > highest_priority {\n                    highest_priority = priority;\n                    highest_bump_type = bump.clone();\n                }\n                println!(\n                    \"Fragment {}: bump={}\",\n                    file.file_name().unwrap().to_string_lossy(),\n                    bump\n                );\n            } else {\n                println!(\n                    \"Fragment {}: no bump specified, using default\",\n                    file.file_name().unwrap().to_string_lossy()\n                );\n            }\n        }\n    }\n\n    (highest_bump_type, files.len())\n}\n\nfn main() {\n    let default_bump = get_arg(\"default\").unwrap_or_else(|| \"patch\".to_string());\n    let rust_root = get_rust_root();\n    let changelog_dir = get_changelog_dir(&rust_root);\n\n    let (bump_type, fragment_count) = determine_bump_type(&changelog_dir, &default_bump);\n\n    println!(\n        \"\\nDetermined bump type: {} (from {} fragment(s))\",\n        bump_type, fragment_count\n    );\n\n    set_output(\"bump_type\", &bump_type);\n    set_output(\"fragment_count\", &fragment_count.to_string());\n    set_output(\n        \"has_fragments\",\n        if fragment_count > 0 { \"true\" } else { \"false\" },\n    );\n}\n", "/tmp/gh-issue-solver-1778957708011/rust/scripts")
[2026-05-16T19:21:24Z INFO  rust_script] prelude_items: []
[2026-05-16T19:21:24Z INFO  rust_script] id: "ae39b2b7070ffbe11ee19894"
[2026-05-16T19:21:24Z INFO  rust_script] pkg_path: "/tmp/lino-rust-script-checks/get-bump-type"
[2026-05-16T19:21:24Z INFO  rust_script] using_cache: false
[2026-05-16T19:21:24Z INFO  rust_script::manifest] part_mani: {"dependencies": Table({"regex": String("1")})}
[2026-05-16T19:21:24Z INFO  rust_script::manifest] source: None
[2026-05-16T19:21:24Z INFO  rust_script::manifest] manifest: [[bin]]
    name = "get-bump-type_ae39b2b7070ffbe11ee19894"
    path = "/tmp/gh-issue-solver-1778957708011/rust/scripts/get-bump-type.rs"

    [dependencies]
    regex = "1"

    [package]
    authors = ["Anonymous"]
    edition = "2021"
    name = "get-bump-type_ae39b2b7070ffbe11ee19894"
    version = "0.1.0"

    [profile.release]
    strip = true

[2026-05-16T19:21:24Z INFO  rust_script] action: InputAction { cargo_output: false, force_compile: false, execute: false, pkg_path: "/tmp/lino-rust-script-checks/get-bump-type", script_path: "/tmp/gh-issue-solver-1778957708011/rust/scripts/get-bump-type.rs", using_cache: false, toolchain_version: None, debug: false, manifest: "[[bin]]\nname = \"get-bump-type_ae39b2b7070ffbe11ee19894\"\npath = \"/tmp/gh-issue-solver-1778957708011/rust/scripts/get-bump-type.rs\"\n\n[dependencies]\nregex = \"1\"\n\n[package]\nauthors = [\"Anonymous\"]\nedition = \"2021\"\nname = \"get-bump-type_ae39b2b7070ffbe11ee19894\"\nversion = \"0.1.0\"\n\n[profile.release]\nstrip = true\n", script: None, build_kind: Normal, bin_name: "get-bump-type_ae39b2b7070ffbe11ee19894", original_script_path: Some("rust/scripts/get-bump-type.rs") }
[2026-05-16T19:21:24Z INFO  rust_script] creating pkg dir...
[2026-05-16T19:21:24Z INFO  rust_script] generating Cargo package...
[2026-05-16T19:21:24Z DEBUG rust_script] overwrite_file("/tmp/lino-rust-script-checks/get-bump-type/Cargo.toml", _)
[2026-05-16T19:21:24Z DEBUG rust_script] .. files differ
[2026-05-16T19:21:24Z INFO  rust_script] disarming pkg dir cleanup...
/tmp/lino-rust-script-checks/get-bump-type
[2026-05-16T19:21:24Z INFO  rust_script] cleaning cache with max_age: 604800000
[2026-05-16T19:21:24Z INFO  rust_script] cutoff:            1778354484438 ms
[2026-05-16T19:21:24Z INFO  rust_script] checking: "/home/box/.cache/rust-script/projects/3381028aa6bfa11e89a55930"
[2026-05-16T19:21:24Z INFO  rust_script] meta_mtime:        1778932194983 ms
[2026-05-16T19:21:24Z INFO  rust_script] checking: "/home/box/.cache/rust-script/projects/0e7f838c78399547fe25d26c"
[2026-05-16T19:21:24Z INFO  rust_script] meta_mtime:        1778958910519 ms
[2026-05-16T19:21:24Z INFO  rust_script] checking: "/home/box/.cache/rust-script/projects/3495c9231fcd9dee4c288a36"
[2026-05-16T19:21:24Z INFO  rust_script] meta_mtime:        1778890446261 ms
[2026-05-16T19:21:24Z INFO  rust_script] checking: "/home/box/.cache/rust-script/projects/7be9a58812e1033988a1978a"
[2026-05-16T19:21:24Z INFO  rust_script] meta_mtime:        1778942985023 ms
[2026-05-16T19:21:24Z INFO  rust_script] checking: "/home/box/.cache/rust-script/projects/21a026b3303cf5ee15913ff3"
[2026-05-16T19:21:24Z INFO  rust_script] meta_mtime:        1778958885990 ms
[2026-05-16T19:21:24Z INFO  rust_script] checking: "/home/box/.cache/rust-script/projects/d5807d669764a01fdbfb2369"
[2026-05-16T19:21:24Z INFO  rust_script] meta_mtime:        1778890713470 ms
[2026-05-16T19:21:24Z INFO  rust_script] checking: "/home/box/.cache/rust-script/projects/1a0b5e03d356ca58e2e5b984"
[2026-05-16T19:21:24Z INFO  rust_script] meta_mtime:        1778936327314 ms
[2026-05-16T19:21:24Z INFO  rust_script] checking: "/home/box/.cache/rust-script/projects/0022130de9dee961c3c2420d"
[2026-05-16T19:21:24Z INFO  rust_script] meta_mtime:        1778942651118 ms
[2026-05-16T19:21:24Z INFO  rust_script] checking: "/home/box/.cache/rust-script/projects/86344f5050ccef5bb6f0ff64"
[2026-05-16T19:21:24Z INFO  rust_script] meta_mtime:        1778958885953 ms
[2026-05-16T19:21:24Z INFO  rust_script] checking: "/home/box/.cache/rust-script/projects/4a657a73f0466a8fe7f387ca"
[2026-05-16T19:21:24Z INFO  rust_script] meta_mtime:        1778891460629 ms
[2026-05-16T19:21:24Z INFO  rust_script] checking: "/home/box/.cache/rust-script/projects/5352bdc8d1647b102660cabb"
[2026-05-16T19:21:24Z INFO  rust_script] meta_mtime:        1778936327358 ms
[2026-05-16T19:21:24Z INFO  rust_script] checking: "/home/box/.cache/rust-script/projects/9cf02d984b1e5977ddd8b2e8"
[2026-05-16T19:21:24Z INFO  rust_script] meta_mtime:        1778942978674 ms
[2026-05-16T19:21:24Z INFO  rust_script] checking: "/home/box/.cache/rust-script/projects/a378f87bc6dd9a102020cfdd"
[2026-05-16T19:21:24Z INFO  rust_script] meta_mtime:        1778932095031 ms
[2026-05-16T19:21:24Z INFO  rust_script] checking: "/home/box/.cache/rust-script/projects/bbd3fbe08d1a3c3131ec3625"
[2026-05-16T19:21:24Z INFO  rust_script] meta_mtime:        1778951430888 ms
[2026-05-16T19:21:24Z INFO  rust_script] checking: "/home/box/.cache/rust-script/projects/0a99fac48bf88d3f0779ad92"
[2026-05-16T19:21:24Z INFO  rust_script] meta_mtime:        1778890376568 ms
[2026-05-16T19:21:24Z INFO  rust_script] checking: "/home/box/.cache/rust-script/projects/4bd4fbcffec686fd427325d2"
[2026-05-16T19:21:24Z INFO  rust_script] meta_mtime:        1778942978711 ms
[2026-05-16T19:21:24Z INFO  rust_script] checking: "/home/box/.cache/rust-script/projects/9e209ed19f4b501a6943e3d6"
[2026-05-16T19:21:24Z INFO  rust_script] meta_mtime:        1778936242000 ms
[2026-05-16T19:21:24Z INFO  rust_script] checking: "/home/box/.cache/rust-script/projects/91255d195396fc7317b86e0b"
[2026-05-16T19:21:24Z INFO  rust_script] meta_mtime:        1778932226206 ms
[2026-05-16T19:21:24Z INFO  rust_script] checking: "/home/box/.cache/rust-script/projects/2b7cbff296015347bc8f44b2"
[2026-05-16T19:21:24Z INFO  rust_script] meta_mtime:        1778927877916 ms
[2026-05-16T19:21:24Z INFO  rust_script] done cleaning cache.
    Updating crates.io index
     Locking 5 packages to latest compatible versions
    Checking memchr v2.8.0
    Checking regex-syntax v0.8.10
    Checking aho-corasick v1.1.4
    Checking regex-automata v0.4.14
    Checking regex v1.12.3
    Checking get-bump-type_ae39b2b7070ffbe11ee19894 v0.1.0 (/tmp/lino-rust-script-checks/get-bump-type)
    Finished `dev` profile [unoptimized + debuginfo] target(s) in 2.60s

== rust/scripts/get-version.rs ==
[2026-05-16T19:21:27Z INFO  rust_script] Arguments: Args { script: Some("rust/scripts/get-version.rs"), script_args: [], expr: false, loop_: false, count: false, base_path: None, pkg_path: Some("/tmp/lino-rust-script-checks/get-version"), gen_pkg_only: true, cargo_output: false, clear_cache: false, debug: false, dep: [], extern_: [], force: false, unstable_features: [], build_kind: Normal, toolchain_version: None, wrapper: None }
[2026-05-16T19:21:27Z INFO  rust_script] input: File("get-version", "/tmp/gh-issue-solver-1778957708011/rust/scripts/get-version.rs", "#!/usr/bin/env rust-script\n//! Get the current version from Cargo.toml\n//!\n//! This script reads the version from Cargo.toml and outputs it\n//! for use in GitHub Actions.\n//!\n//! Supports both single-language and multi-language repository structures:\n//! - Single-language: Cargo.toml in repository root\n//! - Multi-language: Cargo.toml in rust/ subfolder\n//!\n//! Usage: rust-script scripts/get-version.rs [--rust-root <path>]\n//!\n//! Outputs (written to GITHUB_OUTPUT):\n//!   - version: The current version from Cargo.toml\n//!\n//! ```cargo\n//! [dependencies]\n//! regex = \"1\"\n//! ```\n\nuse std::env;\nuse std::fs;\nuse std::process::exit;\n\n#[path = \"rust-paths.rs\"]\nmod rust_paths;\n\nfn set_output(key: &str, value: &str) {\n    if let Ok(output_file) = env::var(\"GITHUB_OUTPUT\") {\n        if let Err(e) = fs::OpenOptions::new()\n            .create(true)\n            .append(true)\n            .open(&output_file)\n            .and_then(|mut f| {\n                use std::io::Write;\n                writeln!(f, \"{}={}\", key, value)\n            })\n        {\n            eprintln!(\"Warning: Could not write to GITHUB_OUTPUT: {}\", e);\n        }\n    }\n    println!(\"Output: {}={}\", key, value);\n}\n\nfn main() {\n    let rust_root = match rust_paths::get_rust_root(None, true) {\n        Ok(root) => root,\n        Err(e) => {\n            eprintln!(\"Error: {}\", e);\n            exit(1);\n        }\n    };\n    let cargo_toml = rust_paths::get_cargo_toml_path(&rust_root);\n    let package_manifest = match rust_paths::get_package_manifest_path(&cargo_toml) {\n        Ok(path) => path,\n        Err(e) => {\n            eprintln!(\"Error: {}\", e);\n            exit(1);\n        }\n    };\n\n    match rust_paths::read_package_info(&package_manifest) {\n        Ok(info) => {\n            println!(\"Current version: {}\", info.version);\n            set_output(\"version\", &info.version);\n        }\n        Err(e) => {\n            eprintln!(\"Error: {}\", e);\n            exit(1);\n        }\n    }\n}\n", "/tmp/gh-issue-solver-1778957708011/rust/scripts")
[2026-05-16T19:21:27Z INFO  rust_script] prelude_items: []
[2026-05-16T19:21:27Z INFO  rust_script] id: "21a026b3303cf5ee15913ff3"
[2026-05-16T19:21:27Z INFO  rust_script] pkg_path: "/tmp/lino-rust-script-checks/get-version"
[2026-05-16T19:21:27Z INFO  rust_script] using_cache: false
[2026-05-16T19:21:27Z INFO  rust_script::manifest] part_mani: {"dependencies": Table({"regex": String("1")})}
[2026-05-16T19:21:27Z INFO  rust_script::manifest] source: None
[2026-05-16T19:21:27Z INFO  rust_script::manifest] manifest: [[bin]]
    name = "get-version_21a026b3303cf5ee15913ff3"
    path = "/tmp/gh-issue-solver-1778957708011/rust/scripts/get-version.rs"

    [dependencies]
    regex = "1"

    [package]
    authors = ["Anonymous"]
    edition = "2021"
    name = "get-version_21a026b3303cf5ee15913ff3"
    version = "0.1.0"

    [profile.release]
    strip = true

[2026-05-16T19:21:27Z INFO  rust_script] action: InputAction { cargo_output: false, force_compile: false, execute: false, pkg_path: "/tmp/lino-rust-script-checks/get-version", script_path: "/tmp/gh-issue-solver-1778957708011/rust/scripts/get-version.rs", using_cache: false, toolchain_version: None, debug: false, manifest: "[[bin]]\nname = \"get-version_21a026b3303cf5ee15913ff3\"\npath = \"/tmp/gh-issue-solver-1778957708011/rust/scripts/get-version.rs\"\n\n[dependencies]\nregex = \"1\"\n\n[package]\nauthors = [\"Anonymous\"]\nedition = \"2021\"\nname = \"get-version_21a026b3303cf5ee15913ff3\"\nversion = \"0.1.0\"\n\n[profile.release]\nstrip = true\n", script: None, build_kind: Normal, bin_name: "get-version_21a026b3303cf5ee15913ff3", original_script_path: Some("rust/scripts/get-version.rs") }
[2026-05-16T19:21:27Z INFO  rust_script] creating pkg dir...
[2026-05-16T19:21:27Z INFO  rust_script] generating Cargo package...
[2026-05-16T19:21:27Z DEBUG rust_script] overwrite_file("/tmp/lino-rust-script-checks/get-version/Cargo.toml", _)
[2026-05-16T19:21:27Z DEBUG rust_script] .. files differ
[2026-05-16T19:21:27Z INFO  rust_script] disarming pkg dir cleanup...
/tmp/lino-rust-script-checks/get-version
[2026-05-16T19:21:27Z INFO  rust_script] cleaning cache with max_age: 604800000
[2026-05-16T19:21:27Z INFO  rust_script] cutoff:            1778354487079 ms
[2026-05-16T19:21:27Z INFO  rust_script] checking: "/home/box/.cache/rust-script/projects/3381028aa6bfa11e89a55930"
[2026-05-16T19:21:27Z INFO  rust_script] meta_mtime:        1778932194983 ms
[2026-05-16T19:21:27Z INFO  rust_script] checking: "/home/box/.cache/rust-script/projects/0e7f838c78399547fe25d26c"
[2026-05-16T19:21:27Z INFO  rust_script] meta_mtime:        1778958910519 ms
[2026-05-16T19:21:27Z INFO  rust_script] checking: "/home/box/.cache/rust-script/projects/3495c9231fcd9dee4c288a36"
[2026-05-16T19:21:27Z INFO  rust_script] meta_mtime:        1778890446261 ms
[2026-05-16T19:21:27Z INFO  rust_script] checking: "/home/box/.cache/rust-script/projects/7be9a58812e1033988a1978a"
[2026-05-16T19:21:27Z INFO  rust_script] meta_mtime:        1778942985023 ms
[2026-05-16T19:21:27Z INFO  rust_script] checking: "/home/box/.cache/rust-script/projects/21a026b3303cf5ee15913ff3"
[2026-05-16T19:21:27Z INFO  rust_script] meta_mtime:        1778958885990 ms
[2026-05-16T19:21:27Z INFO  rust_script] checking: "/home/box/.cache/rust-script/projects/d5807d669764a01fdbfb2369"
[2026-05-16T19:21:27Z INFO  rust_script] meta_mtime:        1778890713470 ms
[2026-05-16T19:21:27Z INFO  rust_script] checking: "/home/box/.cache/rust-script/projects/1a0b5e03d356ca58e2e5b984"
[2026-05-16T19:21:27Z INFO  rust_script] meta_mtime:        1778936327314 ms
[2026-05-16T19:21:27Z INFO  rust_script] checking: "/home/box/.cache/rust-script/projects/0022130de9dee961c3c2420d"
[2026-05-16T19:21:27Z INFO  rust_script] meta_mtime:        1778942651118 ms
[2026-05-16T19:21:27Z INFO  rust_script] checking: "/home/box/.cache/rust-script/projects/86344f5050ccef5bb6f0ff64"
[2026-05-16T19:21:27Z INFO  rust_script] meta_mtime:        1778958885953 ms
[2026-05-16T19:21:27Z INFO  rust_script] checking: "/home/box/.cache/rust-script/projects/4a657a73f0466a8fe7f387ca"
[2026-05-16T19:21:27Z INFO  rust_script] meta_mtime:        1778891460629 ms
[2026-05-16T19:21:27Z INFO  rust_script] checking: "/home/box/.cache/rust-script/projects/5352bdc8d1647b102660cabb"
[2026-05-16T19:21:27Z INFO  rust_script] meta_mtime:        1778936327358 ms
[2026-05-16T19:21:27Z INFO  rust_script] checking: "/home/box/.cache/rust-script/projects/9cf02d984b1e5977ddd8b2e8"
[2026-05-16T19:21:27Z INFO  rust_script] meta_mtime:        1778942978674 ms
[2026-05-16T19:21:27Z INFO  rust_script] checking: "/home/box/.cache/rust-script/projects/a378f87bc6dd9a102020cfdd"
[2026-05-16T19:21:27Z INFO  rust_script] meta_mtime:        1778932095031 ms
[2026-05-16T19:21:27Z INFO  rust_script] checking: "/home/box/.cache/rust-script/projects/bbd3fbe08d1a3c3131ec3625"
[2026-05-16T19:21:27Z INFO  rust_script] meta_mtime:        1778951430888 ms
[2026-05-16T19:21:27Z INFO  rust_script] checking: "/home/box/.cache/rust-script/projects/0a99fac48bf88d3f0779ad92"
[2026-05-16T19:21:27Z INFO  rust_script] meta_mtime:        1778890376568 ms
[2026-05-16T19:21:27Z INFO  rust_script] checking: "/home/box/.cache/rust-script/projects/4bd4fbcffec686fd427325d2"
[2026-05-16T19:21:27Z INFO  rust_script] meta_mtime:        1778942978711 ms
[2026-05-16T19:21:27Z INFO  rust_script] checking: "/home/box/.cache/rust-script/projects/9e209ed19f4b501a6943e3d6"
[2026-05-16T19:21:27Z INFO  rust_script] meta_mtime:        1778936242000 ms
[2026-05-16T19:21:27Z INFO  rust_script] checking: "/home/box/.cache/rust-script/projects/91255d195396fc7317b86e0b"
[2026-05-16T19:21:27Z INFO  rust_script] meta_mtime:        1778932226206 ms
[2026-05-16T19:21:27Z INFO  rust_script] checking: "/home/box/.cache/rust-script/projects/2b7cbff296015347bc8f44b2"
[2026-05-16T19:21:27Z INFO  rust_script] meta_mtime:        1778927877916 ms
[2026-05-16T19:21:27Z INFO  rust_script] done cleaning cache.
    Updating crates.io index
     Locking 5 packages to latest compatible versions
    Checking memchr v2.8.0
    Checking regex-syntax v0.8.10
    Checking aho-corasick v1.1.4
    Checking regex-automata v0.4.14
    Checking regex v1.12.3
    Checking get-version_21a026b3303cf5ee15913ff3 v0.1.0 (/tmp/lino-rust-script-checks/get-version)
    Finished `dev` profile [unoptimized + debuginfo] target(s) in 2.55s

== rust/scripts/git-config.rs ==
[2026-05-16T19:21:29Z INFO  rust_script] Arguments: Args { script: Some("rust/scripts/git-config.rs"), script_args: [], expr: false, loop_: false, count: false, base_path: None, pkg_path: Some("/tmp/lino-rust-script-checks/git-config"), gen_pkg_only: true, cargo_output: false, clear_cache: false, debug: false, dep: [], extern_: [], force: false, unstable_features: [], build_kind: Normal, toolchain_version: None, wrapper: None }
[2026-05-16T19:21:29Z INFO  rust_script] input: File("git-config", "/tmp/gh-issue-solver-1778957708011/rust/scripts/git-config.rs", "#!/usr/bin/env rust-script\n//! Configure git user for CI/CD pipeline\n//!\n//! This script sets up the git user name and email for automated commits.\n//! It's used by the CI/CD pipeline before making commits.\n//!\n//! Usage: rust-script scripts/git-config.rs [--name <name>] [--email <email>]\n//!\n//! Environment variables:\n//!   - GIT_USER_NAME: Git user name (default: github-actions[bot])\n//!   - GIT_USER_EMAIL: Git user email (default: github-actions[bot]@users.noreply.github.com)\n\nuse std::env;\nuse std::process::{exit, Command};\n\nfn get_arg(name: &str, default: &str) -> String {\n    let args: Vec<String> = env::args().collect();\n    let flag = format!(\"--{}\", name);\n\n    if let Some(idx) = args.iter().position(|a| a == &flag) {\n        if let Some(value) = args.get(idx + 1) {\n            return value.clone();\n        }\n    }\n\n    // Check environment variable\n    let env_name = format!(\"GIT_USER_{}\", name.to_uppercase());\n    env::var(&env_name).unwrap_or_else(|_| default.to_string())\n}\n\nfn run_command(cmd: &str, args: &[&str]) -> Result<(), String> {\n    let output = Command::new(cmd)\n        .args(args)\n        .output()\n        .map_err(|e| format!(\"Failed to execute {}: {}\", cmd, e))?;\n\n    if !output.status.success() {\n        let stderr = String::from_utf8_lossy(&output.stderr);\n        return Err(format!(\"Command failed: {}\", stderr));\n    }\n\n    Ok(())\n}\n\nfn main() {\n    let name = get_arg(\"name\", \"github-actions[bot]\");\n    let email = get_arg(\"email\", \"github-actions[bot]@users.noreply.github.com\");\n\n    println!(\"Configuring git user: {} <{}>\", name, email);\n\n    if let Err(e) = run_command(\"git\", &[\"config\", \"user.name\", &name]) {\n        eprintln!(\"Error configuring git name: {}\", e);\n        exit(1);\n    }\n\n    if let Err(e) = run_command(\"git\", &[\"config\", \"user.email\", &email]) {\n        eprintln!(\"Error configuring git email: {}\", e);\n        exit(1);\n    }\n\n    println!(\"Git configuration complete\");\n}\n", "/tmp/gh-issue-solver-1778957708011/rust/scripts")
[2026-05-16T19:21:29Z INFO  rust_script] prelude_items: []
[2026-05-16T19:21:29Z INFO  rust_script] id: "b872f0d58e6930853898c300"
[2026-05-16T19:21:29Z INFO  rust_script] pkg_path: "/tmp/lino-rust-script-checks/git-config"
[2026-05-16T19:21:29Z INFO  rust_script] using_cache: false
[2026-05-16T19:21:29Z INFO  rust_script::manifest] part_mani: {}
[2026-05-16T19:21:29Z INFO  rust_script::manifest] source: None
[2026-05-16T19:21:29Z INFO  rust_script::manifest] manifest: [[bin]]
    name = "git-config_b872f0d58e6930853898c300"
    path = "/tmp/gh-issue-solver-1778957708011/rust/scripts/git-config.rs"

    [dependencies]

    [package]
    authors = ["Anonymous"]
    edition = "2021"
    name = "git-config_b872f0d58e6930853898c300"
    version = "0.1.0"

    [profile.release]
    strip = true

[2026-05-16T19:21:29Z INFO  rust_script] action: InputAction { cargo_output: false, force_compile: false, execute: false, pkg_path: "/tmp/lino-rust-script-checks/git-config", script_path: "/tmp/gh-issue-solver-1778957708011/rust/scripts/git-config.rs", using_cache: false, toolchain_version: None, debug: false, manifest: "[[bin]]\nname = \"git-config_b872f0d58e6930853898c300\"\npath = \"/tmp/gh-issue-solver-1778957708011/rust/scripts/git-config.rs\"\n\n[dependencies]\n\n[package]\nauthors = [\"Anonymous\"]\nedition = \"2021\"\nname = \"git-config_b872f0d58e6930853898c300\"\nversion = \"0.1.0\"\n\n[profile.release]\nstrip = true\n", script: None, build_kind: Normal, bin_name: "git-config_b872f0d58e6930853898c300", original_script_path: Some("rust/scripts/git-config.rs") }
[2026-05-16T19:21:29Z INFO  rust_script] creating pkg dir...
[2026-05-16T19:21:29Z INFO  rust_script] generating Cargo package...
[2026-05-16T19:21:29Z DEBUG rust_script] overwrite_file("/tmp/lino-rust-script-checks/git-config/Cargo.toml", _)
[2026-05-16T19:21:29Z DEBUG rust_script] .. files differ
[2026-05-16T19:21:29Z INFO  rust_script] disarming pkg dir cleanup...
/tmp/lino-rust-script-checks/git-config
[2026-05-16T19:21:29Z INFO  rust_script] cleaning cache with max_age: 604800000
[2026-05-16T19:21:29Z INFO  rust_script] cutoff:            1778354489658 ms
[2026-05-16T19:21:29Z INFO  rust_script] checking: "/home/box/.cache/rust-script/projects/3381028aa6bfa11e89a55930"
[2026-05-16T19:21:29Z INFO  rust_script] meta_mtime:        1778932194983 ms
[2026-05-16T19:21:29Z INFO  rust_script] checking: "/home/box/.cache/rust-script/projects/0e7f838c78399547fe25d26c"
[2026-05-16T19:21:29Z INFO  rust_script] meta_mtime:        1778958910519 ms
[2026-05-16T19:21:29Z INFO  rust_script] checking: "/home/box/.cache/rust-script/projects/3495c9231fcd9dee4c288a36"
[2026-05-16T19:21:29Z INFO  rust_script] meta_mtime:        1778890446261 ms
[2026-05-16T19:21:29Z INFO  rust_script] checking: "/home/box/.cache/rust-script/projects/7be9a58812e1033988a1978a"
[2026-05-16T19:21:29Z INFO  rust_script] meta_mtime:        1778942985023 ms
[2026-05-16T19:21:29Z INFO  rust_script] checking: "/home/box/.cache/rust-script/projects/21a026b3303cf5ee15913ff3"
[2026-05-16T19:21:29Z INFO  rust_script] meta_mtime:        1778958885990 ms
[2026-05-16T19:21:29Z INFO  rust_script] checking: "/home/box/.cache/rust-script/projects/d5807d669764a01fdbfb2369"
[2026-05-16T19:21:29Z INFO  rust_script] meta_mtime:        1778890713470 ms
[2026-05-16T19:21:29Z INFO  rust_script] checking: "/home/box/.cache/rust-script/projects/1a0b5e03d356ca58e2e5b984"
[2026-05-16T19:21:29Z INFO  rust_script] meta_mtime:        1778936327314 ms
[2026-05-16T19:21:29Z INFO  rust_script] checking: "/home/box/.cache/rust-script/projects/0022130de9dee961c3c2420d"
[2026-05-16T19:21:29Z INFO  rust_script] meta_mtime:        1778942651118 ms
[2026-05-16T19:21:29Z INFO  rust_script] checking: "/home/box/.cache/rust-script/projects/86344f5050ccef5bb6f0ff64"
[2026-05-16T19:21:29Z INFO  rust_script] meta_mtime:        1778958885953 ms
[2026-05-16T19:21:29Z INFO  rust_script] checking: "/home/box/.cache/rust-script/projects/4a657a73f0466a8fe7f387ca"
[2026-05-16T19:21:29Z INFO  rust_script] meta_mtime:        1778891460629 ms
[2026-05-16T19:21:29Z INFO  rust_script] checking: "/home/box/.cache/rust-script/projects/5352bdc8d1647b102660cabb"
[2026-05-16T19:21:29Z INFO  rust_script] meta_mtime:        1778936327358 ms
[2026-05-16T19:21:29Z INFO  rust_script] checking: "/home/box/.cache/rust-script/projects/9cf02d984b1e5977ddd8b2e8"
[2026-05-16T19:21:29Z INFO  rust_script] meta_mtime:        1778942978674 ms
[2026-05-16T19:21:29Z INFO  rust_script] checking: "/home/box/.cache/rust-script/projects/a378f87bc6dd9a102020cfdd"
[2026-05-16T19:21:29Z INFO  rust_script] meta_mtime:        1778932095031 ms
[2026-05-16T19:21:29Z INFO  rust_script] checking: "/home/box/.cache/rust-script/projects/bbd3fbe08d1a3c3131ec3625"
[2026-05-16T19:21:29Z INFO  rust_script] meta_mtime:        1778951430888 ms
[2026-05-16T19:21:29Z INFO  rust_script] checking: "/home/box/.cache/rust-script/projects/0a99fac48bf88d3f0779ad92"
[2026-05-16T19:21:29Z INFO  rust_script] meta_mtime:        1778890376568 ms
[2026-05-16T19:21:29Z INFO  rust_script] checking: "/home/box/.cache/rust-script/projects/4bd4fbcffec686fd427325d2"
[2026-05-16T19:21:29Z INFO  rust_script] meta_mtime:        1778942978711 ms
[2026-05-16T19:21:29Z INFO  rust_script] checking: "/home/box/.cache/rust-script/projects/9e209ed19f4b501a6943e3d6"
[2026-05-16T19:21:29Z INFO  rust_script] meta_mtime:        1778936242000 ms
[2026-05-16T19:21:29Z INFO  rust_script] checking: "/home/box/.cache/rust-script/projects/91255d195396fc7317b86e0b"
[2026-05-16T19:21:29Z INFO  rust_script] meta_mtime:        1778932226206 ms
[2026-05-16T19:21:29Z INFO  rust_script] checking: "/home/box/.cache/rust-script/projects/2b7cbff296015347bc8f44b2"
[2026-05-16T19:21:29Z INFO  rust_script] meta_mtime:        1778927877916 ms
[2026-05-16T19:21:29Z INFO  rust_script] done cleaning cache.
    Checking git-config_b872f0d58e6930853898c300 v0.1.0 (/tmp/lino-rust-script-checks/git-config)
    Finished `dev` profile [unoptimized + debuginfo] target(s) in 0.11s

== rust/scripts/publish-crate.rs ==
[2026-05-16T19:21:29Z INFO  rust_script] Arguments: Args { script: Some("rust/scripts/publish-crate.rs"), script_args: [], expr: false, loop_: false, count: false, base_path: None, pkg_path: Some("/tmp/lino-rust-script-checks/publish-crate"), gen_pkg_only: true, cargo_output: false, clear_cache: false, debug: false, dep: [], extern_: [], force: false, unstable_features: [], build_kind: Normal, toolchain_version: None, wrapper: None }
[2026-05-16T19:21:29Z INFO  rust_script] input: File("publish-crate", "/tmp/gh-issue-solver-1778957708011/rust/scripts/publish-crate.rs", "#!/usr/bin/env rust-script\n//! Publish package to crates.io\n//!\n//! This script publishes the Rust package to crates.io and handles\n//! the case where the version already exists.\n//!\n//! Supports both single-language and multi-language repository structures:\n//! - Single-language: Cargo.toml in repository root\n//! - Multi-language: Cargo.toml in rust/ subfolder\n//!\n//! Usage: rust-script scripts/publish-crate.rs [--token <token>] [--rust-root <path>]\n//!\n//! Environment variables (checked in order of priority):\n//!   - CARGO_REGISTRY_TOKEN: Cargo's native crates.io token (preferred)\n//!   - CARGO_TOKEN: Alternative token name for backwards compatibility\n//!\n//! Outputs (written to GITHUB_OUTPUT):\n//!   - publish_result: 'success', 'already_exists', or 'failed'\n//!\n//! ```cargo\n//! [dependencies]\n//! regex = \"1\"\n//! ureq = \"2\"\n//! ```\n\nuse std::env;\nuse std::fs;\nuse std::io::Write;\nuse std::path::PathBuf;\nuse std::process::{exit, Command};\nuse std::thread;\nuse std::time::Duration;\n\n#[path = \"rust-paths.rs\"]\nmod rust_paths;\n\nfn get_arg(name: &str) -> Option<String> {\n    let args: Vec<String> = env::args().collect();\n    let flag = format!(\"--{}\", name);\n\n    if let Some(idx) = args.iter().position(|a| a == &flag) {\n        return args.get(idx + 1).cloned();\n    }\n\n    None\n}\n\nfn needs_cd(rust_root: &str) -> bool {\n    rust_root != \".\"\n}\n\nfn set_output(key: &str, value: &str) {\n    if let Ok(output_file) = env::var(\"GITHUB_OUTPUT\") {\n        if let Ok(mut file) = fs::OpenOptions::new()\n            .create(true)\n            .append(true)\n            .open(&output_file)\n        {\n            let _ = writeln!(file, \"{}={}\", key, value);\n        }\n    }\n    println!(\"Output: {}={}\", key, value);\n}\n\nfn publish_order_key(manifest: &PathBuf) -> String {\n    let package = rust_paths::read_package_info(manifest).ok();\n    let name = package.map_or_else(String::new, |info| info.name);\n\n    if name.ends_with(\"-macros\") {\n        format!(\"0-{name}\")\n    } else {\n        format!(\"1-{name}\")\n    }\n}\n\nfn crate_version_exists(crate_name: &str, version: &str) -> bool {\n    let url = format!(\"https://crates.io/api/v1/crates/{}/{}\", crate_name, version);\n\n    match ureq::get(&url)\n        .set(\"User-Agent\", \"rust-script-publish-crate\")\n        .call()\n    {\n        Ok(response) => response.status() == 200,\n        Err(ureq::Error::Status(404, _)) => false,\n        Err(e) => {\n            eprintln!(\"Warning: Could not check crates.io: {}\", e);\n            false\n        }\n    }\n}\n\nfn wait_for_crate_version(crate_name: &str, version: &str) -> Result<(), i32> {\n    const MAX_ATTEMPTS: u64 = 30;\n    const SLEEP_SECONDS: u64 = 10;\n\n    for attempt in 1..=MAX_ATTEMPTS {\n        if crate_version_exists(crate_name, version) {\n            println!(\n                \"{}@{} is visible on crates.io after attempt {}\",\n                crate_name, version, attempt\n            );\n            return Ok(());\n        }\n\n        if attempt < MAX_ATTEMPTS {\n            println!(\n                \"{}@{} is not visible on crates.io yet (attempt {}/{}); waiting {}s\",\n                crate_name, version, attempt, MAX_ATTEMPTS, SLEEP_SECONDS\n            );\n            thread::sleep(Duration::from_secs(SLEEP_SECONDS));\n        }\n    }\n\n    eprintln!(\n        \"Error: {}@{} was not visible on crates.io after {} attempts\",\n        crate_name, version, MAX_ATTEMPTS\n    );\n    Err(1)\n}\n\nfn publish_one(manifest: &PathBuf, rust_root: &str, token: Option<&String>) -> Result<String, i32> {\n    let package_info = match rust_paths::read_package_info(manifest) {\n        Ok(info) => info,\n        Err(e) => {\n            eprintln!(\"Error: {}\", e);\n            return Err(1);\n        }\n    };\n    let name = package_info.name;\n    let version = package_info.version;\n\n    println!(\"Package: {}@{}\", name, version);\n\n    if name == \"example-sum-package-name\" {\n        println!(\n            \"Skipping publish: package name is the template default 'example-sum-package-name'\"\n        );\n        return Ok(name);\n    }\n\n    if crate_version_exists(&name, &version) {\n        println!(\n            \"Skipping publish: {}@{} already exists on crates.io\",\n            name, version\n        );\n        return Ok(name);\n    }\n\n    let mut cmd = Command::new(\"cargo\");\n    cmd.arg(\"publish\").arg(\"--allow-dirty\").arg(\"-p\").arg(&name);\n\n    if let Some(t) = token {\n        cmd.arg(\"--token\").arg(t);\n    }\n\n    if needs_cd(rust_root) {\n        cmd.current_dir(rust_root);\n    }\n\n    let output = cmd.output().expect(\"Failed to execute cargo publish\");\n\n    if output.status.success() {\n        println!(\"Successfully published {}@{} to crates.io\", name, version);\n        if name.ends_with(\"-macros\") {\n            wait_for_crate_version(&name, &version)?;\n        }\n        return Ok(name);\n    }\n\n    let stderr = String::from_utf8_lossy(&output.stderr);\n    let stdout = String::from_utf8_lossy(&output.stdout);\n    let combined = format!(\"{}\\n{}\", stdout, stderr);\n\n    if combined.contains(\"already uploaded\") || combined.contains(\"already exists\") {\n        eprintln!();\n        eprintln!(\"=== VERSION ALREADY PUBLISHED ===\");\n        eprintln!(\n            \"Version {} of {} already exists on crates.io.\",\n            version, name\n        );\n        return Ok(name);\n    }\n\n    if combined.contains(\"non-empty token\")\n        || combined.contains(\"please provide a\")\n        || combined.contains(\"unauthorized\")\n        || combined.contains(\"authentication\")\n    {\n        eprintln!();\n        eprintln!(\"=== AUTHENTICATION FAILURE ===\");\n        eprintln!(\"Configure CARGO_REGISTRY_TOKEN or CARGO_TOKEN for crates.io publishing.\");\n        return Err(1);\n    }\n\n    eprintln!(\"Failed to publish {name} for unknown reason\");\n    eprintln!(\"{combined}\");\n    Err(1)\n}\n\nfn main() {\n    let rust_root = match rust_paths::get_rust_root(None, true) {\n        Ok(root) => root,\n        Err(e) => {\n            eprintln!(\"Error: {}\", e);\n            exit(1);\n        }\n    };\n    let cargo_toml = rust_paths::get_cargo_toml_path(&rust_root);\n    let mut package_manifests = match rust_paths::get_publishable_member_manifests(&cargo_toml) {\n        Ok(paths) => paths,\n        Err(e) => {\n            eprintln!(\"Error: {}\", e);\n            exit(1);\n        }\n    };\n    package_manifests.sort_by_key(publish_order_key);\n\n    // Get token from CLI arg, then env vars\n    let token = get_arg(\"token\")\n        .or_else(|| {\n            env::var(\"CARGO_REGISTRY_TOKEN\")\n                .ok()\n                .filter(|s| !s.is_empty())\n        })\n        .or_else(|| env::var(\"CARGO_TOKEN\").ok().filter(|s| !s.is_empty()));\n\n    println!();\n    println!(\"=== Attempting to publish to crates.io ===\");\n\n    if token.is_none() {\n        println!(\"::warning::Neither CARGO_REGISTRY_TOKEN nor CARGO_TOKEN is set, attempting publish without explicit token\");\n        println!();\n        println!(\"To fix this, ensure one of the following secrets is configured:\");\n        println!(\"  - CARGO_REGISTRY_TOKEN (Cargo's native env var, preferred)\");\n        println!(\"  - CARGO_TOKEN (alternative for backwards compatibility)\");\n        println!();\n        println!(\"For organization secrets, you may need to map the secret name in your workflow:\");\n        println!(\"  env:\");\n        println!(\"    CARGO_REGISTRY_TOKEN: ${{{{ secrets.CARGO_TOKEN }}}}\");\n        println!();\n    } else {\n        println!(\"Using provided authentication token\");\n    }\n\n    let mut published = Vec::new();\n    for manifest in &package_manifests {\n        match publish_one(manifest, &rust_root, token.as_ref()) {\n            Ok(name) => published.push(name),\n            Err(code) => {\n                set_output(\"publish_result\", \"failed\");\n                exit(code);\n            }\n        }\n    }\n\n    set_output(\"publish_result\", \"success\");\n    set_output(\"published_crates\", &published.join(\",\"));\n}\n", "/tmp/gh-issue-solver-1778957708011/rust/scripts")
[2026-05-16T19:21:29Z INFO  rust_script] prelude_items: []
[2026-05-16T19:21:29Z INFO  rust_script] id: "c39ce7d558fdc697b6a8524b"
[2026-05-16T19:21:29Z INFO  rust_script] pkg_path: "/tmp/lino-rust-script-checks/publish-crate"
[2026-05-16T19:21:29Z INFO  rust_script] using_cache: false
[2026-05-16T19:21:29Z INFO  rust_script::manifest] part_mani: {"dependencies": Table({"regex": String("1"), "ureq": String("2")})}
[2026-05-16T19:21:29Z INFO  rust_script::manifest] source: None
[2026-05-16T19:21:29Z INFO  rust_script::manifest] manifest: [[bin]]
    name = "publish-crate_c39ce7d558fdc697b6a8524b"
    path = "/tmp/gh-issue-solver-1778957708011/rust/scripts/publish-crate.rs"

    [dependencies]
    regex = "1"
    ureq = "2"

    [package]
    authors = ["Anonymous"]
    edition = "2021"
    name = "publish-crate_c39ce7d558fdc697b6a8524b"
    version = "0.1.0"

    [profile.release]
    strip = true

[2026-05-16T19:21:29Z INFO  rust_script] action: InputAction { cargo_output: false, force_compile: false, execute: false, pkg_path: "/tmp/lino-rust-script-checks/publish-crate", script_path: "/tmp/gh-issue-solver-1778957708011/rust/scripts/publish-crate.rs", using_cache: false, toolchain_version: None, debug: false, manifest: "[[bin]]\nname = \"publish-crate_c39ce7d558fdc697b6a8524b\"\npath = \"/tmp/gh-issue-solver-1778957708011/rust/scripts/publish-crate.rs\"\n\n[dependencies]\nregex = \"1\"\nureq = \"2\"\n\n[package]\nauthors = [\"Anonymous\"]\nedition = \"2021\"\nname = \"publish-crate_c39ce7d558fdc697b6a8524b\"\nversion = \"0.1.0\"\n\n[profile.release]\nstrip = true\n", script: None, build_kind: Normal, bin_name: "publish-crate_c39ce7d558fdc697b6a8524b", original_script_path: Some("rust/scripts/publish-crate.rs") }
[2026-05-16T19:21:29Z INFO  rust_script] creating pkg dir...
[2026-05-16T19:21:29Z INFO  rust_script] generating Cargo package...
[2026-05-16T19:21:29Z DEBUG rust_script] overwrite_file("/tmp/lino-rust-script-checks/publish-crate/Cargo.toml", _)
[2026-05-16T19:21:29Z DEBUG rust_script] .. files differ
[2026-05-16T19:21:29Z INFO  rust_script] disarming pkg dir cleanup...
/tmp/lino-rust-script-checks/publish-crate
[2026-05-16T19:21:29Z INFO  rust_script] cleaning cache with max_age: 604800000
[2026-05-16T19:21:29Z INFO  rust_script] cutoff:            1778354489860 ms
[2026-05-16T19:21:29Z INFO  rust_script] checking: "/home/box/.cache/rust-script/projects/3381028aa6bfa11e89a55930"
[2026-05-16T19:21:29Z INFO  rust_script] meta_mtime:        1778932194983 ms
[2026-05-16T19:21:29Z INFO  rust_script] checking: "/home/box/.cache/rust-script/projects/0e7f838c78399547fe25d26c"
[2026-05-16T19:21:29Z INFO  rust_script] meta_mtime:        1778958910519 ms
[2026-05-16T19:21:29Z INFO  rust_script] checking: "/home/box/.cache/rust-script/projects/3495c9231fcd9dee4c288a36"
[2026-05-16T19:21:29Z INFO  rust_script] meta_mtime:        1778890446261 ms
[2026-05-16T19:21:29Z INFO  rust_script] checking: "/home/box/.cache/rust-script/projects/7be9a58812e1033988a1978a"
[2026-05-16T19:21:29Z INFO  rust_script] meta_mtime:        1778942985023 ms
[2026-05-16T19:21:29Z INFO  rust_script] checking: "/home/box/.cache/rust-script/projects/21a026b3303cf5ee15913ff3"
[2026-05-16T19:21:29Z INFO  rust_script] meta_mtime:        1778958885990 ms
[2026-05-16T19:21:29Z INFO  rust_script] checking: "/home/box/.cache/rust-script/projects/d5807d669764a01fdbfb2369"
[2026-05-16T19:21:29Z INFO  rust_script] meta_mtime:        1778890713470 ms
[2026-05-16T19:21:29Z INFO  rust_script] checking: "/home/box/.cache/rust-script/projects/1a0b5e03d356ca58e2e5b984"
[2026-05-16T19:21:29Z INFO  rust_script] meta_mtime:        1778936327314 ms
[2026-05-16T19:21:29Z INFO  rust_script] checking: "/home/box/.cache/rust-script/projects/0022130de9dee961c3c2420d"
[2026-05-16T19:21:29Z INFO  rust_script] meta_mtime:        1778942651118 ms
[2026-05-16T19:21:29Z INFO  rust_script] checking: "/home/box/.cache/rust-script/projects/86344f5050ccef5bb6f0ff64"
[2026-05-16T19:21:29Z INFO  rust_script] meta_mtime:        1778958885953 ms
[2026-05-16T19:21:29Z INFO  rust_script] checking: "/home/box/.cache/rust-script/projects/4a657a73f0466a8fe7f387ca"
[2026-05-16T19:21:29Z INFO  rust_script] meta_mtime:        1778891460629 ms
[2026-05-16T19:21:29Z INFO  rust_script] checking: "/home/box/.cache/rust-script/projects/5352bdc8d1647b102660cabb"
[2026-05-16T19:21:29Z INFO  rust_script] meta_mtime:        1778936327358 ms
[2026-05-16T19:21:29Z INFO  rust_script] checking: "/home/box/.cache/rust-script/projects/9cf02d984b1e5977ddd8b2e8"
[2026-05-16T19:21:29Z INFO  rust_script] meta_mtime:        1778942978674 ms
[2026-05-16T19:21:29Z INFO  rust_script] checking: "/home/box/.cache/rust-script/projects/a378f87bc6dd9a102020cfdd"
[2026-05-16T19:21:29Z INFO  rust_script] meta_mtime:        1778932095031 ms
[2026-05-16T19:21:29Z INFO  rust_script] checking: "/home/box/.cache/rust-script/projects/bbd3fbe08d1a3c3131ec3625"
[2026-05-16T19:21:29Z INFO  rust_script] meta_mtime:        1778951430888 ms
[2026-05-16T19:21:29Z INFO  rust_script] checking: "/home/box/.cache/rust-script/projects/0a99fac48bf88d3f0779ad92"
[2026-05-16T19:21:29Z INFO  rust_script] meta_mtime:        1778890376568 ms
[2026-05-16T19:21:29Z INFO  rust_script] checking: "/home/box/.cache/rust-script/projects/4bd4fbcffec686fd427325d2"
[2026-05-16T19:21:29Z INFO  rust_script] meta_mtime:        1778942978711 ms
[2026-05-16T19:21:29Z INFO  rust_script] checking: "/home/box/.cache/rust-script/projects/9e209ed19f4b501a6943e3d6"
[2026-05-16T19:21:29Z INFO  rust_script] meta_mtime:        1778936242000 ms
[2026-05-16T19:21:29Z INFO  rust_script] checking: "/home/box/.cache/rust-script/projects/91255d195396fc7317b86e0b"
[2026-05-16T19:21:29Z INFO  rust_script] meta_mtime:        1778932226206 ms
[2026-05-16T19:21:29Z INFO  rust_script] checking: "/home/box/.cache/rust-script/projects/2b7cbff296015347bc8f44b2"
[2026-05-16T19:21:29Z INFO  rust_script] meta_mtime:        1778927877916 ms
[2026-05-16T19:21:29Z INFO  rust_script] done cleaning cache.
    Updating crates.io index
     Locking 75 packages to latest compatible versions
      Adding ureq v2.12.1 (available: v3.3.0)
   Compiling proc-macro2 v1.0.106
   Compiling quote v1.0.45
   Compiling unicode-ident v1.0.24
    Checking stable_deref_trait v1.2.1
    Checking litemap v0.8.2
    Checking writeable v0.6.3
   Compiling find-msvc-tools v0.1.9
   Compiling shlex v1.3.0
    Checking cfg-if v1.0.4
   Compiling libc v0.2.186
   Compiling icu_normalizer_data v2.2.0
   Compiling cc v1.2.62
    Checking utf8_iter v1.0.4
   Compiling icu_properties_data v2.2.0
    Checking zeroize v1.8.2
    Checking smallvec v1.15.1
    Checking rustls-pki-types v1.14.1
   Compiling crc32fast v1.5.0
    Checking untrusted v0.9.0
    Checking percent-encoding v2.3.2
    Checking memchr v2.8.0
   Compiling rustls v0.23.40
    Checking adler2 v2.0.1
    Checking simd-adler32 v0.3.9
   Compiling syn v2.0.117
    Checking miniz_oxide v0.8.9
    Checking aho-corasick v1.1.4
    Checking webpki-roots v1.0.7
    Checking getrandom v0.2.17
    Checking form_urlencoded v1.2.2
    Checking log v0.4.29
    Checking regex-syntax v0.8.10
    Checking subtle v2.6.1
    Checking once_cell v1.21.4
    Checking flate2 v1.1.9
    Checking webpki-roots v0.26.11
    Checking base64 v0.22.1
   Compiling ring v0.17.14
    Checking regex-automata v0.4.14
   Compiling synstructure v0.13.2
   Compiling zerofrom-derive v0.1.7
   Compiling yoke-derive v0.8.2
   Compiling zerovec-derive v0.11.3
   Compiling displaydoc v0.2.5
    Checking zerofrom v0.1.8
    Checking yoke v0.8.2
    Checking zerotrie v0.2.4
    Checking zerovec v0.11.6
    Checking regex v1.12.3
    Checking tinystr v0.8.3
    Checking potential_utf v0.1.5
    Checking icu_collections v2.2.0
    Checking icu_locale_core v2.2.0
    Checking rustls-webpki v0.103.13
    Checking icu_provider v2.2.0
    Checking icu_properties v2.2.0
    Checking icu_normalizer v2.2.0
    Checking idna_adapter v1.2.2
    Checking idna v1.1.0
    Checking url v2.5.8
    Checking ureq v2.12.1
    Checking publish-crate_c39ce7d558fdc697b6a8524b v0.1.0 (/tmp/lino-rust-script-checks/publish-crate)
    Finished `dev` profile [unoptimized + debuginfo] target(s) in 6.78s

== rust/scripts/version-and-commit.rs ==
[2026-05-16T19:21:36Z INFO  rust_script] Arguments: Args { script: Some("rust/scripts/version-and-commit.rs"), script_args: [], expr: false, loop_: false, count: false, base_path: None, pkg_path: Some("/tmp/lino-rust-script-checks/version-and-commit"), gen_pkg_only: true, cargo_output: false, clear_cache: false, debug: false, dep: [], extern_: [], force: false, unstable_features: [], build_kind: Normal, toolchain_version: None, wrapper: None }
[2026-05-16T19:21:36Z INFO  rust_script] input: File("version-and-commit", "/tmp/gh-issue-solver-1778957708011/rust/scripts/version-and-commit.rs", "#!/usr/bin/env rust-script\n//! Bump version in Cargo.toml and commit changes\n//! Used by the CI/CD pipeline for releases\n//!\n//! IMPORTANT: This script checks crates.io (the source of truth for Rust packages),\n//! NOT git tags. This is critical because:\n//! - Git tags can exist without the package being published\n//! - GitHub releases create tags but don't publish to crates.io\n//! - Only crates.io publication means users can actually install the package\n//!\n//! Supports both single-language and multi-language repository structures:\n//! - Single-language: Cargo.toml and changelog.d/ in repository root\n//! - Multi-language: Cargo.toml and changelog.d/ in rust/ subfolder\n//!\n//! Usage: rust-script scripts/version-and-commit.rs --bump-type <major|minor|patch> [--description <desc>] [--rust-root <path>] [--tag-prefix <prefix>] [--release-label <label>]\n//!\n//! ```cargo\n//! [dependencies]\n//! regex = \"1\"\n//! chrono = \"0.4\"\n//! ureq = \"2\"\n//! serde = { version = \"1\", features = [\"derive\"] }\n//! serde_json = \"1\"\n//! ```\n\nuse chrono::Utc;\nuse regex::Regex;\nuse serde::Deserialize;\nuse std::env;\nuse std::fs;\nuse std::io::Write;\nuse std::path::Path;\nuse std::process::{exit, Command};\n\n#[path = \"rust-paths.rs\"]\nmod rust_paths;\n\nfn get_arg(name: &str) -> Option<String> {\n    let args: Vec<String> = env::args().collect();\n    let flag = format!(\"--{}\", name);\n\n    if let Some(idx) = args.iter().position(|a| a == &flag) {\n        return args.get(idx + 1).cloned();\n    }\n\n    let env_name = name.to_uppercase().replace('-', \"_\");\n    env::var(&env_name).ok().filter(|s| !s.is_empty())\n}\n\nfn get_changelog_dir(rust_root: &str) -> String {\n    if rust_root == \".\" {\n        \"./changelog.d\".to_string()\n    } else {\n        format!(\"{}/changelog.d\", rust_root)\n    }\n}\n\nfn get_changelog_path(rust_root: &str) -> String {\n    if rust_root == \".\" {\n        \"./CHANGELOG.md\".to_string()\n    } else {\n        format!(\"{}/CHANGELOG.md\", rust_root)\n    }\n}\n\nfn set_output(key: &str, value: &str) {\n    if let Ok(output_file) = env::var(\"GITHUB_OUTPUT\") {\n        if let Err(e) = fs::OpenOptions::new()\n            .create(true)\n            .append(true)\n            .open(&output_file)\n            .and_then(|mut f| writeln!(f, \"{}={}\", key, value))\n        {\n            eprintln!(\"Warning: Could not write to GITHUB_OUTPUT: {}\", e);\n        }\n    }\n    println!(\"Output: {}={}\", key, value);\n}\n\nfn exec(command: &str, args: &[&str]) -> Result<String, String> {\n    match Command::new(command).args(args).output() {\n        Ok(output) => {\n            if output.status.success() {\n                Ok(String::from_utf8_lossy(&output.stdout).trim().to_string())\n            } else {\n                let stderr = String::from_utf8_lossy(&output.stderr);\n                Err(format!(\"Command failed: {}\", stderr))\n            }\n        }\n        Err(e) => Err(format!(\"Failed to execute: {}\", e)),\n    }\n}\n\nfn exec_check(command: &str, args: &[&str]) -> bool {\n    Command::new(command)\n        .args(args)\n        .output()\n        .map(|o| o.status.success())\n        .unwrap_or(false)\n}\n\nstruct Version {\n    major: u32,\n    minor: u32,\n    patch: u32,\n    #[allow(dead_code)]\n    pre_release: Option<String>,\n}\n\nimpl Version {\n    fn parse(content: &str) -> Option<Version> {\n        let re = Regex::new(r#\"(?m)^version\\s*=\\s*\"(\\d+)\\.(\\d+)\\.(\\d+)(?:-([^\"]+))?\"\"#).ok()?;\n        let caps = re.captures(content)?;\n        Some(Version {\n            major: caps.get(1)?.as_str().parse().ok()?,\n            minor: caps.get(2)?.as_str().parse().ok()?,\n            patch: caps.get(3)?.as_str().parse().ok()?,\n            pre_release: caps.get(4).map(|m| m.as_str().to_string()),\n        })\n    }\n\n    fn bump(&self, bump_type: &str) -> String {\n        match bump_type {\n            \"major\" => format!(\"{}.0.0\", self.major + 1),\n            \"minor\" => format!(\"{}.{}.0\", self.major, self.minor + 1),\n            _ => format!(\"{}.{}.{}\", self.major, self.minor, self.patch + 1),\n        }\n    }\n}\n\nfn update_cargo_toml(cargo_toml_path: &str, new_version: &str) -> Result<(), String> {\n    let content = fs::read_to_string(cargo_toml_path)\n        .map_err(|e| format!(\"Failed to read {}: {}\", cargo_toml_path, e))?;\n\n    let re = Regex::new(r#\"(?m)^(version\\s*=\\s*\")[^\"]+(\")\"#).unwrap();\n    let new_content = re.replace(&content, format!(\"${{1}}{}${{2}}\", new_version).as_str());\n\n    fs::write(cargo_toml_path, new_content.as_ref())\n        .map_err(|e| format!(\"Failed to write {}: {}\", cargo_toml_path, e))?;\n\n    println!(\"Updated {} to version {}\", cargo_toml_path, new_version);\n    Ok(())\n}\n\n#[derive(Deserialize)]\nstruct CratesIoCrate {\n    versions: Option<Vec<CratesIoVersionEntry>>,\n}\n\n#[derive(Deserialize)]\nstruct CratesIoVersionEntry {\n    num: String,\n    yanked: bool,\n}\n\nfn get_crate_name(cargo_toml_path: &str) -> Result<String, String> {\n    let content = fs::read_to_string(cargo_toml_path)\n        .map_err(|e| format!(\"Failed to read {}: {}\", cargo_toml_path, e))?;\n\n    let re = Regex::new(r#\"(?m)^name\\s*=\\s*\"([^\"]+)\"\"#).unwrap();\n\n    if let Some(caps) = re.captures(&content) {\n        Ok(caps.get(1).unwrap().as_str().to_string())\n    } else {\n        Err(format!(\"Could not find name in {}\", cargo_toml_path))\n    }\n}\n\nfn check_tag_exists(tag_prefix: &str, version: &str) -> bool {\n    exec_check(\"git\", &[\"rev-parse\", &format!(\"{}{}\", tag_prefix, version)])\n}\n\nfn check_version_on_crates_io(crate_name: &str, version: &str) -> bool {\n    let url = format!(\"https://crates.io/api/v1/crates/{}/{}\", crate_name, version);\n    match ureq::get(&url)\n        .set(\"User-Agent\", \"rust-script-version-and-commit\")\n        .call()\n    {\n        Ok(response) => response.status() == 200,\n        Err(_) => false,\n    }\n}\n\nfn get_max_published_version(crate_name: &str) -> Option<(u32, u32, u32)> {\n    let url = format!(\"https://crates.io/api/v1/crates/{}\", crate_name);\n    match ureq::get(&url)\n        .set(\"User-Agent\", \"rust-script-version-and-commit\")\n        .call()\n    {\n        Ok(response) => {\n            if response.status() == 200 {\n                if let Ok(body) = response.into_string() {\n                    if let Ok(data) = serde_json::from_str::<CratesIoCrate>(&body) {\n                        if let Some(versions) = data.versions {\n                            let mut max: Option<(u32, u32, u32)> = None;\n                            for v in &versions {\n                                if v.yanked {\n                                    continue;\n                                }\n                                let base = match v.num.split('-').next() {\n                                    Some(b) => b,\n                                    None => continue,\n                                };\n                                let parts: Vec<&str> = base.split('.').collect();\n                                if parts.len() == 3 {\n                                    if let (Ok(a), Ok(b), Ok(c)) = (\n                                        parts[0].parse::<u32>(),\n                                        parts[1].parse::<u32>(),\n                                        parts[2].parse::<u32>(),\n                                    ) {\n                                        let tuple = (a, b, c);\n                                        if max.map_or(true, |m| tuple > m) {\n                                            max = Some(tuple);\n                                        }\n                                    }\n                                }\n                            }\n                            return max;\n                        }\n                    }\n                }\n            }\n            None\n        }\n        Err(_) => None,\n    }\n}\n\nfn ensure_version_exceeds_published(\n    version_str: &str,\n    crate_name: &str,\n    tag_prefix: &str,\n    max_published: Option<(u32, u32, u32)>,\n) -> String {\n    let parts: Vec<&str> = version_str\n        .split('-')\n        .next()\n        .unwrap_or(version_str)\n        .split('.')\n        .collect();\n    if parts.len() != 3 {\n        return version_str.to_string();\n    }\n\n    let mut major: u32 = parts[0].parse().unwrap_or(0);\n    let mut minor: u32 = parts[1].parse().unwrap_or(0);\n    let mut patch: u32 = parts[2].parse().unwrap_or(0);\n\n    if let Some((pub_major, pub_minor, pub_patch)) = max_published {\n        if (major, minor, patch) <= (pub_major, pub_minor, pub_patch) {\n            println!(\n                \"Version {}.{}.{} is not greater than max published {}.{}.{}, adjusting to {}.{}.{}\",\n                major, minor, patch,\n                pub_major, pub_minor, pub_patch,\n                pub_major, pub_minor, pub_patch + 1\n            );\n            major = pub_major;\n            minor = pub_minor;\n            patch = pub_patch + 1;\n        }\n    }\n\n    let mut candidate = format!(\"{}.{}.{}\", major, minor, patch);\n    let mut safety_counter = 0;\n    while (check_tag_exists(tag_prefix, &candidate)\n        || check_version_on_crates_io(crate_name, &candidate))\n        && safety_counter < 100\n    {\n        println!(\n            \"Version {} already has a git tag or is published on crates.io, bumping patch\",\n            candidate\n        );\n        patch += 1;\n        candidate = format!(\"{}.{}.{}\", major, minor, patch);\n        safety_counter += 1;\n    }\n\n    if safety_counter >= 100 {\n        eprintln!(\"Error: Could not find an unpublished version after 100 attempts\");\n        exit(1);\n    }\n\n    candidate\n}\n\nfn strip_frontmatter(content: &str) -> String {\n    let re = Regex::new(r\"(?s)^---\\s*\\n.*?\\n---\\s*\\n(.*)$\").unwrap();\n    if let Some(caps) = re.captures(content) {\n        caps.get(1).unwrap().as_str().trim().to_string()\n    } else {\n        content.trim().to_string()\n    }\n}\n\nfn collect_changelog(changelog_dir: &str, changelog_file: &str, version: &str) {\n    let dir_path = Path::new(changelog_dir);\n    if !dir_path.exists() {\n        return;\n    }\n\n    let mut files: Vec<_> = match fs::read_dir(dir_path) {\n        Ok(entries) => entries\n            .filter_map(|e| e.ok())\n            .map(|e| e.path())\n            .filter(|p| {\n                p.extension().map_or(false, |ext| ext == \"md\")\n                    && p.file_name().map_or(false, |name| name != \"README.md\")\n            })\n            .collect(),\n        Err(_) => return,\n    };\n\n    if files.is_empty() {\n        return;\n    }\n\n    files.sort();\n\n    let fragments: Vec<String> = files\n        .iter()\n        .filter_map(|f| fs::read_to_string(f).ok())\n        .map(|c| strip_frontmatter(&c))\n        .filter(|c| !c.is_empty())\n        .collect();\n\n    if fragments.is_empty() {\n        return;\n    }\n\n    let date_str = Utc::now().format(\"%Y-%m-%d\").to_string();\n    let new_entry = format!(\n        \"\\n## [{}] - {}\\n\\n{}\\n\",\n        version,\n        date_str,\n        fragments.join(\"\\n\\n\")\n    );\n\n    if Path::new(changelog_file).exists() {\n        let mut content = fs::read_to_string(changelog_file).unwrap_or_default();\n        let lines: Vec<&str> = content.lines().collect();\n        let mut insert_index = None;\n\n        for (i, line) in lines.iter().enumerate() {\n            if line.starts_with(\"## [\") {\n                insert_index = Some(i);\n                break;\n            }\n        }\n\n        if let Some(idx) = insert_index {\n            let mut new_lines: Vec<String> = lines[..idx].iter().map(|s| s.to_string()).collect();\n            new_lines.push(new_entry.clone());\n            new_lines.extend(lines[idx..].iter().map(|s| s.to_string()));\n            content = new_lines.join(\"\\n\");\n        } else {\n            content.push_str(&new_entry);\n        }\n\n        fs::write(changelog_file, content).expect(\"Failed to write changelog\");\n    }\n\n    println!(\"Collected {} changelog fragment(s)\", files.len());\n}\n\nfn main() {\n    let bump_type = match get_arg(\"bump-type\") {\n        Some(bt) => bt,\n        None => {\n            eprintln!(\"Usage: rust-script scripts/version-and-commit.rs --bump-type <major|minor|patch> [--description <desc>] [--rust-root <path>] [--tag-prefix <prefix>] [--release-label <label>]\");\n            exit(1);\n        }\n    };\n\n    if ![\"major\", \"minor\", \"patch\"].contains(&bump_type.as_str()) {\n        eprintln!(\n            \"Invalid bump type: {}. Must be major, minor, or patch.\",\n            bump_type\n        );\n        exit(1);\n    }\n\n    let description = get_arg(\"description\");\n    let tag_prefix = get_arg(\"tag-prefix\").unwrap_or_else(|| \"v\".to_string());\n    let release_label = get_arg(\"release-label\");\n    let rust_root = match rust_paths::get_rust_root(None, true) {\n        Ok(root) => root,\n        Err(e) => {\n            eprintln!(\"Error: {}\", e);\n            exit(1);\n        }\n    };\n    let cargo_toml = rust_paths::get_cargo_toml_path(&rust_root);\n    let package_manifest = match rust_paths::get_package_manifest_path(&cargo_toml) {\n        Ok(path) => path,\n        Err(e) => {\n            eprintln!(\"Error: {}\", e);\n            exit(1);\n        }\n    };\n    let changelog_dir = get_changelog_dir(&rust_root);\n    let changelog_file = get_changelog_path(&rust_root);\n\n    // Configure git\n    let _ = exec(\"git\", &[\"config\", \"user.name\", \"github-actions[bot]\"]);\n    let _ = exec(\n        \"git\",\n        &[\n            \"config\",\n            \"user.email\",\n            \"github-actions[bot]@users.noreply.github.com\",\n        ],\n    );\n\n    let package_info = match rust_paths::read_package_info(&package_manifest) {\n        Ok(info) => info,\n        Err(e) => {\n            eprintln!(\"Error: {}\", e);\n            exit(1);\n        }\n    };\n    let version_manifest = rust_paths::get_version_manifest_path(&package_manifest);\n    let version_content = format!(\"version = \\\"{}\\\"\", package_info.version);\n\n    let current = match Version::parse(&version_content) {\n        Some(v) => v,\n        None => {\n            eprintln!(\n                \"Error: Could not parse version from {}\",\n                version_manifest.display()\n            );\n            exit(1);\n        }\n    };\n\n    let initial_bump = current.bump(&bump_type);\n    let crate_name = package_info.name;\n\n    let max_published = get_max_published_version(&crate_name);\n    if let Some((ma, mi, pa)) = max_published {\n        println!(\"Max published version on crates.io: {}.{}.{}\", ma, mi, pa);\n    } else {\n        println!(\"No versions published on crates.io yet (or crate not found)\");\n    }\n\n    println!(\n        \"Initial bump ({}) from {}.{}.{}: {}\",\n        bump_type, current.major, current.minor, current.patch, initial_bump\n    );\n\n    let new_version =\n        ensure_version_exceeds_published(&initial_bump, &crate_name, &tag_prefix, max_published);\n\n    if new_version != initial_bump {\n        println!(\n            \"Adjusted version from {} to {} to exceed published versions\",\n            initial_bump, new_version\n        );\n    }\n\n    println!(\"Final release version: {}\", new_version);\n\n    // Update the manifest that owns the version. Workspace crates use\n    // [workspace.package], while single-crate projects use their package\n    // manifest directly.\n    if let Err(e) = update_cargo_toml(version_manifest.to_string_lossy().as_ref(), &new_version) {\n        eprintln!(\"Error: {}\", e);\n        exit(1);\n    }\n\n    // Collect changelog fragments\n    collect_changelog(&changelog_dir, &changelog_file, &new_version);\n\n    // Stage Cargo.toml and CHANGELOG.md\n    let version_manifest_str = version_manifest.to_string_lossy().to_string();\n    let _ = exec(\"git\", &[\"add\", &version_manifest_str, &changelog_file]);\n\n    // Check if there are changes to commit\n    if exec_check(\"git\", &[\"diff\", \"--cached\", \"--quiet\"]) {\n        println!(\"No changes to commit\");\n        set_output(\"version_committed\", \"false\");\n        set_output(\"new_version\", &new_version);\n        return;\n    }\n\n    // Fetch latest remote state before committing (supports concurrent release workflows)\n    let current_branch =\n        exec(\"git\", &[\"rev-parse\", \"--abbrev-ref\", \"HEAD\"]).unwrap_or_else(|_| \"main\".to_string());\n    if let Err(e) = exec(\"git\", &[\"fetch\", \"origin\", &current_branch]) {\n        eprintln!(\"Warning: Could not fetch origin/{}: {}\", current_branch, e);\n    } else {\n        let local = exec(\"git\", &[\"rev-parse\", \"HEAD\"]).unwrap_or_default();\n        let remote =\n            exec(\"git\", &[\"rev-parse\", &format!(\"origin/{}\", current_branch)]).unwrap_or_default();\n        if !local.is_empty() && !remote.is_empty() && local != remote {\n            println!(\"Local branch is behind remote, rebasing...\");\n            if let Err(e) = exec(\"git\", &[\"rebase\", &format!(\"origin/{}\", current_branch)]) {\n                eprintln!(\"Error rebasing onto origin/{}: {}\", current_branch, e);\n                let _ = exec(\"git\", &[\"rebase\", \"--abort\"]);\n                exit(1);\n            }\n        }\n    }\n\n    // Commit changes\n    let label_suffix = release_label\n        .as_ref()\n        .map(|l| format!(\" ({})\", l))\n        .unwrap_or_default();\n    let commit_msg = match &description {\n        Some(desc) => format!(\n            \"chore: release {}{}{}\\n\\n{}\",\n            tag_prefix, new_version, label_suffix, desc\n        ),\n        None => format!(\n            \"chore: release {}{}{}\",\n            tag_prefix, new_version, label_suffix\n        ),\n    };\n\n    if let Err(e) = exec(\"git\", &[\"commit\", \"-m\", &commit_msg]) {\n        eprintln!(\"Error committing: {}\", e);\n        exit(1);\n    }\n    println!(\"Committed version {}\", new_version);\n\n    // Create tag\n    let tag_name = format!(\"{}{}\", tag_prefix, new_version);\n    let tag_msg = match &description {\n        Some(desc) => format!(\"Release {}{}\\n\\n{}\", tag_name, label_suffix, desc),\n        None => format!(\"Release {}{}\", tag_name, label_suffix),\n    };\n\n    if let Err(e) = exec(\"git\", &[\"tag\", \"-a\", &tag_name, \"-m\", &tag_msg]) {\n        eprintln!(\"Error creating tag: {}\", e);\n        exit(1);\n    }\n    println!(\"Created tag {}\", tag_name);\n\n    // Push changes and tag with retry (handles concurrent pushes in multi-workflow repos)\n    let max_push_attempts = 3;\n    for attempt in 1..=max_push_attempts {\n        match exec(\"git\", &[\"push\"]) {\n            Ok(_) => break,\n            Err(e) => {\n                if attempt < max_push_attempts {\n                    eprintln!(\n                        \"Push failed (attempt {}/{}): {}\",\n                        attempt, max_push_attempts, e\n                    );\n                    eprintln!(\"Pulling with rebase and retrying...\");\n                    if let Err(rebase_err) =\n                        exec(\"git\", &[\"pull\", \"--rebase\", \"origin\", &current_branch])\n                    {\n                        eprintln!(\"Error during pull --rebase: {}\", rebase_err);\n                        let _ = exec(\"git\", &[\"rebase\", \"--abort\"]);\n                        exit(1);\n                    }\n                } else {\n                    eprintln!(\"Error pushing after {} attempts: {}\", max_push_attempts, e);\n                    exit(1);\n                }\n            }\n        }\n    }\n\n    if let Err(e) = exec(\"git\", &[\"push\", \"--tags\"]) {\n        eprintln!(\"Error pushing tags: {}\", e);\n        exit(1);\n    }\n    println!(\"Pushed changes and tags\");\n\n    set_output(\"version_committed\", \"true\");\n    set_output(\"new_version\", &new_version);\n}\n", "/tmp/gh-issue-solver-1778957708011/rust/scripts")
[2026-05-16T19:21:36Z INFO  rust_script] prelude_items: []
[2026-05-16T19:21:36Z INFO  rust_script] id: "dba7d2a25cb546d5fbcd0d59"
[2026-05-16T19:21:36Z INFO  rust_script] pkg_path: "/tmp/lino-rust-script-checks/version-and-commit"
[2026-05-16T19:21:36Z INFO  rust_script] using_cache: false
[2026-05-16T19:21:36Z INFO  rust_script::manifest] part_mani: {"dependencies": Table({"chrono": String("0.4"), "regex": String("1"), "serde": Table({"features": Array([String("derive")]), "version": String("1")}), "serde_json": String("1"), "ureq": String("2")})}
[2026-05-16T19:21:36Z INFO  rust_script::manifest] source: None
[2026-05-16T19:21:36Z INFO  rust_script::manifest] manifest: [[bin]]
    name = "version-and-commit_dba7d2a25cb546d5fbcd0d59"
    path = "/tmp/gh-issue-solver-1778957708011/rust/scripts/version-and-commit.rs"

    [dependencies]
    chrono = "0.4"
    regex = "1"
    serde_json = "1"
    ureq = "2"

    [dependencies.serde]
    features = ["derive"]
    version = "1"

    [package]
    authors = ["Anonymous"]
    edition = "2021"
    name = "version-and-commit_dba7d2a25cb546d5fbcd0d59"
    version = "0.1.0"

    [profile.release]
    strip = true

[2026-05-16T19:21:36Z INFO  rust_script] action: InputAction { cargo_output: false, force_compile: false, execute: false, pkg_path: "/tmp/lino-rust-script-checks/version-and-commit", script_path: "/tmp/gh-issue-solver-1778957708011/rust/scripts/version-and-commit.rs", using_cache: false, toolchain_version: None, debug: false, manifest: "[[bin]]\nname = \"version-and-commit_dba7d2a25cb546d5fbcd0d59\"\npath = \"/tmp/gh-issue-solver-1778957708011/rust/scripts/version-and-commit.rs\"\n\n[dependencies]\nchrono = \"0.4\"\nregex = \"1\"\nserde_json = \"1\"\nureq = \"2\"\n\n[dependencies.serde]\nfeatures = [\"derive\"]\nversion = \"1\"\n\n[package]\nauthors = [\"Anonymous\"]\nedition = \"2021\"\nname = \"version-and-commit_dba7d2a25cb546d5fbcd0d59\"\nversion = \"0.1.0\"\n\n[profile.release]\nstrip = true\n", script: None, build_kind: Normal, bin_name: "version-and-commit_dba7d2a25cb546d5fbcd0d59", original_script_path: Some("rust/scripts/version-and-commit.rs") }
[2026-05-16T19:21:36Z INFO  rust_script] creating pkg dir...
[2026-05-16T19:21:36Z INFO  rust_script] generating Cargo package...
[2026-05-16T19:21:36Z DEBUG rust_script] overwrite_file("/tmp/lino-rust-script-checks/version-and-commit/Cargo.toml", _)
[2026-05-16T19:21:36Z DEBUG rust_script] .. files differ
[2026-05-16T19:21:36Z INFO  rust_script] disarming pkg dir cleanup...
/tmp/lino-rust-script-checks/version-and-commit
[2026-05-16T19:21:36Z INFO  rust_script] cleaning cache with max_age: 604800000
[2026-05-16T19:21:36Z INFO  rust_script] cutoff:            1778354496766 ms
[2026-05-16T19:21:36Z INFO  rust_script] checking: "/home/box/.cache/rust-script/projects/3381028aa6bfa11e89a55930"
[2026-05-16T19:21:36Z INFO  rust_script] meta_mtime:        1778932194983 ms
[2026-05-16T19:21:36Z INFO  rust_script] checking: "/home/box/.cache/rust-script/projects/0e7f838c78399547fe25d26c"
[2026-05-16T19:21:36Z INFO  rust_script] meta_mtime:        1778958910519 ms
[2026-05-16T19:21:36Z INFO  rust_script] checking: "/home/box/.cache/rust-script/projects/3495c9231fcd9dee4c288a36"
[2026-05-16T19:21:36Z INFO  rust_script] meta_mtime:        1778890446261 ms
[2026-05-16T19:21:36Z INFO  rust_script] checking: "/home/box/.cache/rust-script/projects/7be9a58812e1033988a1978a"
[2026-05-16T19:21:36Z INFO  rust_script] meta_mtime:        1778942985023 ms
[2026-05-16T19:21:36Z INFO  rust_script] checking: "/home/box/.cache/rust-script/projects/21a026b3303cf5ee15913ff3"
[2026-05-16T19:21:36Z INFO  rust_script] meta_mtime:        1778958885990 ms
[2026-05-16T19:21:36Z INFO  rust_script] checking: "/home/box/.cache/rust-script/projects/d5807d669764a01fdbfb2369"
[2026-05-16T19:21:36Z INFO  rust_script] meta_mtime:        1778890713470 ms
[2026-05-16T19:21:36Z INFO  rust_script] checking: "/home/box/.cache/rust-script/projects/1a0b5e03d356ca58e2e5b984"
[2026-05-16T19:21:36Z INFO  rust_script] meta_mtime:        1778936327314 ms
[2026-05-16T19:21:36Z INFO  rust_script] checking: "/home/box/.cache/rust-script/projects/0022130de9dee961c3c2420d"
[2026-05-16T19:21:36Z INFO  rust_script] meta_mtime:        1778942651118 ms
[2026-05-16T19:21:36Z INFO  rust_script] checking: "/home/box/.cache/rust-script/projects/86344f5050ccef5bb6f0ff64"
[2026-05-16T19:21:36Z INFO  rust_script] meta_mtime:        1778958885953 ms
[2026-05-16T19:21:36Z INFO  rust_script] checking: "/home/box/.cache/rust-script/projects/4a657a73f0466a8fe7f387ca"
[2026-05-16T19:21:36Z INFO  rust_script] meta_mtime:        1778891460629 ms
[2026-05-16T19:21:36Z INFO  rust_script] checking: "/home/box/.cache/rust-script/projects/5352bdc8d1647b102660cabb"
[2026-05-16T19:21:36Z INFO  rust_script] meta_mtime:        1778936327358 ms
[2026-05-16T19:21:36Z INFO  rust_script] checking: "/home/box/.cache/rust-script/projects/9cf02d984b1e5977ddd8b2e8"
[2026-05-16T19:21:36Z INFO  rust_script] meta_mtime:        1778942978674 ms
[2026-05-16T19:21:36Z INFO  rust_script] checking: "/home/box/.cache/rust-script/projects/a378f87bc6dd9a102020cfdd"
[2026-05-16T19:21:36Z INFO  rust_script] meta_mtime:        1778932095031 ms
[2026-05-16T19:21:36Z INFO  rust_script] checking: "/home/box/.cache/rust-script/projects/bbd3fbe08d1a3c3131ec3625"
[2026-05-16T19:21:36Z INFO  rust_script] meta_mtime:        1778951430888 ms
[2026-05-16T19:21:36Z INFO  rust_script] checking: "/home/box/.cache/rust-script/projects/0a99fac48bf88d3f0779ad92"
[2026-05-16T19:21:36Z INFO  rust_script] meta_mtime:        1778890376568 ms
[2026-05-16T19:21:36Z INFO  rust_script] checking: "/home/box/.cache/rust-script/projects/4bd4fbcffec686fd427325d2"
[2026-05-16T19:21:36Z INFO  rust_script] meta_mtime:        1778942978711 ms
[2026-05-16T19:21:36Z INFO  rust_script] checking: "/home/box/.cache/rust-script/projects/9e209ed19f4b501a6943e3d6"
[2026-05-16T19:21:36Z INFO  rust_script] meta_mtime:        1778936242000 ms
[2026-05-16T19:21:36Z INFO  rust_script] checking: "/home/box/.cache/rust-script/projects/91255d195396fc7317b86e0b"
[2026-05-16T19:21:36Z INFO  rust_script] meta_mtime:        1778932226206 ms
[2026-05-16T19:21:36Z INFO  rust_script] checking: "/home/box/.cache/rust-script/projects/2b7cbff296015347bc8f44b2"
[2026-05-16T19:21:36Z INFO  rust_script] meta_mtime:        1778927877916 ms
[2026-05-16T19:21:36Z INFO  rust_script] done cleaning cache.
    Updating crates.io index
     Locking 103 packages to latest compatible versions
      Adding ureq v2.12.1 (available: v3.3.0)
   Compiling proc-macro2 v1.0.106
   Compiling unicode-ident v1.0.24
   Compiling quote v1.0.45
    Checking stable_deref_trait v1.2.1
    Checking writeable v0.6.3
    Checking litemap v0.8.2
   Compiling shlex v1.3.0
   Compiling find-msvc-tools v0.1.9
   Compiling icu_properties_data v2.2.0
    Checking cfg-if v1.0.4
    Checking utf8_iter v1.0.4
   Compiling cc v1.2.62
   Compiling libc v0.2.186
   Compiling icu_normalizer_data v2.2.0
    Checking zeroize v1.8.2
    Checking rustls-pki-types v1.14.1
    Checking smallvec v1.15.1
   Compiling autocfg v1.5.0
    Checking memchr v2.8.0
   Compiling crc32fast v1.5.0
   Compiling serde_core v1.0.228
    Checking untrusted v0.9.0
   Compiling syn v2.0.117
   Compiling num-traits v0.2.19
    Checking simd-adler32 v0.3.9
    Checking percent-encoding v2.3.2
   Compiling zmij v1.0.21
    Checking adler2 v2.0.1
   Compiling rustls v0.23.40
    Checking miniz_oxide v0.8.9
    Checking form_urlencoded v1.2.2
    Checking getrandom v0.2.17
   Compiling ring v0.17.14
    Checking aho-corasick v1.1.4
    Checking webpki-roots v1.0.7
   Compiling serde v1.0.228
    Checking once_cell v1.21.4
   Compiling serde_json v1.0.149
    Checking subtle v2.6.1
    Checking log v0.4.29
    Checking regex-syntax v0.8.10
    Checking webpki-roots v0.26.11
    Checking flate2 v1.1.9
    Checking itoa v1.0.18
    Checking iana-time-zone v0.1.65
    Checking base64 v0.22.1
    Checking chrono v0.4.44
   Compiling synstructure v0.13.2
    Checking regex-automata v0.4.14
   Compiling zerofrom-derive v0.1.7
   Compiling yoke-derive v0.8.2
   Compiling zerovec-derive v0.11.3
   Compiling displaydoc v0.2.5
    Checking zerofrom v0.1.8
   Compiling serde_derive v1.0.228
    Checking yoke v0.8.2
    Checking zerovec v0.11.6
    Checking zerotrie v0.2.4
    Checking regex v1.12.3
    Checking tinystr v0.8.3
    Checking potential_utf v0.1.5
    Checking rustls-webpki v0.103.13
    Checking icu_collections v2.2.0
    Checking icu_locale_core v2.2.0
    Checking icu_provider v2.2.0
    Checking icu_normalizer v2.2.0
    Checking icu_properties v2.2.0
    Checking idna_adapter v1.2.2
    Checking idna v1.1.0
    Checking url v2.5.8
    Checking ureq v2.12.1
    Checking version-and-commit_dba7d2a25cb546d5fbcd0d59 v0.1.0 (/tmp/lino-rust-script-checks/version-and-commit)
warning: function `get_crate_name` is never used
   --> /tmp/gh-issue-solver-1778957708011/rust/scripts/version-and-commit.rs:156:4
    |
156 | fn get_crate_name(cargo_toml_path: &str) -> Result<String, String> {
    |    ^^^^^^^^^^^^^^
    |
    = note: `#[warn(dead_code)]` (part of `#[warn(unused)]`) on by default

warning: `version-and-commit_dba7d2a25cb546d5fbcd0d59` (bin "version-and-commit_dba7d2a25cb546d5fbcd0d59") generated 1 warning
    Finished `dev` profile [unoptimized + debuginfo] target(s) in 7.18s

== rust/scripts/wait-for-crate.rs ==
[2026-05-16T19:21:44Z INFO  rust_script] Arguments: Args { script: Some("rust/scripts/wait-for-crate.rs"), script_args: [], expr: false, loop_: false, count: false, base_path: None, pkg_path: Some("/tmp/lino-rust-script-checks/wait-for-crate"), gen_pkg_only: true, cargo_output: false, clear_cache: false, debug: false, dep: [], extern_: [], force: false, unstable_features: [], build_kind: Normal, toolchain_version: None, wrapper: None }
[2026-05-16T19:21:44Z INFO  rust_script] input: File("wait-for-crate", "/tmp/gh-issue-solver-1778957708011/rust/scripts/wait-for-crate.rs", "#!/usr/bin/env rust-script\n//! Wait for a crates.io package version to become visible.\n//!\n//! The Docker release step runs after `cargo publish`, but crates.io indexing can\n//! lag briefly. Waiting here makes Docker Hub tags and GitHub releases point at a\n//! crate version that users can already resolve.\n//!\n//! Usage:\n//!   rust-script scripts/wait-for-crate.rs --release-version <version>\n//!\n//! Optional arguments:\n//!   --crate-name <name>       Crate name. Defaults to Cargo.toml package name.\n//!   --rust-root <path>        Root containing Cargo.toml. Defaults to auto-detect.\n//!   --max-attempts <count>    Defaults to 30.\n//!   --sleep-seconds <count>   Defaults to 10.\n//!\n//! Outputs (written to GITHUB_OUTPUT):\n//!   - crate_available: 'true' when the version is visible, or 'skipped' for template defaults\n//!\n//! ```cargo\n//! [dependencies]\n//! regex = \"1\"\n//! ureq = \"2\"\n//! ```\n\nuse std::env;\nuse std::fs;\nuse std::process::exit;\nuse std::thread;\nuse std::time::Duration;\n\n#[path = \"rust-paths.rs\"]\nmod rust_paths;\n\nfn get_arg(name: &str) -> Option<String> {\n    let args: Vec<String> = env::args().collect();\n    let flag = format!(\"--{}\", name);\n\n    if let Some(idx) = args.iter().position(|a| a == &flag) {\n        return args.get(idx + 1).cloned();\n    }\n\n    let env_name = name.to_uppercase().replace('-', \"_\");\n    env::var(&env_name).ok().filter(|s| !s.is_empty())\n}\n\nfn set_output(key: &str, value: &str) {\n    if let Ok(output_file) = env::var(\"GITHUB_OUTPUT\") {\n        if let Err(e) = fs::OpenOptions::new()\n            .create(true)\n            .append(true)\n            .open(&output_file)\n            .and_then(|mut f| {\n                use std::io::Write;\n                writeln!(f, \"{}={}\", key, value)\n            })\n        {\n            eprintln!(\"Warning: Could not write to GITHUB_OUTPUT: {}\", e);\n        }\n    }\n    println!(\"Output: {}={}\", key, value);\n}\n\nfn parse_count_arg(name: &str, default: u64) -> u64 {\n    get_arg(name)\n        .and_then(|value| {\n            value.parse::<u64>().map_or_else(\n                |_| {\n                    eprintln!(\n                        \"Warning: Invalid {} value '{}'; using default {}\",\n                        name, value, default\n                    );\n                    None\n                },\n                Some,\n            )\n        })\n        .unwrap_or(default)\n}\n\nfn crate_version_exists(crate_name: &str, version: &str) -> bool {\n    let url = format!(\"https://crates.io/api/v1/crates/{}/{}\", crate_name, version);\n\n    match ureq::get(&url)\n        .set(\"User-Agent\", \"rust-script-wait-for-crate\")\n        .call()\n    {\n        Ok(response) => response.status() == 200,\n        Err(ureq::Error::Status(404, _)) => false,\n        Err(e) => {\n            eprintln!(\"Warning: Could not check crates.io: {}\", e);\n            false\n        }\n    }\n}\n\nfn should_skip_crate_wait(crate_name: &str) -> bool {\n    crate_name == \"example-sum-package-name\"\n}\n\nfn main() {\n    let rust_root = match rust_paths::get_rust_root(None, true) {\n        Ok(root) => root,\n        Err(e) => {\n            eprintln!(\"Error: {}\", e);\n            exit(1);\n        }\n    };\n    let cargo_toml = rust_paths::get_cargo_toml_path(&rust_root);\n    let package_manifest = match rust_paths::get_package_manifest_path(&cargo_toml) {\n        Ok(path) => path,\n        Err(e) => {\n            eprintln!(\"Error: {}\", e);\n            exit(1);\n        }\n    };\n    let package_info = match rust_paths::read_package_info(&package_manifest) {\n        Ok(info) => info,\n        Err(e) => {\n            eprintln!(\"Error: {}\", e);\n            exit(1);\n        }\n    };\n\n    let crate_name = get_arg(\"crate-name\").unwrap_or(package_info.name);\n    let version = get_arg(\"release-version\").unwrap_or(package_info.version);\n    let max_attempts = parse_count_arg(\"max-attempts\", 30);\n    let sleep_seconds = parse_count_arg(\"sleep-seconds\", 10);\n\n    if should_skip_crate_wait(&crate_name) {\n        println!(\n            \"Skipping crates.io availability wait: package name is the template default '{}'\",\n            crate_name\n        );\n        set_output(\"crate_available\", \"skipped\");\n        return;\n    }\n\n    for attempt in 1..=max_attempts {\n        if crate_version_exists(&crate_name, &version) {\n            println!(\n                \"{}@{} is visible on crates.io after attempt {}\",\n                crate_name, version, attempt\n            );\n            set_output(\"crate_available\", \"true\");\n            return;\n        }\n\n        if attempt < max_attempts {\n            println!(\n                \"{}@{} is not visible on crates.io yet (attempt {}/{}); waiting {}s\",\n                crate_name, version, attempt, max_attempts, sleep_seconds\n            );\n            thread::sleep(Duration::from_secs(sleep_seconds));\n        }\n    }\n\n    eprintln!(\n        \"Error: {}@{} was not visible on crates.io after {} attempts\",\n        crate_name, version, max_attempts\n    );\n    exit(1);\n}\n\n#[cfg(test)]\nmod tests {\n    use super::should_skip_crate_wait;\n\n    #[test]\n    fn skips_template_default_package_name() {\n        assert!(should_skip_crate_wait(\"example-sum-package-name\"));\n    }\n\n    #[test]\n    fn waits_for_real_package_names() {\n        assert!(!should_skip_crate_wait(\"real-package-name\"));\n    }\n}\n", "/tmp/gh-issue-solver-1778957708011/rust/scripts")
[2026-05-16T19:21:44Z INFO  rust_script] prelude_items: []
[2026-05-16T19:21:44Z INFO  rust_script] id: "73fb3520f4b7de5ad3cca9c7"
[2026-05-16T19:21:44Z INFO  rust_script] pkg_path: "/tmp/lino-rust-script-checks/wait-for-crate"
[2026-05-16T19:21:44Z INFO  rust_script] using_cache: false
[2026-05-16T19:21:44Z INFO  rust_script::manifest] part_mani: {"dependencies": Table({"regex": String("1"), "ureq": String("2")})}
[2026-05-16T19:21:44Z INFO  rust_script::manifest] source: None
[2026-05-16T19:21:44Z INFO  rust_script::manifest] manifest: [[bin]]
    name = "wait-for-crate_73fb3520f4b7de5ad3cca9c7"
    path = "/tmp/gh-issue-solver-1778957708011/rust/scripts/wait-for-crate.rs"

    [dependencies]
    regex = "1"
    ureq = "2"

    [package]
    authors = ["Anonymous"]
    edition = "2021"
    name = "wait-for-crate_73fb3520f4b7de5ad3cca9c7"
    version = "0.1.0"

    [profile.release]
    strip = true

[2026-05-16T19:21:44Z INFO  rust_script] action: InputAction { cargo_output: false, force_compile: false, execute: false, pkg_path: "/tmp/lino-rust-script-checks/wait-for-crate", script_path: "/tmp/gh-issue-solver-1778957708011/rust/scripts/wait-for-crate.rs", using_cache: false, toolchain_version: None, debug: false, manifest: "[[bin]]\nname = \"wait-for-crate_73fb3520f4b7de5ad3cca9c7\"\npath = \"/tmp/gh-issue-solver-1778957708011/rust/scripts/wait-for-crate.rs\"\n\n[dependencies]\nregex = \"1\"\nureq = \"2\"\n\n[package]\nauthors = [\"Anonymous\"]\nedition = \"2021\"\nname = \"wait-for-crate_73fb3520f4b7de5ad3cca9c7\"\nversion = \"0.1.0\"\n\n[profile.release]\nstrip = true\n", script: None, build_kind: Normal, bin_name: "wait-for-crate_73fb3520f4b7de5ad3cca9c7", original_script_path: Some("rust/scripts/wait-for-crate.rs") }
[2026-05-16T19:21:44Z INFO  rust_script] creating pkg dir...
[2026-05-16T19:21:44Z INFO  rust_script] generating Cargo package...
[2026-05-16T19:21:44Z DEBUG rust_script] overwrite_file("/tmp/lino-rust-script-checks/wait-for-crate/Cargo.toml", _)
[2026-05-16T19:21:44Z DEBUG rust_script] .. files differ
[2026-05-16T19:21:44Z INFO  rust_script] disarming pkg dir cleanup...
/tmp/lino-rust-script-checks/wait-for-crate
[2026-05-16T19:21:44Z INFO  rust_script] cleaning cache with max_age: 604800000
[2026-05-16T19:21:44Z INFO  rust_script] cutoff:            1778354504061 ms
[2026-05-16T19:21:44Z INFO  rust_script] checking: "/home/box/.cache/rust-script/projects/3381028aa6bfa11e89a55930"
[2026-05-16T19:21:44Z INFO  rust_script] meta_mtime:        1778932194983 ms
[2026-05-16T19:21:44Z INFO  rust_script] checking: "/home/box/.cache/rust-script/projects/0e7f838c78399547fe25d26c"
[2026-05-16T19:21:44Z INFO  rust_script] meta_mtime:        1778958910519 ms
[2026-05-16T19:21:44Z INFO  rust_script] checking: "/home/box/.cache/rust-script/projects/3495c9231fcd9dee4c288a36"
[2026-05-16T19:21:44Z INFO  rust_script] meta_mtime:        1778890446261 ms
[2026-05-16T19:21:44Z INFO  rust_script] checking: "/home/box/.cache/rust-script/projects/7be9a58812e1033988a1978a"
[2026-05-16T19:21:44Z INFO  rust_script] meta_mtime:        1778942985023 ms
[2026-05-16T19:21:44Z INFO  rust_script] checking: "/home/box/.cache/rust-script/projects/21a026b3303cf5ee15913ff3"
[2026-05-16T19:21:44Z INFO  rust_script] meta_mtime:        1778958885990 ms
[2026-05-16T19:21:44Z INFO  rust_script] checking: "/home/box/.cache/rust-script/projects/d5807d669764a01fdbfb2369"
[2026-05-16T19:21:44Z INFO  rust_script] meta_mtime:        1778890713470 ms
[2026-05-16T19:21:44Z INFO  rust_script] checking: "/home/box/.cache/rust-script/projects/1a0b5e03d356ca58e2e5b984"
[2026-05-16T19:21:44Z INFO  rust_script] meta_mtime:        1778936327314 ms
[2026-05-16T19:21:44Z INFO  rust_script] checking: "/home/box/.cache/rust-script/projects/0022130de9dee961c3c2420d"
[2026-05-16T19:21:44Z INFO  rust_script] meta_mtime:        1778942651118 ms
[2026-05-16T19:21:44Z INFO  rust_script] checking: "/home/box/.cache/rust-script/projects/86344f5050ccef5bb6f0ff64"
[2026-05-16T19:21:44Z INFO  rust_script] meta_mtime:        1778958885953 ms
[2026-05-16T19:21:44Z INFO  rust_script] checking: "/home/box/.cache/rust-script/projects/4a657a73f0466a8fe7f387ca"
[2026-05-16T19:21:44Z INFO  rust_script] meta_mtime:        1778891460629 ms
[2026-05-16T19:21:44Z INFO  rust_script] checking: "/home/box/.cache/rust-script/projects/5352bdc8d1647b102660cabb"
[2026-05-16T19:21:44Z INFO  rust_script] meta_mtime:        1778936327358 ms
[2026-05-16T19:21:44Z INFO  rust_script] checking: "/home/box/.cache/rust-script/projects/9cf02d984b1e5977ddd8b2e8"
[2026-05-16T19:21:44Z INFO  rust_script] meta_mtime:        1778942978674 ms
[2026-05-16T19:21:44Z INFO  rust_script] checking: "/home/box/.cache/rust-script/projects/a378f87bc6dd9a102020cfdd"
[2026-05-16T19:21:44Z INFO  rust_script] meta_mtime:        1778932095031 ms
[2026-05-16T19:21:44Z INFO  rust_script] checking: "/home/box/.cache/rust-script/projects/bbd3fbe08d1a3c3131ec3625"
[2026-05-16T19:21:44Z INFO  rust_script] meta_mtime:        1778951430888 ms
[2026-05-16T19:21:44Z INFO  rust_script] checking: "/home/box/.cache/rust-script/projects/0a99fac48bf88d3f0779ad92"
[2026-05-16T19:21:44Z INFO  rust_script] meta_mtime:        1778890376568 ms
[2026-05-16T19:21:44Z INFO  rust_script] checking: "/home/box/.cache/rust-script/projects/4bd4fbcffec686fd427325d2"
[2026-05-16T19:21:44Z INFO  rust_script] meta_mtime:        1778942978711 ms
[2026-05-16T19:21:44Z INFO  rust_script] checking: "/home/box/.cache/rust-script/projects/9e209ed19f4b501a6943e3d6"
[2026-05-16T19:21:44Z INFO  rust_script] meta_mtime:        1778936242000 ms
[2026-05-16T19:21:44Z INFO  rust_script] checking: "/home/box/.cache/rust-script/projects/91255d195396fc7317b86e0b"
[2026-05-16T19:21:44Z INFO  rust_script] meta_mtime:        1778932226206 ms
[2026-05-16T19:21:44Z INFO  rust_script] checking: "/home/box/.cache/rust-script/projects/2b7cbff296015347bc8f44b2"
[2026-05-16T19:21:44Z INFO  rust_script] meta_mtime:        1778927877916 ms
[2026-05-16T19:21:44Z INFO  rust_script] done cleaning cache.
    Updating crates.io index
     Locking 75 packages to latest compatible versions
      Adding ureq v2.12.1 (available: v3.3.0)
   Compiling proc-macro2 v1.0.106
   Compiling quote v1.0.45
   Compiling unicode-ident v1.0.24
    Checking stable_deref_trait v1.2.1
    Checking writeable v0.6.3
   Compiling find-msvc-tools v0.1.9
    Checking litemap v0.8.2
   Compiling shlex v1.3.0
    Checking utf8_iter v1.0.4
   Compiling cc v1.2.62
   Compiling icu_properties_data v2.2.0
   Compiling libc v0.2.186
    Checking cfg-if v1.0.4
   Compiling icu_normalizer_data v2.2.0
    Checking zeroize v1.8.2
    Checking rustls-pki-types v1.14.1
    Checking smallvec v1.15.1
   Compiling crc32fast v1.5.0
    Checking untrusted v0.9.0
    Checking adler2 v2.0.1
    Checking percent-encoding v2.3.2
    Checking memchr v2.8.0
    Checking simd-adler32 v0.3.9
   Compiling rustls v0.23.40
   Compiling syn v2.0.117
    Checking miniz_oxide v0.8.9
    Checking form_urlencoded v1.2.2
    Checking aho-corasick v1.1.4
    Checking webpki-roots v1.0.7
    Checking subtle v2.6.1
    Checking getrandom v0.2.17
    Checking regex-syntax v0.8.10
    Checking once_cell v1.21.4
    Checking log v0.4.29
    Checking flate2 v1.1.9
    Checking webpki-roots v0.26.11
    Checking base64 v0.22.1
   Compiling ring v0.17.14
    Checking regex-automata v0.4.14
   Compiling synstructure v0.13.2
   Compiling zerofrom-derive v0.1.7
   Compiling yoke-derive v0.8.2
   Compiling zerovec-derive v0.11.3
   Compiling displaydoc v0.2.5
    Checking zerofrom v0.1.8
    Checking yoke v0.8.2
    Checking zerovec v0.11.6
    Checking zerotrie v0.2.4
    Checking regex v1.12.3
    Checking tinystr v0.8.3
    Checking potential_utf v0.1.5
    Checking icu_collections v2.2.0
    Checking icu_locale_core v2.2.0
    Checking rustls-webpki v0.103.13
    Checking icu_provider v2.2.0
    Checking icu_normalizer v2.2.0
    Checking icu_properties v2.2.0
    Checking idna_adapter v1.2.2
    Checking idna v1.1.0
    Checking url v2.5.8
    Checking ureq v2.12.1
    Checking wait-for-crate_73fb3520f4b7de5ad3cca9c7 v0.1.0 (/tmp/lino-rust-script-checks/wait-for-crate)
    Finished `dev` profile [unoptimized + debuginfo] target(s) in 6.91s
